T01-A-1	T01-C-1	T57-B-2	T62-E-2	T59-A-1	T64-E-2	T53-C-1	T17-E-2
-2.55	-3.04	7.47	20.33	13.00	20.98	20.29	18.79
-2.63	-3.48	7.44	20.35	13.01	20.96	20.31	18.78
-2.86	-3.63	7.49	20.35	13.02	20.98	20.31	18.79
-2.96	-3.81	7.47	20.33	13.01	20.96	20.32	18.78
-2.89	-3.92	7.51	20.35	13.01	21.00	20.32	18.82
-2.82	-4.02	7.53	20.33	13.00	20.95	20.29	18.78
-2.90	-4.33	7.59	20.33	13.03	20.95	20.30	18.77
-3.09	-4.25	7.50	20.35	13.03	20.98	20.30	18.82
-3.26	-4.58	7.52	20.33	12.99	20.94	20.26	18.78
-2.80	-4.50	7.53	20.34	13.00	20.97	20.28	18.79
-2.32	-4.11	7.56	20.34	13.04	20.95	20.30	18.77
-1.63	-2.71	7.55	20.34	13.02	20.96	20.30	18.78
-1.12	-2.59	7.56	20.36	13.02	20.99	20.32	18.82
-0.81	-2.09	10.64	21.45	13.02	19.61	20.30	18.04
-0.67	-2.30	7.51	20.35	13.01	20.97	20.34	18.83
-0.72	-2.73	7.54	20.33	13.01	20.98	20.27	18.81
-1.11	-2.96	7.51	20.37	13.01	21.00	20.31	18.86
-1.44	-2.75	7.51	20.32	13.04	20.98	20.32	18.80
-1.76	-2.87	7.47	20.35	13.02	20.97	20.29	18.82
-1.97	-3.03	7.51	20.35	13.02	20.98	20.30	18.83
-2.29	-3.20	7.45	20.35	13.00	20.99	20.28	18.81
-2.43	-3.32	7.46	20.35	13.01	21.01	20.27	18.78
-2.63	-3.49	7.46	20.37	13.01	21.00	20.31	18.78
-2.80	-3.58	7.47	20.35	13.01	21.01	20.29	18.75
-2.94	-3.70	7.43	20.34	13.00	20.97	20.33	18.76
-3.12	-3.92	7.44	20.35	12.98	21.02	20.30	18.77
-3.32	-4.28	7.48	20.37	13.02	21.01	20.32	18.76
-3.65	-4.50	7.44	20.36	13.01	21.03	20.32	18.74
-3.70	-5.04	7.47	20.32	13.01	21.00	20.31	18.73
-3.91	-5.48	7.51	20.36	13.01	21.05	20.32	18.74
-4.30	-5.92	7.51	20.36	13.03	21.03	20.33	18.69
-4.78	-6.03	7.53	20.35	13.00	21.03	20.31	18.69
-4.80	-6.27	7.47	20.35	13.01	21.06	20.34	18.67
-4.17	-6.47	7.47	20.35	12.98	21.03	20.33	18.63
-3.02	-5.09	7.59	20.34	13.00	21.05	20.32	18.63
-1.85	-3.81	7.59	20.35	13.02	21.06	20.34	18.67
-0.90	-3.21	7.57	20.34	13.01	21.06	20.33	18.66
-0.34	-3.22	7.62	20.36	13.01	21.08	20.35	18.69
-0.12	-4.16	7.57	20.36	13.00	21.07	20.33	18.70
-0.36	-4.31	7.49	20.35	12.97	21.06	20.33	18.70
-0.85	-4.63	7.46	20.33	13.01	21.07	20.35	18.70
-1.42	-4.70	7.42	20.36	13.01	21.10	20.35	18.72
-1.81	-5.22	7.45	20.36	12.99	21.10	20.34	18.70
-2.17	-5.36	7.39	20.36	12.98	21.11	20.32	18.71
-2.51	-5.51	7.39	20.38	12.98	21.11	20.33	18.70
-2.85	-5.45	7.33	20.38	13.00	21.09	20.33	18.67
-3.18	-5.59	7.30	20.36	12.99	21.10	20.35	18.68
-3.50	-5.82	7.32	20.37	13.00	21.14	20.34	18.67
-3.68	-6.09	7.30	20.35	13.00	21.08	20.33	18.66
-3.99	-6.20	7.27	20.32	12.97	21.11	20.33	18.63
-4.30	-6.36	7.26	20.35	13.00	21.11	20.35	18.64
-4.44	-6.47	7.20	20.35	12.98	21.13	20.32	18.60
-4.47	-6.54	7.20	20.38	12.99	21.15	20.34	18.59
-4.53	-6.78	7.18	20.35	13.00	21.12	20.30	18.57
-4.73	-6.95	7.20	20.35	12.98	21.10	20.34	18.54
-4.88	-6.83	7.12	20.36	12.98	21.14	20.34	18.52
-4.89	-6.63	7.11	20.37	12.98	21.14	20.33	18.53
-4.72	-6.58	7.28	20.33	12.96	21.20	20.32	18.60
-4.33	-5.90	7.05	20.39	12.94	21.18	20.34	17.72
-3.98	-5.92	6.96	20.40	12.93	21.17	20.33	17.02
-3.79	-6.11	6.91	20.35	12.95	21.17	20.33	16.52
-3.78	-6.29	6.89	20.34	12.95	21.16	20.34	16.24
-4.35	-6.84	6.84	20.33	12.93	21.19	20.36	16.13
-4.96	-7.56	6.95	20.28	12.94	21.21	20.33	16.14
-5.42	-7.70	6.77	20.30	12.95	21.15	20.33	16.00
-5.58	-7.60	6.77	20.26	12.95	21.16	20.34	16.15
-5.63	-7.70	6.72	20.29	12.93	21.18	20.34	16.31
-5.76	-7.32	6.70	20.24	12.94	21.17	20.33	16.46
-5.71	-7.04	6.72	20.21	12.95	21.15	20.33	16.60
-5.67	-6.85	6.71	20.21	12.95	21.16	20.32	16.74
-5.59	-6.73	6.70	20.19	12.93	21.15	20.33	16.84
-5.50	-6.67	6.67	20.17	12.96	21.17	20.32	16.97
-5.45	-6.60	6.63	20.18	12.94	21.18	20.31	17.11
-5.42	-6.52	6.61	20.15	12.98	21.17	20.33	17.19
-5.56	-6.47	6.60	20.14	12.97	21.15	20.34	17.27
-5.80	-6.55	6.57	20.14	12.95	21.14	20.34	17.33
-5.93	-7.20	6.51	20.15	12.93	21.19	20.32	17.44
-6.05	-7.70	6.52	20.15	12.93	21.21	20.35	17.50
-6.11	-8.30	6.40	20.13	12.92	21.20	20.35	17.53
-6.17	-8.49	6.39	20.13	12.93	21.22	20.32	17.59
-6.18	-8.31	6.38	20.14	12.91	21.22	20.35	17.62
-5.91	-8.07	6.29	20.13	12.91	21.22	20.35	17.68
-5.65	-7.73	6.23	20.17	12.92	21.26	20.32	17.73
-5.07	-6.99	6.22	20.15	12.90	21.28	20.32	17.77
-4.41	-6.41	6.15	20.17	12.90	21.29	20.34	17.81
-3.84	-5.88	6.08	20.18	12.89	21.30	20.33	17.86
-3.61	-5.46	6.06	20.17	12.89	21.30	20.36	17.90
-3.53	-5.15	6.04	20.15	12.88	21.28	20.33	17.93
-3.44	-4.79	6.01	20.18	12.90	21.31	20.34	17.96
-3.36	-4.57	6.01	20.16	12.90	21.28	20.36	17.99
-3.30	-4.41	5.99	20.18	12.90	21.31	20.33	18.02
-3.18	-4.18	5.93	20.18	12.91	21.29	20.32	18.05
-3.12	-4.04	5.91	20.20	12.89	21.32	20.31	18.10
-3.07	-3.93	5.91	20.18	12.90	21.30	20.33	18.10
-2.98	-3.82	5.92	20.22	12.88	21.30	20.32	18.11
-2.88	-3.54	5.91	20.19	12.88	21.30	20.33	18.14
-2.87	-3.38	5.90	20.20	12.90	21.27	20.32	18.15
-2.69	-3.12	5.96	20.18	12.88	21.28	20.32	18.17
-2.68	-3.20	6.01	20.22	12.90	21.28	20.30	18.19
-2.77	-3.17	6.07	20.19	12.90	21.27	20.32	18.21
-2.50	-3.43	6.33	20.25	12.91	21.30	20.32	18.24
-2.60	-3.83	6.34	20.20	12.91	21.28	20.32	18.25
-2.81	-3.78	6.26	20.23	12.93	21.28	20.32	18.27
-2.96	-3.81	6.25	20.24	12.92	21.29	20.34	18.28
-2.93	-3.90	6.29	20.25	12.90	21.26	20.33	18.26
-2.33	-3.89	6.31	20.23	12.92	21.28	20.33	18.31
-1.40	-2.89	6.35	20.28	12.90	21.27	20.31	18.32
-0.12	-1.50	6.45	20.26	12.91	21.27	20.34	18.36
1.31	-0.48	6.39	20.26	12.92	21.27	20.31	18.36
2.42	-0.07	6.43	20.27	12.89	21.26	20.33	18.40
2.18	-0.36	6.41	20.26	12.87	21.27	20.31	18.41
1.63	-0.74	6.40	20.29	12.87	21.28	20.32	18.43
0.78	-1.19	6.39	20.27	12.89	21.28	20.32	18.43
-0.04	-1.59	6.43	20.28	12.92	21.27	20.33	18.46
-0.58	-1.93	6.45	20.29	12.92	21.25	20.34	18.43
-0.88	-2.34	6.51	20.30	12.92	21.29	20.34	18.43
-1.12	-2.65	6.54	20.31	12.93	21.28	20.33	18.45
-1.32	-3.01	6.61	20.30	12.89	21.29	20.35	18.44
-1.46	-3.21	6.61	20.30	12.90	21.28	20.34	18.40
-1.61	-3.64	6.67	20.34	12.89	21.31	20.34	18.43
-1.70	-3.66	6.66	20.35	12.92	21.32	20.35	18.44
-1.89	-3.78	6.65	20.34	12.87	21.32	20.33	18.41
-1.89	-3.90	6.67	20.33	12.91	21.32	20.32	18.40
-1.96	-4.15	6.69	20.35	12.91	21.33	20.34	18.45
-2.05	-4.25	6.66	20.31	12.91	21.32	20.36	18.41
-2.12	-4.27	6.64	20.38	12.88	21.35	20.36	18.44
-2.21	-4.30	6.65	20.38	12.87	21.36	20.32	18.44
-2.30	-4.37	6.69	20.36	12.90	21.35	20.33	18.44
-2.22	-4.41	6.69	20.37	12.87	21.33	20.33	18.43
-1.88	-4.14	6.71	20.35	12.90	21.35	20.34	18.42
-1.49	-3.88	6.77	20.39	12.84	21.38	20.32	18.45
-1.15	-3.59	6.78	20.40	12.87	21.40	20.37	18.47
-0.74	-3.18	6.76	20.37	12.90	21.36	20.32	18.46
-0.61	-3.03	6.80	20.44	12.86	21.42	20.35	18.50
-0.68	-3.00	6.82	20.42	12.88	21.41	20.33	18.54
-0.86	-3.07	6.86	20.40	12.88	21.39	20.34	18.48
-1.05	-3.21	6.91	20.40	12.89	21.39	20.31	18.50
-1.18	-3.32	6.96	20.39	12.87	21.38	20.34	18.47
-1.24	-3.44	7.03	20.39	12.88	21.39	20.35	18.49
-1.45	-3.56	7.12	20.40	12.89	21.40	20.36	18.50
-1.55	-3.60	7.14	20.41	12.91	21.39	20.34	18.50
-1.72	-3.79	7.18	20.44	12.88	21.42	20.32	18.50
-1.80	-3.95	7.19	20.40	12.87	21.37	20.34	18.52
-1.89	-4.13	7.27	20.42	12.90	21.39	20.35	18.51
-2.15	-4.44	7.32	20.44	12.90	21.40	20.32	18.50
-2.42	-4.80	7.37	20.44	12.89	21.40	20.37	18.51
-2.79	-5.15	7.38	20.44	12.88	21.42	20.33	18.51
-3.13	-5.51	7.37	20.44	12.89	21.41	20.35	18.49
-3.48	-5.65	7.32	20.43	12.91	21.38	20.34	18.50
-3.65	-5.78	7.36	20.47	12.89	21.42	20.32	18.52
-3.90	-6.01	7.33	20.45	12.88	21.41	20.32	18.52
-4.24	-6.15	7.34	20.44	12.87	21.37	20.33	18.50
-4.37	-6.39	7.35	20.47	12.87	21.40	20.33	18.48
-3.85	-6.68	7.41	20.46	12.85	21.39	20.33	18.48
-2.72	-5.93	7.34	20.47	12.86	21.40	20.35	18.50
-1.34	-4.45	7.31	20.46	12.88	21.37	20.34	18.49
0.17	-3.24	7.13	20.45	12.84	21.36	20.37	18.50
1.20	-2.71	7.09	20.46	12.86	21.41	20.37	18.55
0.83	-2.76	6.98	20.43	12.81	21.37	20.33	18.56
-0.66	-3.08	7.04	20.46	12.84	21.37	20.36	18.57
-1.09	-3.46	6.99	20.47	12.86	21.37	20.37	18.60
-1.56	-3.65	6.99	20.46	12.85	21.36	20.34	18.59
-2.00	-3.74	6.99	20.45	12.85	21.34	20.37	18.57
-2.28	-3.91	7.00	20.46	12.87	21.34	20.33	18.58
-2.37	-3.94	6.95	20.44	12.83	21.33	20.33	18.53
-2.48	-3.96	6.97	20.46	12.85	21.36	20.37	18.55
-2.46	-3.93	6.93	20.46	12.85	21.34	20.35	18.55
-2.48	-3.97	6.93	20.45	12.83	21.30	20.32	18.52
-2.53	-4.06	6.94	20.45	12.85	21.32	20.33	18.52
-2.63	-4.05	6.94	20.48	12.84	21.34	20.36	18.53
-2.65	-4.07	6.91	20.47	12.84	21.32	20.32	18.52
-2.68	-4.00	6.88	20.46	12.82	21.33	20.36	18.53
-2.65	-3.96	6.86	20.45	12.85	21.32	20.31	18.53
-2.65	-3.99	6.77	20.46	12.81	21.34	20.34	18.55
-2.69	-4.04	6.78	20.46	12.84	21.33	20.35	18.54
-2.66	-4.08	6.74	20.44	12.82	21.32	20.33	18.53
-2.64	-4.08	6.74	20.45	12.81	21.30	20.33	18.53
-2.35	-4.04	6.68	20.47	12.81	21.33	20.34	18.54
-1.78	-3.79	6.61	20.46	12.82	21.34	20.36	18.56
-0.62	-3.17	6.43	20.47	12.81	21.33	20.33	18.55
0.21	-2.25	6.30	20.44	12.79	21.33	20.35	18.56
0.77	-1.68	6.31	20.48	12.77	21.35	20.35	18.59
0.45	-1.37	6.30	20.48	12.75	21.35	20.37	18.61
0.19	-1.26	6.34	20.45	12.81	21.32	20.34	18.60
0.00	-1.17	6.34	20.48	12.80	21.30	20.33	18.63
-0.12	-1.09	6.36	20.45	12.76	21.29	20.36	18.65
-0.16	-0.99	6.32	20.43	12.79	21.29	20.34	18.60
-0.38	-0.97	6.32	20.49	12.79	21.30	20.34	18.65
-0.59	-0.97	6.34	20.46	12.79	21.28	20.36	18.66
-1.05	-1.00	6.40	20.47	12.80	21.28	20.34	18.66
-1.38	-1.06	6.41	20.46	12.81	21.27	20.33	18.65
-1.63	-1.12	6.45	20.46	12.81	21.26	20.36	18.67
-1.77	-1.18	6.48	20.44	12.82	21.24	20.32	18.65
-1.41	-1.18	6.49	20.45	12.79	21.25	20.35	18.63
-1.17	-1.03	6.50	20.47	12.79	21.24	20.34	18.63
-1.00	-0.90	6.43	20.47	12.81	21.26	20.33	18.69
-0.92	-0.82	6.49	20.48	12.80	21.23	20.30	18.65
-0.86	-0.72	6.46	20.47	12.81	21.24	20.33	18.68
-0.78	-0.65	6.50	20.47	12.81	21.22	20.32	18.68
-0.69	-0.59	6.46	20.46	12.81	21.19	20.35	18.66
-0.44	-0.42	6.47	20.44	12.80	21.19	20.33	18.68
0.17	-0.08	6.53	20.46	12.80	21.17	20.31	18.63
1.22	0.30	6.33	20.48	12.79	21.21	20.36	18.63
0.87	0.54	6.25	20.48	12.76	21.18	20.35	18.63
1.04	0.54	6.21	20.44	12.75	21.16	20.36	18.60
0.59	0.50	6.24	20.43	12.76	21.13	20.34	18.59
0.44	0.50	6.18	20.44	12.77	21.12	20.38	18.61
0.42	0.63	6.32	20.47	12.78	21.13	20.34	18.63
0.31	0.67	6.33	20.42	12.76	21.09	20.32	18.60
0.27	0.72	6.36	20.41	12.78	21.10	20.34	18.61
0.29	0.69	6.26	20.41	12.75	21.08	20.34	18.63
0.26	0.74	6.27	20.43	12.77	21.07	20.35	18.66
0.28	0.74	6.28	20.41	12.75	21.05	20.34	18.67
0.25	0.79	6.29	20.39	12.76	21.07	20.34	18.67
0.32	0.85	6.26	20.39	12.78	21.02	20.33	18.63
0.32	0.85	6.35	20.37	12.75	21.01	20.34	18.67
0.56	0.97	6.33	20.37	12.78	21.01	20.33	18.68
0.47	0.99	6.45	20.35	12.80	20.99	20.31	18.67
0.48	1.04	6.45	20.33	12.76	20.96	20.32	18.69
0.52	1.06	6.51	20.33	12.77	20.95	20.34	18.69
0.65	1.15	6.53	20.32	12.77	20.90	20.31	18.69
0.37	1.12	6.57	20.30	12.77	20.87	20.33	18.66
0.43	1.17	6.67	20.30	12.76	20.88	20.31	18.68
0.43	1.15	6.78	20.32	12.77	20.89	20.30	18.71
1.47	1.21	6.87	20.30	12.80	20.85	20.30	18.69
2.38	1.18	6.99	20.30	12.80	20.89	20.29	18.72
4.57	2.06	6.99	20.27	12.81	20.83	20.35	18.73
3.94	2.55	6.99	20.29	12.75	20.84	20.32	18.76
5.37	3.12	7.00	20.28	12.81	20.82	20.35	18.72
5.37	3.12	7.00	20.28	12.81	20.82	20.35	18.72
5.37	3.12	7.00	20.28	12.81	20.82	20.35	18.72
2.95	2.55	6.99	20.28	12.77	20.80	20.34	18.64
2.09	2.39	6.96	20.25	12.79	20.78	20.33	18.61
1.30	2.23	6.97	20.24	12.78	20.74	20.35	18.64
0.86	2.10	6.97	20.24	12.76	20.75	20.32	18.68
0.99	2.06	6.95	20.27	12.79	20.76	20.33	18.69
0.77	2.01	6.96	20.26	12.78	20.74	20.32	18.70
0.57	1.84	7.01	20.21	12.77	20.70	20.35	18.71
0.03	1.66	7.00	20.22	12.77	20.71	20.30	18.70
0.03	1.44	7.02	20.22	12.78	20.69	20.33	18.70
0.16	1.39	7.04	20.21	12.75	20.69	20.34	18.72
-0.55	1.15	7.03	20.25	12.77	20.72	20.35	18.75
-1.06	0.85	7.05	20.24	12.76	20.71	20.33	18.76
-1.39	0.63	7.10	20.23	12.75	20.68	20.32	18.76
-1.63	0.30	7.12	20.23	12.77	20.69	20.32	18.75
-1.85	0.04	7.11	20.20	12.77	20.69	20.33	18.77
-2.15	-0.35	7.16	20.19	12.77	20.67	20.31	18.75
-2.07	-0.49	7.19	20.22	12.76	20.67	20.34	18.79
-1.34	-0.54	7.18	20.22	12.75	20.68	20.34	18.77
-0.34	-0.24	7.26	20.21	12.76	20.67	20.33	18.79
0.95	0.29	7.25	20.22	12.80	20.68	20.32	18.79
0.66	0.24	7.29	20.24	12.77	20.69	20.34	18.81
0.41	0.05	7.35	20.22	12.79	20.69	20.33	18.82
0.94	0.32	7.34	20.22	12.78	20.65	20.30	18.81
0.64	0.25	7.32	20.25	12.77	20.68	20.36	18.86
0.20	0.05	7.35	20.22	12.77	20.66	20.36	18.84
0.00	-0.02	7.40	20.23	12.75	20.66	20.36	18.86
0.09	0.13	7.36	20.22	12.75	20.66	20.33	18.85
0.07	0.08	7.38	20.23	12.77	20.66	20.35	18.89
0.13	0.22	7.36	20.23	12.74	20.66	20.33	18.84
0.12	0.18	7.34	20.20	12.77	20.67	20.35	18.84
0.17	0.27	7.30	20.20	12.75	20.64	20.31	18.88
0.20	0.41	7.28	20.24	12.77	20.67	20.33	18.89
0.27	0.45	7.29	20.23	12.76	20.67	20.32	18.90
0.33	0.57	7.29	20.23	12.77	20.66	20.34	18.90
0.38	0.60	7.31	20.22	12.78	20.64	20.34	18.90
0.54	0.74	7.30	20.22	12.76	20.66	20.34	18.91
0.66	0.82	7.31	20.24	12.77	20.64	20.35	18.88
0.75	0.90	7.27	20.26	12.77	20.66	20.33	18.92
0.81	1.03	7.24	20.26	12.76	20.67	20.33	18.92
0.92	1.08	7.26	20.24	12.75	20.65	20.32	18.92
1.08	1.23	7.28	20.24	12.78	20.62	20.30	18.92
1.25	1.36	7.26	20.25	12.77	20.65	20.35	18.95
1.44	1.48	7.26	20.24	12.77	20.65	20.34	18.93
1.84	1.71	7.26	20.20	12.75	20.63	20.35	18.95
2.24	1.97	7.21	20.23	12.76	20.62	20.35	18.95
2.26	2.13	7.20	20.24	12.78	20.64	20.33	18.95
2.46	2.30	7.20	20.25	12.77	20.63	20.34	18.96
2.34	2.28	7.20	20.24	12.75	20.62	20.34	18.97
2.12	2.15	7.21	20.28	12.77	20.64	20.36	19.00
1.98	2.06	7.23	20.24	12.77	20.60	20.34	19.00
1.95	2.02	7.21	20.26	12.77	20.58	20.34	18.98
1.95	1.99	7.23	20.25	12.78	20.61	20.34	19.00
1.94	2.09	7.26	20.25	12.77	20.60	20.31	18.99
1.97	2.16	7.26	20.24	12.77	20.58	20.29	19.00
1.97	2.22	7.24	20.22	12.80	20.57	20.32	18.98
2.07	2.29	7.20	20.24	12.80	20.56	20.30	18.99
2.08	2.30	7.25	20.22	12.78	20.56	20.30	18.97
2.02	2.26	7.29	20.23	12.79	20.57	20.30	19.00
2.04	2.29	7.27	20.24	12.79	20.58	20.31	19.00
2.09	2.32	7.22	20.24	12.79	20.56	20.29	19.00
2.10	2.38	7.24	20.23	12.77	20.55	20.31	18.97
2.08	2.37	7.26	20.23	12.78	20.53	20.31	18.98
2.10	2.35	7.27	20.22	12.77	20.55	20.30	19.00
2.09	2.35	7.28	20.23	12.76	20.54	20.30	18.99
2.21	2.47	7.28	20.25	12.78	20.56	20.31	19.01
2.49	2.72	7.26	20.27	12.79	20.56	20.31	19.05
2.73	2.95	7.24	20.26	12.77	20.55	20.33	19.04
2.78	3.00	7.28	20.27	12.77	20.54	20.33	19.04
3.19	3.38	7.34	20.27	12.76	20.56	20.34	19.04
3.16	3.33	7.30	20.24	12.74	20.54	20.32	19.05
3.40	3.57	7.34	20.25	12.78	20.53	20.33	19.02
3.31	3.50	7.31	20.27	12.78	20.53	20.31	19.04
3.13	3.33	7.32	20.25	12.78	20.52	20.32	19.07
2.94	3.17	7.32	20.26	12.76	20.53	20.29	19.05
2.85	3.16	7.32	20.25	12.78	20.53	20.29	19.06
2.79	3.07	7.33	20.27	12.77	20.52	20.31	19.05
2.75	3.07	7.32	20.25	12.78	20.52	20.31	19.03
2.73	3.03	7.31	20.25	12.75	20.53	20.32	19.08
2.81	3.24	7.29	20.25	12.76	20.53	20.31	19.06
2.79	3.19	7.23	20.26	12.73	20.52	20.32	19.09
2.78	3.15	7.24	20.27	12.73	20.52	20.32	19.07
2.77	3.14	7.22	20.27	12.74	20.50	20.32	19.06
2.75	3.12	7.21	20.28	12.70	20.50	20.32	19.09
2.81	3.19	7.18	20.27	12.66	20.54	20.34	19.09
2.80	3.24	7.22	20.26	12.65	20.50	20.31	19.08
2.83	3.18	7.26	20.25	12.64	20.47	20.33	19.09
2.97	3.35	7.20	20.22	12.66	20.46	20.30	19.07
2.91	3.34	7.20	20.25	12.61	20.48	20.32	19.06
3.08	3.55	7.14	20.24	12.59	20.47	20.34	19.06
3.47	3.93	7.19	20.23	12.57	20.47	20.30	19.09
6.98	4.85	7.25	20.25	12.55	20.47	20.29	19.08
8.92	11.15	7.20	20.26	12.54	20.49	20.27	19.10
6.54	7.05	7.29	20.27	12.49	20.47	20.33	19.11
6.82	6.87	7.27	20.26	12.48	20.47	20.32	19.14
15.32	9.44	7.31	20.24	12.46	20.46	20.32	19.13
15.92	6.98	7.32	20.28	12.45	20.45	20.32	19.16
9.44	5.55	7.33	20.23	12.46	20.45	20.28	19.16
6.63	4.52	7.28	20.29	12.44	20.45	20.32	19.14
5.38	4.07	7.31	20.25	12.44	20.44	20.29	19.14
4.56	3.68	7.33	20.23	12.42	20.43	20.31	19.12
3.52	2.86	7.33	20.27	12.43	20.43	20.29	19.14
2.72	2.32	7.38	20.27	12.40	20.44	20.32	19.12
2.19	1.78	7.39	20.24	12.40	20.44	20.27	19.11
1.97	1.46	7.38	20.27	12.40	20.44	20.29	19.13
1.61	1.11	7.45	20.22	12.39	20.40	20.31	19.09
0.97	0.51	7.45	20.27	12.41	20.42	20.26	19.10
0.89	0.42	7.44	20.25	12.37	20.41	20.31	19.09
0.68	0.11	7.48	20.24	12.37	20.41	20.31	19.10
0.50	-0.07	7.48	20.28	12.38	20.44	20.28	19.11
0.31	-0.28	7.45	20.25	12.34	20.41	20.27	19.10
0.03	-0.58	7.47	20.25	12.36	20.42	20.29	19.08
-0.72	-1.31	7.44	20.28	12.36	20.45	20.30	19.11
-1.37	-1.84	7.42	20.28	12.36	20.45	20.30	19.10
-0.97	-1.81	7.42	20.24	12.34	20.42	20.27	19.08
3.33	-0.96	7.41	20.27	12.34	20.44	20.28	19.08
8.85	10.57	7.40	20.29	12.34	20.44	20.29	19.11
13.01	12.14	7.32	20.29	12.35	20.42	20.28	19.12
6.47	4.65	7.16	20.26	12.33	20.46	20.26	19.15
4.14	2.48	7.19	20.26	12.31	20.47	20.31	19.14
2.69	1.33	7.18	20.25	12.31	20.44	20.29	19.13
1.86	0.82	7.20	20.27	12.31	20.46	20.28	19.11
1.30	0.33	7.20	20.27	12.29	20.46	20.28	19.13
0.82	-0.05	7.16	20.27	12.29	20.45	20.30	19.10
0.63	-0.24	7.16	20.25	12.32	20.45	20.29	19.10
0.37	-0.48	7.15	20.25	12.31	20.43	20.28	19.09
0.10	-0.71	7.15	20.27	12.30	20.45	20.29	19.08
0.02	-0.81	7.13	20.27	12.31	20.45	20.29	19.11
-0.17	-0.80	7.15	20.30	12.31	20.49	20.29	19.11
-0.56	-1.19	7.18	20.27	12.33	20.46	20.27	19.13
-1.19	-1.82	7.20	20.27	12.32	20.45	20.30	19.10
-1.60	-2.25	7.17	20.28	12.31	20.47	20.26	19.11
-2.13	-2.82	7.23	20.28	12.32	20.45	20.29	19.09
-2.75	-3.45	7.22	20.30	12.32	20.47	20.27	19.09
-3.14	-3.95	7.23	20.31	12.31	20.46	20.28	19.10
-3.37	-4.26	7.24	20.28	12.32	20.45	20.30	19.06
-3.76	-4.64	7.26	20.25	12.33	20.47	20.29	19.07
-4.04	-4.95	7.26	20.30	12.30	20.47	20.28	19.09
-3.33	-4.43	7.31	20.30	12.31	20.50	20.29	19.07
-1.62	-3.13	7.28	20.32	12.33	20.49	20.26	19.07
0.45	-0.46	7.19	20.29	12.33	20.47	20.29	19.06
1.96	0.73	7.14	20.31	12.31	20.48	20.26	19.09
12.24	7.33	7.11	20.28	12.30	20.47	20.30	19.07
13.85	5.45	7.05	20.30	12.30	20.50	20.28	19.09
14.92	2.95	7.05	20.30	12.31	20.50	20.28	19.09
8.76	0.98	6.83	20.32	12.28	20.51	20.31	19.12
4.87	0.14	6.85	20.30	12.28	20.52	20.30	19.14
3.65	0.09	6.84	20.27	12.30	20.47	20.29	19.08
2.76	-0.02	6.70	20.31	12.27	20.49	20.27	19.13
2.23	-0.04	6.67	20.28	12.29	20.48	20.29	19.10
1.92	-0.13	6.58	20.31	12.31	20.49	20.30	19.12
1.68	-0.22	6.61	20.28	12.30	20.51	20.29	19.11
1.49	-0.25	6.56	20.29	12.30	20.48	20.28	19.11
1.25	-0.38	6.55	20.31	12.27	20.47	20.30	19.07
1.09	-0.46	6.51	20.31	12.27	20.49	20.29	19.09
0.96	-0.50	6.57	20.29	12.28	20.48	20.29	19.11
0.89	-0.50	6.49	20.31	12.27	20.50	20.29	19.11
0.72	-0.53	6.49	20.29	12.28	20.47	20.27	19.09
0.75	-0.42	6.63	20.31	12.30	20.48	20.30	19.12
-0.85	-2.04	6.89	20.30	12.31	20.46	20.29	19.09
-3.11	-4.19	7.06	20.32	12.36	20.49	20.29	19.11
-4.71	-5.86	7.12	20.30	12.33	20.47	20.26	19.10
-4.54	-6.83	7.22	20.28	12.36	20.46	20.29	19.08
-1.10	-7.01	7.28	20.31	12.35	20.46	20.29	19.06
3.02	3.47	7.38	20.28	12.36	20.47	20.31	19.08
8.55	7.30	7.31	20.30	12.36	20.49	20.33	19.07
12.57	6.60	7.31	20.30	12.38	20.49	20.35	19.04
15.71	4.11	7.30	20.31	12.36	20.50	20.32	19.08
15.27	-0.35	7.29	20.34	12.36	20.54	20.38	19.10
9.05	-2.98	7.20	20.32	12.33	20.50	20.36	19.01
2.26	-5.06	7.16	20.30	12.34	20.48	20.37	18.97
-0.94	-6.45	7.18	20.31	12.36	20.51	20.40	19.02
-3.00	-7.55	7.18	20.30	12.37	20.50	20.37	18.96
-4.63	-8.86	7.19	20.31	12.39	20.53	20.34	18.98
-5.86	-9.61	7.18	20.32	12.34	20.51	20.34	18.97
-6.84	-10.56	7.17	20.31	12.37	20.50	20.32	18.96
-7.80	-11.54	7.18	20.29	12.36	20.50	20.32	18.92
-8.71	-12.35	7.19	20.32	12.38	20.53	20.35	18.92
-9.41	-13.09	7.21	20.30	12.40	20.51	20.34	18.91
-10.27	-13.79	7.21	20.31	12.41	20.54	20.36	18.88
-11.00	-14.66	7.23	20.32	12.37	20.57	20.32	18.84
-11.82	-15.64	7.18	20.34	12.40	20.55	20.31	18.84
-12.46	-16.19	7.15	20.33	12.41	20.57	20.32	18.77
-13.14	-16.78	7.14	20.33	12.42	20.58	20.32	18.74
-13.51	-17.07	7.13	20.31	12.41	20.59	20.34	18.68
-13.76	-17.46	7.10	20.31	12.40	20.60	20.32	18.60
-11.95	-16.82	7.04	20.29	12.39	20.59	20.27	18.51
-7.85	-15.16	6.94	20.35	12.38	20.65	20.30	18.50
-1.68	-2.91	6.86	20.30	12.36	20.62	20.29	18.47
4.88	2.21	6.74	20.33	12.35	20.67	20.28	18.47
9.42	1.42	6.65	20.30	12.35	20.63	20.29	18.50
12.31	-1.28	6.61	20.32	12.35	20.67	20.28	18.59
11.85	-5.02	6.50	20.29	12.35	20.68	20.28	18.65
5.56	-7.52	6.43	20.31	12.35	20.67	20.26	18.65
-0.46	-8.86	6.45	20.26	12.37	20.67	20.29	18.68
-3.42	-9.85	6.31	20.26	12.38	20.66	20.30	18.72
-4.88	-10.34	6.29	20.26	12.37	20.68	20.29	18.74
-5.11	-9.93	6.27	20.26	12.36	20.65	20.25	18.70
-5.49	-10.02	6.29	20.26	12.35	20.67	20.27	18.69
-5.89	-10.30	6.25	20.26	12.38	20.67	20.30	18.70
-6.31	-10.60	6.18	20.26	12.36	20.68	20.28	18.73
-6.41	-10.46	6.22	20.27	12.35	20.71	20.26	18.74
-6.51	-10.39	6.22	20.30	12.37	20.71	20.29	18.74
-6.60	-10.40	6.19	20.27	12.35	20.70	20.29	18.74
-6.61	-10.41	6.20	20.28	12.36	20.74	20.26	18.79
-6.73	-10.34	6.16	20.27	12.38	20.71	20.29	18.74
-6.80	-10.36	6.12	20.25	12.37	20.69	20.29	18.75
-6.78	-10.23	6.09	20.27	12.37	20.68	20.28	18.75
-6.80	-10.15	6.11	20.28	12.39	20.72	20.26	18.77
-6.76	-9.96	6.05	20.28	12.38	20.70	20.29	18.73
-6.11	-9.13	6.04	20.29	12.36	20.72	20.27	18.79
-5.26	-8.15	6.07	20.29	12.37	20.73	20.26	18.77
-4.38	-7.24	6.05	20.28	12.38	20.73	20.29	18.78
-3.70	-6.46	6.01	20.29	12.37	20.73	20.25	18.76
-3.26	-5.98	5.98	20.28	12.36	20.71	20.29	18.78
-2.97	-5.48	6.00	20.28	12.40	20.72	20.26	18.80
-3.28	-5.67	5.91	20.32	12.38	20.76	20.31	18.81
-3.67	-5.88	5.92	20.29	12.38	20.71	20.31	18.83
-3.96	-6.00	5.91	20.29	12.36	20.71	20.30	18.82
-4.05	-5.91	5.90	20.28	12.36	20.71	20.31	18.84
-4.12	-5.82	5.88	20.31	12.35	20.72	20.28	18.84
-4.16	-5.66	5.91	20.29	12.36	20.70	20.31	18.84
-4.15	-5.51	5.99	20.28	12.37	20.72	20.28	18.84
-4.10	-5.31	5.99	20.32	12.39	20.72	20.27	18.83
-4.10	-5.18	6.00	20.27	12.37	20.68	20.29	18.83
-4.10	-5.10	6.00	20.29	12.41	20.70	20.28	18.84
-4.21	-5.13	6.05	20.28	12.39	20.69	20.28	18.86
-4.17	-5.01	6.06	20.31	12.38	20.69	20.28	18.87
-4.12	-4.87	6.09	20.32	12.38	20.71	20.29	18.88
-4.02	-4.77	6.07	20.28	12.37	20.70	20.27	18.86
-3.96	-4.63	6.09	20.33	12.40	20.71	20.27	18.89
-3.73	-4.41	6.07	20.31	12.40	20.69	20.30	18.89
-3.56	-4.16	6.09	20.29	12.37	20.66	20.31	18.85
-3.34	-3.93	6.09	20.31	12.38	20.69	20.32	18.87
-2.92	-3.47	5.98	20.29	12.38	20.69	20.30	18.88
-2.06	-2.40	5.89	20.29	12.38	20.69	20.28	18.89
5.47	7.28	5.73	21.22	12.34	19.83	20.31	18.01
1.42	1.20	5.82	20.28	12.32	20.65	20.29	18.89
2.18	1.41	5.86	20.31	12.31	20.68	20.30	18.95
8.01	3.48	5.93	20.31	12.31	20.67	20.31	18.95
3.39	0.56	6.02	20.28	12.30	20.63	20.31	18.93
-0.07	-2.02	6.09	20.28	12.32	20.66	20.26	18.94
-3.23	-4.63	6.13	20.30	12.36	20.66	20.31	18.98
-4.88	-5.73	6.09	20.30	12.34	20.64	20.28	18.96
-5.21	-5.89	6.08	20.29	12.36	20.62	20.27	18.94
-6.19	-6.70	6.09	20.27	12.37	20.60	20.28	18.96
-7.12	-7.64	6.17	20.30	12.35	20.63	20.27	18.97
-7.66	-8.10	6.17	20.28	12.34	20.60	20.30	18.94
-8.17	-8.70	6.19	20.28	12.35	20.61	20.27	18.92
-8.89	-9.27	6.21	20.28	12.36	20.60	20.30	18.93
-9.32	-9.76	6.22	20.28	12.36	20.61	20.31	18.93
-9.70	-10.11	6.25	20.32	12.37	20.62	20.29	18.92
-10.12	-10.98	6.19	20.32	12.37	20.63	20.30	18.93
-10.46	-11.43	6.23	20.31	12.38	20.66	20.29	18.94
-10.77	-11.61	6.24	20.31	12.39	20.62	20.29	18.90
-11.08	-11.98	6.30	20.33	12.37	20.66	20.27	18.91
-11.47	-12.45	6.33	20.31	12.41	20.65	20.29	18.87
-11.82	-12.77	6.31	20.29	12.38	20.61	20.28	18.84
-10.06	-12.49	6.38	20.33	12.37	20.67	20.26	18.83
-6.30	-12.13	6.40	20.31	12.39	20.65	20.26	18.81
-0.71	-0.23	6.32	20.33	12.38	20.67	20.26	18.76
4.47	3.73	6.39	20.32	12.37	20.66	20.26	18.79
9.12	4.07	6.39	20.32	12.40	20.66	20.27	18.79
11.19	0.74	6.39	20.32	12.37	20.66	20.30	18.79
3.74	-4.04	6.39	20.32	12.34	20.66	20.29	18.79
-1.92	-7.01	6.30	20.31	12.37	20.66	20.32	18.90
-4.53	-8.01	6.30	20.31	12.37	20.62	20.29	18.81
-6.40	-9.12	6.34	20.25	12.39	20.62	20.30	18.80
-7.24	-9.64	6.36	20.28	12.41	20.66	20.29	18.81
-7.72	-9.93	6.38	20.25	12.36	20.63	20.26	18.80
-8.31	-10.64	6.38	20.27	12.38	20.65	20.28	18.78
-8.71	-11.02	6.42	20.25	12.38	20.67	20.26	18.80
-9.12	-11.41	6.43	20.25	12.36	20.68	20.25	18.76
-9.64	-12.02	6.47	20.25	12.36	20.71	20.26	18.77
-10.50	-12.72	6.48	20.26	12.38	20.72	20.28	18.76
-11.06	-13.23	6.49	20.23	12.37	20.70	20.26	18.74
-11.68	-13.71	6.51	20.27	12.40	20.73	20.27	18.73
-12.07	-14.12	6.53	20.25	12.40	20.71	20.29	18.69
-12.21	-14.25	6.52	20.22	12.41	20.73	20.28	18.64
-12.36	-14.34	6.54	20.24	12.38	20.75	20.25	18.64
-12.37	-14.36	6.54	20.23	12.41	20.77	20.31	18.58
-12.47	-14.54	6.59	20.28	12.40	20.81	20.27	18.57
-11.80	-14.05	6.63	20.24	12.38	20.83	20.27	18.52
-11.80	-14.05	6.60	20.25	12.38	20.84	20.27	18.51
-6.06	-7.80	6.61	20.25	12.38	20.81	20.32	18.46
1.18	0.12	6.56	20.30	12.39	20.86	20.27	18.51
6.33	1.11	6.59	20.27	12.36	20.87	20.30	18.52
10.43	0.23	6.54	20.25	12.36	20.86	20.33	18.56
4.37	-4.06	6.52	20.23	12.37	20.85	20.35	18.59
-1.55	-6.67	6.55	20.21	12.37	20.86	20.34	18.63
-4.58	-8.24	6.51	20.24	12.38	20.88	20.32	18.63
-6.51	-9.47	6.52	20.25	12.35	20.90	20.32	18.67
-7.80	-10.29	6.50	20.22	12.41	20.89	20.36	18.65
-8.71	-11.11	6.45	20.26	12.33	20.91	20.31	18.64
-9.39	-11.57	6.45	20.24	12.37	20.89	20.31	18.61
-10.19	-12.25	6.48	20.24	12.40	20.89	20.31	18.63
-10.52	-12.62	6.50	20.25	12.34	20.92	20.32	18.65
-11.21	-13.19	6.49	20.25	12.36	20.89	20.30	18.61
-11.84	-13.91	6.52	20.22	12.35	20.88	20.29	18.57
-12.29	-14.41	6.52	20.25	12.38	20.92	20.27	18.55
-12.79	-14.94	6.55	20.25	12.40	20.93	20.31	18.55
-13.47	-15.55	6.53	20.23	12.40	20.93	20.29	18.51
-14.24	-16.30	6.51	20.27	12.38	20.97	20.31	18.46
-14.71	-16.78	6.52	20.26	12.44	20.98	20.32	18.42
-15.11	-17.21	6.54	20.24	12.43	21.01	20.32	18.36
-15.58	-17.51	6.48	20.28	12.41	21.04	20.32	18.30
-14.35	-17.56	6.50	20.30	12.44	21.07	20.30	18.25
-10.16	-16.72	6.50	20.30	12.39	21.09	20.28	18.15
-4.79	-5.45	6.49	20.30	12.35	21.09	20.27	18.07
-0.12	-1.97	6.43	20.30	12.33	21.12	20.25	18.04
3.95	-2.12	6.38	20.29	12.34	21.15	20.27	18.08
6.98	-4.68	6.28	20.31	12.32	21.15	20.29	18.14
1.55	-9.69	6.23	20.27	12.31	21.16	20.26	18.16
-4.93	-12.16	6.28	20.27	12.32	21.17	20.29	18.23
-8.36	-13.82	6.24	20.27	12.40	21.20	20.29	18.30
-9.52	-13.85	6.23	20.27	12.35	21.22	20.30	18.27
-10.40	-14.07	6.25	20.29	12.37	21.24	20.29	18.26
-11.44	-14.43	6.27	20.27	12.36	21.23	20.28	18.23
-11.75	-14.66	6.27	20.30	12.36	21.26	20.30	18.23
-11.81	-14.72	6.23	20.28	12.36	21.26	20.30	18.18
-11.84	-14.67	6.20	20.27	12.36	21.25	20.31	18.14
-12.14	-14.85	6.23	20.30	12.36	21.31	20.27	18.13
-12.13	-14.91	6.23	20.31	12.36	21.30	20.26	18.12
-12.74	-15.36	6.20	20.31	12.38	21.33	20.29	18.11
-13.10	-15.81	6.15	20.29	12.35	21.32	20.28	18.08
-13.46	-16.03	6.19	20.32	12.40	21.35	20.29	18.08
-13.79	-16.36	6.18	20.31	12.34	21.35	20.26	18.02
-14.12	-16.69	6.13	20.31	12.35	21.37	20.29	18.04
-14.26	-16.84	6.14	20.30	12.36	21.38	20.28	18.02
-14.04	-16.50	6.12	20.28	12.39	21.37	20.28	17.98
-12.47	-15.83	6.13	20.30	12.36	21.38	20.28	17.93
-10.96	-14.02	6.16	20.32	12.33	21.42	20.29	17.95
-11.15	-13.64	6.18	20.34	12.35	21.42	20.28	17.94
-8.20	-10.90	6.19	20.32	12.33	21.43	20.27	17.94
-3.31	-7.85	6.20	20.32	12.32	21.43	20.25	17.93
-0.62	-7.68	6.20	20.34	12.34	21.45	20.23	17.98
-5.64	-10.14	6.24	20.32	12.37	21.46	20.24	18.05
-7.88	-11.38	6.23	20.31	12.35	21.47	20.27	18.11
-9.81	-12.45	6.22	20.32	12.34	21.46	20.28	18.15
-10.80	-13.06	6.20	20.33	12.36	21.47	20.27	18.13
-11.59	-13.53	6.16	20.35	12.35	21.50	20.30	18.18
-12.03	-13.79	6.14	20.35	12.34	21.49	20.27	18.19
-12.27	-13.94	6.08	20.31	12.32	21.46	20.25	18.15
-12.31	-14.00	6.06	20.33	12.33	21.49	20.27	18.16
-12.05	-13.85	6.01	20.33	12.34	21.48	20.26	18.17
-12.02	-13.96	5.93	20.33	12.33	21.46	20.25	18.15
-11.97	-14.02	5.97	20.35	12.34	21.51	20.26	18.17
-11.92	-13.58	5.99	20.35	12.32	21.49	20.25	18.18
-12.01	-13.53	6.00	20.34	12.31	21.47	20.26	18.18
-12.04	-13.55	5.97	20.34	12.33	21.48	20.26	18.18
-12.29	-13.73	6.01	20.34	12.33	21.49	20.26	18.20
-13.11	-14.42	5.97	20.38	12.35	21.50	20.26	18.23
-13.56	-14.80	5.97	20.36	12.35	21.49	20.25	18.22
-13.41	-14.74	5.96	20.37	12.35	21.48	20.27	18.24
-11.90	-14.42	5.89	20.34	12.40	21.48	20.34	18.10
-7.42	-13.48	5.85	20.37	12.38	21.46	20.46	18.08
-1.88	-2.52	5.71	20.35	12.36	21.44	20.35	18.08
2.01	-0.57	5.60	20.35	12.28	21.44	20.22	18.14
1.51	-3.56	5.68	20.34	12.24	21.44	20.15	18.17
1.51	-3.56	5.61	20.37	12.24	21.42	20.15	18.22
-1.40	-8.17	5.67	20.37	12.24	21.43	19.98	18.23
-4.64	-9.53	5.65	20.34	12.25	21.37	19.86	18.23
-7.13	-10.69	5.55	20.34	12.33	21.33	19.79	18.16
-7.97	-11.08	5.57	20.35	12.28	21.30	19.58	18.05
-8.49	-11.28	5.55	20.34	12.25	21.25	19.45	18.02
-8.79	-11.22	5.59	20.28	12.28	21.18	19.31	18.00
-9.05	-11.27	5.63	20.25	12.24	21.14	19.23	18.05
-9.30	-11.51	5.64	20.31	12.23	21.12	19.13	18.10
-9.63	-11.70	5.66	20.25	12.25	21.04	19.01	18.11
-10.34	-12.32	5.67	20.25	12.22	20.99	18.94	18.15
-11.11	-12.93	5.69	20.23	12.24	20.94	18.86	18.17
-11.69	-13.40	5.70	20.20	12.22	20.92	18.81	18.23
-12.14	-13.92	5.73	20.18	12.22	20.87	18.73	18.22
-12.76	-14.48	5.77	20.16	12.22	20.78	18.66	18.23
-13.03	-14.73	5.71	20.18	12.21	20.78	18.61	18.22
-13.16	-14.96	5.76	20.14	12.19	20.72	18.56	18.21
-13.57	-15.20	5.73	20.10	12.20	20.67	18.54	18.21
-13.10	-14.76	5.74	20.14	12.18	20.65	18.49	18.22
-10.99	-13.25	5.70	20.10	12.16	20.58	18.42	18.16
-8.13	-11.24	5.70	20.07	12.13	20.56	18.37	18.19
-7.03	-9.50	5.69	20.09	12.14	20.57	18.34	18.23
-4.84	-7.19	5.73	20.06	12.12	20.53	18.32	18.26
5.15	-0.44	5.67	20.01	12.10	20.47	18.27	18.26
4.80	-2.56	5.67	20.03	12.08	20.47	18.26	18.33
1.88	-5.22	5.59	19.98	12.08	20.40	18.24	18.34
-3.23	-7.43	5.52	19.98	12.07	20.38	18.19	18.36
-5.09	-7.95	5.55	19.98	12.06	20.36	18.18	18.39
-6.16	-8.56	5.55	19.94	12.05	20.33	18.16	18.41
-7.22	-9.28	5.53	19.92	12.03	20.30	18.11	18.40
-7.73	-9.58	5.53	19.90	12.04	20.24	18.09	18.40
-8.33	-9.91	5.53	19.90	12.05	20.21	18.04	18.39
-8.76	-10.19	5.60	19.88	12.03	20.21	18.05	18.41
-9.24	-10.54	5.59	19.89	12.04	20.22	18.06	18.44
-9.56	-10.85	5.60	19.86	11.99	20.16	17.98	18.42
-10.01	-11.23	5.58	19.85	12.01	20.13	17.97	18.43
-10.34	-11.60	5.62	19.84	11.98	20.11	17.94	18.45
-10.60	-11.85	5.56	19.80	11.95	20.06	17.92	18.43
-10.92	-12.19	5.56	19.78	11.98	20.06	17.92	18.46
-11.51	-12.82	5.57	19.80	11.94	20.05	17.92	18.46
-11.87	-13.24	5.61	19.78	11.95	20.02	17.89	18.47
-12.03	-13.35	5.56	19.74	11.97	19.98	17.90	18.43
-12.12	-13.37	5.53	19.73	11.93	19.96	17.85	18.42
-9.91	-12.63	5.60	19.77	11.91	19.97	17.84	18.47
-6.66	-9.62	5.56	19.74	11.92	19.94	17.83	18.47
-4.57	-5.85	5.58	19.72	11.91	19.92	17.82	18.45
3.00	1.34	5.51	19.72	11.88	19.91	17.82	18.49
9.00	3.18	5.50	19.70	11.86	19.91	17.81	18.52
11.37	0.06	5.35	19.67	11.85	19.85	17.83	18.53
9.94	-4.17	5.20	19.67	11.83	19.85	17.80	18.54
3.38	-6.17	5.28	19.64	11.84	19.83	17.77	18.54
-1.95	-7.76	5.28	19.66	11.86	19.84	17.77	18.59
-4.22	-8.51	5.31	19.63	11.83	19.78	17.75	18.56
-5.89	-9.33	5.36	19.60	11.85	19.78	17.73	18.55
-6.68	-9.80	5.38	19.60	11.82	19.78	17.73	18.55
-7.62	-10.39	5.43	19.61	11.83	19.75	17.73	18.57
-8.19	-10.86	5.42	19.56	11.80	19.70	17.67	18.54
-8.60	-11.23	5.43	19.58	11.80	19.71	17.69	18.54
-8.19	-10.89	5.40	19.58	11.79	19.68	17.68	18.52
-8.61	-11.16	5.40	19.53	11.81	19.66	17.67	18.52
-9.15	-11.72	5.43	19.57	11.80	19.68	17.68	18.54
-9.69	-12.17	5.45	19.55	11.79	19.66	17.67	18.52
-9.67	-12.20	5.46	19.50	11.78	19.66	17.67	18.51
-9.21	-11.84	5.43	19.53	11.78	19.65	17.67	18.54
-9.07	-11.61	5.40	19.52	11.76	19.63	17.63	18.55
-9.17	-11.60	5.43	19.52	11.78	19.61	17.66	18.53
-8.80	-11.24	5.38	19.48	11.75	19.60	17.64	18.50
-8.04	-10.47	5.36	19.48	11.73	19.57	17.65	18.52
-6.72	-9.08	5.38	19.47	11.75	19.59	17.63	18.52
-3.20	-5.61	5.32	19.49	11.72	19.56	17.64	18.55
-2.81	-5.67	5.28	19.47	11.73	19.57	17.64	18.58
-2.70	-5.56	5.24	19.45	11.72	19.57	17.62	18.59
-3.09	-5.67	5.29	19.42	11.73	19.52	17.60	18.59
-3.76	-6.05	5.33	19.44	11.67	19.53	17.59	18.61
-4.29	-6.40	5.32	19.42	11.73	19.51	17.60	18.60
-4.92	-6.76	5.31	19.43	11.69	19.51	17.60	18.59
-5.37	-7.04	5.30	19.44	11.70	19.51	17.58	18.63
-5.45	-6.98	5.28	19.41	11.68	19.48	17.61	18.57
-5.52	-6.92	5.27	19.38	11.68	19.45	17.59	18.59
-5.93	-7.28	5.26	19.36	11.65	19.46	17.58	18.62
-6.30	-7.57	5.29	19.38	11.67	19.45	17.59	18.61
-6.56	-7.84	5.27	19.40	11.65	19.43	17.57	18.63
-6.97	-8.17	5.29	19.39	11.65	19.44	17.55	18.62
-6.75	-7.96	5.31	19.37	11.64	19.39	17.54	18.61
-6.34	-7.62	5.27	19.35	11.64	19.41	17.56	18.63
-6.08	-7.24	5.30	19.33	11.65	19.38	17.55	18.63
-5.83	-7.02	5.23	19.38	11.65	19.39	17.56	18.64
-5.68	-6.78	5.25	19.32	11.64	19.35	17.54	18.61
-5.59	-6.63	5.22	19.32	11.60	19.35	17.53	18.64
-5.72	-6.74	5.24	19.33	11.62	19.35	17.53	18.66
-6.07	-6.91	5.24	19.32	11.61	19.31	17.53	18.62
-4.65	-5.64	5.24	19.30	11.60	19.26	17.53	18.62
-3.01	-3.86	5.24	19.29	11.60	19.29	17.56	18.65
-1.63	-2.51	5.22	19.28	11.56	19.25	17.52	18.64
1.01	-0.23	5.15	19.28	11.57	19.23	17.50	18.64
2.61	0.69	5.18	19.27	11.58	19.20	17.48	18.68
2.80	0.18	5.18	19.26	11.56	19.20	17.50	18.68
0.95	-0.84	5.10	19.23	11.56	19.17	17.51	18.68
0.20	-1.43	5.14	19.26	11.53	19.18	17.50	18.66
-1.24	-2.15	5.14	19.25	11.56	19.16	17.49	18.68
-2.23	-2.84	5.16	19.22	11.54	19.15	17.52	18.71
-2.77	-3.26	5.12	19.24	11.52	19.15	17.50	18.71
-2.42	-2.81	5.19	19.24	11.55	19.13	17.48	18.70
-2.33	-2.62	5.24	19.23	11.54	19.09	17.47	18.68
-2.16	-2.40	5.20	19.23	11.55	19.08	17.46	18.72
-2.05	-2.33	5.25	19.19	11.56	19.06	17.43	18.70
-1.92	-2.17	5.24	19.22	11.54	19.10	17.45	18.74
-1.69	-1.91	5.27	19.20	11.52	19.04	17.47	18.73
-1.43	-1.61	5.26	19.20	11.52	19.04	17.47	18.72
-1.19	-1.31	5.24	19.19	11.48	19.03	17.47	18.74
-0.94	-1.08	5.27	19.15	11.47	19.02	17.45	18.75
-0.69	-0.75	5.23	19.17	11.48	19.04	17.43	18.76
-0.51	-0.51	5.25	19.14	11.48	19.00	17.42	18.74
-0.35	-0.26	5.24	19.14	11.48	18.97	17.45	18.74
-0.21	-0.12	5.26	19.16	11.46	18.97	17.43	18.75
0.07	0.16	5.24	19.16	11.46	18.98	17.41	18.76
0.27	0.39	5.23	19.14	11.48	18.95	17.43	18.78
0.68	0.77	5.25	19.11	11.47	18.95	17.45	18.77
0.92	1.00	5.26	19.12	11.47	18.92	17.42	18.77
1.19	1.26	5.23	19.14	11.46	18.96	17.43	18.81
1.30	1.38	5.29	19.14	11.47	18.94	17.40	18.82
1.28	1.41	5.32	19.13	11.47	18.92	17.39	18.83
1.22	1.38	5.29	19.11	11.44	18.89	17.41	18.83
1.10	1.32	5.29	19.11	11.46	18.89	17.42	18.79
1.34	1.62	5.29	19.07	11.44	18.89	17.40	18.82
1.54	2.04	5.26	19.07	11.44	18.86	17.42	18.79
1.88	2.56	5.18	19.09	11.44	18.87	17.37	18.83
1.75	2.25	5.27	19.08	11.43	18.84	17.42	18.82
1.73	2.22	5.29	19.08	11.42	18.86	17.42	18.82
1.60	2.03	5.33	19.06	11.43	18.84	17.40	18.84
1.65	2.00	5.33	19.08	11.39	18.82	17.40	18.84
1.79	2.18	5.35	19.06	11.39	18.80	17.41	18.85
2.00	2.40	5.40	19.06	11.41	18.81	17.38	18.84
1.88	2.23	5.37	19.08	11.39	18.81	17.40	18.86
1.90	2.26	5.38	19.07	11.38	18.80	17.39	18.86
2.42	2.96	5.37	19.08	11.39	18.76	17.38	18.84
3.09	3.85	5.24	19.05	11.38	18.75	17.39	18.86
3.65	4.50	5.06	19.04	11.36	18.76	17.36	18.86
4.11	5.05	4.82	19.03	11.35	18.74	17.36	18.86
3.98	4.74	4.83	19.00	11.32	18.73	17.38	18.85
3.49	3.94	4.68	19.00	11.33	18.72	17.36	18.87
3.87	4.14	4.74	19.02	11.30	18.74	17.37	18.90
5.10	4.81	4.84	18.98	11.27	18.69	17.34	18.90
3.67	3.45	4.99	18.99	11.22	18.67	17.33	18.89
4.40	3.98	5.00	19.03	11.19	18.71	17.35	18.92
2.44	2.49	5.06	19.02	11.22	18.70	17.32	18.93
0.96	1.02	5.08	19.00	11.20	18.65	17.34	18.93
-0.38	-0.17	5.20	18.98	11.24	18.62	17.32	18.93
-1.67	-1.33	5.26	19.01	11.23	18.64	17.31	18.96
-3.20	-2.89	5.38	19.00	11.24	18.61	17.29	18.95
-4.08	-3.81	5.36	19.02	11.26	18.64	17.32	18.98
-4.78	-4.50	5.37	18.99	11.27	18.61	17.31	18.99
-5.19	-5.02	5.43	19.00	11.26	18.59	17.28	18.98
-5.58	-5.33	5.43	18.99	11.31	18.58	17.29	18.94
-6.24	-6.17	5.43	19.00	11.28	18.64	17.27	18.98
-6.52	-6.49	5.46	19.01	11.29	18.61	17.29	18.97
-6.70	-6.72	5.48	18.96	11.31	18.58	17.28	18.94
-6.98	-7.05	5.44	18.99	11.29	18.61	17.27	18.95
-7.15	-7.44	5.48	19.01	11.31	18.59	17.29	18.93
-7.39	-7.76	5.52	18.95	11.34	18.60	17.28	18.92
-7.81	-8.31	5.52	18.96	11.31	18.60	17.27	18.92
-8.15	-8.59	5.52	18.99	11.30	18.60	17.25	18.91
-7.86	-8.54	5.50	18.99	11.31	18.62	17.25	18.88
-7.33	-8.24	5.50	18.94	11.32	18.56	17.26	18.85
-5.02	-7.24	5.49	18.95	11.32	18.61	17.28	18.86
-2.89	-4.78	5.52	18.97	11.31	18.61	17.29	18.87
3.24	1.84	5.52	19.00	11.29	18.62	17.27	18.90
6.67	2.11	5.49	18.97	11.30	18.61	17.25	18.88
7.54	0.01	5.46	18.96	11.28	18.60	17.27	18.85
6.19	-2.68	5.44	18.99	11.26	18.63	17.25	18.90
4.01	-4.15	5.42	18.94	11.26	18.62	17.26	18.88
-0.54	-5.42	5.38	18.95	11.26	18.61	17.24	18.86
-3.40	-6.53	5.42	18.94	11.30	18.62	17.26	18.88
-4.84	-7.36	5.40	18.98	11.26	18.65	17.25	18.90
-5.89	-7.98	5.36	18.95	11.28	18.63	17.24	18.86
-6.64	-8.56	5.39	18.95	11.28	18.65	17.24	18.85
-7.13	-8.99	5.38	18.95	11.24	18.64	17.25	18.84
-7.62	-9.43	5.31	18.96	11.24	18.64	17.25	18.81
-8.39	-10.07	5.35	18.93	11.25	18.61	17.26	18.80
-8.94	-10.63	5.30	18.93	11.26	18.60	17.23	18.79
-9.28	-11.00	5.27	18.95	11.26	18.62	17.27	18.77
-9.64	-11.45	5.27	18.95	11.22	18.64	17.23	18.78
-10.29	-12.12	5.28	18.95	11.22	18.66	17.25	18.77
-11.02	-12.88	5.26	18.94	11.24	18.64	17.24	18.75
-11.15	-13.08	5.28	18.96	11.22	18.63	17.27	18.74
-11.23	-13.45	5.23	18.95	11.24	18.66	17.27	18.73
-11.02	-13.22	5.22	18.96	11.23	18.65	17.24	18.73
-10.22	-12.45	5.19	18.95	11.22	18.63	17.23	18.69
-8.47	-11.19	5.16	18.92	11.19	18.64	17.21	18.70
-4.91	-7.16	5.05	18.95	11.16	18.66	17.23	18.73
-1.40	-4.77	4.92	18.93	11.18	18.65	17.24	18.69
2.42	-3.60	4.84	18.95	11.14	18.65	17.25	18.74
3.69	-4.51	4.86	18.93	11.15	18.66	17.23	18.73
-1.33	-6.89	4.80	18.95	11.17	18.66	17.22	18.76
-3.44	-7.95	4.81	18.92	11.14	18.68	17.20	18.76
-5.47	-8.79	4.82	18.90	11.13	18.65	17.23	18.73
-6.57	-9.42	4.82	18.93	11.13	18.67	17.24	18.75
-7.33	-9.78	4.78	18.92	11.14	18.66	17.23	18.73
-8.13	-10.50	4.79	18.91	11.13	18.64	17.23	18.74
-9.02	-11.32	4.77	18.90	11.14	18.63	17.22	18.71
-9.62	-11.84	4.80	18.95	11.12	18.68	17.26	18.73
-10.20	-12.24	4.76	18.93	11.10	18.66	17.23	18.70
-10.77	-12.86	4.71	18.93	11.12	18.67	17.21	18.69
-11.27	-13.35	4.74	18.93	11.13	18.69	17.21	18.69
-11.71	-13.78	4.73	18.89	11.12	18.65	17.22	18.65
-12.17	-14.21	4.70	18.92	11.12	18.65	17.22	18.66
-12.53	-14.58	4.71	18.92	11.08	18.69	17.20	18.66
-12.93	-15.03	4.65	18.90	11.11	18.65	17.21	18.64
-13.18	-15.30	4.63	18.92	11.12	18.68	17.19	18.65
-12.78	-15.00	4.59	18.90	11.08	18.64	17.22	18.62
-12.41	-14.68	4.58	18.92	11.08	18.67	17.22	18.62
-11.16	-13.32	4.52	18.93	11.09	18.66	17.19	18.62
-9.68	-11.67	4.51	18.93	11.11	18.68	17.22	18.59
-3.83	-4.93	4.52	18.92	11.07	18.67	17.20	18.60
-3.15	-5.25	4.53	18.94	11.08	18.66	17.22	18.63
-3.81	-6.07	4.41	18.92	11.05	18.66	17.21	18.62
-3.16	-5.83	4.44	18.93	11.06	18.69	17.18	18.67
1.15	-5.85	4.40	18.88	11.04	18.65	17.19	18.65
-0.75	-6.82	4.32	18.88	11.02	18.66	17.21	18.67
-4.26	-7.92	4.28	18.91	11.04	18.68	17.21	18.69
-5.93	-8.67	4.27	18.91	11.05	18.69	17.14	18.68
-6.81	-9.10	4.24	18.89	11.03	18.66	17.18	18.68
-7.24	-9.33	4.20	18.90	11.01	18.66	17.20	18.67
-7.50	-9.38	4.20	18.90	11.01	18.67	17.22	18.68
-7.82	-9.50	4.21	18.92	11.03	18.66	17.18	18.71
-7.93	-9.60	4.14	18.93	11.00	18.66	17.17	18.69
-7.75	-9.41	4.14	18.90	10.98	18.65	17.17	18.67
-7.72	-9.34	4.14	18.92	11.00	18.67	17.19	18.70
-7.68	-9.17	4.16	18.93	10.99	18.67	17.20	18.67
-7.65	-9.10	4.11	18.90	11.02	18.65	17.19	18.65
-7.93	-9.36	4.10	18.89	11.01	18.64	17.19	18.67
-8.10	-9.53	4.09	18.88	11.02	18.64	17.21	18.67
-8.62	-9.91	4.08	18.91	11.00	18.61	17.20	18.64
-9.24	-10.49	4.06	18.94	10.98	18.65	17.18	18.68
-9.33	-10.53	4.07	18.89	10.98	18.63	17.17	18.67
-7.68	-8.94	4.02	18.88	10.97	18.62	17.19	18.66
-6.35	-7.27	4.03	18.89	10.98	18.62	17.17	18.66
-0.42	-1.59	3.96	18.91	10.97	18.63	17.26	18.68
1.04	-1.13	3.79	18.91	10.94	18.66	17.28	18.66
-0.49	-2.96	3.81	18.92	10.92	18.66	17.39	18.69
-1.30	-3.54	3.80	18.91	10.96	18.67	17.54	18.69
4.20	-3.67	3.88	18.93	10.94	18.72	17.66	18.68
7.02	-4.56	3.93	18.93	10.98	18.77	17.79	18.70
-2.19	-6.81	4.04	18.93	10.96	18.79	17.83	18.75
-5.21	-8.12	4.00	18.95	10.98	18.84	17.98	18.74
-6.51	-8.71	4.03	18.95	10.98	18.86	18.04	18.72
-7.64	-9.36	3.99	18.96	10.98	18.89	18.09	18.72
-8.78	-10.25	4.05	18.98	11.01	18.94	18.20	18.73
-9.43	-10.77	4.03	18.98	11.00	18.95	18.26	18.69
-10.15	-11.36	4.03	18.99	11.02	18.97	18.34	18.68
-10.69	-12.05	4.09	19.01	11.01	19.02	18.42	18.68
-11.02	-12.43	4.09	19.04	11.02	19.06	18.47	18.67
-11.48	-13.00	4.06	19.03	11.02	19.07	18.53	18.65
-12.11	-13.59	4.10	19.03	11.04	19.11	18.61	18.64
-12.79	-14.35	4.10	19.09	11.03	19.15	18.63	18.64
-13.31	-14.97	4.09	19.09	11.06	19.21	18.70	18.63
-13.86	-15.49	4.08	19.07	11.07	19.18	18.75	18.57
-14.31	-16.01	4.10	19.09	11.08	19.22	18.82	18.53
-14.27	-16.21	4.06	19.13	11.08	19.25	18.83	18.49
-12.07	-15.38	4.04	19.13	11.12	19.29	18.88	18.43
-7.37	-13.91	3.95	19.17	11.24	19.33	19.01	18.40
-2.21	-6.77	3.76	19.20	11.69	19.34	19.52	18.41
3.28	-0.65	3.64	19.19	10.97	19.38	18.98	18.39
7.17	-1.46	3.52	19.20	10.94	19.40	18.97	18.44
10.13	-3.70	3.36	19.20	11.02	19.42	19.04	18.44
10.38	-6.68	3.60	19.16	11.00	19.47	19.07	18.54
5.15	-8.08	3.38	19.24	11.08	19.45	19.14	18.21
-1.14	-9.03	3.48	19.25	11.09	19.50	19.15	18.19
-3.12	-9.38	3.48	19.24	11.07	19.51	19.16	18.20
-4.19	-9.37	3.55	19.21	11.10	19.53	19.18	18.23
-4.73	-9.27	3.59	19.25	11.12	19.56	19.21	18.29
-5.11	-9.27	3.63	19.25	11.13	19.55	19.24	18.32
-5.51	-9.40	3.62	19.22	11.13	19.57	19.26	18.33
-5.96	-9.66	3.65	19.24	11.12	19.60	19.30	18.35
-6.14	-9.71	3.65	19.24	11.17	19.59	19.32	18.36
-6.41	-9.91	3.65	19.29	11.16	19.61	19.34	18.40
-6.64	-10.04	3.66	19.28	11.19	19.64	19.37	18.42
-6.96	-10.05	3.73	19.25	11.16	19.63	19.37	18.43
-7.19	-10.14	3.76	19.28	11.17	19.67	19.43	18.43
-7.22	-10.11	3.75	19.31	11.17	19.69	19.43	18.45
-7.17	-10.05	3.76	20.27	11.18	19.14	19.43	17.61
-7.24	-10.02	3.73	19.33	11.18	19.69	19.44	18.46
-7.05	-9.81	3.74	20.27	11.23	19.16	19.43	17.60
-5.95	-8.52	3.70	19.32	11.20	19.72	19.46	18.47
-1.72	-8.18	3.66	19.32	11.19	19.70	19.47	18.44
2.38	-4.24	3.72	19.37	11.18	19.74	19.50	18.50
4.81	1.35	3.75	19.37	11.22	19.74	19.52	18.52
12.14	5.15	3.84	19.36	11.22	19.73	19.48	18.55
15.94	3.39	3.91	19.37	11.21	19.76	19.51	18.58
16.34	-0.25	3.92	19.39	11.21	19.77	19.53	18.60
15.72	-2.84	3.89	19.40	11.25	19.75	19.53	18.63
4.82	-5.08	3.94	19.42	11.23	19.77	19.57	18.65
0.64	-6.27	3.93	19.41	11.25	19.79	19.57	18.63
-2.11	-7.40	4.00	19.44	11.26	19.79	19.56	18.62
-3.90	-8.23	4.01	19.44	11.27	19.80	19.58	18.64
-4.82	-8.74	3.98	19.45	11.27	19.80	19.57	18.61
-6.09	-9.61	4.03	19.45	11.25	19.80	19.57	18.61
-6.93	-10.28	4.10	19.50	11.27	19.82	19.59	18.59
-7.44	-10.85	4.09	19.51	11.28	19.81	19.63	18.58
-8.20	-11.44	4.13	19.51	11.31	19.82	19.62	18.60
-8.88	-12.17	4.15	19.51	11.28	19.84	19.62	18.61
-9.83	-12.98	4.18	19.52	11.26	19.83	19.63	18.56
-10.54	-13.73	4.21	19.51	11.30	19.83	19.65	18.53
-11.25	-14.40	4.21	19.52	11.32	19.85	-0.63	18.54
-11.90	-15.06	4.25	19.54	11.30	19.86	19.66	18.53
-12.87	-16.04	4.34	19.56	11.31	19.89	19.66	18.47
-13.30	-16.43	4.33	19.55	11.35	19.90	19.66	18.45
-11.48	-16.07	4.32	19.59	11.34	19.92	19.68	18.41
-6.68	-15.22	4.30	19.58	11.34	19.92	19.70	18.36
-0.58	-7.30	4.25	19.61	11.31	19.93	19.69	18.34
5.50	0.97	4.29	19.61	11.32	19.91	19.68	18.34
10.99	1.59	4.27	19.59	11.32	19.96	19.72	18.38
14.68	-0.98	4.25	19.58	11.33	19.95	19.73	18.42
14.85	-4.57	4.22	19.59	11.36	19.95	19.71	18.43
14.20	-7.36	4.11	19.61	11.35	19.97	19.73	18.49
2.95	-9.61	4.09	19.58	11.36	19.98	19.73	18.49
-1.75	-10.99	4.05	19.63	11.36	19.99	19.75	18.52
-4.45	-11.91	4.11	19.62	11.35	19.96	19.72	18.49
-6.18	-12.65	4.15	19.62	11.36	19.99	19.76	18.47
-7.22	-13.28	4.20	19.65	11.36	20.01	19.74	18.45
-7.87	-13.54	4.18	19.66	11.38	20.00	19.73	18.45
-8.40	-13.95	4.19	19.66	11.36	20.02	19.76	18.41
-8.45	-13.76	4.18	19.65	11.38	20.00	19.75	18.36
-8.55	-13.74	4.19	19.69	11.35	20.04	19.76	18.35
-8.71	-13.62	4.20	19.68	11.36	20.06	19.74	18.34
-8.88	-13.64	4.18	19.67	11.34	20.05	19.79	18.31
-9.21	-13.74	4.18	19.66	11.38	20.05	19.76	18.30
-9.49	-13.82	4.24	19.68	11.38	20.07	19.77	18.30
-9.73	-13.93	4.31	19.69	11.41	20.08	19.77	18.30
-9.83	-13.79	4.26	19.69	11.41	20.07	19.80	18.30
-9.76	-13.53	4.27	19.70	11.41	20.10	19.78	18.29
-9.36	-13.00	4.31	19.69	11.40	20.10	19.79	18.29
-8.42	-11.94	4.30	19.71	11.39	20.12	19.82	18.30
-7.29	-10.59	4.37	19.71	11.42	20.13	19.79	18.33
-6.06	-9.29	4.47	19.72	11.42	20.11	19.77	18.32
-5.12	-8.34	4.48	19.72	11.45	20.12	19.82	18.38
-5.30	-8.40	4.53	19.69	11.41	20.12	19.81	18.35
-6.09	-8.86	4.63	19.68	11.43	20.13	19.81	18.38
-6.83	-9.34	4.64	19.71	11.42	20.11	19.81	18.39
-7.33	-9.63	4.61	19.72	11.42	20.15	19.84	18.42
-7.76	-9.85	4.60	19.75	11.42	20.15	19.86	18.44
-8.06	-9.98	4.68	19.75	11.42	20.14	19.84	18.45
-8.30	-10.03	4.77	19.74	11.46	20.17	19.84	18.46
-8.43	-10.07	4.78	19.74	11.47	20.15	19.86	18.46
-8.50	-10.08	4.84	19.71	11.44	20.15	19.85	18.47
-8.60	-10.11	4.86	19.75	11.44	20.17	19.85	18.49
-8.50	-10.06	4.75	19.74	11.44	20.16	19.87	18.47
-8.62	-10.26	4.67	19.75	11.44	20.17	19.86	18.49
-8.82	-10.47	4.60	19.76	11.43	20.16	19.86	18.50
-9.15	-10.66	4.62	19.73	11.47	20.17	19.86	18.47
-9.37	-10.90	4.61	19.74	11.48	20.16	19.84	18.46
-9.70	-11.18	4.67	19.75	11.48	20.17	19.84	18.48
-10.08	-11.56	4.75	19.77	11.45	20.18	19.86	18.49
-10.72	-12.11	4.76	19.77	11.47	20.17	19.88	18.46
-10.82	-12.13	4.84	19.78	11.46	20.18	19.86	18.49
-9.79	-11.28	4.87	19.78	11.48	20.20	19.86	18.48
-5.58	-9.99	4.88	19.79	11.46	20.18	19.88	18.51
-0.35	-4.28	4.81	19.81	11.48	20.19	19.91	18.52
2.19	-1.02	4.80	19.79	11.45	20.19	19.90	18.54
3.52	-1.10	4.85	19.82	11.46	20.20	19.91	18.55
6.90	-0.55	4.84	19.79	11.49	20.19	19.87	18.54
9.37	-2.06	4.82	19.79	11.47	20.21	19.89	18.57
12.69	-4.15	4.83	19.82	11.48	20.23	19.87	18.61
2.19	-5.92	4.86	19.80	11.46	20.20	19.89	18.61
-1.66	-6.92	4.82	19.79	11.48	20.20	19.91	18.60
-3.81	-7.67	4.83	19.80	11.46	20.21	19.89	18.58
-5.01	-8.11	4.89	19.82	11.50	20.22	19.87	18.61
-5.96	-8.54	4.90	19.82	11.46	20.22	19.91	18.60
-6.56	-8.83	4.89	19.82	11.49	20.20	19.87	18.59
-7.14	-9.44	4.92	19.83	11.47	20.20	19.87	18.58
-7.72	-9.84	4.93	19.85	11.50	20.22	19.90	18.59
-7.96	-10.09	4.87	19.83	11.49	20.22	19.91	18.57
-8.25	-10.36	4.77	19.84	11.47	20.21	19.88	18.60
-8.56	-10.73	4.78	19.86	11.48	20.22	19.91	18.57
-8.95	-10.97	4.86	19.88	11.50	20.22	19.89	18.57
-9.12	-11.18	4.82	19.87	11.49	20.23	19.90	18.57
-9.37	-11.41	4.80	19.86	11.50	20.21	19.90	18.55
-9.65	-11.64	4.78	19.86	11.48	20.22	19.92	18.56
-9.79	-11.86	4.80	19.88	11.51	20.20	19.91	18.56
-7.55	-10.95	4.73	19.86	11.46	20.23	19.92	18.56
-2.04	-9.26	4.63	19.90	11.49	20.21	19.90	18.56
3.98	-1.39	4.52	19.90	11.49	20.21	19.91	18.58
9.29	5.41	4.43	19.85	11.48	20.20	19.93	18.59
14.61	6.78	4.41	19.87	11.50	20.24	19.90	18.63
17.59	4.45	4.29	19.88	11.47	20.24	19.91	18.63
15.22	0.91	4.35	19.88	11.46	20.25	19.92	18.67
6.88	-1.72	4.37	19.89	11.49	20.25	19.92	18.69
2.43	-3.68	4.35	19.87	11.48	20.20	19.90	18.68
0.19	-4.54	4.39	19.87	11.50	20.23	19.93	18.68
-1.56	-5.47	4.43	19.86	11.48	20.21	19.90	18.68
-2.78	-6.20	4.46	19.89	11.50	20.21	19.91	18.67
-3.85	-6.93	4.52	19.87	11.49	20.21	19.93	18.66
-4.73	-7.64	4.53	19.89	11.53	20.22	19.92	18.67
-5.32	-8.18	4.57	19.88	11.48	20.19	19.92	18.67
-5.93	-8.78	4.62	19.91	11.52	20.24	19.94	18.64
-6.38	-9.23	4.66	19.91	11.51	20.19	19.93	18.63
-6.78	-9.74	4.70	19.91	11.53	20.21	19.95	18.62
-7.15	-10.14	4.75	19.93	11.52	20.22	19.92	18.60
-7.45	-10.39	4.74	19.93	11.50	20.22	19.94	18.60
-7.47	-10.33	4.76	19.93	11.53	20.22	19.90	18.58
-6.86	-9.73	4.80	19.94	11.51	20.25	19.94	18.60
-6.23	-8.90	4.79	19.91	11.51	20.22	19.92	18.59
-5.79	-8.25	4.95	19.95	11.53	20.26	19.93	18.61
-4.70	-7.16	4.94	19.93	11.51	20.24	19.96	18.57
-3.46	-5.85	4.87	19.96	11.53	20.24	19.96	18.62
-2.62	-4.95	4.92	19.95	11.53	20.27	19.97	18.63
-2.76	-4.97	4.89	19.95	11.55	20.25	19.94	18.61
-2.45	-4.59	4.82	19.94	11.52	20.26	19.96	18.64
-2.16	-4.13	4.81	19.97	11.52	20.26	20.01	18.64
-1.80	-3.63	4.79	19.95	11.53	20.27	19.99	18.66
-2.08	-3.70	4.86	19.95	11.54	20.23	20.00	18.64
-2.36	-3.82	4.82	19.96	11.51	20.24	19.99	18.66
-2.47	-3.77	4.85	19.94	11.51	20.22	20.02	18.65
-2.46	-3.67	4.82	19.93	11.53	20.23	19.98	18.65
-2.46	-3.54	4.80	19.95	11.55	20.24	19.97	18.65
-2.41	-3.39	4.80	19.96	11.54	20.26	19.97	18.67
-2.36	-3.30	4.80	19.97	11.51	20.25	19.97	18.69
-2.25	-3.15	4.76	19.96	11.53	20.25	19.98	18.67
-2.14	-2.98	4.74	19.96	11.54	20.24	19.97	18.67
-2.09	-2.80	4.54	19.96	11.50	20.26	19.99	18.70
-1.92	-2.52	4.55	19.96	11.52	20.23	19.97	18.69
-1.87	-2.38	4.49	19.96	11.54	20.24	19.97	18.69
-1.63	-2.03	4.51	19.96	11.55	20.23	19.97	18.71
-1.39	-1.76	4.45	19.95	11.51	20.22	19.99	18.68
-1.12	-1.39	4.43	19.98	11.50	20.24	20.02	18.72
-0.95	-1.18	4.43	19.99	11.54	20.24	20.00	18.71
-0.67	-0.80	4.45	19.98	11.53	20.24	20.00	18.71
1.01	0.66	4.43	19.96	11.53	20.22	19.99	18.75
2.08	1.71	4.41	19.95	11.51	20.20	20.02	18.72
3.88	3.53	4.45	19.96	11.51	20.19	20.02	18.73
3.26	3.03	7.90	20.81	11.54	19.77	20.03	17.62
3.47	3.30	4.51	19.99	11.52	20.20	20.00	18.77
3.47	3.30	4.57	19.95	11.57	20.18	20.04	18.76
2.96	2.96	4.61	19.97	11.57	20.20	20.03	18.79
2.29	2.50	4.60	20.00	11.54	20.18	20.03	18.81
1.69	2.00	4.61	19.95	11.54	20.17	20.03	18.77
1.39	1.73	4.62	19.95	11.54	20.16	20.03	18.78
1.13	1.51	4.68	19.98	11.53	20.18	20.02	18.80
0.68	1.11	4.72	19.99	11.56	20.17	20.02	18.80
0.38	0.81	4.73	19.95	11.54	20.13	20.02	18.78
0.06	0.53	4.76	20.00	11.56	20.16	20.05	18.80
-0.14	0.27	4.82	19.98	11.58	20.16	20.02	18.78
-0.33	0.07	4.80	20.00	11.57	20.15	20.04	18.81
-0.51	-0.12	4.83	19.99	11.56	20.13	20.07	18.82
-0.73	-0.36	4.83	20.00	11.59	20.16	20.04	18.83
-0.94	-0.54	4.86	20.01	11.58	20.13	20.05	18.80
-1.00	-0.64	4.87	19.98	11.59	20.14	20.04	18.77
-1.03	-0.76	4.87	19.97	11.56	20.13	20.05	18.78
-1.22	-0.98	4.88	19.99	11.58	20.12	20.05	18.78
-1.33	-1.13	4.92	19.97	11.58	20.11	20.04	18.80
-1.10	-0.89	4.93	19.97	11.58	20.11	20.06	18.79
-0.19	0.04	4.96	20.01	11.59	20.15	20.06	18.83
1.62	1.80	4.95	20.03	11.54	20.13	20.06	18.80
2.86	2.97	4.99	20.03	11.59	20.16	20.06	18.83
5.51	4.88	4.89	20.00	11.60	20.13	20.10	18.82
6.74	5.47	4.95	19.97	11.61	20.13	20.07	18.84
7.27	5.19	4.93	19.98	11.57	20.10	20.08	18.83
5.45	4.07	4.95	20.02	11.60	20.14	20.08	18.86
4.49	2.99	4.91	20.01	11.60	20.13	20.08	18.87
2.84	1.97	4.92	20.02	11.60	20.12	20.12	18.87
2.07	1.59	4.99	20.01	11.61	20.09	20.08	18.83
1.26	0.95	5.02	20.00	11.62	20.11	20.05	18.86
0.89	0.65	5.04	20.02	11.61	20.12	20.04	18.86
-0.19	-0.20	5.06	20.03	11.62	20.13	20.08	18.87
-0.37	-0.54	5.10	20.02	11.62	20.12	20.07	18.88
-0.58	-0.75	5.15	20.00	11.63	20.09	20.09	18.83
-0.75	-1.01	5.19	19.99	11.64	20.07	20.07	18.83
-0.89	-1.23	5.19	20.03	11.63	20.11	20.07	18.84
-0.98	-1.37	5.21	20.02	11.64	20.12	20.08	18.85
-0.97	-1.42	5.23	20.02	11.65	20.13	20.08	18.85
-1.03	-1.45	5.28	20.02	11.64	20.11	20.07	18.85
-1.06	-1.50	5.29	20.01	11.63	20.12	20.06	18.83
-1.34	-1.79	5.30	20.02	11.65	20.11	20.06	18.84
-1.39	-1.91	5.29	20.03	11.63	20.13	20.07	18.84
-0.99	-1.52	5.34	20.03	11.63	20.11	20.07	18.81
0.30	-0.17	5.33	20.04	11.65	20.11	20.04	18.82
1.97	1.44	5.30	20.01	11.69	20.10	20.06	18.85
3.49	2.74	5.23	20.02	11.63	20.11	20.07	18.82
6.82	5.66	5.14	20.02	11.63	20.09	20.08	18.84
9.73	7.02	5.06	20.01	11.61	20.12	20.08	18.88
6.04	4.64	5.12	20.03	11.64	20.13	20.09	18.88
4.79	3.78	5.14	20.03	11.61	20.12	20.06	18.89
3.86	3.11	5.14	20.02	11.64	20.07	20.06	18.88
2.92	2.38	5.12	20.02	11.63	20.09	20.06	18.90
2.07	1.74	5.13	20.01	11.64	20.09	20.06	18.89
1.62	1.39	5.15	20.02	11.62	20.06	20.08	18.89
1.19	1.02	5.14	20.04	11.67	20.07	20.08	18.91
0.92	0.82	5.22	20.01	11.69	20.08	20.06	18.85
0.98	0.81	5.24	20.02	11.67	20.06	20.03	18.88
0.83	0.62	5.26	20.02	11.64	20.07	20.08	18.88
0.55	0.38	5.30	20.05	11.67	20.05	20.06	18.86
0.02	-0.07	5.29	20.03	11.67	20.05	20.05	18.89
-0.58	-0.70	5.36	20.03	11.69	20.05	20.05	18.89
-1.01	-1.22	5.41	20.02	11.65	20.02	20.05	18.86
-0.82	-1.17	5.42	20.04	11.70	20.05	20.03	18.87
-0.54	-0.87	5.50	20.02	11.68	20.03	20.06	18.85
-0.41	-0.69	5.49	20.03	11.70	20.05	20.06	18.87
-0.37	-0.66	5.48	20.05	11.70	20.04	20.06	18.85
-0.18	-0.50	5.51	20.03	11.69	20.05	20.05	18.85
0.28	-0.09	5.52	20.01	11.69	20.03	20.06	18.86
2.99	2.03	5.53	20.00	0.36	20.01	2.48	18.83
1.00	0.62	5.51	20.04	11.70	20.03	20.03	18.85
1.34	0.97	5.46	20.02	11.69	20.05	20.08	18.87
1.77	1.35	5.46	20.03	11.66	20.01	20.07	18.89
1.92	1.55	5.39	20.04	11.70	20.03	20.06	18.87
1.88	1.61	5.22	19.99	11.65	20.00	20.04	18.86
1.69	1.48	5.15	20.05	11.68	20.03	20.05	18.91
1.46	1.29	5.11	20.02	11.68	20.03	20.04	18.87
1.20	1.18	5.04	20.01	11.68	20.01	20.04	18.86
1.00	0.98	5.01	19.99	11.65	19.98	20.05	18.88
0.82	0.76	4.97	20.04	11.63	20.02	20.04	18.91
0.68	0.64	5.01	20.04	11.63	20.03	20.06	18.92
0.55	0.54	5.08	20.05	11.64	20.02	20.08	18.90
0.45	0.43	5.18	20.01	11.65	19.99	20.07	18.91
0.22	0.24	5.19	20.01	11.66	20.01	20.05	18.90
-0.65	-0.47	5.28	20.03	11.68	20.01	20.06	18.92
-1.51	-1.25	5.30	20.05	11.70	20.01	20.06	18.94
-2.19	-1.97	5.32	20.01	11.69	19.97	20.05	18.91
-2.93	-2.58	5.37	20.01	11.71	19.97	20.05	18.90
-3.51	-3.22	5.40	20.02	11.70	19.98	20.05	18.88
-4.11	-3.91	5.41	20.00	11.71	19.96	20.04	18.89
-4.69	-4.51	5.44	19.99	11.74	19.98	20.03	18.85
-4.88	-4.77	5.50	20.03	11.75	20.03	20.03	18.89
-3.44	-4.53	5.53	20.01	11.74	20.01	20.06	18.85
0.73	-3.90	5.59	20.02	11.72	20.01	20.05	18.86
6.62	5.54	5.56	20.03	11.73	20.03	20.07	18.89
12.57	11.77	5.50	20.01	11.71	20.02	20.06	18.90
16.76	11.39	5.43	20.00	11.69	20.02	20.06	18.89
19.66	8.40	5.41	20.02	11.73	20.04	20.03	18.96
15.42	3.91	5.33	20.03	11.72	20.08	20.05	18.97
17.90	1.68	5.41	20.06	11.73	20.08	20.04	18.98
8.26	0.04	5.45	20.01	11.73	20.05	20.06	18.94
4.63	-1.08	5.46	20.04	11.74	20.10	20.03	18.97
2.36	-2.12	5.53	20.05	11.73	20.09	20.05	18.96
0.62	-2.98	5.56	20.04	11.75	20.10	20.07	18.93
-0.55	-3.92	5.65	20.06	11.77	20.08	20.07	18.91
-1.29	-4.45	5.72	20.04	11.76	20.11	20.06	18.92
-1.87	-4.87	5.78	20.04	11.75	20.11	20.04	18.90
-2.72	-5.47	5.87	20.05	11.79	20.13	20.06	18.87
-3.16	-5.94	5.97	20.06	11.80	20.12	20.06	18.87
-3.69	-6.57	6.06	20.07	11.78	20.13	20.06	18.86
-4.40	-7.26	6.14	20.05	11.80	20.11	20.07	18.84
-5.47	-8.10	6.24	20.06	11.80	20.14	20.06	18.84
-5.82	-8.46	6.23	20.07	11.78	20.17	20.04	18.85
-6.55	-9.16	6.25	20.09	11.80	20.18	20.07	18.84
-7.21	-9.75	6.26	20.07	11.82	20.14	20.06	18.81
-7.15	-9.68	6.33	20.09	11.80	20.19	20.05	18.83
-6.50	-9.25	6.45	20.06	11.80	20.17	20.09	18.80
-4.91	-7.70	6.56	20.08	11.82	20.21	20.07	18.82
-2.73	-5.26	6.61	20.08	11.81	20.18	20.08	18.80
-1.32	-4.39	6.62	20.08	11.82	20.19	20.09	18.80
0.62	-3.41	6.67	20.11	11.82	20.22	20.10	18.83
0.58	-3.96	6.67	20.08	11.80	20.23	20.08	18.79
0.92	-3.99	6.67	20.09	11.84	20.22	20.09	18.81
1.87	-4.98	6.63	20.09	11.80	20.28	20.09	18.82
-1.70	-6.18	6.63	20.11	11.82	20.23	20.12	18.82
-4.14	-7.20	6.72	20.09	11.83	20.25	20.07	18.83
-5.40	-7.98	6.69	20.10	11.81	20.28	20.08	18.83
-6.30	-8.61	6.79	20.11	11.83	20.27	20.10	18.80
-7.06	-9.12	6.74	20.10	11.85	20.25	20.07	18.82
-7.49	-9.50	6.70	20.12	11.81	20.25	20.11	18.78
-7.92	-9.87	6.66	20.11	11.85	20.27	20.09	18.79
-8.38	-10.24	6.61	20.10	11.84	20.30	20.08	18.79
-8.75	-10.53	6.59	20.10	11.82	20.27	20.12	18.75
-9.11	-10.92	6.55	20.13	11.84	20.29	20.08	18.78
-9.62	-11.35	6.56	20.11	11.83	20.29	20.11	18.75
-9.99	-11.70	6.52	20.11	11.86	20.29	20.09	18.74
-10.32	-11.98	6.52	20.13	11.84	20.31	20.09	18.76
-10.65	-12.23	6.54	20.13	11.82	20.29	20.11	18.76
-10.70	-12.26	6.46	20.12	11.85	20.33	20.12	18.75
-10.48	-12.03	6.44	20.13	11.86	20.31	20.13	18.76
-8.39	-11.06	6.39	20.13	11.83	20.33	20.11	18.74
-3.63	-9.80	6.37	20.14	11.80	20.32	20.12	18.78
2.04	0.24	6.37	20.13	11.82	20.33	20.10	18.73
7.92	6.22	6.27	20.12	11.84	20.31	20.09	18.78
12.54	6.09	6.26	20.12	11.82	20.32	20.09	18.80
16.81	4.86	6.32	20.11	11.81	20.30	20.12	18.80
15.72	1.17	6.21	20.09	11.84	20.29	20.11	18.78
18.05	-0.57	6.14	20.12	11.83	20.32	20.10	18.81
7.97	-1.86	6.06	20.10	11.80	20.28	20.10	18.82
3.54	-3.08	6.00	20.12	11.81	20.32	20.11	18.85
1.19	-3.91	6.00	20.13	11.83	20.28	20.08	18.83
-0.28	-4.45	5.96	20.09	11.84	20.29	20.12	18.83
-1.50	-4.98	5.96	20.11	11.84	20.28	20.09	18.81
-2.16	-5.43	5.93	20.08	11.81	20.28	20.10	18.80
-2.85	-6.00	5.95	20.12	11.85	20.29	20.12	18.84
-3.62	-6.72	5.99	20.11	11.84	20.26	20.12	18.82
-4.27	-7.37	6.01	20.11	11.84	20.27	20.09	18.82
-4.78	-7.73	6.00	20.11	11.87	20.27	20.08	18.79
-4.89	-7.98	6.02	20.09	11.84	20.24	20.10	18.77
-4.70	-7.80	6.01	20.11	11.87	20.25	20.09	18.75
-4.51	-7.71	6.00	20.12	11.83	20.27	20.10	18.77
-4.40	-7.48	6.01	20.14	11.86	20.27	20.10	18.79
-4.23	-7.32	6.01	20.10	11.85	20.27	20.11	18.76
-3.84	-6.84	6.01	20.13	11.84	20.24	20.11	18.80
-3.15	-5.96	6.00	20.14	11.88	20.27	20.11	18.78
-0.95	-4.09	5.93	20.12	11.85	20.26	20.13	18.79
0.40	-2.51	5.97	20.11	11.87	20.25	20.09	18.79
3.01	0.14	6.05	20.14	11.86	20.29	20.10	18.79
1.91	-0.95	6.07	20.13	11.82	20.30	20.12	18.81
1.15	-1.31	6.13	20.13	11.88	20.30	20.14	18.85
3.07	-0.26	6.17	20.11	11.86	20.26	20.10	18.81
1.75	-0.67	6.15	20.12	11.86	20.27	20.12	18.85
0.87	-1.11	6.12	20.11	11.85	20.29	20.10	18.83
0.32	-1.30	6.10	20.12	11.85	20.27	20.12	18.83
0.20	-1.32	5.96	20.14	11.83	20.29	20.13	18.85
-0.09	-1.34	9.40	20.94	11.87	19.75	20.14	17.72
-0.15	-1.30	6.05	20.10	11.86	20.26	20.12	18.81
-0.21	-1.22	6.04	20.13	11.86	20.28	20.13	18.84
-0.20	-1.15	6.04	20.13	11.88	20.28	20.11	18.85
-0.23	-1.13	6.02	20.09	11.88	20.25	20.10	18.81
-0.26	-1.13	6.02	20.12	11.85	20.26	20.11	18.82
-0.25	-1.11	6.00	20.11	11.84	20.25	20.11	18.84
-0.18	-1.05	5.94	20.10	11.86	20.24	20.13	18.80
-0.18	-1.05	5.89	20.10	11.88	20.24	20.11	18.83
-0.38	-1.12	5.89	20.10	11.88	20.23	20.11	18.84
-0.38	-1.15	5.86	20.10	11.86	20.24	20.10	18.88
-0.47	-1.17	5.85	20.08	11.86	20.21	20.11	18.82
-0.16	-0.81	5.86	20.08	11.85	20.19	20.10	18.87
0.33	-0.30	8.88	20.82	11.87	19.87	20.10	17.73
0.88	0.34	5.82	20.11	11.85	20.21	20.10	18.90
1.73	1.02	5.74	20.07	11.83	20.18	20.12	18.86
2.32	1.66	5.73	20.12	11.87	20.22	20.09	18.90
2.66	2.29	5.79	20.10	11.84	20.19	20.13	18.90
3.16	2.85	5.80	20.07	11.88	20.19	20.11	18.92
2.89	2.68	5.81	20.09	11.83	20.19	20.10	18.91
2.42	2.27	5.81	20.10	11.86	20.18	20.09	18.91
1.51	1.33	5.91	20.10	11.86	20.18	20.09	18.92
1.09	1.04	5.85	20.11	11.89	20.20	20.10	18.92
0.51	0.45	5.93	20.10	11.85	20.17	20.12	18.89
-0.38	-0.48	5.97	20.10	11.87	20.18	20.11	18.91
-0.97	-1.10	6.01	20.08	11.87	20.19	20.11	18.87
-1.48	-1.74	6.08	20.11	11.90	20.19	20.11	18.90
-1.86	-2.16	6.16	20.08	11.89	20.19	20.10	18.89
-2.15	-2.54	6.18	20.12	11.88	20.18	20.11	18.91
-2.39	-2.76	6.20	20.10	11.90	20.16	20.11	18.89
-2.54	-2.99	6.17	20.12	11.89	20.17	20.09	18.90
-2.71	-3.13	6.16	20.10	11.86	20.17	20.13	18.88
-2.73	-3.08	6.15	20.08	11.87	20.16	20.12	18.86
-2.67	-3.16	6.09	20.11	11.89	20.17	20.12	18.89
-2.58	-3.16	6.11	20.12	11.89	20.18	20.09	18.88
-2.55	-3.17	6.07	20.08	11.90	20.16	20.08	18.85
-2.47	-3.20	6.08	20.11	11.89	20.18	20.11	18.89
-1.84	-2.63	6.03	20.08	11.87	20.12	20.11	18.89
-1.11	-2.01	5.95	20.09	11.86	20.15	20.13	18.90
1.90	1.70	5.89	20.10	11.86	20.14	20.13	18.87
1.63	0.79	5.90	20.13	11.88	20.17	20.14	18.90
1.67	0.66	5.87	20.08	11.87	20.16	20.14	18.91
2.50	1.14	5.85	20.06	11.87	20.10	20.10	18.90
1.47	0.35	5.84	20.08	11.87	20.13	20.11	18.95
0.65	-0.30	5.87	20.09	11.89	20.15	20.12	18.90
-0.01	-0.90	5.84	20.08	11.90	20.14	20.10	18.84
-1.08	-1.89	5.86	20.07	11.92	20.17	20.10	18.85
-1.92	-2.73	5.85	20.09	11.88	20.16	20.13	18.86
-2.38	-3.11	5.87	20.10	11.90	20.14	20.11	18.86
-2.87	-3.70	5.83	20.08	11.90	20.14	20.12	18.85
-3.31	-4.13	5.84	20.09	11.90	20.17	20.14	18.87
-3.76	-4.62	5.85	20.09	11.91	20.14	20.10	18.86
-3.88	-4.89	5.84	20.09	11.90	20.14	20.10	18.87
-4.30	-5.21	5.92	20.09	11.91	20.12	20.13	18.84
-4.64	-5.47	5.97	20.09	11.90	20.14	20.11	18.87
-3.74	-4.56	5.95	20.10	11.94	20.14	20.11	18.84
-3.42	-4.25	5.91	20.08	11.92	20.16	20.13	18.85
-3.37	-4.21	5.89	20.08	11.91	20.12	20.12	18.85
-3.17	-4.02	5.90	20.12	11.90	20.13	20.11	18.87
-2.97	-3.82	5.91	20.08	11.91	20.11	20.11	18.86
-2.60	-3.40	5.93	20.08	11.90	20.12	20.10	18.86
-1.59	-2.24	5.93	20.10	11.91	20.14	20.08	18.88
-0.04	-0.58	5.94	20.09	11.90	20.13	20.11	18.86
2.93	2.79	5.98	20.08	11.91	20.12	20.11	18.86
4.62	4.16	5.98	20.10	11.90	20.11	20.13	18.90
5.63	4.76	5.91	20.09	11.93	20.12	20.10	18.90
8.84	5.11	5.81	20.09	11.92	20.12	20.14	18.90
7.79	4.06	5.75	20.07	11.89	20.09	20.12	18.90
12.20	3.03	5.82	20.08	11.90	20.14	20.14	18.95
6.01	1.86	5.83	20.08	11.90	20.11	20.12	18.96
3.34	0.66	5.89	20.06	11.94	20.10	20.13	18.93
1.92	-0.10	5.90	20.05	11.90	20.09	20.13	18.94
1.02	-0.54	5.92	20.09	11.94	20.09	20.10	18.96
0.33	-0.94	6.04	20.06	11.91	20.06	20.16	18.95
-0.14	-1.21	6.07	20.10	11.92	20.10	20.12	18.95
-0.50	-1.54	6.11	20.07	11.93	20.07	20.15	18.93
-0.76	-1.78	6.14	20.11	11.93	20.10	20.12	18.94
-0.87	-1.83	6.20	20.12	11.91	20.11	20.10	18.94
-1.04	-2.01	6.25	20.07	11.93	20.08	20.12	18.95
-1.30	-2.18	6.22	20.07	11.92	20.08	20.12	18.91
-1.27	-2.23	6.24	20.08	11.94	20.07	20.14	18.92
-1.19	-2.17	6.29	20.08	11.93	20.06	20.13	18.91
-1.22	-2.15	6.28	20.10	11.92	20.10	20.14	18.91
-1.10	-2.09	6.26	20.09	11.93	20.11	20.13	18.95
-0.71	-1.57	6.33	20.10	11.93	20.10	20.14	18.92
0.01	-0.83	6.26	20.07	11.92	20.11	20.12	18.92
0.44	-0.29	6.33	20.09	11.95	20.14	20.10	18.92
0.47	-0.30	6.28	20.07	11.91	20.10	20.12	18.91
0.61	-0.15	6.32	20.11	11.91	20.14	20.15	18.94
1.01	0.33	6.35	20.10	11.95	20.13	20.13	18.95
1.45	0.79	6.32	20.11	11.96	20.16	20.11	18.95
1.40	0.77	6.32	20.09	11.94	20.10	20.11	18.93
1.02	0.45	6.37	20.10	11.92	20.13	20.11	18.93
0.60	0.08	6.36	20.11	11.94	20.15	20.12	18.97
0.25	-0.21	6.40	20.09	11.94	20.15	20.10	18.95
0.06	-0.33	6.41	20.08	11.95	20.15	20.14	18.92
0.01	-0.38	6.43	20.11	11.96	20.14	20.14	18.95
-0.07	-0.41	6.41	20.07	11.95	20.15	20.11	18.95
-0.07	-0.40	6.40	20.09	11.94	20.17	20.11	18.93
-0.10	-0.37	6.44	20.10	11.97	20.15	20.11	18.93
-0.05	-0.34	6.47	20.09	11.95	20.14	20.10	18.92
0.01	-0.29	6.44	20.11	11.95	20.17	20.12	18.93
0.05	-0.25	6.48	20.10	11.97	20.14	20.12	18.93
0.07	-0.19	6.48	20.12	11.98	20.17	20.10	18.95
0.13	-0.14	6.48	20.13	11.97	20.18	20.11	18.95
0.12	-0.13	6.51	20.11	11.95	20.21	20.14	18.97
0.13	-0.11	6.52	20.14	11.94	20.19	20.15	18.95
0.17	-0.04	6.55	20.12	11.95	20.19	20.13	18.96
0.42	0.25	6.53	20.12	11.96	20.17	20.14	18.96
0.98	0.87	6.55	20.13	11.95	20.19	20.14	18.97
1.66	1.55	6.53	20.10	11.95	20.18	20.14	18.94
2.26	2.35	6.55	20.14	11.97	20.18	20.11	18.95
2.68	2.73	6.53	20.14	11.91	20.20	20.14	18.95
2.82	2.95	6.55	20.14	11.94	20.19	20.15	19.00
2.93	3.09	6.61	20.15	11.95	20.18	20.11	19.00
2.74	2.93	6.62	20.15	11.94	20.18	20.13	18.97
2.50	2.73	6.57	20.14	11.94	20.18	20.14	18.99
2.11	2.35	6.59	20.12	11.94	20.16	20.13	18.95
1.77	2.01	6.57	20.13	11.97	20.17	20.13	18.97
1.63	1.88	6.57	20.15	11.98	20.19	20.11	18.97
1.52	1.75	6.51	20.16	11.95	20.21	20.12	18.99
1.45	1.68	6.53	20.13	11.96	20.18	20.11	18.97
1.36	1.63	6.51	20.11	11.95	20.16	3.69	18.97
1.29	1.52	6.53	20.13	11.94	20.18	20.14	18.93
1.23	1.45	6.52	20.15	11.97	20.16	20.14	18.99
1.13	1.34	6.50	20.15	11.97	20.19	20.12	19.00
1.03	1.19	6.53	20.14	11.96	20.18	20.10	18.97
0.94	1.12	6.52	20.15	11.95	20.17	20.11	18.97
0.90	1.03	6.53	20.12	11.95	20.14	20.14	18.96
0.86	0.98	6.54	20.10	11.96	20.15	20.11	18.97
0.85	0.96	6.53	20.13	11.96	20.16	20.11	18.96
0.88	1.04	6.53	20.14	11.96	20.14	20.11	18.98
1.43	1.70	6.53	20.13	11.97	20.14	20.11	18.98
1.94	2.25	6.53	20.16	11.98	20.16	20.10	18.97
2.92	3.40	6.56	20.14	11.97	20.12	20.13	18.99
3.92	4.43	6.55	20.16	11.95	20.15	20.12	18.97
4.80	5.31	6.49	20.16	11.97	20.15	3.85	19.01
6.22	6.54	6.53	20.12	11.98	20.12	20.14	19.02
6.49	6.41	6.48	20.17	11.95	20.12	20.13	19.04
4.90	5.05	6.49	20.15	11.95	20.11	20.13	19.01
4.11	4.39	6.49	20.12	11.94	20.06	20.14	19.01
3.54	3.87	6.47	20.10	11.97	20.04	20.14	18.99
2.97	3.34	6.49	20.10	11.97	20.03	20.11	18.99
2.71	3.06	6.49	20.15	11.95	20.03	20.14	19.02
2.57	3.05	6.51	20.16	11.99	20.02	20.14	19.02
2.42	2.91	6.50	20.15	11.99	20.01	20.13	19.01
2.37	2.73	6.52	20.12	11.95	20.01	20.12	19.01
2.28	2.68	6.52	20.10	11.96	19.98	20.15	18.98
2.17	2.59	6.55	20.11	11.99	19.98	20.14	18.98
2.08	2.45	6.59	20.11	12.01	20.00	20.13	18.99
1.96	2.26	6.60	20.11	11.97	19.97	20.13	18.99
1.87	2.09	6.60	20.11	11.98	20.01	20.13	19.00
1.80	2.03	6.59	20.13	11.98	19.99	20.14	19.01
1.74	1.93	6.60	20.12	11.98	20.01	20.15	19.02
1.66	1.82	6.63	20.10	12.01	19.99	20.14	19.00
1.48	1.64	6.62	20.10	12.01	19.94	20.11	18.99
2.05	2.46	6.62	20.12	11.98	19.97	20.14	19.01
3.25	3.19	6.63	20.11	11.97	19.97	20.12	19.03
6.76	5.00	6.67	20.09	11.99	19.96	20.14	19.00
10.03	10.62	6.55	20.09	11.99	19.97	20.15	19.02
15.53	15.72	6.52	20.10	11.98	19.97	20.14	19.06
15.40	13.34	6.49	20.07	11.98	19.94	20.13	19.05
13.21	10.99	6.45	20.10	11.97	19.93	20.15	19.07
10.98	9.53	6.51	20.08	12.02	19.92	20.12	19.06
9.29	8.21	6.48	20.09	11.99	19.94	20.13	19.11
7.78	7.32	6.56	20.10	12.02	19.93	20.12	19.09
6.46	6.45	6.59	20.07	12.01	19.92	20.12	19.07
5.70	5.88	6.63	20.10	12.00	19.95	20.16	19.07
5.25	5.59	6.65	20.09	12.01	19.95	20.12	19.06
4.91	5.21	6.74	20.08	12.01	19.94	20.12	19.05
4.60	4.91	6.81	20.11	11.99	19.94	20.15	19.06
4.33	4.65	6.83	20.11	12.02	19.95	20.11	19.08
4.18	4.41	6.87	20.11	12.03	19.96	20.15	19.09
4.05	4.22	6.91	20.08	12.01	19.91	20.15	19.03
3.76	3.88	6.99	20.07	12.02	19.92	20.15	19.04
3.25	3.49	6.97	20.08	12.04	19.95	20.12	19.04
2.70	2.91	7.02	20.08	12.01	19.92	20.14	19.03
2.26	2.50	7.00	20.11	12.03	19.95	20.14	19.06
1.96	2.12	7.05	20.08	12.02	19.91	20.13	19.02
1.71	1.91	7.11	20.09	12.04	19.92	20.12	19.04
2.20	2.50	7.14	20.10	12.01	19.92	20.14	19.04
4.21	3.87	7.15	20.07	12.02	19.91	20.15	19.02
5.83	5.32	7.23	20.09	12.04	19.94	20.12	19.07
7.13	6.87	7.26	20.11	12.02	19.94	20.14	19.07
10.12	9.97	7.31	20.08	12.03	19.92	20.13	19.05
8.48	7.93	7.34	20.09	12.03	19.91	20.13	19.07
13.41	9.87	7.35	20.09	12.01	19.92	20.15	19.10
10.99	8.11	7.43	20.06	12.03	19.91	20.12	19.09
8.56	7.00	7.45	20.07	12.07	19.91	20.14	19.09
6.97	6.00	7.45	20.09	12.04	19.89	20.16	19.10
5.98	5.42	7.47	20.06	12.01	19.89	20.13	19.09
5.29	4.89	7.47	20.07	12.05	19.89	20.11	19.08
4.80	4.45	7.51	20.10	12.05	19.92	20.13	19.10
4.35	4.09	7.59	20.09	12.06	19.92	20.14	19.08
4.06	3.72	7.67	20.09	12.03	19.90	20.15	19.09
3.71	3.44	7.66	20.11	12.07	19.92	20.13	19.09
3.35	3.13	7.72	20.08	12.08	19.90	20.13	19.08
3.13	2.90	7.72	20.08	12.05	19.89	20.14	19.06
2.79	2.69	7.73	20.10	12.07	19.93	20.17	19.07
2.48	2.41	7.76	20.10	12.08	19.92	20.13	19.07
2.36	2.23	7.75	20.10	12.07	19.93	20.15	19.08
2.23	2.12	7.74	20.10	12.04	19.93	20.13	19.06
2.06	1.91	7.83	20.07	12.05	19.90	20.14	19.04
2.05	1.85	7.80	20.10	12.05	19.94	20.16	19.06
2.14	1.83	7.82	20.10	12.04	19.93	20.14	19.06
2.29	2.21	7.85	20.12	12.07	19.92	20.14	19.08
2.66	2.50	7.80	20.05	12.05	19.90	20.14	19.05
2.85	2.71	7.83	20.10	12.09	19.92	20.13	19.06
3.14	3.05	7.84	20.07	12.07	19.89	20.14	19.03
3.57	3.49	7.87	20.11	12.05	19.92	20.16	19.05
3.43	3.21	7.78	20.07	12.08	19.90	20.15	19.03
3.16	2.99	7.81	20.10	12.06	19.93	20.12	19.05
2.99	2.84	7.79	20.10	12.09	19.92	20.17	19.05
2.78	2.61	7.80	20.07	12.08	19.91	20.14	19.06
2.49	2.28	7.76	20.05	12.07	19.89	20.16	19.03
2.33	2.12	7.73	20.05	12.06	19.87	20.13	19.02
2.27	2.03	7.72	20.06	12.05	19.89	20.16	19.02
2.16	1.94	7.72	20.06	12.06	19.88	20.17	19.00
2.18	1.94	7.68	20.06	12.06	19.88	20.18	19.02
2.18	1.96	7.63	20.05	12.09	19.88	20.17	19.02
2.11	1.88	7.62	20.06	12.07	19.88	20.16	19.00
2.08	1.87	7.60	20.06	12.08	19.85	20.16	19.01
2.07	1.88	7.59	20.03	12.05	19.85	20.15	18.99
2.00	1.83	7.57	20.02	12.07	19.85	20.17	19.03
1.97	1.78	7.58	20.05	12.07	19.87	20.17	19.01
1.89	1.73	7.51	20.06	12.09	19.85	20.16	19.03
1.83	1.67	7.52	20.07	12.08	19.87	20.12	19.04
1.86	1.70	7.51	20.05	12.08	19.88	20.14	19.03
2.04	1.87	7.52	20.05	12.10	19.86	20.15	19.01
2.18	2.13	7.47	20.04	12.06	19.81	20.17	18.98
2.39	2.30	7.41	20.04	12.07	19.85	20.17	19.03
2.64	2.65	7.39	20.05	12.07	19.84	20.16	19.03
2.98	3.10	7.38	20.03	12.09	19.81	20.14	19.03
3.13	3.31	7.34	20.03	12.09	19.85	20.14	19.03
4.23	4.55	7.33	20.06	12.08	19.85	20.15	19.06
4.14	4.24	7.34	20.04	12.09	19.84	20.15	19.06
3.77	3.87	7.30	20.05	12.09	19.85	20.12	19.06
3.16	3.18	7.32	20.07	12.09	19.86	20.13	19.08
2.68	2.67	7.31	20.02	12.07	19.81	20.14	19.03
2.31	2.33	7.33	20.04	12.09	19.82	20.13	19.06
2.11	2.08	7.31	20.06	12.06	19.85	20.16	19.06
1.91	1.90	7.29	20.04	12.10	19.83	20.16	19.04
1.69	1.58	7.28	20.02	12.06	19.82	20.14	19.03
1.61	1.49	7.29	20.04	12.08	19.83	20.18	19.03
1.56	1.48	7.26	20.07	12.10	19.87	20.13	19.03
1.58	1.48	7.27	20.06	12.11	19.83	20.12	19.02
1.55	1.41	7.24	20.07	12.07	19.85	20.14	19.05
1.41	1.18	7.28	20.03	12.09	19.85	20.15	19.05
1.21	0.95	7.29	20.04	12.09	19.86	20.14	19.05
0.91	0.67	7.28	20.07	12.07	19.87	20.13	19.05
0.71	0.47	7.31	20.04	12.10	19.86	20.15	19.03
0.65	0.39	7.26	20.03	12.08	19.85	20.14	19.02
0.83	0.56	7.27	20.05	12.11	19.88	20.16	19.02
1.71	1.71	7.32	20.07	12.08	19.88	20.15	19.03
2.97	2.98	7.34	20.05	12.09	19.87	20.14	19.03
3.98	4.08	7.37	20.06	12.08	19.88	20.17	19.05
5.93	5.85	7.35	20.03	12.10	19.87	20.16	19.03
8.17	7.32	7.35	20.04	12.11	19.88	20.13	19.06
8.37	6.99	7.30	20.04	12.10	19.88	20.16	19.07
7.04	5.86	7.29	20.03	12.07	19.87	20.16	19.06
5.81	5.02	7.31	20.05	12.10	19.89	20.13	19.08
4.51	3.98	7.26	20.07	12.11	19.91	20.15	19.11
3.68	3.28	7.26	20.08	12.09	19.89	20.16	19.07
3.17	2.91	7.26	20.06	12.12	19.92	20.14	19.09
2.96	2.66	7.23	20.08	12.08	19.91	20.17	19.09
2.76	2.54	7.23	20.07	12.10	19.92	20.16	19.07
2.62	2.41	7.25	20.09	12.09	19.94	20.17	19.10
2.50	2.25	7.22	20.09	12.10	19.93	20.16	19.09
2.35	2.14	7.24	20.07	12.13	19.89	20.16	19.06
2.29	2.06	7.26	20.07	12.12	19.92	20.14	19.06
2.26	2.00	7.26	20.07	12.11	19.90	20.12	19.08
2.21	1.92	7.24	20.09	12.11	19.92	20.14	19.06
2.16	1.86	7.24	20.07	12.11	19.92	20.13	19.05
2.02	1.68	7.28	20.09	12.11	19.91	20.13	19.04
2.03	1.69	7.28	20.08	12.10	19.92	20.12	19.06
2.07	1.74	7.27	20.09	12.13	19.92	20.11	19.05
2.55	2.32	7.25	20.09	12.13	19.93	20.14	19.04
3.45	3.35	7.27	20.09	12.11	19.95	20.14	19.07
4.67	4.72	7.29	20.07	12.09	19.93	20.15	19.03
5.77	5.99	7.30	20.08	12.10	19.95	20.15	19.05
6.27	6.20	7.31	20.08	12.07	19.96	20.14	19.07
6.49	6.43	7.30	20.10	12.08	19.93	20.13	19.09
6.88	6.51	7.31	20.10	12.12	19.96	20.14	19.09
7.01	6.43	7.30	20.08	12.10	19.94	20.14	19.10
5.89	5.65	7.30	20.12	12.09	19.95	20.12	19.09
4.95	4.85	7.31	20.08	12.12	19.95	20.13	19.11
4.01	4.00	7.25	20.12	12.09	19.96	20.16	19.10
3.38	3.47	7.24	20.12	12.08	19.96	20.14	19.09
2.82	2.93	7.25	20.10	12.09	19.94	20.14	19.07
2.62	2.74	7.30	20.10	12.11	19.95	20.13	19.08
2.49	2.57	7.32	20.10	12.10	19.97	20.15	19.09
2.14	2.16	7.32	20.11	12.12	19.95	20.14	19.11
1.97	1.87	7.33	20.11	12.09	19.94	20.16	19.08
1.73	1.62	7.39	20.10	12.12	19.93	20.16	19.06
1.40	1.21	7.40	20.13	12.13	19.95	20.13	19.07
1.15	0.87	7.40	20.15	12.11	19.96	20.14	19.08
0.99	0.73	7.38	20.09	12.09	19.93	20.12	19.03
0.74	0.45	7.36	20.11	12.11	19.98	20.14	19.07
0.58	0.24	7.34	20.10	12.12	19.93	20.15	19.05
0.59	0.27	7.36	20.11	12.14	19.95	20.17	19.04
1.05	0.82	7.35	20.10	12.14	19.94	20.14	19.05
2.65	2.74	7.32	20.13	12.12	19.96	20.13	19.09
4.79	4.94	7.36	20.10	12.10	19.93	20.14	19.07
8.15	9.47	7.33	20.09	12.09	19.94	20.16	19.04
6.33	6.45	7.32	20.14	12.10	19.97	20.18	19.09
6.40	6.44	7.35	20.12	12.11	19.95	20.14	19.08
5.77	5.77	7.30	20.09	12.11	19.92	20.17	19.09
5.53	5.59	7.22	20.11	12.10	19.92	20.13	19.08
5.40	5.42	7.19	20.09	12.08	19.90	20.17	19.08
4.67	4.80	7.20	20.10	12.11	19.91	20.15	19.10
4.01	4.14	7.20	20.10	12.08	19.90	20.15	19.10
3.64	3.92	7.19	20.12	12.10	19.90	20.15	19.10
3.43	3.73	7.20	20.11	12.10	19.90	20.15	19.11
3.26	3.51	7.15	20.13	12.10	19.90	20.13	19.12
3.11	3.33	7.19	20.11	12.12	19.89	20.15	19.09
2.95	3.14	7.19	20.11	12.10	19.88	20.14	19.08
2.68	2.73	7.14	20.11	12.13	19.87	20.14	19.11
2.65	2.67	7.15	20.09	12.10	19.86	20.16	19.08
2.47	2.37	7.14	20.10	12.09	19.86	20.15	19.08
2.31	2.22	7.11	20.13	12.11	19.87	20.13	19.09
2.26	2.22	7.13	20.10	12.11	19.85	20.15	19.11
2.19	2.03	7.14	20.09	12.10	19.87	20.15	19.10
2.04	1.99	7.13	20.12	12.08	19.84	20.15	19.09
2.14	2.02	7.12	20.10	12.10	19.85	20.16	19.10
2.65	2.64	7.16	20.09	12.07	19.83	20.15	19.08
3.72	3.86	7.14	20.10	12.10	19.85	20.14	19.10
7.28	5.99	7.10	20.10	12.09	19.82	20.15	19.08
9.94	10.56	7.08	20.08	12.09	19.84	20.15	19.10
17.14	18.44	7.16	20.11	12.08	19.82	20.15	19.12
19.54	16.47	6.99	20.09	12.09	19.83	20.12	19.15
13.16	11.86	7.04	20.09	12.08	19.79	20.16	19.17
13.09	11.01	7.02	20.08	12.11	19.79	20.14	19.19
10.20	9.27	7.01	20.07	12.09	19.77	20.17	19.18
8.68	8.35	7.04	20.05	12.07	19.77	20.13	19.17
7.46	7.45	7.08	20.05	12.10	19.74	20.12	19.15
6.61	6.81	7.12	20.08	12.10	19.76	20.13	19.16
5.88	6.12	7.12	20.05	12.08	19.73	20.14	19.14
5.13	5.47	7.14	20.08	12.13	19.76	20.13	19.18
4.75	5.03	7.18	20.08	12.10	19.72	20.14	19.17
4.16	4.48	7.21	20.08	12.12	19.73	20.13	19.14
4.28	4.48	7.27	20.07	12.10	19.71	20.13	19.10
4.25	4.40	7.30	20.09	12.08	19.74	20.16	19.13
4.25	4.34	7.37	20.05	12.10	19.74	20.14	19.13
4.12	4.24	7.40	20.06	12.11	19.71	20.12	19.11
3.97	4.02	7.46	20.05	12.12	19.71	20.12	19.10
3.88	3.95	7.45	20.07	12.10	19.72	20.14	19.11
3.80	3.78	7.45	20.03	12.10	19.72	20.12	19.11
3.78	3.74	7.46	20.09	12.10	19.75	20.15	19.14
4.07	4.06	7.49	20.08	12.10	19.75	20.14	19.16
4.70	4.69	7.48	20.07	12.10	19.74	20.15	19.12
5.18	5.12	7.72	20.01	12.08	19.80	20.15	19.12
5.64	5.65	7.57	20.04	12.06	19.73	20.11	18.54
6.14	6.13	7.52	20.11	12.09	19.78	20.15	18.40
6.71	6.69	7.53	20.09	12.07	19.78	20.12	18.43
7.12	7.02	7.56	20.04	12.06	19.78	20.14	18.54
7.26	6.89	7.62	20.03	12.05	19.80	20.15	18.61
6.42	6.17	7.64	19.97	12.05	19.80	20.14	18.66
5.42	5.33	7.63	19.95	12.03	19.80	20.15	18.70
4.64	4.63	7.69	19.95	12.02	19.83	20.16	18.76
4.26	4.37	7.62	19.94	12.05	19.84	20.11	18.79
3.97	4.08	7.61	19.93	12.03	19.83	20.16	18.81
3.68	3.80	7.64	19.90	12.04	19.84	20.13	18.83
3.51	3.66	7.65	19.88	12.03	19.82	20.14	18.85
3.28	3.44	7.66	19.87	12.04	19.82	20.15	18.86
3.18	3.28	7.65	19.86	12.03	19.82	20.15	18.87
3.02	3.12	7.67	19.87	12.04	19.84	20.13	18.90
2.81	2.90	7.69	19.87	12.04	19.83	20.14	18.89
2.62	2.61	7.71	19.84	12.03	19.80	20.17	18.89
2.33	2.35	7.74	19.84	12.05	19.81	20.16	18.89
2.19	2.19	7.70	19.85	12.04	19.81	20.13	18.90
2.01	1.96	7.73	19.87	12.02	19.82	20.12	18.93
1.96	1.95	7.74	19.85	12.06	19.83	20.12	18.93
2.13	2.04	7.72	19.80	11.98	19.76	20.12	18.91
2.80	2.72	7.77	19.80	12.03	19.75	20.13	18.91
3.73	3.72	7.75	19.84	12.02	19.77	20.12	18.96
4.37	4.19	7.88	19.84	12.02	19.81	20.16	18.96
4.79	4.57	7.95	19.84	12.01	19.79	20.14	18.95
4.91	4.75	7.93	19.88	12.02	19.82	20.13	18.98
5.10	4.91	7.91	19.86	12.03	19.81	20.13	18.97
5.43	5.11	7.83	19.86	12.00	19.83	20.11	18.97
5.29	4.90	7.83	19.89	12.00	19.84	20.14	19.04
4.21	3.97	7.84	19.85	12.01	19.84	20.15	18.98
3.14	3.05	7.83	19.85	12.00	19.82	20.13	19.01
2.57	2.56	7.75	19.83	12.03	19.83	20.15	18.98
2.22	2.20	7.71	19.83	12.00	19.80	20.16	18.99
1.84	1.91	7.69	19.86	12.04	19.81	20.14	19.01
1.60	1.71	7.72	19.84	12.02	19.81	20.12	18.99
1.45	1.60	7.78	19.83	12.01	19.82	20.15	18.99
1.16	1.28	7.72	19.87	12.03	19.83	20.17	19.01
0.99	0.99	7.69	19.87	12.03	19.82	20.16	19.02
0.75	0.72	7.70	19.86	12.02	19.78	20.14	18.98
0.29	0.21	7.71	19.86	12.01	19.82	20.11	18.99
-0.18	-0.28	7.68	19.87	12.01	19.82	20.15	19.00
-0.56	-0.66	7.69	19.86	12.01	19.82	20.16	18.98
-0.92	-0.96	7.66	19.87	12.02	19.81	20.15	19.01
-0.80	-0.93	7.67	19.86	12.05	19.80	20.11	19.00
0.10	0.09	7.65	19.87	12.00	19.81	20.13	19.01
1.91	1.82	7.72	19.86	12.02	19.77	20.11	18.99
4.72	3.85	7.67	19.84	12.03	19.80	20.15	19.02
10.50	14.48	7.66	19.86	12.03	19.80	20.13	19.03
16.00	17.79	7.76	19.87	12.03	19.78	20.14	19.03
21.00	17.57	7.71	19.88	12.01	19.81	20.14	19.07
24.96	15.55	7.72	19.91	12.02	19.84	20.18	19.11
23.63	11.97	7.62	19.92	12.03	19.86	20.14	19.12
22.55	10.98	7.58	19.92	11.99	19.81	20.15	19.10
18.38	9.57	7.48	19.91	12.00	19.83	20.15	19.16
12.59	7.79	7.52	19.91	12.00	19.82	20.17	19.14
9.82	6.53	7.56	19.93	12.01	19.84	20.15	19.11
8.12	5.67	7.62	19.90	12.03	19.81	20.12	19.09
6.89	4.94	7.63	19.90	12.01	19.80	20.16	19.09
6.03	4.32	7.67	19.91	11.98	19.81	20.16	19.09
5.29	3.71	7.69	19.89	12.01	19.80	20.14	19.09
4.72	3.16	7.69	19.92	12.03	19.81	20.15	19.10
4.15	2.63	7.76	19.90	12.04	19.81	20.17	19.10
3.51	2.00	7.77	19.92	12.03	19.82	20.13	19.10
3.03	1.49	7.82	19.92	12.04	19.81	20.14	19.08
2.71	1.15	7.81	19.94	12.06	19.81	20.15	19.10
2.50	0.90	7.84	19.95	12.03	19.81	20.13	19.09
2.10	0.43	7.86	19.93	12.02	19.78	20.12	19.05
1.89	0.35	7.85	19.92	12.02	19.81	20.14	19.04
2.20	0.78	7.81	19.92	12.02	19.78	20.13	19.05
3.92	1.64	7.76	19.97	12.00	19.79	20.13	19.06
7.86	2.87	7.71	19.97	12.05	19.77	20.11	19.08
13.25	15.91	7.68	19.97	12.01	19.81	20.13	19.11
18.66	18.81	7.57	19.93	12.03	19.76	20.19	19.12
23.57	18.06	7.52	19.93	12.01	19.78	20.13	19.13
27.14	15.55	7.49	19.95	12.02	19.80	20.12	19.16
28.92	12.03	7.52	19.98	12.01	19.80	20.16	19.17
28.62	10.32	7.54	19.93	12.02	19.75	20.14	19.16
23.96	9.43	7.54	19.96	12.02	19.79	20.14	19.19
15.75	7.73	7.60	19.97	12.03	19.77	20.12	19.19
12.59	6.57	7.68	19.95	12.02	19.79	20.13	19.21
10.59	5.66	7.74	19.93	12.03	19.73	20.17	19.17
9.15	4.97	7.83	19.96	12.02	19.74	20.13	19.16
8.14	4.41	7.87	19.94	12.03	19.74	20.12	19.16
7.33	3.92	7.91	19.97	12.06	19.79	20.15	19.17
6.71	3.53	7.97	19.95	12.04	19.73	20.13	19.13
6.12	2.99	7.96	19.98	12.07	19.78	20.15	19.15
5.51	2.45	8.02	19.97	12.03	19.75	20.11	19.12
5.24	2.21	8.06	19.96	12.04	19.75	20.12	19.13
5.10	2.20	8.08	19.97	12.05	19.77	20.13	19.13
7.94	4.80	8.10	20.00	2.28	19.74	6.15	19.12
4.88	2.12	8.15	19.97	12.06	19.72	20.13	19.11
4.84	2.15	8.15	19.96	12.03	19.75	20.13	19.11
5.18	2.60	8.12	19.97	12.03	19.76	20.13	19.11
5.93	3.42	8.14	19.98	12.06	19.72	20.12	19.10
7.46	5.08	8.11	19.99	12.05	19.75	20.13	19.11
7.70	5.38	8.13	19.97	12.02	19.73	20.11	19.13
8.97	6.78	8.10	19.98	12.03	19.76	20.13	19.13
8.27	6.10	8.06	19.99	12.02	19.75	20.13	19.14
8.21	5.96	8.03	19.99	12.02	19.76	20.13	19.15
8.31	6.11	7.98	19.98	12.01	19.76	20.14	19.13
8.20	6.12	8.00	19.98	12.03	19.73	20.14	19.12
7.36	5.45	7.97	20.00	12.00	19.75	20.13	19.15
6.71	4.92	7.94	19.99	12.04	19.77	20.14	19.15
6.24	4.61	7.97	19.98	12.00	19.74	20.11	19.15
5.85	4.38	7.95	19.98	12.04	19.71	20.11	19.12
5.65	4.18	8.01	19.97	11.99	19.74	20.14	19.11
5.57	4.16	8.02	19.98	12.01	19.74	20.14	19.13
5.38	4.02	8.01	20.00	11.99	19.74	20.13	19.15
5.33	4.04	8.02	19.97	12.02	19.72	20.10	19.13
5.18	3.93	8.00	19.99	12.01	19.72	20.11	19.13
5.21	3.99	7.98	19.97	12.02	19.70	20.11	19.11
4.99	3.84	8.00	19.98	12.03	19.70	20.10	19.11
4.93	3.80	8.00	19.97	12.02	19.71	20.12	19.14
4.70	3.62	7.99	19.98	12.02	19.70	20.12	19.12
4.54	3.51	8.02	19.99	12.04	19.72	20.12	19.12
4.74	3.81	7.98	19.98	12.03	19.70	20.10	19.13
5.15	4.22	7.99	19.98	12.04	19.72	20.11	19.12
6.20	5.31	7.97	20.00	12.00	19.73	20.13	19.14
7.28	6.47	7.86	19.98	12.01	19.71	20.11	19.13
8.79	8.04	7.81	19.97	12.01	19.68	20.11	19.15
9.31	8.47	7.84	19.99	12.03	19.68	20.13	19.13
8.66	7.93	7.84	20.00	12.02	19.70	20.10	19.18
8.24	7.49	7.87	20.00	12.02	19.71	20.09	19.16
8.08	7.20	7.87	19.97	12.01	19.70	20.14	19.16
7.97	7.33	7.87	19.98	12.01	19.71	20.13	19.16
7.46	6.75	7.87	19.99	12.02	19.68	20.15	19.17
6.59	6.07	7.92	19.99	12.01	19.73	20.09	19.18
6.21	5.78	7.91	20.00	12.05	19.71	20.12	19.19
5.86	5.41	7.93	20.02	12.03	19.71	20.11	19.19
5.54	5.11	7.99	19.98	12.03	19.69	20.13	19.16
5.56	5.18	7.99	19.98	12.03	19.69	20.13	19.17
5.28	4.87	7.98	19.99	12.02	19.71	20.13	19.17
5.14	4.75	7.98	20.00	12.03	19.71	20.12	19.16
5.17	4.78	8.00	19.98	12.05	19.70	20.11	19.17
5.10	4.73	8.02	19.96	12.05	19.68	20.13	19.14
5.02	4.64	8.01	19.98	12.06	19.71	20.10	19.14
5.03	4.55	8.02	19.98	12.04	19.70	20.11	19.15
4.96	4.46	8.02	19.99	12.04	19.69	20.11	19.14
4.97	4.47	7.99	19.99	12.03	19.70	20.14	19.14
5.03	4.51	8.00	20.00	12.05	19.72	20.09	19.17
5.10	4.56	8.01	20.02	12.06	19.72	20.11	19.15
5.40	4.86	7.96	20.01	12.06	19.72	20.09	19.18
6.09	5.60	7.95	20.02	12.05	19.70	20.12	19.16
6.82	6.34	7.92	19.98	12.05	19.70	20.13	19.18
6.95	6.51	7.91	20.00	12.05	19.69	20.14	19.16
7.01	6.59	7.88	19.99	12.06	19.67	20.15	19.15
7.00	6.57	7.87	20.01	12.05	19.70	20.15	19.18
6.85	6.45	7.88	19.99	12.03	19.69	20.13	19.16
6.60	6.22	7.86	20.00	12.07	19.70	20.13	19.17
6.09	5.78	7.87	19.99	12.03	19.70	20.14	19.17
5.58	5.36	7.86	20.02	12.03	19.73	20.15	19.18
5.29	5.11	7.86	20.03	12.06	19.72	20.11	19.20
5.10	4.90	7.84	20.01	12.03	19.71	20.12	19.19
4.92	4.74	7.87	19.98	12.05	19.69	20.12	19.14
4.76	4.52	7.86	20.01	12.06	19.72	20.10	19.18
4.56	4.33	7.86	20.00	12.04	19.74	20.10	19.17
4.35	4.04	7.83	20.01	12.04	19.73	20.08	19.17
4.14	3.79	7.87	20.02	12.05	19.73	20.11	19.17
3.96	3.57	7.86	20.03	12.06	19.73	20.12	19.16
3.84	3.48	7.85	20.02	12.04	19.75	20.07	19.18
3.76	3.34	7.88	20.00	12.05	19.71	20.07	19.17
3.72	3.24	7.86	20.02	12.04	19.74	20.07	19.16
3.65	3.16	7.86	20.00	12.02	19.75	20.08	19.14
3.71	3.19	7.86	20.02	12.01	19.73	20.06	19.16
3.98	3.48	7.83	19.99	12.05	19.72	20.11	19.14
4.80	4.24	7.76	20.02	12.02	19.77	20.07	19.16
5.68	5.30	7.78	20.05	12.03	19.80	20.06	19.17
7.03	6.49	7.79	20.01	11.98	19.77	20.06	19.15
5.93	5.35	7.77	20.02	12.02	19.77	20.06	19.15
5.63	5.12	7.75	20.01	11.99	19.76	20.07	19.17
5.69	5.22	7.79	20.02	11.99	19.78	20.07	19.15
6.32	5.68	7.77	20.02	11.98	19.78	20.05	19.16
9.99	5.67	7.78	20.04	11.98	19.81	20.07	19.20
6.49	5.04	7.78	20.03	11.97	19.79	20.08	19.17
5.35	4.46	7.76	20.03	12.00	19.82	20.05	19.19
4.46	3.87	7.75	20.03	11.99	19.80	20.05	19.16
3.64	3.18	7.73	20.04	12.00	19.81	20.05	19.19
3.58	3.20	7.76	20.02	12.01	19.78	20.06	19.17
3.46	3.06	7.72	20.04	11.97	19.81	20.07	19.18
3.32	2.96	7.75	20.04	11.96	19.83	20.07	19.17
2.91	2.64	7.74	20.05	12.01	19.81	20.09	19.16
2.29	2.04	7.78	20.02	11.99	19.81	20.07	19.13
1.86	1.62	7.76	20.06	12.00	19.83	20.07	19.17
1.83	1.48	7.76	20.02	11.98	19.80	20.06	19.15
1.88	1.45	7.76	20.05	11.97	19.80	20.06	19.13
1.97	1.52	7.77	20.00	11.97	19.80	20.07	19.13
1.96	1.49	7.72	20.05	11.99	19.84	20.05	19.14
2.02	1.57	7.72	20.04	11.99	19.82	20.07	19.13
2.52	2.08	7.73	20.05	12.00	19.82	20.13	19.15
2.70	2.29	7.82	20.04	12.02	19.83	20.07	19.14
2.49	1.99	7.83	20.09	11.99	19.86	20.07	19.16
4.34	3.62	7.84	20.05	11.97	19.82	20.07	19.14
7.61	6.66	7.84	20.05	11.98	19.85	20.03	19.14
6.47	5.25	7.82	20.04	11.96	19.81	20.11	19.15
6.29	4.82	7.84	20.05	11.94	19.84	20.09	19.13
7.34	4.54	7.81	20.03	11.94	19.84	20.06	19.17
6.71	3.19	7.80	20.07	11.96	19.82	20.07	19.15
4.57	1.61	7.81	20.05	11.94	19.83	20.10	19.16
1.83	0.07	7.79	20.07	11.95	19.83	20.07	19.17
0.72	-0.65	7.75	20.08	11.97	19.82	20.08	19.14
-0.51	-1.55	7.72	20.08	11.96	19.84	20.07	19.16
-1.06	-1.92	7.71	20.04	11.97	19.80	20.11	19.11
-1.29	-2.12	7.71	20.06	11.97	19.81	20.05	19.14
-1.93	-2.71	7.69	20.04	11.93	19.81	20.09	19.11
-2.72	-3.43	7.64	20.07	11.96	19.82	20.07	19.14
-3.26	-3.96	7.64	20.07	11.96	19.81	20.08	19.12
-3.57	-4.51	7.61	20.09	11.96	19.83	20.07	19.11
-4.02	-5.16	7.55	20.09	11.94	19.82	20.05	19.13
-4.51	-5.56	7.55	20.08	11.97	19.78	20.08	19.10
-4.89	-6.13	7.49	20.07	11.95	19.79	20.05	19.10
-5.27	-6.57	7.53	20.07	11.94	19.80	20.08	19.07
-4.63	-6.16	7.44	20.06	11.96	19.80	20.09	19.08
-4.02	-5.19	7.40	20.07	11.95	19.81	20.10	19.08
-1.86	-3.49	7.31	20.09	11.94	19.84	20.08	19.10
-0.15	-2.02	7.33	20.06	11.94	19.82	20.10	19.07
2.62	1.27	7.12	20.10	11.94	19.83	20.07	19.10
4.41	2.39	7.04	20.09	11.89	19.82	20.07	19.13
9.52	5.06	7.07	20.08	11.90	19.83	20.08	19.12
6.86	2.88	7.06	20.10	11.92	19.82	20.10	19.12
4.81	1.60	6.93	20.08	11.90	19.82	20.11	19.10
3.35	0.75	6.92	20.09	11.92	19.84	20.08	19.13
1.83	-0.17	6.95	20.06	11.93	19.82	20.08	19.12
0.81	-0.92	6.90	20.10	11.93	19.83	20.06	19.12
0.14	-1.37	6.92	20.07	11.92	19.80	20.06	19.10
-0.58	-1.90	6.91	20.08	11.90	19.80	20.08	19.11
-1.20	-2.44	6.94	20.10	11.94	19.82	20.10	19.11
-1.26	-2.56	6.93	20.10	11.92	19.81	20.06	19.08
-1.77	-2.98	6.91	20.10	11.90	19.83	20.08	19.09
-2.09	-3.18	6.93	20.07	11.91	19.80	20.08	19.05
-2.97	-3.88	6.95	20.10	11.91	19.82	20.05	19.09
-3.60	-4.44	7.01	20.08	11.92	19.79	20.07	19.06
-4.03	-4.82	7.01	20.07	11.94	19.80	20.10	19.05
-4.29	-5.21	6.97	20.07	11.92	19.82	20.09	19.03
-3.70	-4.75	6.93	20.09	11.94	19.82	20.08	19.05
-3.94	-4.82	6.90	20.11	11.91	19.84	20.08	19.06
-4.48	-5.30	6.91	20.08	11.93	19.83	20.10	19.04
-4.51	-5.21	6.90	20.10	11.92	19.85	20.08	19.04
-1.92	-3.57	7.00	20.09	11.92	19.83	20.09	19.01
0.56	-0.58	6.94	20.13	11.92	19.86	20.09	19.06
6.52	9.95	6.95	20.11	11.91	19.87	20.07	19.05
11.79	12.00	6.93	20.14	11.91	19.89	20.07	19.10
14.28	10.53	6.98	20.08	11.89	19.86	20.07	19.10
16.53	9.13	6.89	20.12	11.88	19.88	20.08	19.11
14.18	6.35	6.82	20.13	11.87	19.91	20.09	19.11
7.99	3.49	6.67	20.10	11.88	19.89	20.12	19.14
5.09	1.64	6.65	20.12	11.87	19.93	20.08	19.13
2.89	0.53	6.65	20.12	11.86	19.90	20.08	19.13
1.62	-0.18	6.64	20.13	11.88	19.91	20.11	19.11
0.50	-0.90	6.74	20.14	11.90	19.93	20.07	19.11
-0.67	-1.89	6.79	20.13	11.88	19.92	20.09	19.11
-1.49	-2.72	6.85	20.13	11.89	19.94	20.08	19.07
-2.36	-3.52	6.88	20.12	11.91	19.93	20.09	19.09
-2.95	-4.28	6.95	20.15	11.88	19.95	20.06	19.08
-3.59	-4.88	6.98	20.12	11.90	19.93	20.09	19.03
-3.76	-5.25	6.99	20.16	11.91	19.97	20.07	19.04
-4.02	-5.54	7.01	20.15	11.92	19.96	20.11	19.06
-3.98	-5.64	7.03	20.12	11.90	19.92	20.07	19.02
-4.30	-5.91	7.04	20.15	11.91	19.98	20.11	19.02
-4.48	-6.15	7.02	20.15	11.88	20.00	20.09	19.02
-4.65	-6.09	7.04	20.14	11.89	19.96	20.06	19.00
-5.18	-6.38	7.03	20.16	11.87	19.98	20.08	18.99
-3.43	-5.61	7.12	20.14	11.90	19.96	20.06	19.01
-0.54	-3.97	7.14	20.15	11.90	19.99	20.09	19.01
3.95	6.00	7.14	20.16	11.89	19.99	20.08	19.02
7.71	7.28	7.16	20.13	11.89	20.00	20.07	19.03
14.70	9.13	7.19	20.16	11.85	20.06	20.07	19.07
18.44	5.77	7.16	20.15	11.87	20.02	20.08	19.06
20.50	2.84	7.14	20.17	11.87	20.06	20.09	19.10
20.69	1.30	7.14	20.13	11.86	20.02	20.10	19.07
15.90	0.16	7.17	20.16	11.88	20.04	20.05	19.08
7.85	-1.18	7.06	20.16	11.85	20.06	20.12	19.11
4.54	-2.11	7.05	20.16	11.87	20.02	20.08	19.09
2.34	-3.17	7.05	20.15	11.87	20.05	20.09	19.07
0.74	-4.15	7.05	20.16	11.87	20.05	20.06	19.05
-0.48	-4.86	7.07	20.18	11.87	20.06	20.07	19.07
-1.59	-5.64	7.09	20.17	11.86	20.06	20.11	19.05
-2.52	-6.43	7.11	20.16	11.86	20.05	20.10	19.03
-3.30	-7.10	7.12	20.18	11.86	20.07	20.08	19.03
-4.02	-7.87	7.14	20.17	11.84	20.07	20.08	19.04
-4.71	-8.30	7.15	20.17	11.88	20.06	20.09	19.01
-5.37	-8.90	7.14	20.17	11.86	20.08	20.08	19.02
-6.01	-9.57	7.15	20.18	11.84	20.11	20.11	19.01
-6.55	-10.23	7.18	20.20	11.86	20.10	20.09	19.00
-6.70	-10.38	7.17	20.20	11.85	20.11	20.10	19.00
-5.97	-9.27	7.09	20.19	11.85	20.10	20.08	18.97
-3.60	-7.66	7.05	20.22	11.89	20.11	20.10	18.99
0.56	-5.92	7.04	20.24	11.85	20.12	20.08	19.01
6.18	8.49	6.86	20.20	11.84	20.11	20.11	18.99
11.53	10.10	6.66	20.17	11.82	20.08	20.13	18.97
16.21	8.63	6.57	20.20	11.80	20.09	20.12	18.97
19.48	5.22	6.45	20.18	11.85	20.09	20.14	19.01
21.75	2.80	6.49	20.17	11.82	20.07	20.14	19.00
20.82	1.49	6.44	20.19	11.81	20.09	20.16	19.04
16.65	0.98	6.39	20.18	11.81	20.06	20.13	19.04
9.57	-0.31	6.54	20.17	11.84	20.10	20.11	19.08
6.36	-1.31	6.59	20.19	11.82	20.07	20.13	19.06
4.47	-2.02	6.61	20.19	11.83	20.07	20.12	19.06
2.95	-2.70	6.65	20.16	11.86	20.06	20.10	19.04
1.67	-3.36	6.64	20.19	11.84	20.05	20.11	19.06
1.07	-3.64	6.68	20.18	11.84	20.10	20.10	19.01
0.73	-3.52	6.83	20.17	11.86	20.06	20.09	19.02
0.29	-3.60	6.92	20.20	11.88	20.08	20.09	19.04
0.19	-3.62	6.98	20.17	11.86	20.05	20.10	19.02
0.11	-3.47	7.01	20.19	11.85	20.07	20.08	19.01
-0.01	-3.37	7.00	20.19	11.86	20.04	20.07	19.03
-0.04	-3.24	7.06	20.83	11.87	19.84	20.06	17.97
-0.14	-3.29	7.04	20.18	11.86	20.09	20.10	19.03
-0.12	-3.19	7.03	20.19	11.85	20.05	20.09	19.04
-0.08	-3.00	7.05	20.16	11.89	20.04	20.06	19.01
-0.05	-2.82	7.12	20.19	11.91	20.06	20.07	19.03
0.10	-2.54	7.16	20.17	11.89	20.03	20.08	19.02
0.20	-2.43	7.15	20.17	11.89	20.01	20.08	19.03
1.97	-0.61	7.16	20.18	11.88	20.03	20.06	19.03
2.12	-0.43	7.16	20.18	11.85	20.06	20.10	19.04
1.61	-0.78	7.18	20.18	11.88	20.04	20.09	19.05
1.08	-1.10	7.15	20.19	11.86	20.06	20.08	19.06
0.49	-1.52	7.19	20.17	11.87	20.02	20.08	19.03
-0.21	-2.04	7.19	20.17	11.87	20.01	20.10	19.03
-0.77	-2.45	7.20	20.17	11.88	20.02	20.10	19.05
-1.07	-2.60	7.16	20.19	11.88	20.05	20.10	19.06
-1.25	-2.71	7.17	20.16	11.88	20.02	20.11	19.04
-1.37	-2.77	7.10	20.17	11.88	20.05	20.10	19.06
-1.54	-2.90	7.15	20.16	11.88	20.02	20.11	19.04
-1.69	-2.97	7.16	20.17	11.89	20.03	20.10	19.03
-1.77	-3.01	7.12	20.16	11.89	20.01	20.10	19.02
-1.83	-3.02	7.10	20.16	11.88	20.06	20.11	19.04
-1.84	-3.00	7.07	20.16	11.90	20.03	20.09	19.04
-1.87	-2.99	7.01	20.16	11.89	20.02	20.12	19.02
-1.92	-2.96	7.03	20.16	11.88	20.02	20.10	19.03
-1.90	-3.02	6.94	20.16	11.89	20.04	20.09	19.04
-1.95	-3.07	6.94	20.16	11.89	20.02	20.08	19.02
-1.47	-2.50	6.89	20.16	11.90	20.01	20.10	19.01
-0.39	-1.19	6.86	20.14	11.89	20.01	20.09	19.00
1.23	0.41	6.82	20.18	11.89	20.03	20.08	19.05
3.63	2.55	6.76	20.19	11.91	20.03	20.07	19.05
4.18	3.14	6.77	20.17	11.90	20.02	20.10	19.04
5.45	4.27	6.62	20.16	11.87	20.04	20.11	19.03
6.73	4.73	6.59	20.17	11.86	20.05	20.08	19.05
6.79	4.58	6.60	20.15	11.86	20.02	20.11	19.06
7.02	4.15	6.46	20.17	11.85	20.01	20.11	19.06
6.20	3.53	6.51	20.14	11.87	20.00	20.12	19.07
3.81	2.09	6.52	20.16	11.89	19.97	20.12	19.08
2.51	1.19	6.54	20.14	11.91	19.96	20.09	19.06
1.99	0.96	6.55	20.15	11.90	19.98	20.12	19.08
1.57	0.71	6.56	20.13	11.88	19.93	20.14	19.03
1.20	0.44	6.59	20.12	11.90	19.92	20.12	19.02
0.88	0.11	6.54	20.13	11.90	19.95	20.08	19.04
0.78	0.13	6.55	20.13	11.88	19.92	20.11	19.05
0.71	0.04	6.55	20.13	11.89	19.91	20.10	19.05
0.52	-0.20	6.55	20.12	11.90	19.88	20.10	19.06
0.41	-0.27	6.57	20.09	11.91	19.87	20.07	19.04
0.37	-0.28	6.57	20.09	11.91	19.88	20.08	19.02
0.15	-0.58	6.58	20.07	11.92	19.84	20.08	19.02
-0.02	-0.81	6.56	20.06	11.88	19.86	20.08	19.05
-0.41	-1.25	6.43	20.05	11.88	19.83	20.07	19.03
-0.55	-1.44	6.36	20.04	11.85	19.82	20.11	19.01
0.14	-0.63	6.28	20.05	11.86	19.82	20.13	19.03
1.31	0.61	6.21	20.02	11.85	19.82	20.09	19.04
3.76	2.54	6.21	20.00	11.86	19.79	20.08	19.02
4.99	4.07	6.11	20.01	11.87	19.77	20.09	19.06
7.02	5.72	6.16	20.00	11.80	19.77	20.13	19.06
11.25	7.48	5.96	20.00	11.83	19.74	20.11	19.07
11.41	6.56	6.05	20.01	11.79	19.79	20.07	19.07
16.36	5.25	5.87	20.03	11.81	19.80	20.09	19.09
14.08	4.02	6.01	19.98	11.82	19.77	20.11	19.08
8.43	2.86	5.96	19.97	11.83	19.77	20.07	19.11
5.65	1.77	6.05	19.99	11.83	19.76	20.12	19.13
4.18	1.09	6.10	19.98	11.90	19.79	20.07	19.11
3.39	0.72	6.15	19.96	11.85	19.75	20.10	19.07
3.04	0.67	6.17	19.96	11.88	19.79	20.09	19.10
2.76	0.57	6.19	19.95	11.89	19.79	20.06	19.09
2.28	0.15	6.20	19.98	11.90	19.77	20.07	19.07
1.62	-0.35	6.24	19.95	11.86	19.79	20.08	19.04
0.58	-1.24	6.26	19.99	11.89	19.80	20.06	19.10
0.36	-1.49	6.29	19.95	11.85	19.79	20.08	19.04
0.74	-1.07	6.29	19.98	11.88	19.82	20.09	19.06
0.80	-0.86	6.32	19.95	11.88	19.79	20.09	19.03
0.64	-0.89	6.35	19.92	11.89	19.80	20.08	19.03
0.45	-1.13	6.36	19.94	11.86	19.80	20.07	19.01
0.72	-0.88	6.35	20.32	11.89	19.90	20.08	17.95
1.18	-0.31	6.36	19.98	11.87	19.84	20.08	19.04
4.03	2.81	6.32	19.95	11.87	19.81	20.09	19.05
5.18	4.10	6.37	19.93	11.87	19.82	20.12	19.06
7.53	6.57	6.29	19.93	11.86	19.83	20.09	19.07
6.50	4.99	6.31	19.93	11.85	19.82	20.06	19.06
12.11	8.84	6.31	19.95	11.85	19.87	20.07	19.08
9.90	7.18	6.26	19.95	11.86	19.86	20.07	19.09
7.26	5.51	6.24	19.95	11.84	19.85	20.10	19.09
6.84	5.01	6.23	19.96	11.81	19.89	20.08	19.11
5.47	3.84	6.26	19.96	11.86	19.85	20.08	19.11
3.73	2.52	6.28	19.96	11.85	19.86	20.07	19.10
2.37	1.35	6.26	19.99	11.84	19.89	20.09	19.11
1.31	0.40	6.30	19.98	11.88	19.89	20.07	19.11
0.90	0.18	6.33	19.96	11.86	19.88	20.07	19.10
0.95	0.29	6.39	19.95	11.93	19.87	20.13	19.07
0.51	-0.06	6.43	19.97	11.92	19.89	20.11	18.98
0.12	-0.35	6.46	19.97	11.93	19.90	20.10	18.84
0.19	-0.30	6.47	19.96	11.94	19.86	19.98	18.64
0.11	-0.43	6.48	20.00	11.95	19.90	19.90	18.50
-0.02	-0.54	6.52	19.99	11.93	19.84	19.81	18.28
-0.13	-0.72	6.50	20.00	11.92	19.85	19.68	18.14
-0.30	-0.81	6.52	19.95	11.92	19.81	19.62	17.94
-0.39	-0.88	6.53	19.94	11.92	19.78	19.48	17.78
0.06	-0.47	6.55	19.94	11.92	19.78	19.35	17.62
1.44	1.29	6.63	19.90	11.91	19.76	19.24	17.48
3.71	3.24	6.69	19.88	11.89	19.70	19.13	17.35
5.70	5.95	6.57	19.87	11.80	19.67	18.92	17.23
9.56	12.23	6.64	19.87	11.76	19.62	18.82	17.33
12.79	13.19	6.67	19.81	11.73	19.62	18.82	17.51
17.46	14.80	6.76	19.77	11.76	19.61	18.90	17.71
18.22	12.61	6.77	19.71	11.79	19.62	18.94	17.88
13.85	10.09	6.76	19.68	11.79	19.61	19.04	18.00
10.09	8.28	6.74	19.67	11.79	19.62	19.10	18.10
9.25	7.17	6.71	19.65	11.75	19.63	19.14	18.18
6.87	5.79	6.67	19.67	11.77	19.68	19.24	18.28
5.34	4.82	6.70	19.65	11.74	19.67	19.29	18.30
4.61	4.30	6.62	19.63	11.75	19.69	19.32	18.38
4.00	3.76	6.63	19.64	11.77	19.71	19.36	18.41
3.74	3.55	6.64	19.63	11.78	19.71	19.39	18.45
5.83	4.24	6.70	19.63	3.21	19.74	4.78	18.48
3.08	2.88	6.70	19.64	11.74	19.74	19.49	18.51
2.70	2.55	6.67	19.63	11.77	19.74	19.53	18.55
2.47	2.30	6.77	19.64	11.77	19.76	19.54	18.56
2.60	2.28	6.73	19.65	11.74	19.77	19.56	18.59
2.05	1.81	6.74	19.62	11.78	19.74	19.57	18.57
1.61	1.40	6.76	19.61	11.78	19.75	19.63	18.59
1.28	1.12	6.75	19.63	11.79	19.79	19.63	18.63
2.13	2.15	6.78	19.64	11.76	19.79	19.64	18.65
3.33	3.80	6.80	19.66	11.78	19.78	19.68	18.66
5.47	4.67	6.84	19.65	11.73	19.80	19.72	18.68
7.94	9.88	6.85	19.63	11.74	19.78	19.74	18.74
13.34	18.16	6.87	19.63	11.76	19.78	19.73	18.72
17.91	19.06	6.95	19.65	11.77	19.79	19.79	18.80
15.03	14.85	6.94	19.64	11.75	19.78	19.80	18.79
13.11	12.87	6.92	19.68	11.78	19.81	19.80	18.83
11.77	11.85	6.88	19.63	11.77	19.79	19.81	18.85
10.48	10.55	6.91	19.66	11.77	19.80	19.84	18.87
9.94	9.65	6.87	19.66	11.78	19.79	19.84	18.85
8.34	8.56	6.91	19.65	11.77	19.81	19.87	18.86
7.07	7.58	6.97	19.70	11.80	19.83	19.84	18.91
6.24	6.83	6.99	19.67	11.77	19.80	19.86	18.88
5.28	5.98	7.03	19.68	11.77	19.81	19.85	18.90
4.61	5.32	7.09	19.67	11.77	19.80	19.88	18.90
4.03	4.62	7.12	19.70	11.80	19.78	19.88	18.87
3.71	4.22	7.14	19.72	11.78	19.83	19.90	18.90
3.68	4.01	7.20	19.73	11.80	19.81	19.89	18.89
3.72	3.93	7.24	19.75	11.82	19.81	19.88	18.91
3.66	3.78	7.29	19.72	11.82	19.80	19.89	18.88
3.61	3.61	7.28	19.73	11.80	19.80	19.90	18.90
3.21	3.20	7.28	19.74	11.80	19.79	19.90	18.90
2.55	2.54	7.32	19.75	11.79	19.83	19.92	18.92
2.49	2.53	7.33	19.75	11.82	19.81	19.98	18.91
2.80	3.26	7.36	19.80	11.83	19.83	19.94	18.92
5.01	4.36	7.34	19.77	11.79	19.83	19.94	18.91
9.07	11.56	7.37	19.77	11.81	19.81	19.92	18.95
15.09	21.23	7.39	19.80	11.78	19.83	19.97	18.98
19.93	22.66	7.48	19.80	11.79	19.82	19.94	19.00
25.09	21.39	7.46	19.78	11.78	19.82	19.88	19.01
26.18	17.79	7.51	19.76	11.81	19.80	19.86	19.04
22.65	15.27	7.44	19.79	11.79	19.83	19.82	19.06
23.26	13.99	7.52	19.80	11.79	19.78	19.75	19.08
14.61	11.03	7.62	19.76	11.80	19.74	19.66	19.06
11.67	9.52	7.71	19.79	11.79	19.72	19.59	19.06
10.07	8.63	7.76	19.81	11.78	19.70	19.53	19.06
9.26	8.16	7.82	19.78	11.77	19.67	19.43	19.05
8.58	7.58	7.88	19.79	11.77	19.65	19.38	19.07
7.86	6.98	7.97	19.77	11.77	19.63	19.31	19.07
6.88	6.15	8.00	19.78	11.78	19.59	19.22	19.07
5.93	5.27	8.11	19.80	11.74	19.57	19.16	19.06
5.22	4.58	8.20	19.75	11.76	19.51	19.07	19.02
4.72	4.08	8.23	19.78	11.74	19.51	19.05	19.04
4.28	3.61	8.30	19.77	11.74	19.47	18.93	19.04
3.78	3.08	8.34	19.74	11.74	19.44	18.86	19.02
3.35	2.72	8.35	19.74	11.72	19.42	18.82	19.02
3.04	2.35	8.36	19.76	11.70	19.37	18.70	19.02
3.71	3.10	8.42	19.72	11.71	19.36	18.62	18.99
4.53	4.38	8.43	19.72	11.67	19.33	18.58	19.02
6.07	4.88	8.48	19.73	11.73	19.32	18.59	19.05
9.39	11.14	8.51	19.69	11.69	19.29	18.52	18.99
14.32	17.08	8.46	19.72	11.69	19.28	18.48	18.90
20.83	21.27	8.43	19.69	11.66	19.23	18.43	18.77
21.37	17.35	8.42	19.70	11.67	19.20	18.36	18.69
18.49	14.02	8.41	19.68	11.66	19.17	18.32	18.61
16.35	12.85	8.40	19.67	11.64	19.18	18.28	18.52
15.30	11.80	8.43	19.64	11.65	19.12	18.25	18.43
13.15	10.77	8.43	19.64	11.50	19.11	18.15	18.39
11.30	9.65	8.47	19.64	11.51	19.10	18.09	18.29
9.73	8.59	8.45	19.63	11.52	19.08	18.09	18.21
8.59	7.80	8.48	19.59	11.51	19.04	18.06	18.28
8.19	7.50	8.59	19.58	11.53	19.00	18.05	18.39
7.63	6.98	8.63	19.54	11.50	18.99	18.01	18.47
6.96	6.37	8.73	19.49	11.48	18.97	18.02	18.55
6.15	5.60	8.81	19.49	11.49	18.94	17.96	18.51
5.52	5.03	8.82	19.48	11.52	18.89	17.94	18.41
5.03	4.49	8.86	19.47	11.48	18.92	17.92	18.33
4.73	4.24	8.92	19.43	11.48	18.88	17.88	18.17
4.64	4.04	8.94	19.41	11.49	18.84	17.85	18.03
4.40	3.76	8.94	19.42	11.49	18.83	17.82	17.91
4.18	3.48	8.96	19.40	11.47	18.82	17.78	17.78
4.70	4.22	8.89	19.39	11.46	18.78	17.79	17.66
5.86	5.53	8.83	19.35	11.46	18.77	17.80	17.73
7.59	7.24	8.85	19.31	11.44	18.73	17.80	17.88
10.75	12.16	8.86	19.28	11.42	18.73	17.89	18.00
15.31	17.79	8.88	19.25	11.42	18.73	18.01	18.11
19.94	19.88	8.86	19.25	11.41	18.78	18.08	18.24
19.65	17.16	8.83	19.24	11.40	18.80	18.22	18.33
19.22	15.53	8.84	19.23	11.43	18.85	18.29	18.43
17.00	14.15	8.81	19.20	11.43	18.86	18.42	18.47
15.19	13.11	8.81	19.19	11.40	18.90	18.49	18.51
13.43	11.99	8.83	19.19	11.41	18.92	18.59	18.55
11.57	10.59	8.85	19.20	11.43	18.94	18.63	18.60
10.46	9.72	8.91	19.20	11.44	18.98	18.71	18.61
9.58	9.02	8.97	19.21	11.42	19.03	18.78	18.68
8.90	8.43	9.02	19.20	11.45	19.02	18.83	18.66
8.54	8.09	9.07	19.18	11.46	19.04	18.93	18.70
8.05	7.57	9.15	19.23	11.44	19.09	18.98	18.73
7.35	6.83	9.17	19.23	11.47	19.11	19.00	18.74
6.44	6.07	9.22	19.24	11.48	19.12	19.06	18.74
6.35	5.88	9.24	19.24	11.47	19.16	19.10	18.78
6.37	5.79	9.27	19.25	11.47	19.16	19.12	18.78
6.21	5.59	9.29	19.28	11.47	19.19	19.16	18.80
5.88	5.28	9.33	19.28	11.51	19.22	19.21	18.82
5.30	4.75	9.35	19.28	11.50	19.22	19.26	18.79
5.47	4.83	9.35	19.28	11.49	19.24	19.29	18.83
5.63	5.57	9.33	19.30	11.53	19.27	19.34	18.84
7.59	6.85	9.36	19.30	11.52	19.25	19.37	18.80
11.33	12.09	9.37	19.29	11.52	19.29	19.40	18.88
15.37	17.88	9.36	19.35	11.52	19.32	19.41	18.90
19.58	20.28	9.32	19.33	11.52	19.34	19.43	18.92
25.98	20.40	9.27	19.33	11.52	19.31	19.49	18.94
21.86	16.56	9.29	19.34	11.53	19.33	19.47	18.96
17.26	14.13	9.33	19.37	11.55	19.35	19.50	18.99
15.89	12.86	9.35	19.36	11.54	19.37	19.51	19.01
14.63	12.08	9.41	19.39	11.57	19.38	19.52	19.03
12.47	10.82	9.48	19.39	11.57	19.41	19.53	18.99
11.32	10.24	9.51	19.42	11.57	19.40	19.57	19.00
10.61	9.76	9.59	19.40	11.58	19.41	19.58	18.99
10.08	9.26	9.66	19.42	11.60	19.37	19.61	19.02
9.41	8.74	9.70	19.43	11.60	19.42	19.61	18.99
8.66	8.01	9.76	19.46	11.60	19.44	19.63	19.04
8.48	7.82	9.84	19.44	11.60	19.43	19.66	19.02
8.39	7.72	9.90	19.46	11.61	19.45	19.67	19.02
8.17	7.46	9.94	19.46	11.62	19.45	19.68	19.01
7.88	7.18	9.99	19.49	11.60	19.48	19.69	19.02
7.68	7.00	10.01	19.50	11.63	19.50	19.70	19.04
7.44	6.75	10.02	19.50	11.63	19.49	19.69	19.03
7.33	6.61	10.03	19.53	11.64	19.52	19.67	19.03
7.74	6.99	10.06	19.52	11.66	19.51	19.70	19.02
8.45	7.77	10.05	19.51	11.65	19.49	19.73	19.03
9.80	9.05	10.04	19.55	11.65	19.49	19.76	19.01
12.20	12.48	10.04	19.56	11.68	19.51	19.73	19.06
13.16	12.49	10.06	19.55	11.66	19.51	19.76	19.05
12.61	11.64	10.04	19.57	11.67	19.53	19.75	19.09
14.44	12.66	10.03	19.61	11.67	19.57	19.75	19.11
18.63	12.70	10.02	19.60	11.64	19.54	19.78	19.11
15.29	11.71	9.98	19.58	11.65	19.54	19.77	19.12
13.05	10.35	10.04	19.60	11.69	19.57	19.78	19.11
12.62	9.74	10.05	19.63	11.66	19.57	19.80	19.13
10.70	8.74	10.03	19.63	11.71	19.57	19.80	19.14
9.16	7.75	10.04	19.63	11.70	19.57	19.80	19.12
7.94	6.86	10.09	19.62	11.70	19.58	19.81	19.10
7.06	6.24	10.11	19.63	11.70	19.56	19.82	19.10
6.33	5.62	10.10	19.66	11.72	19.58	19.84	19.15
5.79	5.13	10.16	19.66	11.70	19.57	19.81	19.08
5.27	4.66	10.14	19.69	11.73	19.60	19.82	19.11
4.73	4.11	10.13	19.68	11.72	19.60	19.80	19.08
4.31	3.70	10.14	19.70	11.75	19.62	19.84	19.11
3.80	3.20	10.17	19.68	11.74	19.61	19.82	19.08
3.34	2.73	10.15	19.69	11.75	19.61	19.85	19.07
2.89	2.30	10.15	19.73	11.76	19.61	19.84	19.08
8.72	5.84	10.15	19.70	1.99	19.61	8.26	19.07
2.69	2.07	10.14	19.70	11.74	19.59	19.84	19.06
3.15	2.93	10.11	19.76	11.77	19.62	19.83	19.07
5.02	4.07	10.07	19.76	11.76	19.66	19.85	19.09
8.88	12.59	10.02	19.74	11.75	19.63	19.87	19.09
14.58	20.63	9.96	19.77	11.78	19.64	19.84	19.14
20.45	22.30	9.91	19.79	11.79	19.66	19.88	19.15
25.59	20.96	9.87	19.75	11.79	19.61	19.87	19.11
28.54	16.15	9.80	19.76	11.79	19.67	19.90	19.17
30.07	13.26	9.79	19.76	11.80	19.66	19.88	19.14
29.62	11.96	9.78	19.77	11.79	19.64	19.87	19.17
25.01	11.40	9.87	19.79	11.82	19.65	19.87	19.22
17.84	9.98	9.90	19.82	11.85	19.67	19.88	19.24
14.41	8.81	9.96	19.80	11.82	19.66	19.89	19.21
12.21	7.64	10.00	19.80	11.83	19.67	19.86	19.21
10.56	6.77	10.05	19.83	11.84	19.66	19.88	19.20
9.50	5.99	10.12	19.81	11.83	19.65	19.88	19.20
8.37	5.41	10.14	19.82	11.84	19.64	19.86	19.18
7.55	4.75	10.24	19.81	11.84	19.64	19.92	19.14
6.94	4.19	10.25	19.80	11.83	19.63	19.88	19.16
6.36	3.73	10.26	19.85	11.87	19.66	19.90	19.15
5.71	3.12	10.31	19.82	11.84	19.64	19.88	19.16
5.14	2.64	10.31	19.87	11.88	19.64	19.91	19.14
4.63	2.15	10.30	19.83	11.88	19.65	19.88	19.14
4.43	1.96	10.28	19.89	11.87	19.65	19.91	19.15
5.13	2.75	10.34	19.86	11.87	19.66	19.90	19.13
6.31	4.30	10.28	19.86	11.88	19.64	19.89	19.13
7.98	5.70	10.22	19.87	11.90	19.65	19.90	19.12
10.45	8.68	10.18	19.86	11.90	19.66	19.90	19.13
12.74	10.98	10.11	19.88	11.90	19.67	19.89	19.19
18.24	15.48	10.02	19.90	11.86	19.67	19.91	19.17
21.24	15.25	9.89	19.88	11.88	19.64	19.92	19.18
19.93	13.28	9.88	19.88	11.86	19.66	19.92	19.21
18.97	12.61	9.85	19.91	11.93	19.66	19.92	19.21
18.52	11.96	9.81	19.91	11.87	19.67	19.91	19.22
15.18	11.08	9.89	19.92	11.89	19.68	19.93	19.24
13.25	10.31	9.82	19.92	11.92	19.67	19.90	19.24
12.02	9.70	9.81	19.90	11.90	19.65	19.92	19.19
11.10	9.09	9.81	19.91	11.91	19.67	19.92	19.22
10.04	8.17	9.76	19.95	11.93	19.67	19.90	19.20
9.64	7.85	9.88	19.94	11.94	19.66	19.90	19.22
9.47	7.78	9.95	19.93	11.95	19.66	19.91	19.21
9.11	7.49	9.96	19.94	11.94	19.65	19.90	19.21
8.20	6.74	9.99	19.89	11.94	19.61	19.92	19.19
8.08	6.55	10.03	19.93	11.95	19.66	19.91	19.19
7.74	6.27	10.02	19.94	11.95	19.64	19.95	19.20
7.50	6.08	10.02	19.94	11.99	19.65	19.91	19.19
7.37	5.92	10.03	19.97	11.99	19.66	19.91	19.20
7.21	5.74	10.02	19.97	11.98	19.65	19.89	19.20
7.15	5.69	10.00	19.97	11.97	19.64	19.92	19.19
7.25	5.74	9.99	19.98	11.99	19.67	19.91	19.20
7.61	6.00	9.96	19.97	11.98	19.68	19.90	19.20
7.49	5.95	9.96	19.98	11.96	19.66	19.94	19.18
7.62	6.11	9.91	19.98	11.98	19.66	19.93	19.17
7.85	6.34	9.91	19.95	11.99	19.64	19.92	19.20
10.11	7.95	9.88	19.96	11.97	19.63	19.95	19.19
8.27	6.93	9.89	19.96	12.01	19.64	19.96	19.20
17.97	7.75	9.87	19.97	12.02	19.67	19.91	19.21
16.05	7.41	9.84	19.98	11.99	19.67	19.92	19.24
11.07	5.68	9.84	19.97	12.02	19.64	19.91	19.21
8.87	4.83	9.80	19.96	11.99	19.66	19.95	19.22
7.02	4.04	9.85	19.95	12.04	19.63	19.91	19.21
5.66	3.26	9.82	20.01	12.06	19.67	19.91	19.23
4.13	1.98	9.85	19.97	12.04	19.65	19.96	19.24
2.65	0.88	9.83	19.98	12.04	19.64	19.93	19.18
1.81	0.15	9.80	19.99	12.03	19.68	19.93	19.23
1.23	-0.34	9.78	20.01	12.06	19.68	19.93	19.21
0.54	-0.92	9.76	19.99	12.04	19.67	19.95	19.19
-0.12	-1.54	9.70	20.01	12.07	19.68	19.93	19.20
-0.52	-1.94	9.68	20.01	12.09	19.69	19.95	19.21
-0.82	-2.24	9.65	20.01	12.07	19.69	19.92	19.20
-1.16	-2.65	9.60	20.03	12.05	19.70	19.92	19.17
-1.61	-3.01	9.56	19.97	12.09	19.69	19.95	19.16
-1.50	-2.91	9.51	20.01	12.05	19.72	19.92	19.14
-1.23	-2.58	9.54	20.03	12.06	19.73	19.95	19.18
-0.21	-1.75	9.44	20.05	12.04	19.73	19.95	19.20
1.87	1.31	9.40	20.04	12.05	19.72	19.97	19.20
4.58	4.36	9.36	20.01	12.06	19.75	19.97	19.21
5.01	3.38	9.28	20.04	12.05	19.77	19.95	19.24
5.16	2.87	9.20	20.03	12.07	19.77	19.97	19.20
3.56	1.62	9.16	20.03	12.06	19.76	19.95	19.22
3.73	1.55	9.12	20.04	12.06	19.79	19.95	19.23
2.66	0.88	9.10	20.02	12.09	19.78	19.95	19.21
1.67	0.13	9.05	20.02	12.06	19.78	19.95	19.22
0.95	-0.38	9.01	20.01	12.06	19.80	19.98	19.22
0.37	-0.83	8.93	20.04	12.07	19.82	20.00	19.21
-0.39	-1.45	8.92	20.04	12.05	19.80	19.94	19.19
-0.74	-1.76	8.94	20.03	12.05	19.80	19.99	19.18
-1.16	-2.08	8.95	20.06	12.12	19.87	20.06	19.21
-1.26	-2.22	8.92	20.05	12.13	19.83	20.03	19.09
-1.53	-2.53	8.93	20.05	12.12	19.84	19.99	18.90
-1.50	-2.46	8.86	20.05	12.13	19.82	19.93	18.64
-1.64	-2.62	8.79	20.05	12.16	19.83	19.82	18.46
-1.87	-2.87	8.80	20.06	12.14	19.81	19.70	18.26
-2.18	-3.14	8.76	20.08	12.12	19.82	19.59	18.08
-2.34	-3.29	8.72	20.06	12.14	19.76	19.47	17.88
-2.35	-3.32	8.69	20.02	12.12	19.72	19.38	17.67
-1.57	-2.47	8.65	20.01	12.14	19.70	19.25	17.50
-0.75	-1.62	8.59	19.97	12.13	19.64	19.11	17.33
0.44	-0.62	8.68	19.95	12.12	19.63	18.99	17.20
3.19	3.92	8.53	19.92	12.02	19.58	18.77	17.04
7.14	9.89	8.51	19.91	11.97	19.55	18.67	17.12
7.39	6.88	8.48	19.86	11.91	19.48	18.65	17.27
13.66	8.97	8.45	19.79	11.94	19.48	18.73	17.44
14.98	7.25	8.40	19.76	11.97	19.47	18.79	17.65
19.22	6.63	8.39	19.75	11.95	19.50	18.89	17.83
18.49	5.83	8.31	19.70	11.96	19.50	18.95	17.93
15.26	4.60	8.34	19.70	11.97	19.53	19.03	18.08
9.18	3.14	8.33	19.68	11.93	19.52	19.08	18.18
6.20	2.14	8.30	19.65	11.94	19.55	19.16	18.24
4.54	1.53	8.32	19.63	11.97	19.51	19.18	18.27
3.51	1.06	8.29	19.63	11.94	19.54	19.25	18.34
2.64	0.63	8.30	19.63	11.95	19.55	19.29	18.37
2.03	0.29	8.28	19.63	11.95	19.55	19.31	18.45
1.57	-0.06	8.30	19.61	11.95	19.55	19.37	18.47
1.23	-0.38	8.23	19.63	11.96	19.56	19.42	18.49
0.84	-0.72	8.22	19.64	11.94	19.56	19.46	18.56
0.67	-0.88	8.20	19.64	11.96	19.57	19.47	18.57
0.25	-1.23	8.21	19.61	11.96	19.53	19.49	18.57
-0.17	-1.64	8.16	19.62	11.98	19.57	19.52	18.60
0.07	-1.59	8.15	19.61	11.93	19.56	19.55	18.63
0.70	-1.00	8.12	19.61	11.95	19.54	19.56	18.62
1.92	0.26	8.01	19.61	11.95	19.55	19.60	18.64
3.13	1.60	7.95	19.62	11.96	19.54	19.63	18.65
5.56	9.34	7.72	19.64	11.94	19.57	5.09	18.71
9.27	11.79	7.61	19.66	11.92	19.55	19.68	18.73
13.18	12.16	7.47	19.66	11.93	19.56	19.68	18.76
17.61	11.00	7.26	19.61	11.93	19.52	19.70	18.77
20.81	8.43	7.28	19.63	11.92	19.51	19.74	18.78
21.59	7.74	7.20	19.62	11.94	19.52	19.71	18.81
18.45	7.53	7.27	19.65	11.91	19.51	19.73	18.83
13.03	6.68	7.29	19.62	11.95	19.53	19.76	18.84
10.49	5.96	7.34	19.66	11.96	19.52	19.75	18.85
8.90	5.34	7.39	19.67	11.94	19.54	19.74	18.87
8.01	5.02	7.38	19.67	11.96	19.54	19.77	18.90
7.25	4.67	7.41	19.66	11.95	19.52	19.76	18.87
6.60	4.26	7.40	19.67	11.95	19.53	19.80	18.89
6.36	4.14	7.51	19.65	11.96	19.51	19.82	18.90
6.18	4.11	7.53	19.71	11.97	19.54	19.83	18.91
6.03	3.96	7.57	19.70	11.97	19.55	19.81	18.91
5.90	3.89	7.61	19.69	11.98	19.53	19.84	18.92
5.68	3.70	7.62	19.71	11.96	19.54	19.85	18.93
5.34	3.38	7.60	19.70	11.98	19.55	19.85	18.92
5.14	3.23	7.63	19.73	11.98	19.58	19.87	18.95
4.99	3.12	7.64	19.75	12.02	19.58	19.86	18.95
5.26	3.46	7.70	19.71	11.98	19.57	19.88	18.96
6.11	4.26	7.71	19.73	12.01	19.56	19.86	18.94
7.70	6.01	7.77	19.70	11.95	19.56	19.86	18.93
7.78	5.97	7.81	19.74	12.01	19.57	19.90	18.97
11.41	11.76	7.84	19.74	11.98	19.58	19.88	18.98
11.57	10.08	7.93	19.73	11.97	19.55	19.87	18.97
18.93	13.36	8.00	19.72	11.96	19.57	19.87	19.02
23.26	10.63	8.02	19.75	11.96	19.60	19.87	19.03
26.70	9.66	8.06	19.76	11.97	19.57	19.87	19.03
26.92	8.54	8.11	19.78	11.98	19.61	19.92	19.07
20.81	7.29	8.09	19.77	11.96	19.60	19.88	19.09
14.09	5.69	8.16	19.78	11.95	19.60	19.91	19.08
10.69	4.51	8.17	19.76	11.97	19.59	19.91	19.10
8.02	3.34	8.21	19.81	11.94	19.62	19.93	19.12
6.17	2.26	8.33	19.78	11.94	19.62	19.92	19.08
4.79	1.32	8.38	19.79	11.98	19.60	19.92	19.08
3.82	0.58	8.40	19.80	11.98	19.60	19.94	19.08
2.98	-0.02	8.44	19.78	11.98	19.61	19.95	19.08
2.07	-0.74	8.49	19.83	11.95	19.61	19.92	19.07
1.46	-1.25	8.45	19.82	11.97	19.64	19.93	19.06
0.67	-1.97	8.49	19.81	11.96	19.63	19.91	19.05
0.03	-2.49	8.51	19.84	11.95	19.64	19.93	19.06
-0.49	-2.99	8.49	19.84	11.97	19.63	19.91	19.03
-0.78	-3.24	8.47	19.82	11.96	19.63	19.91	19.02
-1.18	-3.46	8.51	19.84	11.97	19.63	19.91	19.01
-0.80	-2.66	8.52	19.83	11.95	19.63	19.92	19.00
0.64	-1.74	8.52	19.84	11.96	19.63	19.94	19.03
4.24	8.70	8.48	19.89	11.95	19.67	19.92	19.05
9.10	13.80	8.44	19.84	11.98	19.64	19.97	19.04
14.53	15.05	8.44	19.88	11.91	19.66	19.94	19.06
19.64	13.57	8.37	19.89	11.94	19.71	19.95	19.08
23.89	10.31	8.35	19.86	11.94	19.67	19.94	19.08
26.34	8.20	8.26	19.87	11.93	19.67	19.95	19.10
26.07	7.03	8.23	19.87	11.95	19.69	19.93	19.11
21.05	5.94	8.09	19.88	11.95	19.67	19.97	19.12
13.86	4.68	8.19	19.87	11.95	19.68	19.98	19.14
10.40	3.62	8.21	19.89	11.97	19.69	19.94	19.13
8.52	2.97	8.20	19.91	11.95	19.69	19.96	19.13
7.55	2.73	8.27	19.89	11.98	19.70	19.95	19.12
7.10	2.64	8.29	19.90	11.95	19.72	19.97	19.13
6.43	2.32	8.33	19.92	11.98	19.70	19.99	19.10
5.93	2.01	8.39	19.90	11.98	19.72	19.95	19.11
5.64	1.88	8.42	19.91	11.96	19.70	19.95	19.11
5.45	1.77	8.43	19.91	11.96	19.70	19.97	19.08
5.22	1.72	8.44	19.94	11.96	19.71	19.97	19.09
5.08	1.67	8.45	19.93	12.00	19.72	19.98	19.12
4.51	1.38	8.51	19.94	11.99	19.73	19.99	19.11
4.54	1.48	8.49	19.94	11.97	19.72	19.97	19.09
4.71	1.55	8.45	19.95	11.99	19.71	19.98	19.10
4.67	1.51	8.46	19.94	11.99	19.72	19.99	19.08
5.64	2.67	8.48	19.91	11.99	19.71	19.97	19.07
6.92	3.83	8.46	19.93	11.99	19.73	19.95	19.10
8.74	5.76	8.44	19.97	11.99	19.73	19.98	19.11
11.42	7.95	8.43	19.96	11.99	19.74	19.98	19.10
10.56	7.34	8.37	19.95	11.97	19.72	20.00	19.14
10.58	7.41	8.34	19.95	11.97	19.73	19.96	19.13
9.19	6.32	8.31	19.98	11.98	19.74	19.97	19.15
8.50	5.91	8.33	19.95	11.99	19.74	19.97	19.14
8.02	5.63	8.34	19.96	12.01	19.74	19.97	19.13
7.37	5.16	8.37	19.96	12.00	19.74	19.98	19.12
6.96	4.87	8.35	19.98	11.97	19.75	19.98	19.12
6.61	4.70	8.34	19.98	11.99	19.76	19.99	19.14
6.49	4.60	8.38	20.01	12.02	19.75	19.99	19.14
6.25	4.51	8.37	19.99	12.01	19.75	19.96	19.11
6.16	4.47	8.38	19.98	12.01	19.73	19.97	19.13
6.11	4.48	8.38	19.94	12.01	19.75	19.99	19.11
6.22	4.63	8.41	19.97	12.01	19.73	19.98	19.09
6.08	4.62	8.40	19.99	12.01	19.75	19.99	19.12
5.93	4.59	8.42	19.99	12.04	19.76	19.97	19.13
5.40	4.22	8.44	19.99	12.03	19.74	19.97	19.14
5.40	4.20	8.44	20.00	12.03	19.73	19.98	19.10
5.28	4.16	8.49	20.02	12.04	19.75	19.97	19.13
5.23	4.14	8.53	20.00	12.03	19.75	19.98	19.14
5.42	4.34	8.52	20.01	12.04	19.76	19.97	19.12
6.07	5.01	8.57	20.02	12.03	19.77	19.97	19.15
6.96	5.89	8.58	20.00	12.05	19.73	19.98	19.11
7.87	6.66	8.58	20.03	12.02	19.76	20.00	19.15
9.22	7.97	8.57	20.01	12.07	19.76	19.98	19.17
12.00	9.59	8.60	20.00	12.02	19.73	19.98	19.17
18.86	9.80	8.61	20.02	12.01	19.77	19.98	19.18
23.53	8.94	8.57	20.01	12.04	19.75	19.98	19.17
25.45	8.84	8.49	20.02	12.03	19.76	20.02	19.22
21.88	8.60	8.46	20.01	12.05	19.74	20.00	19.23
15.36	7.31	8.54	20.02	12.06	19.76	20.00	19.29
12.31	6.39	8.54	20.03	12.06	19.78	19.99	19.25
10.66	5.70	8.60	20.03	12.05	19.77	20.00	19.24
9.36	5.14	8.63	20.03	12.06	19.77	19.99	19.23
8.60	4.87	8.62	20.03	12.08	19.80	19.99	19.24
7.99	4.48	8.70	20.03	12.07	19.78	20.01	19.21
7.72	4.50	8.66	20.07	12.10	19.81	19.97	19.21
7.35	4.46	8.77	20.07	12.08	19.79	20.01	19.20
6.98	4.34	8.83	20.07	12.09	19.80	20.01	19.20
6.61	4.04	8.85	20.05	12.09	19.79	19.99	19.17
6.36	3.95	8.87	20.07	12.09	19.82	20.02	19.18
6.01	3.77	8.94	20.06	12.09	19.79	19.98	19.19
5.96	3.77	8.90	20.06	12.08	19.81	19.98	19.18
5.99	3.77	8.89	20.10	12.09	19.82	19.97	19.20
6.41	4.18	8.93	20.09	12.07	19.84	20.01	19.17
7.61	5.22	8.95	20.09	12.09	19.83	20.02	19.18
8.77	6.35	8.93	20.08	12.10	19.81	19.99	19.17
9.71	7.55	8.89	20.10	12.10	19.85	19.98	19.20
10.03	7.83	8.84	20.11	12.05	19.83	19.98	19.21
11.36	8.88	8.79	20.08	12.08	19.83	20.02	19.17
14.30	10.33	8.76	20.11	12.08	19.88	19.98	19.22
18.23	10.46	8.70	20.10	12.13	19.86	19.98	19.22
18.60	10.01	8.70	20.08	12.06	19.82	20.00	19.23
13.91	8.62	8.63	20.08	12.12	19.83	19.98	19.25
11.77	7.83	8.66	20.12	12.09	19.88	20.00	19.29
10.52	7.39	8.68	20.09	12.12	19.84	19.99	19.24
9.80	7.08	8.72	20.10	12.10	19.87	20.00	19.26
9.40	6.95	8.74	20.11	12.13	19.85	19.98	19.27
8.96	6.65	8.80	20.15	12.13	19.87	19.98	19.27
8.61	6.47	8.82	20.11	12.13	19.84	20.01	19.24
8.23	6.20	8.87	20.11	12.14	19.84	19.99	19.25
7.59	5.68	8.88	20.14	12.14	19.86	19.98	19.25
7.05	5.20	8.87	20.14	12.12	19.88	20.00	19.25
6.43	4.72	8.97	20.14	12.12	19.84	20.00	19.24
6.49	4.81	8.96	20.16	12.16	19.88	19.98	19.25
6.15	4.53	8.99	20.14	12.16	19.86	19.97	19.24
5.63	4.20	9.00	20.14	12.13	19.88	19.99	19.22
5.65	4.41	9.05	20.17	12.15	19.88	19.99	19.23
6.26	5.52	9.11	20.14	12.14	19.88	19.98	19.21
8.26	7.17	9.15	20.14	12.17	19.84	19.95	19.22
11.44	14.33	9.17	20.14	12.14	19.87	19.99	19.25
13.26	13.88	9.13	20.18	12.15	19.90	20.02	19.26
20.47	20.01	9.17	20.15	12.14	19.88	20.01	19.24
23.78	18.49	9.14	20.17	12.14	19.90	20.02	19.29
26.64	16.39	9.18	20.16	12.14	19.88	19.99	19.29
29.96	14.89	9.14	20.17	12.17	19.88	20.00	19.32
30.04	14.01	9.19	20.17	12.14	19.87	20.01	19.32
26.12	13.49	9.19	20.19	12.16	19.89	20.00	19.36
19.55	11.94	9.24	20.15	12.18	19.85	19.98	19.37
15.75	10.27	9.37	20.16	12.17	19.84	20.01	19.37
13.41	9.06	9.41	20.19	12.15	19.87	19.99	19.35
11.52	7.99	9.52	20.16	12.18	19.82	19.96	19.32
9.81	6.85	9.59	20.18	12.17	19.83	19.98	19.34
8.93	6.20	9.69	20.17	12.16	19.83	19.99	19.31
8.16	5.56	9.76	20.16	12.15	19.80	19.99	19.30
7.26	4.85	9.82	20.18	12.19	19.82	19.98	19.30
6.52	4.21	9.85	20.18	12.15	19.83	19.99	19.30
5.74	3.44	9.93	20.17	12.18	19.79	20.00	19.28
4.87	2.68	9.96	20.21	12.20	19.80	20.01	19.26
3.52	1.38	10.01	20.18	12.17	19.79	20.00	19.26
2.97	0.81	10.06	20.17	12.18	19.77	19.99	19.24
2.65	0.53	10.06	20.18	12.18	19.79	19.99	19.24
2.97	1.32	10.08	20.18	12.18	19.79	19.99	19.26
4.12	1.88	10.10	20.18	12.19	19.77	19.98	19.25
7.11	11.55	10.09	20.16	12.20	19.77	19.99	19.25
12.14	16.37	10.12	20.19	12.17	19.80	20.00	19.25
17.09	17.16	10.06	20.19	12.16	19.82	20.02	19.29
22.36	15.94	10.04	20.17	12.17	19.81	20.02	19.31
25.52	12.65	10.06	20.17	12.19	19.80	19.99	19.31
26.91	10.64	10.04	20.17	12.18	19.80	19.98	19.30
23.99	9.81	10.05	20.18	12.17	19.79	20.02	19.27
18.51	8.82	10.06	20.16	12.15	19.77	20.03	19.31
14.17	7.48	10.09	20.20	12.19	19.79	19.99	19.29
11.47	6.34	10.08	20.17	12.20	19.81	20.01	19.31
9.62	5.38	10.12	20.19	12.18	19.79	19.99	19.30
8.33	4.69	10.16	20.16	12.18	19.79	20.03	19.31
7.22	3.96	10.22	20.17	12.17	19.79	19.98	19.31
6.52	3.43	10.25	20.16	12.21	19.78	19.99	19.29
6.10	3.11	10.25	20.21	12.19	19.77	20.01	19.30
5.51	2.71	10.32	20.17	12.21	19.78	20.00	19.25
5.18	2.33	10.33	20.17	12.21	19.77	20.00	19.25
4.71	1.99	10.35	20.17	12.21	19.76	20.00	19.27
4.39	1.76	10.32	20.18	12.20	19.76	20.02	19.24
4.20	1.65	10.32	20.18	12.22	19.81	20.03	19.25
4.39	1.84	10.32	20.19	12.24	19.77	20.02	19.25
9.94	5.54	10.38	20.15	2.26	19.77	8.07	19.24
5.04	2.76	10.36	20.18	12.21	19.75	20.02	19.26
5.72	3.40	10.37	20.16	12.21	19.74	20.00	19.23
6.25	3.96	10.31	20.17	12.24	19.77	20.02	19.26
6.54	4.24	10.31	20.18	12.20	19.77	20.06	19.26
6.19	4.06	10.25	20.18	12.22	19.75	20.02	19.25
5.71	3.58	10.24	20.15	12.22	19.74	20.02	19.22
5.57	3.58	10.21	20.15	12.23	19.75	20.02	19.24
5.15	3.25	10.20	20.16	12.20	19.73	20.06	19.22
5.22	3.41	10.22	20.18	12.24	19.75	20.02	19.21
5.01	3.32	10.19	20.15	12.26	19.72	19.99	19.22
4.25	2.76	10.17	20.18	12.24	19.77	20.00	19.25
3.95	2.42	10.14	20.17	12.24	19.73	20.03	19.23
3.69	2.29	10.09	20.18	12.27	19.74	20.01	19.25
3.58	2.25	10.07	20.14	12.29	19.73	20.02	19.22
3.45	2.15	10.00	20.17	12.25	19.72	20.01	19.23
3.33	2.09	10.02	20.15	12.29	19.74	20.02	19.23
3.22	1.95	9.94	20.15	12.27	19.71	20.02	19.22
3.09	1.89	9.92	20.15	12.27	19.71	20.01	19.21
2.98	1.87	9.88	20.14	12.30	19.68	20.00	19.20
2.99	1.84	9.82	20.14	12.27	19.69	20.01	19.22
2.93	1.84	9.79	20.13	12.28	19.68	20.01	19.18
2.89	1.87	9.75	20.14	12.30	19.69	20.02	19.21
3.02	1.90	9.69	20.16	12.31	19.73	20.02	19.21
3.27	2.11	9.65	20.16	12.29	19.70	20.03	19.23
3.85	2.67	9.64	20.13	12.28	19.68	20.03	19.19
4.56	3.43	9.60	20.14	12.31	19.70	20.00	19.22
5.16	3.92	9.52	20.14	12.31	19.70	20.01	19.20
6.24	4.92	9.52	20.15	12.28	19.71	20.03	19.22
6.67	5.27	9.45	20.11	12.31	19.67	20.01	19.18
6.70	5.29	9.32	20.15	12.32	19.71	20.02	19.24
6.49	5.15	9.30	20.17	12.33	19.69	20.03	19.24
6.16	5.02	9.30	20.13	12.32	19.70	20.04	19.24
5.51	4.56	9.30	20.15	12.32	19.69	20.02	19.25
5.06	4.23	9.26	20.13	12.35	19.69	20.03	19.22
4.76	4.02	9.24	20.12	12.32	19.66	20.02	19.19
4.53	3.85	9.21	20.10	12.34	19.64	20.03	19.20
4.34	3.73	9.21	20.10	12.36	19.65	20.01	19.19
4.20	3.65	9.20	20.12	12.37	19.65	20.02	19.20
4.17	3.58	9.15	20.13	12.35	19.67	20.00	19.20
4.16	3.55	9.04	20.14	12.37	19.65	20.03	19.22
4.07	3.48	8.97	20.17	12.37	19.69	20.03	19.23
4.06	3.47	8.96	20.14	12.36	19.67	20.04	19.21
3.99	3.36	8.91	20.16	12.36	19.69	20.06	19.23
3.92	3.28	8.93	20.13	12.36	19.65	20.02	19.19
3.84	3.23	8.91	20.12	12.37	19.66	20.05	19.19
3.79	3.18	8.90	20.11	12.35	19.65	20.03	19.18
3.95	3.36	8.88	20.13	12.40	19.65	20.03	19.19
4.60	3.95	8.84	20.13	12.35	19.68	20.04	19.20
5.82	5.33	8.78	20.10	12.41	19.66	20.00	19.18
8.04	8.04	8.78	20.13	12.40	19.69	20.02	19.21
9.54	11.39	8.76	20.13	12.42	19.64	20.03	19.20
9.87	10.50	8.70	20.13	12.42	19.64	20.01	19.22
12.55	12.13	8.70	20.12	12.40	19.64	20.03	19.25
11.26	10.50	8.72	20.10	12.42	19.63	20.00	19.25
14.22	11.39	8.72	20.11	12.41	19.65	20.03	19.25
12.01	10.53	8.69	20.09	12.43	19.66	20.02	19.27
10.60	9.75	8.73	20.13	12.40	19.66	20.00	19.29
10.30	9.31	8.75	20.12	12.43	19.66	20.00	19.28
9.20	8.60	8.75	20.10	12.43	19.65	20.02	19.28
8.34	7.94	8.80	20.08	12.42	19.62	20.02	19.25
6.99	6.89	8.85	20.11	12.44	19.65	20.00	19.26
6.23	6.21	8.86	20.12	12.43	19.65	20.01	19.28
5.68	5.62	8.91	20.09	12.43	19.65	20.01	19.25
5.03	4.99	8.99	20.08	12.45	19.61	20.00	19.23
4.45	4.39	9.02	20.12	12.41	19.65	20.00	19.26
4.06	4.11	9.06	20.10	12.44	19.63	19.98	19.24
4.37	4.26	9.06	20.12	12.44	19.63	19.98	19.23
4.55	4.36	9.11	20.09	12.42	19.64	19.98	19.21
4.71	4.44	9.09	20.09	12.44	19.65	19.98	19.20
4.70	4.36	9.12	20.11	12.44	19.65	19.99	19.22
4.85	4.38	9.14	20.09	12.45	19.66	19.98	19.24
5.60	5.22	9.16	20.07	12.45	19.63	19.99	19.21
6.71	7.27	9.14	20.11	12.89	19.67	20.51	19.23
8.59	8.65	9.21	20.11	12.40	19.65	19.97	19.23
10.59	10.38	9.09	20.11	12.38	19.65	19.97	19.25
13.18	12.98	9.12	20.08	12.33	19.66	19.95	19.23
11.95	11.37	9.07	20.07	12.37	19.63	19.93	19.25
15.39	13.16	9.11	20.10	12.43	19.66	20.00	19.27
17.72	13.38	9.08	20.09	12.40	19.67	19.96	19.30
22.51	12.71	9.07	20.08	12.40	19.67	19.99	19.33
17.20	12.23	9.07	20.07	12.45	19.65	19.99	19.31
15.07	11.61	9.12	20.07	12.42	19.62	19.98	19.30
13.15	10.65	9.16	20.08	12.44	19.63	19.97	19.31
11.42	9.36	9.21	20.08	12.42	19.65	19.98	19.34
10.53	8.84	9.25	20.07	12.44	19.63	19.98	19.32
9.97	8.48	9.30	20.08	12.44	19.61	19.99	19.34
9.07	7.76	9.34	20.08	12.46	19.59	19.98	19.32
8.68	7.53	9.41	20.07	12.43	19.59	19.99	19.30
8.51	7.33	9.41	20.07	12.44	19.62	19.98	19.32
8.30	7.05	9.48	20.08	12.44	19.58	19.97	19.31
8.08	6.84	9.53	20.07	12.43	19.56	19.99	19.28
7.79	6.62	9.56	20.04	12.43	19.57	19.97	19.28
7.52	6.48	9.60	20.05	12.43	19.57	20.00	19.25
7.59	6.49	9.62	20.07	12.41	19.56	19.99	19.28
7.78	6.55	9.63	20.03	12.44	19.53	19.99	19.27
7.92	6.72	9.64	20.03	12.40	19.54	19.98	19.25
8.24	7.09	9.64	20.05	12.44	19.54	19.98	19.29
8.26	7.27	9.60	20.04	12.43	19.55	20.00	19.28
7.90	7.00	9.52	20.04	12.43	19.55	19.99	19.29
8.20	7.30	9.47	20.03	12.42	19.53	19.98	19.29
8.42	7.52	9.52	20.01	12.41	19.52	20.00	19.26
8.49	7.59	9.49	20.00	12.43	19.49	20.00	19.27
8.29	7.49	9.48	20.00	12.41	19.50	19.98	19.26
8.39	7.66	9.51	19.99	12.41	19.49	19.99	19.28
8.44	7.78	9.51	19.98	12.41	19.47	19.98	19.27
8.56	7.99	9.48	19.98	12.43	19.53	19.98	19.30
8.67	8.11	9.52	19.98	12.40	19.50	19.99	19.27
8.15	7.80	9.52	19.97	12.43	19.51	19.99	19.28
7.48	7.14	9.56	19.96	12.42	19.48	20.00	19.29
6.32	6.12	9.58	19.98	12.44	19.47	19.98	19.28
5.90	5.80	9.61	19.95	12.44	19.47	19.96	19.26
5.52	5.43	9.60	19.96	12.41	19.50	20.02	19.30
5.13	5.09	9.59	19.97	12.42	19.47	19.96	19.26
4.77	4.64	9.61	19.94	12.42	19.47	19.98	19.28
4.62	4.45	9.60	19.94	12.43	19.46	20.00	19.27
5.01	4.76	9.57	19.96	12.43	19.47	20.01	19.30
4.40	4.26	9.59	19.94	12.44	19.45	19.99	19.26
4.07	3.95	9.63	19.93	12.42	19.43	19.95	19.25
4.02	3.89	9.65	19.92	12.40	19.45	19.98	19.26
4.18	4.23	9.71	19.91	12.40	19.43	19.96	19.27
4.64	5.06	9.72	19.93	12.42	19.48	19.98	19.27
6.03	6.18	9.73	19.91	12.40	19.44	19.99	19.26
9.01	17.65	9.73	19.91	12.38	19.47	19.99	19.28
13.70	21.68	9.77	19.90	12.43	19.44	19.98	19.30
18.93	21.80	9.78	19.90	12.40	19.45	19.97	19.34
23.64	20.00	9.72	19.88	12.39	19.45	19.98	19.33
27.31	16.36	9.74	19.87	12.40	19.43	20.00	19.32
29.76	14.66	9.76	19.85	12.40	19.46	19.97	19.35
30.02	14.15	9.77	19.89	12.41	19.44	19.99	19.32
26.19	13.44	9.84	19.86	12.38	19.43	19.98	19.42
18.82	12.22	9.88	19.86	12.40	19.48	19.98	19.44
15.11	10.53	9.93	19.88	12.38	19.48	20.00	19.47
12.57	9.20	9.95	19.90	12.41	19.50	20.03	19.45
10.90	8.14	10.05	19.87	12.40	19.51	20.00	19.44
9.75	7.35	10.12	19.88	12.39	19.52	19.98	19.41
8.77	6.74	10.19	19.91	12.40	19.53	19.98	19.40
8.35	6.38	10.26	19.85	12.42	19.48	20.00	19.36
7.82	5.86	10.29	19.91	12.38	19.54	20.00	19.38
7.51	5.52	10.28	19.90	12.40	19.56	20.00	19.34
7.42	5.47	10.31	19.90	12.40	19.55	19.97	19.34
7.21	5.26	10.36	19.89	12.39	19.55	19.99	19.33
6.94	4.98	10.41	19.88	12.37	19.55	19.98	19.29
7.08	5.16	10.42	19.88	12.39	19.56	20.00	19.30
7.12	5.33	10.42	19.91	12.37	19.56	19.99	19.32
8.67	7.29	10.42	19.89	12.40	19.55	19.96	19.29
9.15	7.50	10.42	19.93	12.36	19.62	19.99	19.32
9.78	8.07	10.42	19.90	12.39	19.59	19.98	19.31
9.81	8.10	10.40	19.91	12.35	19.58	20.00	19.31
9.38	7.69	10.40	19.91	12.38	19.61	19.99	19.31
9.38	7.68	10.39	19.92	12.40	19.62	19.99	19.33
8.80	7.28	10.39	19.90	12.37	19.59	19.98	19.30
8.38	6.92	10.35	19.91	12.37	19.61	19.99	19.31
8.42	6.99	10.33	19.94	12.36	19.64	20.01	19.34
8.70	7.27	10.33	19.93	12.37	19.65	20.00	19.32
8.46	7.10	10.34	19.94	12.36	19.64	20.03	19.31
7.94	6.77	10.30	19.92	12.37	19.63	20.00	19.33
7.45	6.31	10.29	19.95	12.38	19.65	20.02	19.32
7.05	5.93	10.26	19.96	12.39	19.65	20.00	19.31
6.90	5.74	10.27	19.96	12.40	19.66	20.04	19.32
7.07	5.89	10.24	19.99	12.38	19.66	19.99	19.32
7.34	6.32	10.18	19.97	12.38	19.66	20.01	19.30
7.84	6.97	10.14	19.97	12.42	19.67	20.03	19.31
8.13	7.30	10.17	19.98	12.39	19.70	19.98	19.32
8.33	7.54	10.16	19.97	12.38	19.67	20.01	19.28
8.17	7.13	10.16	19.95	12.37	19.67	20.03	19.29
8.14	7.03	10.14	19.95	12.38	19.67	20.03	19.30
8.32	7.18	10.14	19.98	12.38	19.69	20.02	19.27
8.69	7.55	10.12	19.99	12.41	19.70	20.01	19.31
9.67	8.83	10.10	20.00	12.38	19.67	20.05	19.32
10.33	9.20	10.10	20.00	12.38	19.68	20.01	19.32
11.19	9.90	10.09	20.00	12.40	19.69	20.02	19.31
13.88	12.86	10.08	19.98	12.39	19.72	20.02	19.31
17.08	16.10	9.97	20.01	12.43	19.70	20.01	19.34
18.09	17.34	9.96	20.03	12.41	19.73	20.01	19.38
17.11	16.92	9.93	20.00	12.38	19.69	20.00	19.34
16.47	16.51	9.97	20.05	12.39	19.69	19.98	19.37
16.43	16.73	10.03	20.03	12.43	19.70	20.02	19.38
16.01	16.45	10.06	20.02	12.41	19.67	20.00	19.35
16.21	16.85	10.12	20.05	12.45	19.70	20.00	19.38
16.00	16.80	10.23	20.07	12.43	19.71	19.98	19.40
15.78	16.71	10.32	20.02	12.43	19.68	20.01	19.39
14.11	14.89	10.38	20.03	12.45	19.68	19.99	19.39
13.12	13.81	10.43	20.06	12.47	19.66	20.02	19.38
11.85	12.36	10.55	20.07	12.47	19.69	20.00	19.38
10.31	11.42	10.61	20.07	12.47	19.66	20.00	19.38
9.90	11.24	10.67	20.03	12.48	19.67	19.98	19.37
9.40	10.76	10.74	20.05	12.49	19.66	20.01	19.36
9.13	10.51	10.78	20.06	12.46	19.69	19.97	19.37
8.67	10.01	10.84	20.04	12.48	19.66	19.97	19.33
8.23	9.47	10.90	20.07	12.49	19.68	20.00	19.36
7.75	8.89	10.92	20.07	12.47	19.70	20.01	19.36
7.55	8.67	10.95	20.10	12.48	19.71	20.00	19.36
7.24	8.36	10.97	20.09	12.49	19.70	19.99	19.36
8.72	10.34	10.99	20.09	12.47	19.68	19.97	19.38
8.43	9.48	11.01	20.11	12.48	19.72	20.01	19.38
13.05	18.46	11.03	20.11	12.47	19.70	20.01	19.35
10.04	11.61	11.01	20.10	12.48	19.72	19.99	19.40
16.71	14.28	11.06	20.10	12.49	19.73	20.01	19.38
14.68	12.49	11.08	20.09	12.51	19.73	20.01	19.38
13.22	11.41	11.08	20.09	12.52	19.69	19.99	19.38
14.59	11.22	11.04	20.11	12.51	19.75	20.02	19.40
12.39	10.34	11.11	20.12	12.51	19.72	20.02	19.38
10.44	9.33	11.12	20.10	12.53	19.73	20.00	19.39
8.88	8.36	11.12	20.12	12.50	19.76	20.00	19.39
7.79	7.41	11.14	20.14	12.54	19.77	20.01	19.39
7.00	6.79	11.15	20.11	12.53	19.76	19.99	19.35
5.88	5.73	11.21	20.10	12.55	19.76	19.99	19.35
5.25	5.09	11.21	20.16	12.50	19.77	19.99	19.38
4.43	4.17	11.24	20.12	12.54	19.77	19.98	19.34
4.28	4.05	11.25	20.16	12.54	19.82	20.00	19.34
3.42	3.23	11.24	20.14	12.55	19.78	19.99	19.32
2.81	2.63	11.23	20.14	12.53	19.79	19.99	19.32
2.18	1.91	11.23	20.17	12.56	19.81	19.96	19.33
1.64	1.33	11.18	20.15	12.54	19.79	20.01	19.30
1.32	0.93	11.16	20.17	12.52	19.81	19.99	19.31
1.34	1.43	11.16	20.18	12.54	19.85	19.99	19.29
1.58	1.88	11.17	20.16	12.54	19.83	20.02	19.29
2.77	2.83	11.12	20.19	12.56	19.84	20.01	19.30
5.53	15.32	11.10	20.17	12.52	19.83	19.98	19.30
10.30	18.78	11.05	20.18	12.52	19.83	19.99	19.30
15.63	19.31	10.96	20.17	12.56	19.84	19.99	19.32
20.45	17.43	10.95	20.17	12.51	19.85	20.02	19.32
24.36	13.82	10.90	20.20	12.52	19.88	20.00	19.36
27.04	12.18	10.83	20.17	12.54	19.85	20.01	19.36
27.42	11.91	10.84	20.19	12.53	19.84	20.02	19.35
23.67	11.47	10.85	20.20	12.56	19.87	20.02	19.50
17.20	10.64	10.85	20.17	12.56	19.86	20.02	19.51
13.41	8.73	10.88	20.22	12.54	19.90	20.01	19.53
11.03	7.56	10.93	20.20	12.58	19.86	20.04	19.48
9.36	6.52	10.95	20.22	12.57	19.87	20.04	19.47
8.17	5.79	10.98	20.20	12.53	19.88	20.03	19.45
7.22	5.07	11.03	20.19	12.55	19.87	19.99	19.42
6.51	4.49	11.09	20.23	12.58	19.91	20.02	19.43
5.71	3.79	11.09	20.20	12.56	19.86	20.02	19.37
4.99	3.10	11.14	20.24	12.60	19.88	20.01	19.41
4.40	2.53	11.13	20.22	12.55	19.84	20.01	19.35
3.76	1.88	11.16	20.22	12.60	19.89	20.05	19.37
3.37	1.47	11.13	20.22	12.56	19.88	20.02	19.33
3.26	1.43	11.11	20.25	12.57	19.90	20.03	19.34
3.78	2.57	11.10	20.24	12.60	19.87	20.03	19.31
4.55	3.71	11.08	20.26	12.61	19.87	20.07	19.31
6.00	5.26	11.01	20.25	12.58	19.92	20.02	19.34
8.90	17.48	10.85	20.26	12.61	19.89	20.01	19.36
13.70	20.58	10.73	20.24	12.62	19.88	20.02	19.35
18.41	19.81	10.62	20.26	12.60	19.90	20.02	19.39
22.92	17.93	10.56	20.28	12.60	19.91	20.04	19.39
26.45	15.01	10.57	20.28	12.60	19.92	20.03	19.40
28.76	14.07	10.56	20.23	12.64	19.89	20.04	19.38
29.33	14.07	10.61	20.30	12.61	19.95	20.05	19.44
25.58	13.83	10.65	20.28	12.69	19.92	20.02	19.60
19.48	13.03	10.69	20.29	12.63	19.89	20.03	19.59
16.00	11.36	10.80	20.25	12.65	19.87	20.04	19.54
13.46	9.83	10.89	20.27	12.65	19.89	20.03	19.53
11.75	8.77	10.91	20.29	12.66	19.90	20.04	19.51
10.34	7.78	10.95	20.29	12.66	19.89	20.03	19.51
9.28	6.98	11.03	20.28	12.64	19.88	20.03	19.48
8.49	6.39	11.06	20.29	12.66	19.86	20.03	19.45
7.98	5.89	11.13	20.28	12.67	19.87	20.05	19.43
7.38	5.36	11.16	20.30	12.68	19.90	20.01	19.44
6.86	4.90	11.20	20.27	12.67	19.87	20.05	19.41
6.21	4.33	11.20	20.30	12.67	19.91	20.03	19.43
5.72	3.94	11.22	20.30	12.68	19.89	20.06	19.41
5.72	3.86	11.24	20.31	12.69	19.91	20.04	19.41
6.05	5.14	11.19	20.31	12.70	19.90	20.01	19.38
6.52	5.64	11.17	20.30	12.69	19.89	20.08	19.34
7.79	9.15	11.13	20.32	12.67	19.91	20.05	19.35
10.88	20.06	11.05	20.29	12.68	19.90	20.06	19.36
15.76	22.98	11.05	20.31	12.68	19.91	20.06	19.39
20.53	22.37	10.99	20.33	12.69	19.92	20.08	19.39
25.14	20.36	10.91	20.32	12.70	19.92	20.06	19.40
28.64	17.10	10.87	20.32	12.70	19.89	20.05	19.42
30.63	16.01	10.82	20.32	12.74	19.92	20.05	19.43
30.75	15.88	10.86	20.31	12.71	19.90	20.03	19.43
27.57	15.75	10.95	20.30	12.76	19.89	20.05	19.63
21.33	14.89	11.00	20.31	12.72	19.92	20.01	19.66
18.00	13.32	11.09	20.31	12.76	19.88	20.02	19.59
16.12	12.76	11.14	20.33	12.77	19.91	20.03	19.58
14.99	12.31	11.22	20.31	12.76	19.90	20.04	19.53
13.72	11.40	11.27	20.33	12.77	19.92	20.05	19.54
12.85	10.78	11.32	20.32	12.77	19.90	20.04	19.52
12.11	10.11	11.40	20.32	12.79	19.89	20.04	19.48
11.44	9.48	11.44	20.34	12.76	19.89	20.03	19.51
10.63	8.74	11.50	20.34	12.76	19.89	20.05	19.47
10.68	8.80	11.50	20.34	12.78	19.89	20.04	19.47
9.90	8.01	11.52	20.37	12.77	19.91	20.04	19.48
9.21	7.45	11.58	20.33	12.78	19.90	20.02	19.46
9.16	7.39	11.57	20.36	12.76	19.91	20.04	19.43
9.58	8.87	11.58	20.35	12.78	19.88	20.06	19.44
10.74	9.88	11.54	20.34	12.77	19.88	20.03	19.42
12.14	14.94	11.49	20.39	12.80	19.92	20.03	19.46
15.24	21.83	11.48	20.35	12.81	19.91	20.02	19.47
17.45	19.62	11.50	20.34	12.82	19.89	20.04	19.46
20.71	20.82	11.48	20.33	12.83	19.89	20.02	19.45
26.20	21.76	11.47	20.36	12.81	19.90	20.03	19.47
30.84	19.68	11.51	20.36	12.84	19.90	20.04	19.49
31.31	19.21	11.51	20.37	12.84	19.94	20.03	19.49
25.80	19.01	11.54	20.36	12.84	19.89	20.05	19.51
22.92	18.57	11.60	20.35	12.81	19.87	20.04	19.47
20.94	17.91	11.65	20.36	12.84	19.90	20.01	19.52
19.47	16.96	11.72	20.32	12.82	19.86	20.03	19.47
18.27	16.19	11.80	20.36	12.86	19.88	20.07	19.50
17.48	15.68	11.86	20.33	12.86	19.88	20.02	19.49
16.70	15.29	11.93	20.36	12.87	19.87	20.05	19.50
16.40	15.05	12.04	20.35	12.85	19.85	20.02	19.47
15.43	14.56	12.08	20.36	12.87	19.86	20.05	19.48
14.90	13.92	12.22	20.34	12.87	19.84	20.03	19.45
13.48	12.27	12.26	20.38	12.87	19.85	20.04	19.49
11.89	10.28	12.18	20.33	12.88	19.82	20.02	19.47
11.13	9.81	12.27	20.34	12.90	19.85	20.03	19.45
9.91	8.78	12.30	20.33	12.88	19.82	20.01	19.46
10.15	8.99	12.33	20.35	12.93	19.82	20.03	19.45
10.48	9.54	12.36	20.34	12.92	19.80	20.02	19.47
11.13	10.70	12.37	20.37	12.94	19.84	20.01	19.44
11.94	15.01	12.37	20.33	12.94	19.83	20.04	19.46
13.24	16.93	12.38	20.35	12.95	19.83	20.04	19.46
17.12	21.17	12.39	20.34	12.94	19.84	20.01	19.50
20.78	22.06	12.38	20.36	12.96	19.84	20.05	19.47
25.20	20.56	12.37	20.34	12.97	19.83	20.00	19.47
28.89	17.49	12.38	20.38	12.97	19.85	20.03	19.48
30.68	16.07	12.39	20.37	12.99	19.83	20.00	19.50
31.15	15.72	12.41	20.36	12.96	19.85	20.03	19.50
28.15	15.20	12.42	20.35	13.02	19.83	20.06	19.77
21.41	14.11	12.45	20.37	12.99	19.85	20.02	19.78
17.94	12.64	12.48	20.34	13.00	19.82	20.02	19.69
15.48	11.24	12.54	20.37	12.98	19.84	20.02	19.67
13.76	10.24	12.55	20.36	13.01	19.84	20.04	19.63
12.41	9.34	12.62	20.34	13.01	19.82	20.05	19.60
11.52	8.41	12.64	20.35	12.98	19.80	20.03	19.57
10.85	7.86	12.66	20.34	12.98	19.81	20.04	19.55
10.35	7.55	12.67	20.38	13.02	19.82	20.04	19.57
9.50	6.76	12.67	20.37	13.01	19.81	20.02	19.52
8.80	6.13	12.70	20.37	13.01	19.85	20.02	19.52
8.10	5.61	12.68	20.35	12.99	19.80	20.01	19.49
7.62	5.23	12.68	20.37	13.01	19.83	20.07	19.50
7.87	5.76	12.66	20.39	13.04	19.83	20.04	19.49
8.26	7.41	12.69	20.34	13.04	19.81	20.06	19.46
9.18	8.28	12.65	20.38	13.05	19.81	20.05	19.44
10.45	16.38	12.62	20.37	13.05	19.81	20.05	19.48
13.09	18.86	12.58	20.33	13.08	19.81	20.03	19.45
17.57	23.57	12.53	20.35	13.05	19.80	20.07	19.49
22.72	24.22	12.46	20.36	13.06	19.80	20.04	19.49
25.68	21.77	12.40	20.34	13.08	19.81	20.02	19.50
29.83	18.67	12.36	20.33	13.06	19.80	20.06	19.48
30.55	18.26	12.35	20.37	13.10	19.82	20.02	19.53
30.40	17.46	12.41	20.31	13.14	19.78	20.06	19.49
22.63	15.76	12.43	20.35	13.13	19.82	20.05	19.74
19.51	14.71	12.43	20.34	13.12	19.80	20.03	19.70
16.99	13.53	12.49	20.32	13.14	19.79	20.06	19.66
15.06	12.34	12.52	20.35	13.13	19.79	20.04	19.62
13.80	11.35	12.59	20.33	13.14	19.77	20.03	19.58
12.57	10.48	12.65	20.33	13.16	19.77	20.04	19.54
11.48	9.60	12.68	20.35	13.13	19.82	20.03	19.56
10.56	8.80	12.74	20.34	13.18	19.80	20.06	19.53
9.90	8.02	12.76	20.33	13.16	19.78	20.06	19.49
9.29	7.34	12.77	20.35	13.17	19.79	20.03	19.51
8.70	6.86	12.79	20.33	13.18	19.76	20.05	19.49
8.14	6.30	12.84	20.35	13.19	19.80	20.03	19.51
7.68	5.81	12.80	20.31	13.18	19.76	20.03	19.45
7.66	5.89	12.80	20.33	13.19	19.79	20.05	19.45
8.42	7.49	12.84	20.31	13.20	19.78	20.06	19.44
10.45	9.44	12.82	20.34	13.22	19.80	20.03	19.45
11.35	15.95	12.76	20.33	13.21	19.78	20.05	19.44
13.54	20.94	12.69	20.36	13.21	19.81	20.02	19.49
18.04	24.72	12.66	20.30	13.21	19.78	20.03	19.47
21.98	23.22	12.64	20.30	13.23	19.76	20.05	19.47
20.38	19.35	12.58	20.36	13.24	19.79	20.05	19.50
26.78	18.09	12.62	20.32	13.26	19.81	20.03	19.48
30.48	17.58	12.56	20.31	13.30	19.79	20.01	19.50
30.64	17.01	12.56	20.35	13.28	19.79	20.06	19.52
27.18	16.65	12.58	20.31	13.32	19.77	20.02	19.78
21.84	15.75	12.61	20.33	13.28	19.79	20.04	19.77
18.66	14.45	12.64	20.34	13.31	19.79	20.02	19.75
16.29	13.01	12.73	20.35	13.33	19.79	20.02	19.70
14.71	11.96	12.77	20.30	13.32	19.75	20.04	19.64
13.49	11.11	12.83	20.28	13.32	19.76	20.05	19.58
12.57	10.32	12.83	20.31	13.34	19.76	20.03	19.61
11.68	9.55	12.90	20.32	13.33	19.77	20.04	19.58
10.81	8.66	12.92	20.32	13.34	19.77	20.06	19.57
10.10	7.95	12.94	20.32	13.32	19.81	20.03	19.55
9.43	7.34	12.97	20.31	13.33	19.77	20.05	19.52
8.85	6.72	12.98	20.33	13.32	19.76	20.03	19.52
8.37	6.31	12.96	20.34	13.35	19.76	20.05	19.51
8.48	6.44	12.99	20.34	13.36	19.77	20.06	19.50
9.05	8.49	12.96	20.33	13.37	19.79	20.05	19.49
10.21	9.60	12.95	20.32	13.34	19.77	20.06	19.50
11.80	19.23	12.91	20.33	13.39	19.77	20.05	19.47
14.72	25.35	12.90	20.33	13.36	19.79	20.03	19.52
19.29	25.99	12.79	20.31	13.38	19.77	20.02	19.48
22.99	25.11	12.75	20.33	13.41	19.76	20.05	19.52
26.60	23.86	12.68	20.35	13.43	19.77	20.03	19.52
31.35	21.35	12.70	20.30	13.43	19.76	20.03	19.55
33.70	20.27	12.72	20.33	13.45	19.79	20.04	19.54
34.44	20.26	12.77	20.31	13.43	19.76	20.00	19.54
30.65	19.88	12.79	20.31	13.44	19.75	20.03	19.87
25.12	19.10	12.88	20.33	13.45	19.77	20.00	19.89
21.47	17.24	12.94	20.29	13.45	19.75	20.04	19.85
18.91	15.76	12.99	20.32	13.48	19.75	20.07	19.81
17.28	14.76	13.02	20.35	13.49	19.76	20.03	19.76
15.97	13.69	13.10	20.34	13.48	19.77	20.04	19.74
14.85	12.78	13.13	20.32	13.47	19.75	20.01	19.72
13.91	11.91	13.18	20.34	13.47	19.76	20.01	19.67
12.97	11.17	13.23	20.32	13.49	19.74	20.06	19.63
12.27	10.44	13.27	20.31	13.47	19.74	20.03	19.61
11.70	9.88	13.35	20.33	13.49	19.74	20.03	19.60
11.30	9.38	13.34	20.34	13.49	19.73	20.02	19.60
10.90	9.09	13.39	20.32	13.51	19.73	20.03	19.58
11.01	9.21	13.33	20.34	13.49	19.75	20.01	19.58
11.76	11.06	13.41	20.33	13.48	19.75	20.03	19.56
12.72	12.41	13.41	20.31	13.52	19.74	20.01	19.54
14.56	22.49	13.35	20.29	13.49	19.71	20.04	19.53
17.61	26.75	13.33	20.31	13.53	19.73	20.03	19.56
22.11	28.43	13.31	20.34	13.53	19.75	20.03	19.58
24.88	26.67	13.27	20.33	13.57	19.74	20.02	19.57
30.10	26.32	13.26	20.33	13.55	19.71	20.02	19.58
28.81	24.11	13.31	20.34	13.59	19.76	20.02	19.59
29.29	22.93	13.31	20.36	13.60	19.75	20.04	19.62
25.56	22.23	13.29	20.33	13.60	19.75	20.01	19.63
25.53	21.86	13.41	20.33	13.63	19.75	20.03	19.63
22.15	20.32	13.47	20.32	13.62	19.74	20.06	19.62
20.34	19.31	13.49	20.28	13.60	19.69	20.03	19.59
19.46	18.77	13.61	20.31	13.63	19.71	20.00	19.59
18.65	18.19	13.68	20.31	13.62	19.73	20.04	19.62
17.95	17.60	13.77	20.33	13.66	19.73	19.99	19.63
17.50	17.14	13.86	20.34	13.66	19.72	20.05	19.58
16.94	16.59	13.90	20.33	13.65	19.70	20.01	19.62
16.63	16.31	13.96	20.35	13.65	19.71	20.02	19.59
16.31	15.97	14.00	20.32	13.68	19.70	20.04	19.61
15.51	15.15	14.06	20.29	13.65	19.69	20.01	19.58
15.06	14.65	14.07	20.35	13.68	19.72	20.05	19.59
15.21	14.77	14.12	20.32	13.67	19.69	20.02	19.56
15.31	14.96	14.13	20.33	13.68	19.70	20.05	19.59
15.58	15.04	14.14	20.32	13.70	19.68	20.05	19.58
16.68	16.59	14.21	20.32	13.68	19.68	20.05	19.55
18.06	19.76	14.19	20.34	13.73	19.70	20.05	19.56
20.49	23.17	14.19	20.34	13.73	19.71	20.02	19.58
21.30	21.89	14.23	20.31	13.72	19.66	20.01	19.59
24.76	25.05	14.23	20.31	13.72	19.69	20.03	19.61
30.11	24.91	14.25	20.33	13.74	19.66	20.03	19.59
32.17	23.06	14.31	20.33	13.77	19.67	20.05	19.63
30.54	22.39	14.32	20.30	13.75	19.69	20.03	19.62
27.12	22.13	14.35	20.32	13.77	19.66	20.03	19.66
24.99	21.66	14.38	20.34	13.79	19.68	20.00	19.71
23.98	21.43	14.44	20.30	13.77	19.67	20.04	19.73
21.74	19.94	14.48	20.30	13.78	19.66	20.06	19.70
20.02	18.58	14.51	20.31	13.78	19.69	20.05	19.75
19.00	17.72	14.51	20.32	13.80	19.69	20.02	19.72
18.11	16.94	14.57	20.34	13.77	19.67	20.03	19.71
17.17	16.17	14.61	20.33	13.81	19.65	20.06	19.71
16.37	15.41	14.62	20.33	13.84	19.66	20.06	19.68
15.72	14.69	14.68	20.33	13.83	19.69	20.05	19.69
15.31	14.37	14.73	20.32	13.84	19.65	20.04	19.66
14.85	13.83	14.78	20.29	13.81	19.63	20.06	19.62
14.63	13.66	14.75	20.33	13.83	19.65	20.05	19.64
14.53	13.49	14.79	20.33	13.83	19.64	20.05	19.62
14.46	13.67	14.82	20.32	13.85	19.61	20.07	19.60
14.43	14.58	14.81	20.32	13.83	19.64	20.06	19.59
14.98	19.17	14.83	20.30	13.84	19.61	20.08	19.61
17.16	20.39	14.83	20.31	13.85	19.63	20.07	19.61
19.18	28.06	14.85	20.34	13.86	19.64	20.04	19.63
23.38	30.36	14.79	20.33	13.87	19.63	20.05	19.65
28.53	31.26	14.83	20.30	13.88	19.63	20.04	19.63
32.82	29.35	14.83	20.32	13.91	19.61	20.05	19.68
35.68	26.43	14.89	20.32	13.88	19.63	20.04	19.67
36.63	25.62	14.88	20.31	13.89	19.62	20.04	19.68
36.56	25.27	14.98	20.32	13.90	19.63	20.03	19.71
32.66	24.72	14.96	20.31	13.89	19.62	20.01	20.02
28.57	23.71	15.06	20.29	13.91	19.61	19.99	20.07
25.56	22.19	15.15	20.28	13.93	19.60	20.03	20.06
23.33	20.90	15.20	20.33	13.93	19.63	20.06	20.10
21.79	19.86	15.22	20.31	13.95	19.63	20.07	20.07
20.67	19.04	15.29	20.33	13.93	19.61	20.04	20.04
19.65	18.27	15.35	20.34	13.96	19.62	20.06	20.02
18.66	17.39	15.42	20.34	13.98	19.59	20.03	19.97
17.95	16.71	15.42	20.35	13.94	19.60	20.05	19.94
17.15	15.95	15.50	20.34	13.99	19.60	20.05	19.88
16.42	15.22	15.50	20.32	13.98	19.58	20.04	19.85
15.98	14.72	15.57	20.33	13.99	19.56	20.02	19.81
15.39	14.05	15.59	20.34	13.97	19.58	20.03	19.79
15.32	14.03	15.58	20.36	13.97	19.59	20.06	19.80
16.41	15.27	15.59	20.33	13.97	19.58	20.05	19.76
17.54	16.76	15.60	20.33	14.00	19.55	20.06	19.74
20.13	23.42	15.59	20.36	14.00	19.59	20.03	19.76
22.22	24.38	15.54	20.34	14.00	19.57	20.03	19.75
25.12	27.22	15.56	20.35	13.97	19.58	20.03	19.72
27.84	27.66	15.54	20.36	14.00	19.59	20.02	19.76
31.02	28.16	15.56	20.38	14.03	19.60	20.04	19.78
29.98	25.66	15.55	20.35	14.03	19.55	20.02	19.77
34.55	24.34	15.53	20.35	14.03	19.57	20.04	19.79
34.82	23.71	15.52	20.34	14.04	19.56	20.01	19.83
29.59	22.65	15.53	20.35	14.06	19.58	20.01	20.10
25.42	21.06	15.59	20.33	14.07	19.55	20.04	20.11
22.64	19.58	15.62	20.32	14.08	19.55	20.04	20.10
20.65	18.34	15.66	20.35	14.07	19.56	20.07	20.12
18.93	17.02	15.70	20.36	14.07	19.57	20.08	20.08
17.38	15.80	15.70	20.32	14.07	19.53	20.07	20.03
16.90	15.39	15.75	20.34	14.09	19.55	20.02	19.96
16.20	14.76	15.79	20.36	14.08	19.53	20.06	19.94
15.32	13.98	15.82	20.36	14.09	19.55	20.07	19.89
14.51	13.17	15.83	20.38	14.10	19.56	20.07	19.89
13.75	12.48	15.83	20.37	14.12	19.54	20.05	19.85
13.12	11.81	15.82	20.38	14.09	19.53	20.07	19.84
12.61	11.26	15.85	20.37	14.14	19.53	20.05	19.82
12.50	11.25	15.85	20.35	14.10	19.55	20.07	19.80
12.88	14.40	15.87	20.35	14.15	19.54	20.06	19.77
13.49	21.47	15.83	20.40	14.12	19.56	20.01	19.75
14.56	26.65	15.83	20.35	14.15	19.50	20.06	19.75
17.00	29.63	15.76	20.37	14.16	19.55	20.04	19.78
21.64	31.39	15.72	20.36	14.18	19.54	20.03	19.74
26.58	31.08	15.68	20.39	14.19	19.56	20.03	19.76
31.10	29.40	15.69	20.34	14.21	19.53	20.02	19.75
34.91	25.72	15.65	20.38	14.22	19.58	20.03	19.78
37.12	24.41	15.65	20.38	14.19	19.57	20.03	19.78
37.77	24.21	15.68	20.34	14.18	19.54	20.00	19.80
34.71	23.78	15.69	20.35	14.21	19.56	20.02	20.13
28.33	22.89	15.71	20.34	14.22	19.55	20.00	20.15
24.83	21.08	15.79	20.32	14.23	19.53	20.04	20.16
22.24	19.52	15.86	20.33	14.25	19.54	20.05	20.17
20.53	18.35	15.92	20.37	14.26	19.58	20.08	20.17
19.23	17.45	15.97	20.37	14.25	19.56	20.04	20.11
18.33	16.69	15.99	20.37	14.27	19.55	20.01	20.05
17.31	15.79	16.03	20.38	14.25	19.57	20.01	20.01
16.66	15.31	16.01	20.38	14.29	19.55	20.03	19.95
16.12	14.84	16.04	20.37	14.27	19.57	20.06	19.94
15.57	14.28	16.04	20.39	14.31	19.57	20.05	19.92
15.00	13.69	16.08	20.36	14.30	19.55	20.01	19.86
14.52	13.17	16.08	20.39	14.29	19.54	20.06	19.86
14.40	13.02	16.07	20.39	14.34	19.56	20.05	19.85
14.58	16.43	16.02	20.39	14.31	19.57	20.04	19.82
15.33	24.22	16.05	20.39	14.29	19.55	20.01	19.81
16.67	29.88	16.04	20.38	14.33	19.54	20.08	19.80
19.19	32.17	16.00	20.41	14.37	19.58	20.03	19.83
24.01	34.12	15.98	20.37	14.37	19.54	20.02	19.81
29.00	34.06	16.00	20.38	14.36	19.56	20.05	19.78
33.56	31.76	15.95	20.39	14.39	19.56	20.06	19.81
37.09	28.22	15.97	20.40	14.41	19.57	20.05	19.84
39.16	26.91	16.00	20.41	14.40	19.55	20.03	19.85
39.56	26.57	16.00	20.38	14.40	19.56	20.01	19.89
36.24	26.10	16.06	20.38	14.40	19.55	19.99	20.24
29.93	25.16	16.11	20.38	14.37	19.53	20.01	20.29
26.48	23.25	16.19	20.37	14.39	19.54	20.01	20.30
23.84	21.54	16.25	20.36	14.44	19.54	20.05	20.33
21.97	20.20	16.29	20.39	14.45	19.55	20.06	20.33
20.68	19.22	16.33	20.38	14.45	19.53	20.06	20.30
19.61	18.12	16.35	20.40	14.43	19.53	20.06	20.25
18.66	17.34	16.40	20.40	14.47	19.53	20.06	20.21
17.87	16.53	16.44	20.42	14.46	19.54	20.05	20.18
17.01	15.73	16.44	20.42	14.50	19.52	20.02	20.10
16.34	15.04	16.50	20.41	14.47	19.51	20.03	20.05
15.59	14.10	16.51	20.42	14.49	19.50	20.05	20.00
15.14	13.64	16.51	20.44	14.49	19.53	20.02	20.01
15.18	13.60	16.52	20.43	14.48	19.53	20.06	19.98
15.76	17.86	16.55	20.43	14.49	19.56	20.01	19.95
16.69	25.31	16.59	20.43	14.51	19.50	20.05	19.91
17.91	30.29	16.56	20.42	14.51	19.53	20.02	19.93
20.73	33.98	16.55	20.43	14.52	19.50	20.02	19.89
25.46	34.64	16.52	20.44	14.58	19.53	20.05	19.90
30.16	34.01	16.42	20.45	14.59	19.53	20.06	19.90
34.57	32.12	16.46	20.45	14.61	19.52	20.05	19.90
37.77	29.02	16.41	20.40	14.61	19.49	20.05	19.89
40.24	28.13	16.44	20.44	14.60	19.50	20.06	19.94
39.16	27.58	16.48	20.46	14.59	19.53	20.05	20.03
36.13	27.19	16.54	20.44	14.61	19.54	20.02	20.31
30.53	26.24	16.57	20.43	14.61	19.52	20.01	20.39
27.58	24.86	16.62	20.40	14.60	19.50	20.03	20.39
25.00	22.91	16.69	20.42	14.65	19.50	20.03	20.41
23.18	21.55	16.77	20.42	14.66	19.49	20.08	20.42
21.77	20.47	16.81	20.43	14.67	19.49	20.08	20.42
20.71	19.51	16.85	20.45	14.66	19.49	20.06	20.39
19.85	18.74	16.87	20.42	14.66	19.47	20.07	20.34
18.97	17.86	16.92	20.45	14.65	19.49	20.05	20.29
18.42	17.32	16.99	20.46	14.67	19.50	20.02	20.26
17.95	16.87	17.00	20.46	14.67	19.50	20.04	20.22
17.34	16.18	17.00	20.46	14.69	19.49	20.05	20.16
16.88	15.59	17.00	20.48	14.69	19.49	20.09	20.13
16.82	15.41	17.02	20.46	14.70	19.46	20.07	20.07
17.49	18.06	17.05	20.49	14.72	19.50	20.03	20.05
18.25	23.77	17.05	20.50	14.71	19.49	20.06	20.05
19.30	29.60	17.05	20.45	14.75	19.46	20.06	20.01
21.92	33.70	17.05	20.49	14.77	19.46	20.06	19.99
26.77	35.18	17.02	20.50	14.76	19.49	20.05	20.02
31.37	34.26	16.94	20.48	14.79	19.48	20.08	20.01
33.85	31.82	16.93	20.46	14.81	19.44	20.07	20.00
34.80	29.08	16.94	20.48	14.82	19.46	20.05	20.05
36.77	28.40	16.95	20.49	14.83	19.47	20.03	20.07
36.59	27.78	16.99	20.48	14.84	19.45	20.03	20.12
34.41	27.31	16.97	20.47	14.86	19.46	20.03	20.36
29.71	26.49	16.96	20.46	14.84	19.45	20.03	20.42
27.10	25.16	17.09	20.48	14.88	19.49	20.06	20.48
25.24	24.00	17.11	20.48	14.89	19.48	20.06	20.51
23.73	22.69	17.18	20.50	14.88	19.44	20.06	20.51
22.18	21.22	17.25	20.49	14.87	19.43	20.07	20.49
21.42	20.71	17.33	20.49	14.88	19.45	20.04	20.47
20.73	20.17	17.39	20.45	14.86	19.41	20.07	20.41
19.90	19.22	17.39	20.47	14.89	19.44	20.09	20.41
18.99	18.20	17.44	20.51	14.90	19.44	20.07	20.38
18.11	17.31	17.47	20.48	14.94	19.42	20.08	20.30
17.37	16.51	17.46	20.54	14.90	19.45	20.09	20.28
16.92	16.01	17.48	20.50	14.91	19.42	20.08	20.21
16.92	15.94	17.54	20.49	14.92	19.41	20.09	20.17
17.35	19.47	17.49	20.53	14.94	19.43	20.07	20.17
18.20	26.50	17.49	20.52	14.94	19.42	20.05	20.13
19.32	31.59	17.49	20.50	14.98	19.42	20.06	20.09
21.93	34.97	17.51	20.55	14.98	19.45	20.06	20.12
26.62	35.97	17.36	20.53	15.02	19.44	20.07	20.07
31.27	35.00	17.37	20.53	15.02	19.42	20.07	20.07
35.62	33.33	17.43	20.52	15.03	19.43	20.03	20.10
38.73	30.34	17.35	20.51	15.03	19.42	20.03	20.12
40.45	29.34	17.35	20.53	15.05	19.42	20.05	20.18
40.86	29.44	17.45	20.52	15.05	19.42	20.02	20.25
37.43	28.96	17.33	20.53	15.06	19.42	20.01	20.49
32.08	28.06	17.53	20.52	15.05	19.45	20.01	20.58
29.14	26.46	17.55	20.50	15.06	19.42	20.05	20.63
26.34	24.49	17.61	20.47	15.10	19.41	20.05	20.67
24.45	23.12	17.66	20.52	15.07	19.41	20.05	20.70
23.12	21.95	17.72	20.49	15.08	19.38	20.07	20.68
22.08	21.02	17.74	20.51	15.06	19.40	20.06	20.65
21.05	20.06	17.78	20.50	15.08	19.38	20.07	20.62
20.06	19.06	17.84	20.53	15.11	19.39	20.10	20.60
19.18	18.25	17.90	20.55	15.11	19.39	20.10	20.57
18.46	17.44	17.89	20.53	15.09	19.37	20.06	20.50
17.97	16.78	17.91	20.58	15.11	19.41	20.07	20.48
17.57	16.40	17.88	20.58	15.14	19.38	20.09	20.37
17.63	16.41	17.94	20.58	15.12	19.38	20.09	20.35
18.24	20.86	17.94	20.57	15.12	19.37	20.08	20.29
19.12	27.86	17.98	20.55	15.12	19.37	20.08	20.27
20.25	33.28	17.93	20.54	15.13	19.37	20.04	20.23
22.84	36.51	17.88	20.59	15.14	19.36	20.05	20.25
27.64	38.51	17.92	20.56	15.17	19.36	20.06	20.23
32.51	37.53	17.88	20.59	15.20	19.40	20.06	20.25
36.74	35.00	17.82	20.56	15.19	19.39	20.05	20.24
39.79	31.91	17.91	20.56	15.17	19.36	20.04	20.28
41.14	30.85	17.92	20.55	15.19	19.36	20.03	20.35
40.94	30.41	18.01	20.56	15.16	19.39	20.01	20.49
35.37	29.89	18.02	20.56	15.22	19.37	20.03	20.67
31.83	28.85	18.12	20.56	15.22	19.39	20.03	20.78
29.48	27.43	18.13	20.56	15.21	19.39	20.07	20.83
27.58	26.22	18.23	20.56	15.23	19.39	20.07	20.88
26.34	25.36	18.29	20.53	15.26	19.35	20.06	20.86
25.12	24.34	18.32	20.55	15.26	19.35	20.04	20.90
24.20	23.46	18.34	20.56	15.28	19.36	20.06	20.85
23.53	22.83	18.41	20.54	15.31	19.37	20.07	20.86
23.14	22.42	18.51	20.56	15.30	19.37	20.09	20.88
22.86	22.18	18.55	20.56	15.30	19.36	20.06	20.86
22.46	21.75	18.58	20.53	15.32	19.34	20.07	20.79
22.05	21.30	18.59	20.56	15.33	19.33	20.08	20.78
21.69	20.86	18.62	20.58	15.32	19.33	20.09	20.75
21.62	20.71	18.65	20.55	15.32	19.33	20.07	20.73
21.97	21.00	18.69	20.56	15.34	19.32	20.08	20.67
22.52	21.42	18.68	20.58	15.34	19.32	20.08	20.66
21.60	20.73	18.71	20.60	15.34	19.34	20.07	20.63
22.72	22.05	18.72	20.60	15.33	19.35	20.09	20.63
23.63	22.95	18.71	20.59	15.36	19.33	20.06	20.60
25.53	24.39	18.72	20.58	15.38	19.32	20.06	20.59
29.41	26.03	18.70	20.58	15.36	19.29	20.05	20.57
34.58	25.33	18.69	20.58	15.35	19.30	20.03	20.59
36.26	24.94	18.72	20.59	15.39	19.31	20.03	20.62
28.23	23.29	18.68	20.60	15.40	19.27	20.06	20.67
26.34	22.74	18.67	20.57	15.40	19.30	20.05	20.70
24.81	21.79	18.67	20.58	15.40	19.27	20.04	20.69
23.68	21.12	18.66	20.58	15.39	19.29	20.07	20.73
22.92	20.69	18.63	20.58	15.39	19.29	20.06	20.76
22.33	20.31	18.65	20.57	15.41	19.29	20.05	20.71
21.70	19.78	18.64	20.59	15.40	19.27	20.06	20.70
21.17	19.41	18.65	20.57	15.42	19.27	20.10	20.68
20.54	18.81	18.61	20.58	15.44	19.27	20.10	20.69
19.95	18.33	18.57	20.60	15.41	19.28	20.08	20.68
18.53	17.06	18.51	20.62	15.43	19.29	20.10	20.63
17.10	15.61	18.47	20.60	15.41	19.28	20.06	20.57
15.74	14.22	18.41	20.61	15.40	19.31	20.09	20.54
14.98	13.53	18.42	20.58	15.42	19.26	20.10	20.48
14.64	13.11	18.40	20.60	15.43	19.28	20.07	20.44
15.02	14.53	18.37	20.59	15.44	19.27	20.09	20.38
15.31	21.06	18.34	20.59	15.40	19.28	20.07	20.35
16.03	26.12	18.29	20.61	15.42	19.27	20.08	20.34
17.99	28.96	18.27	20.59	15.44	19.28	20.09	20.32
22.13	30.49	18.17	20.62	15.43	19.30	20.09	20.31
26.54	30.05	18.18	20.62	15.43	19.27	20.07	20.28
30.76	28.49	18.11	20.61	15.45	19.32	20.07	20.28
33.45	25.56	18.09	20.62	15.46	19.31	20.07	20.27
29.26	24.53	18.08	20.60	15.46	19.33	20.08	20.28
25.73	23.35	18.05	20.58	15.50	19.31	20.10	20.27
23.37	22.01	18.04	20.59	15.47	19.31	20.08	20.25
21.58	20.82	18.05	20.58	15.50	19.31	20.04	20.27
19.70	19.17	18.02	20.59	15.47	19.33	20.07	20.26
18.61	18.15	18.03	20.60	15.49	19.34	20.06	20.24
17.57	17.23	18.02	20.59	15.51	19.32	20.12	20.21
16.90	16.58	18.04	20.59	15.49	19.35	20.10	20.23
16.22	15.89	18.02	20.58	15.49	19.33	20.09	20.18
15.00	14.70	17.98	20.56	15.50	19.34	20.06	20.15
14.18	13.88	18.04	20.59	15.49	19.36	20.13	20.16
14.20	13.82	18.02	20.58	15.52	19.36	20.11	20.11
14.27	13.79	18.02	20.59	15.53	19.37	20.08	20.13
13.99	13.41	18.01	20.59	15.52	19.35	20.10	20.10
13.67	13.18	17.97	20.58	15.51	19.37	20.11	20.08
13.54	12.99	17.94	20.58	15.54	19.40	20.10	20.08
13.79	13.04	17.91	20.58	15.54	19.40	20.13	20.08
14.41	13.49	17.91	20.57	15.57	19.40	20.10	20.05
14.99	14.03	17.87	20.56	15.56	19.40	20.12	20.04
15.72	14.72	17.87	20.54	15.57	19.40	20.10	20.02
16.31	15.24	17.83	20.55	15.58	19.43	20.07	20.04
16.85	15.69	17.80	20.55	15.62	19.43	20.11	20.00
17.42	16.34	17.75	20.53	15.63	19.41	20.09	19.99
18.91	17.07	17.67	20.54	15.61	19.43	20.04	19.99
19.17	17.18	17.60	20.55	15.66	19.39	20.08	19.98
20.06	17.37	17.57	20.56	15.69	19.43	20.10	20.02
17.92	16.17	17.51	20.56	15.72	19.46	20.05	20.01
16.91	15.54	17.49	20.53	15.72	19.43	20.07	19.98
16.05	15.01	17.49	20.52	15.71	19.43	20.05	19.97
15.42	14.52	17.45	20.51	15.71	19.44	20.09	19.98
15.04	14.21	17.42	20.52	15.70	19.47	20.07	19.99
14.76	13.98	17.38	20.51	15.72	19.45	20.09	19.99
14.35	13.55	17.39	20.51	15.73	19.47	20.07	19.97
13.30	12.63	17.36	20.50	15.70	19.47	20.10	19.97
13.25	12.52	17.30	20.51	15.71	19.48	20.08	19.95
13.23	12.48	17.31	20.47	15.74	19.45	20.06	19.92
13.05	12.32	17.26	20.47	15.73	19.48	20.06	19.95
12.94	12.18	17.25	20.52	15.74	19.49	20.08	19.96
12.89	12.14	17.22	20.50	15.73	19.49	20.08	19.90
12.98	12.18	17.19	20.45	15.75	19.47	20.08	19.91
13.17	12.33	17.16	20.49	15.74	19.50	20.07	19.90
13.97	13.42	17.08	20.47	15.77	19.46	20.07	19.87
14.53	13.61	17.00	20.49	15.78	19.50	20.09	19.90
16.19	16.17	16.94	20.48	15.79	19.51	20.09	19.91
14.73	13.99	16.88	20.48	15.84	19.49	20.07	19.88
14.34	13.46	16.77	20.47	15.87	19.50	20.06	19.88
17.19	15.57	16.67	20.48	15.87	19.52	20.08	19.91
24.29	16.38	16.56	20.49	15.91	19.51	20.06	19.92
27.03	15.65	16.45	20.48	15.95	19.51	20.06	19.92
27.41	15.83	16.42	20.50	15.96	19.55	20.06	19.94
23.53	14.75	16.32	20.45	15.98	19.52	20.05	20.02
18.34	13.32	16.23	20.48	15.95	19.54	20.07	20.00
15.71	12.14	16.14	20.47	16.00	19.56	20.06	20.02
14.07	11.17	16.23	20.47	15.96	19.53	20.11	19.99
12.77	10.30	16.26	20.43	15.95	19.51	20.09	19.93
11.99	9.67	16.28	20.44	15.93	19.51	20.08	19.91
11.56	9.25	16.21	20.46	15.95	19.51	20.07	19.92
10.93	8.67	16.13	20.50	15.96	19.58	20.10	19.94
10.12	7.97	16.05	20.48	15.97	19.55	20.07	19.91
9.63	7.39	16.05	20.47	15.96	19.53	20.10	19.91
9.02	6.89	15.94	20.45	15.99	19.53	20.06	19.89
8.71	6.48	15.88	20.49	16.00	19.56	20.08	19.92
8.57	6.29	15.82	20.45	15.97	19.55	20.10	19.87
8.65	6.32	15.63	20.44	16.01	19.55	20.11	19.86
8.97	6.74	15.60	20.45	16.01	19.54	20.10	19.87
10.06	8.14	15.46	20.45	16.05	19.55	20.09	19.87
10.87	9.51	15.48	20.48	16.04	19.58	20.09	19.87
12.20	12.33	15.47	20.47	16.02	19.56	20.10	19.86
12.24	10.71	15.43	20.46	16.04	19.58	20.10	19.88
16.40	14.28	15.22	20.50	16.04	19.58	20.09	19.88
12.56	10.28	15.02	20.45	16.08	19.57	20.13	19.86
12.88	9.95	15.06	20.45	16.07	19.56	20.10	19.86
13.42	9.95	15.00	20.43	16.10	19.56	20.10	19.86
13.30	9.85	14.90	20.42	16.09	19.57	20.07	19.85
14.72	10.24	14.87	20.46	16.08	19.60	20.10	19.90
12.11	9.48	14.96	20.44	16.06	19.59	20.11	19.88
10.29	8.33	14.98	20.46	16.03	19.58	20.12	19.88
9.20	7.54	14.98	20.45	16.04	19.59	20.10	19.86
8.55	7.00	14.91	20.43	16.02	19.61	20.10	19.84
7.84	6.46	14.92	20.46	16.03	19.63	20.09	19.86
7.23	5.97	14.88	20.45	16.02	19.60	20.12	19.83
6.61	5.35	14.87	20.45	16.03	19.61	20.11	19.84
6.50	5.15	14.84	20.45	15.99	19.62	20.08	19.83
5.99	4.80	14.82	20.47	15.99	19.64	20.09	19.83
5.50	4.28	14.79	20.44	15.98	19.61	20.11	19.80
5.11	3.87	14.76	20.43	15.99	19.63	20.08	19.78
4.94	3.70	14.73	20.47	16.01	19.63	20.11	19.80
5.05	3.82	14.68	20.46	15.95	19.67	20.11	19.80
5.53	6.74	14.60	20.45	15.97	19.65	20.09	19.82
6.44	15.25	14.55	20.45	15.99	19.66	20.10	19.78
7.79	21.66	14.54	20.43	15.94	19.66	20.12	19.78
10.25	25.24	14.47	20.46	15.96	19.65	20.08	19.81
14.69	25.43	14.48	20.47	15.94	19.69	20.09	19.83
17.21	22.37	14.40	20.42	15.94	19.64	20.11	19.81
23.76	22.65	14.39	20.42	15.94	19.66	20.08	19.80
26.66	19.49	14.34	20.44	15.95	19.69	20.11	19.82
24.84	17.98	14.34	20.42	15.95	19.67	20.12	19.82
26.09	17.78	14.32	20.43	15.94	19.67	20.10	19.83
25.92	17.85	14.30	20.45	15.95	19.69	20.09	19.91
20.53	16.90	14.25	20.42	15.92	19.68	20.08	19.94
17.18	15.08	14.29	20.43	15.92	19.68	20.09	19.93
14.69	13.40	14.30	20.42	15.93	19.65	20.08	19.92
13.09	12.24	14.36	20.43	15.93	19.68	20.12	19.91
11.97	11.36	14.39	20.42	15.92	19.70	20.10	19.88
11.14	10.62	14.42	20.42	15.95	19.68	20.09	19.86
10.22	9.73	14.41	20.43	15.92	19.69	20.10	19.86
9.45	9.02	14.48	20.43	15.92	19.68	20.09	19.86
8.92	8.33	14.50	20.45	15.93	19.68	20.11	19.85
8.33	7.70	14.51	20.42	15.90	19.64	20.09	19.81
7.79	7.11	14.54	20.44	15.89	19.68	20.12	19.83
7.49	6.68	14.55	20.45	15.86	19.67	20.10	19.80
7.67	6.84	14.54	20.44	15.87	19.65	20.08	19.79
8.58	9.89	14.50	20.43	15.85	19.65	20.12	19.78
9.45	18.35	14.46	20.44	15.91	19.67	20.12	19.80
11.45	21.59	14.42	20.42	15.88	19.66	20.10	19.82
14.20	21.69	14.31	20.40	15.90	19.66	20.10	19.80
15.69	19.30	14.25	20.41	15.93	19.63	20.13	19.81
15.89	17.76	14.11	20.43	15.90	19.69	20.12	19.84
18.01	18.46	13.94	20.43	15.91	19.66	20.09	19.83
16.29	17.22	13.72	20.41	15.93	19.65	20.09	19.80
15.07	16.26	13.90	20.40	15.90	19.67	20.10	19.81
13.58	14.81	13.89	20.43	15.90	19.67	20.09	19.85
13.23	14.23	13.93	20.44	15.90	19.69	20.09	19.85
12.76	13.84	14.01	20.44	15.89	19.70	20.09	19.82
12.53	13.61	14.10	20.41	15.90	19.70	20.11	19.80
12.33	13.43	14.14	20.40	15.88	19.67	20.13	19.78
12.28	13.25	14.11	20.41	15.85	19.68	20.12	19.79
12.15	13.03	14.14	20.43	15.85	19.71	20.09	19.78
11.61	12.51	14.18	20.43	15.87	19.72	20.10	19.81
11.43	12.17	14.22	20.41	15.86	19.70	20.10	19.79
11.27	11.98	14.21	20.45	15.85	19.68	20.13	19.79
11.24	11.88	14.24	20.38	15.84	19.65	20.13	19.74
11.09	11.56	14.23	20.43	15.83	19.70	20.12	19.77
10.88	11.32	14.24	20.39	15.83	19.69	20.11	19.75
10.88	11.24	14.25	20.39	15.83	19.69	20.10	19.76
10.85	11.05	14.25	20.40	15.83	19.69	20.12	19.76
11.43	11.57	14.24	20.40	15.82	19.72	20.08	19.75
11.98	12.87	14.24	20.42	15.80	19.70	20.12	19.78
12.46	13.68	14.27	20.38	15.83	19.69	20.13	19.76
13.03	13.59	14.28	20.41	15.82	19.70	20.10	19.77
13.38	13.75	14.31	20.38	15.80	19.68	20.12	19.76
13.20	13.45	14.29	20.36	15.80	19.72	20.10	19.76
13.56	13.75	14.28	20.39	15.79	19.72	20.11	19.77
15.10	15.07	14.24	20.42	15.81	19.73	20.08	19.79
15.60	15.11	14.31	20.38	15.78	19.70	20.11	19.79
17.17	15.38	14.24	20.40	15.81	19.73	20.10	19.79
16.40	14.74	14.31	20.38	15.79	19.72	20.09	19.78
14.95	14.05	14.30	20.41	15.79	19.73	20.12	19.82
13.62	13.18	14.31	20.41	15.77	19.72	20.11	19.80
12.95	12.74	14.31	20.35	15.78	19.71	20.10	19.78
12.55	12.47	14.29	20.41	15.75	19.73	20.13	19.79
12.26	12.20	14.33	20.39	15.76	19.70	20.10	19.78
11.99	11.92	14.34	20.39	15.77	19.70	20.11	19.77
11.54	11.59	14.34	20.39	15.72	19.72	20.10	19.79
10.85	10.86	14.35	20.39	15.76	19.73	20.08	19.78
10.18	10.28	14.37	20.37	15.74	19.71	20.12	19.77
9.58	9.72	14.37	20.40	15.70	19.72	20.14	19.79
9.11	9.22	14.38	20.38	15.75	19.70	20.13	19.75
8.81	8.89	14.39	20.38	15.73	19.72	20.09	19.75
8.93	9.01	14.34	20.38	15.71	19.72	20.12	19.75
9.44	12.03	14.41	20.39	15.72	19.73	20.11	19.77
10.23	20.13	14.41	20.39	15.74	19.73	20.10	19.77
11.94	23.81	14.41	20.39	15.70	19.73	20.10	19.77
15.39	26.59	14.41	20.39	15.69	19.73	20.11	19.77
15.26	20.88	14.41	20.39	15.71	19.73	20.12	19.77
19.23	23.05	14.41	20.39	15.70	19.73	20.05	19.77
26.46	24.20	14.41	20.39	15.71	19.73	20.10	19.77
18.94	20.09	14.41	20.39	15.68	19.73	20.09	19.77
23.82	20.37	14.41	20.39	15.70	19.73	20.10	19.77
25.31	19.59	14.41	20.39	15.70	19.73	20.12	19.77
23.67	19.46	14.41	20.39	15.69	19.73	20.09	19.77
19.77	18.75	14.41	20.39	15.70	19.73	20.09	19.77
17.33	17.10	14.41	20.39	15.69	19.73	20.10	19.77
15.72	15.93	14.41	20.39	15.66	19.73	20.10	19.77
14.33	14.84	14.41	20.39	15.69	19.73	20.11	19.77
13.33	13.93	14.41	20.39	15.66	19.73	20.12	19.77
12.59	13.23	14.41	20.39	15.68	19.73	20.10	19.77
12.08	12.67	14.41	20.39	15.65	19.73	20.11	19.77
11.66	12.26	14.41	20.39	15.65	19.73	20.09	19.77
11.00	11.51	14.41	20.39	15.64	19.73	20.10	19.77
10.49	10.83	14.41	20.39	15.67	19.73	20.07	19.77
9.98	10.28	14.41	20.39	15.65	19.73	20.13	19.77
9.71	9.88	14.41	20.39	15.65	19.73	20.08	19.77
9.90	9.94	14.41	20.39	15.66	19.73	20.10	19.77
10.39	13.69	14.41	20.39	15.64	19.73	20.09	19.77
11.36	20.62	14.41	20.39	15.65	19.73	20.10	19.77
12.26	26.80	14.41	20.39	15.63	19.73	20.13	19.77
14.58	30.11	14.41	20.39	15.64	19.73	20.09	19.77
19.47	30.24	14.41	20.39	15.66	19.73	20.12	19.77
21.49	26.49	14.41	20.39	15.63	19.73	20.09	19.77
27.49	26.21	14.41	20.39	15.61	19.73	20.08	19.77
23.68	23.96	14.41	20.39	15.62	19.73	20.08	19.77
29.87	23.28	14.41	20.39	15.66	19.73	20.10	19.77
27.90	23.05	14.41	20.39	15.66	19.73	20.10	19.77
25.12	22.13	14.41	20.39	15.61	19.73	20.06	19.77
22.33	21.51	14.41	20.39	15.61	19.73	20.04	19.77
19.68	19.79	14.41	20.39	15.60	19.73	20.08	19.77
17.63	18.24	14.41	20.39	15.63	19.73	20.11	19.77
16.30	17.20	14.41	20.39	15.65	19.73	20.10	19.77
15.06	16.08	14.41	20.39	15.62	19.73	20.09	19.77
14.20	15.23	14.41	20.39	15.63	19.73	20.08	19.77
13.43	14.47	14.41	20.39	15.61	19.73	20.10	19.77
12.78	13.73	14.41	20.39	15.60	19.73	20.08	19.77
12.39	13.25	14.41	20.39	15.59	19.73	20.11	19.77
11.91	12.62	14.41	20.39	15.60	19.73	20.09	19.77
11.54	12.15	14.41	20.39	15.60	19.73	20.11	19.77
11.28	11.82	14.41	20.39	15.62	19.73	20.09	19.77
11.60	12.15	14.41	20.39	15.60	19.73	20.09	19.77
12.31	15.93	14.41	20.39	15.59	19.73	20.08	19.77
13.57	21.99	14.41	20.39	15.58	19.73	20.09	19.77
15.05	24.17	14.41	20.39	15.58	19.73	20.11	19.77
17.49	26.42	14.41	20.39	15.61	19.73	20.08	19.77
21.34	29.01	14.41	20.39	15.60	19.73	20.06	19.77
24.41	27.55	14.41	20.39	15.58	19.73	20.08	19.77
24.25	25.81	14.41	20.39	15.63	19.73	20.09	19.77
22.85	24.41	14.41	20.39	15.60	19.73	20.06	19.77
21.34	23.17	14.41	20.39	15.58	19.73	20.08	19.77
20.48	22.48	14.41	20.39	15.62	19.73	20.07	19.77
19.47	21.51	14.41	20.39	15.59	19.73	20.05	19.77
18.19	20.33	14.41	20.39	15.59	19.73	20.09	19.77
17.55	19.47	14.41	20.39	15.60	19.73	20.07	19.77
16.95	18.69	14.41	20.39	15.62	19.73	20.11	19.77
16.38	17.88	14.41	20.39	15.58	19.73	20.08	19.77
15.98	17.25	14.41	20.39	15.63	19.73	20.09	19.77
15.39	16.69	14.41	20.39	15.61	19.73	20.07	19.77
15.15	16.44	14.41	20.39	15.59	19.73	20.09	19.77
14.84	15.79	14.41	20.39	15.60	19.73	20.06	19.77
14.69	15.70	14.41	20.39	15.63	19.73	20.09	19.77
14.56	15.61	14.41	20.39	15.61	19.73	20.10	19.77
14.66	15.67	14.41	20.39	15.58	19.73	20.07	19.77
14.77	15.69	14.41	20.39	15.59	19.73	20.08	19.77
15.23	16.11	14.41	20.39	15.62	19.73	20.09	19.77
16.11	17.27	14.41	20.39	15.61	19.73	20.08	19.77
16.91	23.76	14.41	20.39	15.59	19.73	20.04	19.77
18.34	22.06	14.41	20.39	15.60	19.73	20.07	19.77
18.01	19.97	14.41	20.39	15.59	19.73	20.08	19.77
19.23	20.52	14.41	20.39	15.59	19.73	20.06	19.77
21.33	22.27	14.41	20.39	15.59	19.73	20.08	19.77
24.11	23.05	14.41	20.39	15.59	19.73	20.09	19.77
25.38	22.44	14.41	20.39	15.59	19.73	20.07	19.77
25.56	22.54	14.41	20.39	15.60	19.73	20.06	19.77
25.20	22.35	14.41	20.39	15.55	19.73	20.07	19.77
26.03	21.91	14.41	20.39	15.59	19.73	20.05	19.77
22.47	20.61	14.41	20.39	15.59	19.73	20.08	19.77
20.81	19.78	14.41	20.39	15.58	19.73	20.09	19.77
19.51	18.94	14.41	20.39	15.59	19.73	20.04	19.77
18.71	18.31	14.41	20.39	15.58	19.73	20.10	19.77
18.20	17.95	14.41	20.39	15.58	19.73	20.06	19.77
17.75	17.54	14.41	20.39	15.58	19.73	20.05	19.77
17.39	17.24	14.41	20.39	15.63	19.73	20.07	19.77
17.12	17.00	14.41	20.39	15.58	19.73	20.08	19.77
16.85	16.72	14.41	20.39	15.61	19.73	20.05	19.77
16.56	16.36	14.41	20.39	15.58	19.73	20.09	19.77
16.32	16.15	14.41	20.39	15.60	19.73	20.06	19.77
16.06	15.89	14.41	20.39	15.58	19.73	20.09	19.77
15.81	15.54	14.41	20.39	15.61	19.73	20.06	19.77
15.54	15.12	14.41	20.39	15.59	19.73	20.05	19.77
15.48	15.09	14.41	20.39	15.56	19.73	20.08	19.77
15.48	15.09	14.41	20.39	15.56	19.73	20.08	19.77
19.20	19.71	16.17	20.39	15.61	19.63	20.09	19.84
21.71	22.21	16.15	20.38	15.60	19.61	20.07	19.88
25.03	24.48	16.11	20.38	15.57	19.65	20.07	19.89
27.49	23.73	16.12	20.41	15.60	19.63	20.08	19.90
27.24	22.27	16.10	20.39	15.59	19.63	20.09	19.89
26.32	21.99	16.10	20.42	15.60	19.64	20.05	19.92
26.05	21.64	16.14	20.37	15.61	19.61	20.08	19.89
23.21	20.75	16.14	20.38	15.59	19.63	20.06	19.95
21.36	19.66	16.20	20.38	15.64	19.61	20.07	19.92
20.15	18.98	16.19	20.37	15.62	19.61	20.07	19.95
19.36	18.40	16.24	20.39	15.60	19.60	20.06	19.93
18.73	17.91	16.19	20.38	15.59	19.60	20.05	19.92
18.17	17.47	16.28	20.37	15.60	19.64	20.07	19.94
17.61	16.99	16.26	20.39	15.59	19.63	20.07	19.92
17.06	16.44	16.30	20.40	15.60	19.62	20.08	19.90
16.74	16.19	16.34	20.38	15.63	19.61	20.07	19.89
16.33	15.81	16.36	20.43	15.63	19.62	20.06	19.92
15.97	15.46	16.36	20.37	15.60	19.61	20.07	19.91
15.67	15.13	16.37	20.40	15.62	19.63	20.07	19.90
15.49	14.95	16.39	20.37	15.64	19.60	20.04	19.91
15.52	14.89	16.41	20.37	15.61	19.59	20.06	19.86
15.61	14.95	16.40	20.36	15.60	19.58	20.07	19.87
16.13	15.44	16.39	20.37	15.64	19.58	20.07	19.86
16.88	16.12	16.41	20.36	15.63	19.59	20.07	19.85
16.87	16.00	16.38	20.41	15.61	19.65	20.09	19.89
17.16	16.21	16.40	20.38	15.61	19.63	20.09	19.86
17.95	16.88	16.40	20.38	15.65	19.61	20.07	19.85
17.85	16.84	16.39	20.36	15.63	19.60	20.07	19.85
17.88	16.90	16.34	20.37	15.63	19.60	20.05	19.88
17.47	16.61	16.36	20.40	15.61	19.60	20.08	19.85
17.34	16.60	16.31	20.40	15.65	19.63	20.10	19.89
17.04	16.38	16.31	20.39	15.65	19.63	20.09	19.88
16.62	16.08	16.31	20.40	15.63	19.63	20.08	19.89
16.23	15.72	16.28	20.39	15.64	19.61	20.08	19.88
15.96	15.48	16.30	20.40	15.65	19.61	20.07	19.88
15.73	15.31	16.31	20.38	15.68	19.59	20.08	19.84
15.47	15.09	16.33	20.37	15.69	19.58	20.07	19.82
15.38	15.01	16.30	20.37	15.67	19.60	20.09	19.86
15.27	14.96	16.28	20.39	15.65	19.60	20.09	19.86
15.08	14.74	16.28	20.37	15.65	19.58	20.09	19.87
15.25	14.89	16.30	20.38	15.66	19.57	20.11	19.85
15.33	14.93	16.27	20.37	15.66	19.59	20.10	19.86
15.32	14.95	16.30	20.35	15.67	19.59	20.08	19.84
15.31	14.93	16.26	20.38	15.66	19.58	20.09	19.85
15.69	15.26	16.24	20.37	15.70	19.60	20.07	19.85
16.15	15.72	16.22	20.36	15.69	19.58	20.08	19.82
16.70	16.24	16.25	20.33	15.70	19.55	20.06	19.83
17.15	16.76	16.20	20.35	15.70	19.57	20.07	19.84
17.77	17.47	16.18	20.36	15.72	19.56	20.06	19.83
18.42	18.22	16.20	20.35	15.72	19.58	20.05	19.84
19.22	19.03	16.18	20.33	15.74	19.54	20.04	19.84
19.20	18.96	16.16	20.35	15.76	19.55	20.06	19.84
17.37	17.05	16.17	20.34	15.72	19.58	20.05	19.88
16.91	16.63	16.16	20.34	15.73	19.56	20.03	19.91
16.56	16.30	16.13	20.34	15.73	19.55	20.05	19.88
19.51	17.46	16.18	20.34	15.73	19.57	20.05	19.87
17.45	16.57	16.16	20.36	15.74	19.53	20.05	19.86
16.75	16.20	16.20	20.36	15.74	19.57	20.05	19.87
15.95	15.55	16.20	20.33	15.73	19.54	20.07	19.87
15.43	15.14	16.21	20.35	15.76	19.57	20.08	19.86
14.60	14.31	16.23	20.31	15.74	19.57	20.04	19.85
13.86	13.63	16.21	20.34	15.73	19.55	20.05	19.84
13.31	12.99	16.21	20.32	15.71	19.56	20.07	19.86
12.80	12.49	16.22	20.35	15.71	19.57	20.07	19.86
12.47	12.10	16.21	20.36	15.73	19.61	20.10	19.86
11.92	11.50	16.18	20.32	15.70	19.55	20.07	19.84
11.56	11.12	16.17	20.35	15.73	19.60	20.05	19.86
11.11	10.68	16.17	20.36	15.67	19.59	20.08	19.85
10.91	10.33	16.15	20.34	15.69	19.60	20.09	19.83
10.69	10.08	16.15	20.34	15.71	19.58	20.08	19.81
10.64	9.98	16.11	20.34	15.71	19.59	20.03	19.82
11.10	10.35	16.07	20.34	15.73	19.63	20.07	19.83
11.60	10.81	16.06	20.36	15.69	19.63	20.05	19.82
12.67	11.67	16.06	20.34	15.72	19.63	20.06	19.82
12.64	11.46	16.00	20.36	15.70	19.65	20.07	19.83
13.28	12.10	15.97	20.33	15.70	19.64	20.07	19.80
13.37	12.31	15.94	20.33	15.69	19.62	20.05	19.81
14.25	13.10	15.93	20.32	15.67	19.62	20.08	19.82
16.03	13.87	15.86	20.36	15.70	19.67	20.07	19.83
15.33	13.65	15.83	20.32	15.69	19.64	20.09	19.83
14.46	13.14	15.82	20.35	15.70	19.66	20.09	19.84
13.53	12.48	15.73	20.35	15.71	19.67	20.08	19.86
12.80	11.90	15.70	20.34	15.72	19.66	20.08	19.82
12.28	11.62	15.70	20.33	15.72	19.64	20.07	19.83
11.95	11.43	15.68	20.33	15.72	19.66	20.09	19.81
11.60	11.17	15.67	20.34	15.72	19.66	20.08	19.81
11.38	10.99	15.65	20.34	15.70	19.66	20.08	19.81
11.01	10.66	15.61	20.35	15.70	19.67	20.10	19.81
10.69	10.35	15.61	20.35	15.71	19.67	20.09	19.81
10.35	10.03	15.56	20.36	15.73	19.68	20.09	19.82
10.13	9.77	15.56	20.32	15.70	19.65	20.09	19.81
10.01	9.61	15.51	20.33	15.73	19.66	20.10	19.77
10.04	9.53	15.51	20.34	15.69	19.64	20.09	19.76
10.45	9.92	15.48	20.35	15.68	19.66	20.10	19.77
11.00	10.52	15.47	20.34	15.71	19.66	20.12	19.78
11.91	11.24	15.42	20.34	15.68	19.67	20.09	19.77
11.81	11.19	15.40	20.32	15.72	19.66	20.09	19.77
12.13	11.43	15.37	20.34	15.71	19.66	20.11	19.78
11.65	10.97	15.32	20.36	15.74	19.67	20.08	19.80
10.91	10.27	15.32	20.34	15.71	19.65	20.08	19.79
10.74	10.04	15.28	20.32	15.71	19.64	20.08	19.77
11.06	10.30	15.26	20.34	15.70	19.66	20.11	19.76
10.66	9.98	15.23	20.34	15.70	19.66	20.11	19.79
11.16	10.46	15.20	20.35	15.71	19.67	20.09	19.81
10.66	10.01	15.18	20.36	15.69	19.66	20.12	19.79
10.34	9.75	15.11	20.37	15.71	19.66	20.07	19.80
9.89	9.39	15.09	20.35	15.70	19.65	20.10	19.79
9.65	9.17	15.04	20.36	15.71	19.66	20.08	19.78
9.44	8.97	15.04	20.34	15.71	19.67	20.09	19.78
9.18	8.74	15.00	20.35	15.70	19.67	20.09	19.78
8.80	8.39	15.03	20.36	15.71	19.64	20.09	19.78
8.09	7.80	15.01	20.34	15.70	19.65	20.10	19.74
7.84	7.52	14.99	20.34	15.66	19.66	20.12	19.75
7.54	7.24	14.96	20.36	15.67	19.67	20.09	19.77
7.13	6.86	14.96	20.37	15.66	19.66	20.10	19.78
7.13	6.78	14.92	20.36	15.70	19.66	20.08	19.75
7.18	6.85	14.92	20.34	15.69	19.65	20.10	19.75
7.42	7.02	14.85	20.35	15.71	19.65	20.11	19.73
8.53	8.03	14.87	20.35	15.71	19.63	20.10	19.72
8.81	8.21	14.81	20.33	15.69	19.65	20.09	19.74
9.92	9.23	14.79	20.35	15.68	19.64	20.10	19.74
12.11	11.43	14.71	20.35	15.68	19.67	20.11	19.75
13.20	11.98	14.71	20.34	15.68	19.65	20.10	19.72
13.52	12.23	14.70	20.36	15.65	19.66	20.09	19.74
14.54	12.59	14.63	20.34	15.67	19.69	20.11	19.77
13.08	11.85	14.61	20.34	15.68	19.68	20.12	19.79
12.39	11.34	14.58	20.36	15.68	19.69	20.11	19.79
12.44	11.40	14.50	20.36	15.69	19.67	20.08	19.77
12.47	11.62	14.43	20.31	15.67	19.66	20.09	19.75
11.56	11.11	14.40	20.37	15.67	19.70	20.09	19.78
10.06	9.68	14.36	20.34	15.69	19.71	20.10	19.75
9.12	8.79	14.36	20.38	15.69	19.70	20.12	19.77
9.11	8.79	14.30	20.33	15.68	19.69	20.08	19.76
8.85	8.58	14.28	20.37	15.71	19.72	20.07	19.74
8.18	7.92	14.31	20.34	15.68	19.71	20.11	19.73
7.57	7.34	14.27	20.35	15.69	19.74	20.07	19.74
7.15	6.91	14.29	20.34	15.70	19.70	20.07	19.73
6.70	6.55	14.25	20.36	15.67	19.75	20.12	19.74
6.45	6.26	14.25	20.35	15.67	19.72	20.07	19.73
6.26	5.98	14.23	20.34	15.69	19.71	20.11	19.70
6.56	6.30	14.17	20.35	15.68	19.70	20.11	19.70
7.16	9.28	14.14	20.35	15.67	19.74	20.11	19.69
8.18	16.65	14.13	20.37	15.70	19.74	20.08	19.73
9.51	23.29	14.16	20.36	15.69	19.77	20.11	19.75
11.63	26.70	14.14	20.38	15.69	19.79	20.10	19.77
15.74	27.84	14.07	20.33	15.69	19.76	20.09	19.75
20.47	27.24	14.05	20.37	15.65	19.78	20.09	19.78
24.80	24.70	14.05	20.37	15.70	19.78	20.08	19.78
28.44	21.68	14.00	20.38	15.68	19.77	20.10	19.79
30.73	21.05	13.97	20.36	15.70	19.76	20.06	19.79
31.92	20.93	14.00	20.38	15.66	19.77	20.07	19.83
29.16	20.44	13.98	20.37	15.67	19.74	20.06	19.81
23.61	19.66	14.02	20.35	15.65	19.77	20.06	19.91
20.19	18.17	14.07	20.33	15.63	19.73	20.07	19.91
17.54	16.44	14.10	20.36	15.65	19.75	20.09	19.97
15.71	15.16	14.14	20.33	15.65	19.73	20.13	19.93
14.52	14.16	14.19	20.38	15.65	19.75	20.08	19.92
13.58	13.24	14.28	20.36	15.66	19.73	20.09	19.88
12.81	12.56	14.32	20.36	15.67	19.71	20.08	19.87
12.12	11.77	14.35	20.41	15.64	19.75	20.09	19.89
11.47	11.21	14.37	20.36	15.66	19.70	20.10	19.83
10.95	10.56	14.43	20.40	15.65	19.72	20.10	19.85
10.44	10.13	14.47	20.39	15.64	19.72	20.08	19.83
10.28	9.84	14.50	20.39	15.63	19.71	20.11	19.82
10.52	9.98	14.49	20.40	15.63	19.71	20.09	19.82
11.10	12.94	14.51	20.37	15.64	19.72	20.09	19.82
12.04	19.85	14.47	20.42	15.65	19.71	20.11	19.82
12.90	24.73	14.44	20.38	15.64	19.67	20.07	19.80
15.09	29.64	14.42	20.40	15.66	19.73	20.11	19.87
19.51	30.79	14.35	20.39	15.64	19.69	20.09	19.83
24.25	29.68	14.36	20.41	15.65	19.70	20.11	19.83
28.48	27.09	14.29	20.42	15.65	19.72	20.09	19.88
31.48	24.32	14.28	20.42	15.66	19.72	20.08	19.94
33.23	23.85	14.28	20.43	15.65	19.73	20.08	19.99
31.48	23.45	14.30	20.41	15.65	19.68	20.08	20.01
28.56	23.04	14.36	20.39	15.64	19.65	20.06	20.07
24.81	22.02	14.45	20.42	15.64	19.68	20.08	20.11
22.35	20.66	14.52	20.39	15.62	19.64	20.09	20.12
20.15	19.27	14.57	20.39	15.64	19.63	20.09	20.12
18.60	18.13	14.68	20.43	15.62	19.67	20.12	20.16
17.72	17.35	14.71	20.41	15.60	19.63	20.09	20.10
16.95	16.71	14.79	20.43	15.64	19.63	20.08	20.07
16.12	15.85	14.86	20.44	15.64	19.63	20.09	20.02
15.48	15.31	14.90	20.45	15.63	19.63	20.06	20.02
15.05	14.85	14.93	20.44	15.61	19.64	20.07	20.01
14.85	14.48	14.98	20.45	15.60	19.61	20.11	19.97
14.60	14.13	15.03	20.45	15.63	19.60	20.07	19.95
14.57	14.09	15.08	20.46	15.61	19.60	20.11	19.96
15.26	15.02	15.06	20.45	15.62	19.63	20.07	19.93
16.09	16.00	15.13	20.44	15.60	19.61	20.06	19.91
17.09	16.63	15.12	20.44	15.62	19.59	20.09	19.91
18.58	18.05	15.13	20.47	15.59	19.61	20.09	19.92
18.04	17.35	15.16	20.48	15.61	19.58	20.08	19.91
17.86	17.19	15.14	20.44	15.62	19.59	20.07	19.89
17.43	16.68	15.10	20.44	15.61	19.59	20.08	19.88
17.03	16.31	15.11	20.49	15.61	19.62	20.07	19.92
16.74	16.08	15.16	20.45	15.60	19.59	20.09	19.88
16.91	16.25	15.13	20.47	15.62	19.60	20.11	19.90
16.63	16.05	15.15	20.45	15.63	19.61	20.09	19.89
16.69	16.14	15.15	20.44	15.63	19.57	20.08	19.86
16.63	16.14	15.17	20.42	15.64	19.59	20.07	19.86
16.51	16.03	15.17	20.44	15.60	19.58	20.10	19.88
16.42	15.96	15.18	20.42	15.61	19.58	20.07	19.85
16.30	15.89	15.19	20.44	15.62	19.58	20.08	19.86
16.24	15.81	15.20	20.42	15.61	19.59	20.09	19.87
16.18	15.76	15.21	20.45	15.63	19.61	20.09	19.85
16.13	15.70	15.21	20.46	15.64	19.62	20.07	19.85
16.03	15.65	15.22	20.44	15.63	19.61	20.09	19.88
16.00	15.64	15.22	20.46	15.62	19.60	20.09	19.85
15.79	15.44	15.21	20.44	15.61	19.61	20.10	19.88
15.38	15.13	15.22	20.43	15.62	19.59	20.09	19.85
15.46	15.18	15.22	20.43	15.60	19.62	20.08	19.86
15.73	15.40	15.23	20.44	15.60	19.61	20.12	19.89
16.51	16.18	15.27	20.42	15.62	19.59	20.09	19.86
18.18	17.73	15.24	20.43	15.61	19.59	20.06	19.87
19.73	19.48	15.27	20.44	15.60	19.61	20.07	19.86
21.85	23.45	15.27	20.44	15.64	19.60	20.08	19.86
22.67	23.21	15.25	20.46	15.65	19.60	20.06	19.89
24.99	25.23	15.27	20.48	15.63	19.59	20.09	19.91
28.37	25.65	15.26	20.40	15.65	19.58	20.06	19.90
31.01	25.23	15.34	20.44	15.64	19.59	20.07	19.96
30.80	24.99	15.36	20.44	15.64	19.59	20.09	20.04
33.36	25.73	15.41	20.40	15.66	19.55	20.08	20.08
31.36	25.10	15.49	20.40	15.64	19.57	20.06	20.18
27.93	24.34	15.57	20.41	15.64	19.55	20.06	20.25
25.62	23.19	15.60	20.39	15.66	19.54	20.07	20.31
23.92	22.09	15.67	20.40	15.67	19.54	20.09	20.38
22.58	21.20	15.73	20.42	15.64	19.55	20.05	20.42
21.60	20.45	15.83	20.41	15.64	19.50	20.09	20.41
21.19	20.20	15.88	20.44	15.64	19.54	20.09	20.46
20.74	19.80	15.98	20.43	15.65	19.51	20.11	20.43
20.36	19.55	16.00	20.46	15.68	19.52	20.11	20.45
20.29	19.45	16.11	20.47	15.65	19.52	20.08	20.46
19.60	18.82	16.15	20.47	15.66	19.51	20.10	20.39
19.14	18.32	16.17	20.45	15.66	19.49	20.11	20.35
19.11	18.26	16.19	20.48	15.66	19.48	20.08	20.30
19.61	18.91	16.31	20.47	15.66	19.48	20.09	20.29
20.52	20.20	16.33	20.49	15.69	19.46	20.07	20.24
21.11	25.03	16.40	20.50	15.71	19.48	20.09	20.21
21.93	25.27	16.43	20.52	15.69	19.49	20.09	20.22
23.90	27.08	16.47	20.53	15.70	19.48	20.07	20.23
23.64	25.14	16.54	20.51	15.68	19.45	20.08	20.26
25.25	25.36	16.62	20.48	15.68	19.44	20.06	20.28
28.10	26.92	16.58	20.48	15.68	19.43	20.06	20.30
28.82	27.42	16.67	20.48	15.71	19.43	20.07	20.33
31.58	26.95	16.75	20.50	15.71	19.44	20.05	20.38
34.75	27.90	16.82	20.51	15.69	19.43	20.04	20.46
30.59	27.40	16.92	20.51	15.67	19.44	20.04	20.53
28.43	26.69	16.98	20.46	15.69	19.39	20.02	20.60
27.05	25.99	17.04	20.49	15.69	19.41	20.03	20.64
25.51	24.68	17.08	20.48	15.70	19.40	20.05	20.73
24.38	23.81	17.11	20.50	15.69	19.39	20.03	20.74
23.92	23.51	17.20	20.51	15.72	19.39	20.06	20.80
23.51	23.22	17.29	20.48	15.73	19.37	20.07	20.78
22.75	22.48	17.31	20.53	15.72	19.36	20.08	20.80
22.14	21.87	17.39	20.50	15.72	19.37	20.05	20.80
21.99	21.67	17.45	20.54	15.73	19.35	20.05	20.80
21.68	21.41	17.52	20.53	15.72	19.34	20.04	20.78
21.19	20.96	17.61	20.53	15.72	19.32	20.05	20.77
21.29	21.08	17.68	20.56	15.75	19.32	20.06	20.75
21.41	21.08	17.67	20.53	15.73	19.29	20.07	20.73
22.15	21.81	17.73	20.54	15.73	19.30	20.06	20.68
22.50	22.15	17.75	20.57	15.76	19.30	20.06	20.71
22.58	22.22	17.77	20.59	15.78	19.31	20.09	20.70
22.73	22.20	17.79	20.56	15.77	19.31	20.07	20.68
24.63	24.02	17.88	20.55	15.77	19.28	20.03	20.65
25.68	24.88	17.92	20.58	15.79	19.28	20.03	20.66
26.43	25.25	17.91	20.57	15.78	19.27	20.05	20.68
30.23	25.98	17.99	20.56	15.76	19.27	20.04	20.72
32.41	26.29	18.02	20.58	15.78	19.26	20.01	20.75
31.99	26.35	18.05	20.59	15.78	19.28	20.03	20.80
31.21	26.28	18.08	20.58	15.76	19.24	20.02	20.84
28.52	25.62	18.11	20.55	15.80	19.23	20.02	20.86
26.15	23.91	18.09	20.56	15.80	19.25	20.03	20.95
24.44	22.80	18.09	20.55	15.81	19.22	20.05	20.95
22.93	21.61	18.09	20.58	15.82	19.24	20.05	20.99
21.97	20.66	18.14	20.59	15.82	19.23	20.02	21.01
21.66	20.42	18.16	20.60	15.81	19.25	20.04	20.99
21.32	20.19	18.18	20.57	15.81	19.20	20.06	20.95
21.16	20.09	18.21	20.62	15.81	19.22	20.06	20.94
21.25	20.14	18.29	20.61	15.84	19.20	20.06	20.91
21.34	20.34	18.32	20.60	15.84	19.22	20.07	20.92
21.19	20.11	18.35	20.60	15.84	19.20	20.08	20.85
21.34	20.34	18.38	20.59	15.84	19.20	20.07	20.83
21.10	20.05	18.35	20.62	15.85	19.21	20.06	20.80
20.94	19.89	18.33	20.63	15.87	19.22	20.07	20.80
20.77	19.72	18.28	20.63	15.88	19.20	20.06	20.77
20.94	19.88	18.26	20.61	15.86	19.20	20.03	20.71
20.86	19.87	18.29	20.63	15.90	19.17	20.07	20.71
21.95	20.85	18.28	20.64	15.90	19.20	20.06	20.69
22.50	21.28	18.37	20.61	15.90	19.18	20.05	20.67
24.12	22.69	18.35	20.64	15.90	19.20	20.02	20.66
29.07	23.82	18.39	20.65	15.94	19.21	20.04	20.68
28.70	24.38	18.44	20.64	15.94	19.20	20.06	20.69
27.69	24.24	18.41	20.64	15.96	19.20	20.04	20.72
28.02	24.49	18.48	20.61	15.94	19.18	20.05	20.72
26.05	23.59	18.50	20.65	15.91	19.20	20.00	20.78
24.51	22.84	18.50	20.64	15.99	19.20	20.03	20.83
23.24	21.92	18.52	20.60	15.98	19.18	20.05	20.82
22.33	21.18	18.54	20.62	15.96	19.18	20.06	20.86
21.53	20.85	18.53	20.64	15.99	19.18	20.07	20.86
20.67	20.33	18.55	20.67	16.00	19.19	20.07	20.88
20.40	19.94	18.58	20.62	16.01	19.19	20.05	20.86
19.75	19.32	18.57	20.66	16.01	19.21	20.06	20.87
19.35	18.88	18.58	20.66	16.00	19.19	20.07	20.85
18.71	18.27	18.56	20.66	16.01	19.19	20.04	20.84
18.22	17.77	18.56	20.64	16.01	19.15	20.05	20.79
18.50	17.98	18.52	20.67	16.04	19.21	20.07	20.77
18.88	18.36	18.52	20.67	16.07	19.19	20.04	20.73
19.40	19.51	18.53	20.68	16.06	19.22	20.06	20.70
19.76	22.09	18.51	20.69	16.08	19.21	20.05	20.68
19.90	24.56	18.51	20.68	16.09	19.20	20.08	20.65
21.07	24.24	18.52	20.67	16.10	19.19	20.06	20.65
23.07	25.94	18.47	20.67	16.12	19.21	20.10	20.63
24.69	25.70	18.44	20.69	16.13	19.24	20.08	20.63
24.43	24.44	18.44	20.68	16.10	19.20	20.08	20.61
26.94	23.31	18.44	20.68	16.13	19.23	20.07	20.62
30.73	22.96	18.43	20.68	16.15	19.21	20.06	20.62
30.89	22.24	18.41	20.65	16.16	19.20	20.06	20.63
26.18	21.50	18.42	20.67	16.13	19.20	20.08	20.67
23.93	20.90	18.42	20.67	16.14	19.20	20.08	20.69
21.75	19.76	18.41	20.68	16.16	19.23	20.06	20.73
20.26	18.66	18.41	20.65	16.18	19.24	20.10	20.76
19.51	18.21	18.43	20.66	16.15	19.21	20.09	20.70
18.72	17.60	18.43	20.68	16.17	19.24	20.07	20.70
18.34	17.28	18.43	20.69	16.20	19.23	20.07	20.69
17.25	16.34	18.43	20.68	16.18	19.24	20.08	20.65
16.34	15.53	18.40	20.67	16.19	19.27	20.09	20.59
15.70	14.90	18.36	20.67	16.23	19.25	20.06	20.54
15.02	14.23	18.33	20.69	16.20	19.27	20.08	20.52
14.51	13.66	18.31	20.70	16.21	19.24	20.07	20.49
14.39	13.52	18.31	20.67	16.19	19.23	20.07	20.45
14.29	13.35	18.29	20.69	16.22	19.27	20.09	20.41
14.98	14.15	18.23	20.68	16.24	19.25	20.10	20.41
15.62	21.79	18.19	20.68	16.22	19.26	20.09	20.37
15.25	27.52	18.16	20.67	16.21	19.26	20.07	20.38
16.45	30.52	18.09	20.72	16.25	19.29	20.09	20.39
20.05	30.78	18.06	20.65	16.23	19.28	20.11	20.34
24.06	29.27	18.01	20.69	16.22	19.30	20.07	20.36
28.25	27.27	17.96	20.70	16.26	19.32	20.08	20.35
31.03	24.24	17.92	20.67	16.26	19.29	20.10	20.32
30.36	23.53	17.86	20.69	16.24	19.31	20.13	20.34
26.76	22.61	17.86	20.67	16.27	19.32	20.06	20.36
25.64	22.15	17.85	20.67	16.27	19.33	20.11	20.35
22.56	20.74	17.86	20.66	16.24	19.33	20.10	20.36
20.63	19.97	17.87	20.66	16.31	19.34	20.09	20.38
18.81	18.51	17.89	20.66	16.29	19.32	20.09	20.38
17.56	17.50	17.92	20.64	16.29	19.32	20.11	20.35
16.64	16.68	17.93	20.64	16.32	19.34	20.10	20.32
15.54	15.60	17.90	20.64	16.31	19.33	20.08	20.31
14.72	14.72	17.95	20.65	16.31	19.35	20.11	20.32
13.94	13.93	18.00	20.67	16.32	19.36	20.08	20.30
13.13	13.13	17.97	20.65	16.32	19.35	20.09	20.27
12.70	12.61	17.95	20.65	16.32	19.35	20.09	20.24
12.11	11.98	17.97	20.64	16.33	19.37	20.11	20.22
11.98	11.68	17.95	20.62	16.32	19.35	20.09	20.20
12.12	11.69	17.90	20.63	16.34	19.37	20.10	20.19
12.29	14.43	17.91	20.64	16.33	19.39	20.10	20.18
12.73	21.19	17.88	20.61	16.35	19.38	20.13	20.17
13.52	28.04	17.79	20.63	16.37	19.41	20.08	20.18
15.20	30.46	17.79	20.62	16.35	19.41	20.12	20.17
19.30	31.89	17.75	20.61	16.37	19.41	20.09	20.18
23.79	30.73	17.66	20.59	16.39	19.39	20.11	20.15
28.52	28.38	17.61	20.61	16.38	19.40	20.07	20.15
32.20	25.66	17.57	20.61	16.41	19.42	20.12	20.18
31.18	24.91	17.54	20.60	16.39	19.44	20.09	20.20
32.17	24.32	17.52	20.59	16.42	19.44	20.09	20.22
27.25	23.35	17.50	20.60	16.40	19.46	20.08	20.28
24.90	23.03	17.52	20.59	16.40	19.42	20.10	20.28
22.16	21.35	17.54	20.61	16.40	19.46	20.09	20.34
19.92	19.71	17.60	20.59	16.40	19.44	20.13	20.34
18.03	18.20	17.62	20.60	16.42	19.47	20.12	20.31
16.65	16.96	17.68	20.59	16.43	19.44	20.13	20.32
15.70	16.02	17.67	20.58	16.43	19.45	20.09	20.30
15.06	15.24	17.72	20.60	16.44	19.47	20.10	20.25
14.39	14.54	17.71	20.61	16.43	19.47	20.08	20.24
13.77	13.80	17.72	20.60	16.42	19.46	20.09	20.22
13.77	13.61	17.72	20.59	16.44	19.48	20.09	20.18
13.34	13.17	17.75	20.60	16.44	19.50	20.12	20.17
13.51	13.27	17.75	20.58	16.48	19.47	20.14	20.13
14.20	13.92	17.71	20.59	16.45	19.49	20.13	20.19
15.14	15.94	17.70	20.58	16.46	19.49	20.09	20.14
16.69	17.60	17.69	20.59	16.45	19.49	20.12	20.14
18.35	20.29	17.64	20.59	16.47	19.52	20.12	20.13
19.94	21.66	17.59	20.56	16.48	19.47	20.14	20.12
21.94	23.26	17.57	20.58	16.49	19.51	20.13	20.15
25.02	25.04	17.54	20.57	16.49	19.51	20.13	20.14
25.84	24.40	17.49	20.57	16.53	19.51	20.15	20.12
24.23	23.24	17.46	20.56	16.50	19.49	20.12	20.14
22.51	22.04	17.45	20.55	16.48	19.52	20.14	20.18
21.34	21.10	17.41	20.58	16.50	19.51	20.16	20.20
20.58	20.55	17.41	20.56	16.51	19.51	20.12	20.20
19.58	19.54	17.43	20.58	16.53	19.52	20.13	20.20
18.60	18.59	17.45	20.55	16.53	19.50	20.16	20.20
17.98	18.13	17.50	20.53	16.52	19.49	20.16	20.16
17.44	17.58	17.51	20.58	16.53	19.50	20.14	20.19
17.10	17.20	17.48	20.53	16.56	19.48	20.18	20.13
16.70	16.83	17.50	20.54	16.54	19.47	20.15	20.12
16.45	16.52	17.53	20.58	16.54	19.51	20.16	20.16
16.15	16.24	17.55	20.56	16.54	19.47	20.12	20.12
15.90	15.94	17.55	20.57	16.55	19.50	20.13	20.13
15.69	15.71	17.56	20.55	16.53	19.50	20.14	20.10
15.62	15.56	17.57	20.54	16.54	19.48	20.11	20.08
15.50	15.43	17.56	20.55	16.58	19.49	20.11	20.08
15.52	15.42	17.52	20.54	16.56	19.52	20.12	20.09
15.54	15.37	17.55	20.54	16.56	19.49	20.13	20.07
16.83	16.45	17.54	20.53	16.54	19.51	20.13	20.05
18.60	21.88	17.49	20.55	16.58	19.53	20.12	20.08
18.63	18.99	17.46	20.53	16.57	19.52	20.13	20.06
19.24	19.20	17.48	20.53	16.58	19.52	20.11	20.08
17.74	17.66	17.46	20.56	16.62	19.56	20.13	20.07
17.64	17.45	17.43	20.53	16.61	19.52	20.14	20.07
17.35	17.22	17.43	20.52	16.59	19.53	20.12	20.07
17.85	17.74	17.42	20.50	16.58	19.50	20.11	20.06
17.62	17.53	17.40	20.49	16.59	19.53	20.13	20.07
17.53	17.42	17.38	20.51	16.60	19.52	20.13	20.09
16.75	16.60	17.39	20.52	16.60	19.54	20.13	20.09
16.22	16.12	17.38	20.51	16.60	19.55	20.10	20.08
15.80	15.80	17.36	20.52	16.60	19.55	20.10	20.09
15.38	15.37	17.35	20.49	16.61	19.51	20.13	20.04
15.09	15.08	17.38	20.49	16.62	19.56	20.13	20.06
14.92	14.89	17.33	20.54	16.63	19.55	20.12	20.08
14.67	14.68	17.34	20.51	16.64	19.56	20.12	20.04
14.45	14.42	17.33	20.51	16.61	19.54	20.15	20.04
14.33	14.30	17.33	20.55	16.62	19.59	20.13	20.06
14.18	14.11	17.31	20.52	16.61	19.56	20.14	20.01
13.94	13.87	17.29	20.51	16.60	19.55	20.13	20.01
13.78	13.71	17.27	20.48	16.62	19.54	20.15	20.01
13.92	13.82	17.26	20.48	16.61	19.54	20.09	20.01
14.21	14.01	17.26	20.48	16.63	19.54	20.11	20.01
14.63	14.41	17.23	20.48	16.63	19.55	20.11	19.99
14.90	14.65	17.18	20.53	16.61	19.58	20.14	20.03
15.51	15.20	17.15	20.49	16.60	19.59	20.14	20.02
16.64	16.21	17.13	20.50	16.60	19.58	20.13	20.04
17.07	16.46	17.13	20.48	16.64	19.55	20.13	19.99
17.16	16.60	17.09	20.47	16.60	19.55	20.11	19.99
18.63	17.82	17.09	20.50	16.62	19.57	20.11	20.02
17.84	17.25	17.04	20.48	16.64	19.54	20.13	20.00
17.48	17.01	16.98	20.46	16.64	19.57	20.10	20.00
17.12	16.57	17.00	20.47	16.63	19.59	20.13	20.01
16.70	16.31	16.98	20.48	16.67	19.58	20.13	20.01
16.09	15.77	16.93	20.52	16.64	19.59	20.08	20.02
15.66	15.45	16.94	20.49	16.65	19.58	20.13	20.03
15.31	15.13	16.94	20.46	16.66	19.58	20.14	19.99
15.04	14.88	16.95	20.47	16.65	19.58	20.12	19.99
14.84	14.70	16.91	20.49	16.66	19.60	20.12	20.01
14.70	14.59	16.96	20.46	16.67	19.55	20.13	20.00
14.53	14.37	16.94	20.48	16.67	19.60	20.11	19.99
14.40	14.26	16.90	20.47	16.66	19.59	20.10	20.01
14.28	14.07	16.91	20.47	16.66	19.58	20.13	20.00
14.24	14.03	16.91	20.48	16.65	19.59	20.11	19.99
14.25	14.00	16.90	20.48	16.66	19.61	20.13	19.99
14.40	14.12	16.90	20.48	16.67	19.59	20.12	19.97
14.79	14.44	16.87	20.47	16.66	19.58	20.12	19.99
15.59	15.13	16.84	20.47	16.67	19.58	20.12	20.00
16.42	15.90	16.83	20.46	16.66	19.57	20.08	19.99
16.96	16.40	16.81	20.45	16.65	19.56	20.10	19.96
18.10	17.77	16.77	20.46	16.67	19.57	20.08	19.97
19.01	18.70	16.77	20.45	16.67	19.58	20.09	19.97
22.12	20.31	16.80	20.44	16.65	19.59	20.09	20.01
23.69	20.02	16.78	20.46	16.67	19.59	20.07	19.99
25.32	20.19	16.77	20.47	16.64	19.59	20.09	20.02
23.05	19.20	16.75	20.46	16.63	19.58	20.09	20.05
25.97	19.27	16.74	20.47	16.67	19.58	20.08	20.06
22.44	18.72	16.74	20.47	16.65	19.58	20.08	20.08
20.14	17.85	16.76	20.45	16.59	19.59	20.06	20.12
18.22	16.53	16.80	20.47	16.64	19.58	20.08	20.13
16.95	15.60	16.78	20.47	16.64	19.57	20.12	20.14
16.11	15.00	16.78	20.44	16.66	19.57	20.13	20.10
15.42	14.44	16.82	20.49	16.68	19.60	20.12	20.10
14.86	13.94	16.80	20.45	16.66	19.60	20.09	20.09
14.45	13.56	16.87	20.46	16.68	19.57	20.11	20.06
14.14	13.25	16.88	20.49	16.68	19.60	20.12	20.08
13.70	12.84	16.87	20.49	16.67	19.60	20.12	20.03
13.33	12.44	16.86	20.48	16.65	19.61	20.14	20.03
13.38	12.55	16.86	20.49	16.65	19.57	20.10	20.01
14.05	13.26	16.85	20.49	16.66	19.61	20.09	20.04
15.24	14.51	16.85	20.48	16.65	19.58	20.12	20.00
16.17	20.45	16.79	20.48	16.68	19.58	20.12	20.01
16.82	24.84	16.75	20.47	16.66	19.57	20.12	20.01
18.32	27.98	16.71	20.49	16.68	19.59	20.12	20.03
21.92	29.49	16.70	20.48	16.67	19.58	20.08	20.03
25.77	28.97	16.63	20.48	16.72	19.59	20.06	20.01
29.21	27.59	16.58	20.51	16.71	19.62	20.10	20.05
30.68	26.28	16.58	20.47	16.67	19.57	20.07	20.06
29.34	25.77	16.59	20.45	16.72	19.58	20.09	20.10
29.35	25.39	16.64	20.47	16.68	19.59	20.08	20.13
27.77	24.79	16.70	20.50	16.66	19.59	20.07	20.21
25.84	24.29	16.76	20.45	16.67	19.57	20.08	20.25
24.00	23.07	16.82	20.45	16.67	19.59	20.05	20.28
22.35	21.93	16.91	20.46	16.66	19.56	20.06	20.32
21.42	21.26	16.95	20.47	16.68	19.58	20.09	20.34
20.66	20.68	17.02	20.46	16.64	19.57	20.07	20.37
20.22	20.29	17.08	20.51	16.70	19.59	20.09	20.38
19.75	19.86	17.13	20.50	16.67	19.56	20.12	20.38
19.34	19.43	17.19	20.50	16.67	19.58	20.09	20.36
19.04	19.06	17.22	20.50	16.66	19.57	20.12	20.33
18.78	18.74	17.28	20.48	16.64	19.53	20.08	20.29
18.48	18.48	17.33	20.50	16.66	19.55	20.09	20.28
18.33	18.22	17.35	20.50	16.66	19.54	20.08	20.27
18.35	18.20	17.38	20.51	16.69	19.54	20.09	20.23
18.55	18.38	17.40	20.48	16.67	19.53	20.09	20.18
18.37	18.11	17.40	20.50	16.69	19.51	20.08	20.16
18.32	17.98	17.42	20.53	16.69	19.56	20.09	20.18
18.24	17.99	17.43	20.55	16.70	19.53	20.08	20.18
18.13	17.78	17.42	20.51	16.68	19.53	20.08	20.15
18.16	17.81	17.43	20.55	16.69	19.54	20.07	20.16
18.08	17.72	17.43	20.52	16.68	19.54	20.06	20.16
18.18	17.73	17.38	20.53	16.66	19.55	20.03	20.16
17.81	17.50	17.36	20.51	16.66	19.54	20.01	20.13
17.54	17.13	17.36	20.49	16.68	19.50	19.97	20.10
17.42	16.99	17.34	20.50	16.68	19.52	19.95	20.10
17.03	16.67	17.41	20.48	16.66	19.50	19.91	20.11
16.67	16.25	17.40	20.53	16.67	19.53	19.88	20.09
16.27	15.93	17.35	20.50	16.68	19.53	19.81	20.12
16.03	15.73	17.37	20.53	16.69	19.55	19.76	20.11
15.78	15.46	17.37	20.49	16.63	19.51	19.77	20.07
15.57	15.27	17.33	20.50	16.66	19.54	19.71	20.08
15.39	15.06	17.34	20.51	16.63	19.55	19.69	20.07
15.32	14.98	17.36	20.48	16.63	19.54	19.65	20.05
15.24	14.84	17.34	20.49	16.61	19.52	19.62	20.02
15.04	14.71	17.31	20.48	16.63	19.52	19.59	20.04
14.92	14.58	17.30	20.50	16.62	19.51	19.54	20.02
14.95	14.61	17.29	20.47	16.62	19.53	19.50	20.03
15.16	14.78	17.25	20.48	16.64	19.54	19.47	20.04
15.85	15.36	17.27	20.49	16.61	19.55	19.44	20.03
17.25	17.68	17.20	20.50	16.63	19.55	19.41	20.05
18.65	18.76	17.22	20.47	16.61	19.53	19.39	20.03
19.46	19.23	17.19	20.49	16.60	19.55	19.35	20.07
22.64	24.22	17.16	20.48	16.60	19.56	19.32	20.04
25.22	25.02	17.14	20.48	16.60	19.56	19.31	20.05
24.84	24.15	17.12	20.47	16.60	19.52	19.24	20.08
29.69	24.38	17.08	20.47	16.59	19.54	19.21	20.11
29.24	23.73	17.09	20.47	16.59	19.55	19.18	20.14
24.68	22.00	17.08	20.49	16.56	19.55	19.19	20.20
22.57	20.83	17.11	20.45	16.56	19.55	19.17	20.25
21.66	20.47	17.17	20.45	16.58	19.53	19.22	20.25
20.53	19.70	17.19	20.46	16.56	19.52	19.20	20.27
19.63	19.04	17.23	20.49	16.56	19.56	19.20	20.28
18.81	18.23	17.25	20.47	16.55	19.54	19.21	20.28
17.65	17.35	17.31	20.48	16.56	19.55	19.18	20.26
16.79	16.53	17.31	20.47	16.58	19.52	19.16	20.26
16.31	16.07	17.32	20.49	16.61	19.54	19.14	20.24
15.84	15.52	17.37	20.48	16.58	19.54	19.13	20.18
15.32	14.93	17.37	20.50	16.55	19.56	19.12	20.22
14.79	14.46	17.38	20.51	16.54	19.52	19.09	20.15
14.40	14.07	17.41	20.50	16.53	19.53	19.08	20.13
14.12	13.69	17.43	20.49	16.55	19.53	19.07	20.11
14.42	13.93	17.42	20.46	16.53	19.52	19.06	20.11
15.05	17.14	17.42	20.49	16.55	19.52	19.02	20.12
15.89	23.84	17.42	20.49	16.55	19.52	18.98	20.09
16.78	29.67	17.41	20.47	16.53	19.53	18.97	20.09
18.39	32.75	17.39	20.50	16.54	19.56	18.96	20.11
22.41	33.64	17.35	20.46	16.58	19.52	18.95	20.09
25.88	31.86	17.33	20.49	16.55	19.55	18.98	20.11
28.45	29.96	17.29	20.48	16.51	19.54	18.93	20.11
32.04	27.72	17.26	20.51	16.55	19.55	18.92	20.18
33.03	27.38	17.27	20.47	16.54	19.52	18.94	20.19
35.19	27.45	17.34	20.51	16.53	19.53	18.92	20.26
32.58	26.69	17.37	20.51	16.51	19.52	18.92	20.35
28.69	25.79	17.40	20.46	16.50	19.52	18.95	20.40
25.95	24.35	17.47	20.49	16.50	19.52	18.98	20.48
23.45	22.69	17.54	20.46	16.50	19.49	18.97	20.51
21.84	21.52	17.61	20.46	16.48	19.50	19.01	20.54
20.69	20.66	17.65	20.46	16.48	19.50	19.00	20.56
19.77	19.83	17.68	20.50	16.52	19.53	19.03	20.57
18.83	18.94	17.73	20.51	16.51	19.50	19.01	20.55
18.21	18.30	17.78	20.51	16.49	19.52	19.04	20.53
17.61	17.68	17.81	20.53	16.50	19.51	19.02	20.49
17.10	17.18	17.84	20.53	16.53	19.51	19.05	20.47
16.69	16.68	17.82	20.51	16.51	19.49	18.99	20.38
16.76	16.77	17.84	20.52	16.51	19.48	19.01	20.35
17.52	17.38	17.83	20.53	16.52	19.48	18.97	20.33
17.93	17.67	17.81	20.54	16.52	19.48	18.97	20.29
19.32	20.67	17.82	20.53	16.50	19.49	18.97	20.27
19.88	29.68	17.81	20.53	16.48	19.48	18.95	20.27
21.34	32.97	17.76	20.54	16.50	19.48	18.94	20.30
24.84	34.24	17.75	20.54	16.48	19.50	18.92	20.28
29.02	33.81	17.75	20.57	16.49	19.48	18.91	20.30
32.76	31.37	17.75	20.53	16.48	19.47	18.90	20.30
36.16	28.68	17.74	20.53	16.45	19.44	18.93	20.31
37.52	27.48	17.75	20.55	16.43	19.48	18.89	20.36
38.08	26.96	17.75	20.53	16.43	19.47	18.87	20.42
35.03	26.12	17.80	20.51	16.42	19.46	18.90	20.49
29.34	24.89	17.83	20.57	16.42	19.48	18.89	20.61
26.10	23.72	17.84	20.54	16.41	19.46	18.88	20.65
24.04	22.37	17.98	20.52	16.44	19.45	18.95	20.69
22.44	21.22	18.05	20.54	16.42	19.44	18.97	20.73
21.31	20.37	18.09	20.56	16.44	19.47	18.96	20.75
20.22	19.46	18.11	20.57	16.46	19.45	18.98	20.73
19.49	18.78	18.16	20.53	16.44	19.41	18.99	20.68
18.62	17.92	18.25	20.58	16.45	19.44	19.01	20.70
17.96	17.18	18.27	20.58	16.48	19.43	19.00	20.65
17.31	16.58	18.28	20.60	16.47	19.44	18.99	20.58
16.74	15.93	18.30	20.61	16.45	19.47	18.95	20.54
16.61	15.67	18.30	20.60	16.45	19.43	18.95	20.48
16.75	15.81	18.28	20.63	16.45	19.42	18.91	20.47
17.19	18.71	18.31	20.60	16.46	19.44	18.95	20.42
17.88	25.55	18.33	20.60	16.45	19.44	18.89	20.40
18.91	31.55	18.27	20.62	16.45	19.41	18.91	20.38
21.17	31.01	18.22	20.61	16.47	19.44	18.88	20.37
22.92	28.28	18.22	20.60	16.48	19.46	18.87	20.34
25.33	28.22	18.15	20.64	16.47	19.45	18.85	20.34
28.24	27.75	18.11	20.62	16.47	19.46	18.87	20.39
29.07	26.56	18.12	20.61	16.45	19.43	18.84	20.38
30.05	26.32	18.10	20.61	16.49	19.43	18.85	20.42
28.51	25.33	18.11	20.61	16.46	19.40	18.88	20.42
27.43	24.94	18.08	20.60	16.45	19.43	18.86	20.49
25.45	24.14	18.13	20.60	16.46	19.41	18.86	20.50
23.82	23.32	18.16	20.61	16.45	19.43	18.89	20.51
22.34	22.25	18.19	20.62	16.48	19.45	18.88	20.59
21.04	21.14	18.21	20.60	16.48	19.42	18.91	20.57
19.88	20.00	18.25	20.61	16.48	19.42	18.90	20.56
18.74	18.86	18.21	20.60	16.50	19.40	18.88	20.55
18.05	18.16	18.26	20.62	16.46	19.41	18.92	20.54
17.78	17.91	18.25	20.64	16.47	19.43	18.92	20.52
16.88	16.86	18.24	20.61	16.48	19.40	18.89	20.47
16.58	16.46	18.25	20.61	16.52	19.40	18.89	20.43
16.52	16.31	18.28	20.59	16.48	19.41	18.86	20.41
16.45	16.11	18.25	20.62	16.48	19.43	18.84	20.38
16.61	16.36	18.26	20.60	16.49	19.40	18.84	20.35
17.12	16.68	18.22	20.64	16.48	19.41	18.81	20.35
17.52	16.94	18.20	20.62	16.47	19.42	18.79	20.32
17.91	17.25	18.16	20.64	16.47	19.43	18.83	20.29
17.71	16.99	18.14	20.62	16.47	19.43	18.78	20.29
17.35	16.69	18.09	20.62	16.47	19.44	18.78	20.28
16.92	16.25	18.07	20.60	16.49	19.43	18.79	20.26
16.86	16.13	18.07	20.59	16.49	19.41	18.77	20.23
17.23	16.39	18.05	20.59	16.49	19.41	18.73	20.21
17.56	16.63	18.03	20.59	16.48	19.41	18.72	20.22
16.86	16.07	17.98	20.58	16.50	19.44	18.71	20.23
16.67	15.92	17.96	20.59	16.49	19.43	18.70	20.17
16.89	15.90	17.91	20.58	16.47	19.44	18.69	20.19
16.45	15.57	17.90	20.62	16.50	19.46	18.65	20.19
16.03	15.33	17.88	20.58	16.50	19.44	18.66	20.16
15.75	15.06	17.88	20.57	16.51	19.45	18.66	20.16
15.50	14.81	17.85	20.58	16.51	19.46	18.59	20.16
14.73	14.06	17.80	20.58	16.49	19.47	18.60	20.17
14.42	13.72	17.77	20.59	16.49	19.48	18.60	20.17
14.40	13.81	17.75	20.59	16.51	19.47	18.58	20.16
14.40	13.73	17.72	20.56	16.51	19.49	18.56	20.15
14.44	13.78	17.71	20.55	16.50	19.47	18.53	20.13
14.26	13.55	17.68	20.55	16.50	19.49	18.51	20.12
14.24	13.51	17.65	20.56	16.48	19.49	18.49	20.11
14.59	13.78	17.59	20.55	16.48	19.47	18.49	20.11
14.96	14.14	17.54	20.55	16.53	19.47	18.47	20.11
15.15	14.32	17.51	20.54	16.51	19.51	18.47	20.13
15.76	14.87	17.44	20.54	16.50	19.49	18.46	20.12
17.54	16.70	17.41	20.54	16.52	19.50	18.44	20.08
18.16	17.18	17.33	20.53	16.54	19.50	18.41	20.11
22.35	21.06	17.32	20.50	16.52	19.48	18.43	20.09
22.22	20.20	17.30	20.56	16.54	19.51	18.44	20.14
25.73	20.08	17.30	20.53	16.51	19.51	18.43	20.11
24.13	19.92	17.31	20.53	16.54	19.53	18.42	20.14
24.37	18.99	17.28	20.52	16.51	19.50	18.40	20.14
23.91	18.58	17.27	20.52	16.50	19.50	18.40	20.18
20.93	18.03	17.26	20.52	16.51	19.52	18.39	20.19
18.97	16.94	17.23	20.51	16.51	19.54	18.41	20.22
17.30	15.72	17.28	20.52	16.52	19.52	18.42	20.21
15.93	14.63	17.26	20.52	16.51	19.53	18.43	20.20
14.94	13.87	17.25	20.49	16.52	19.52	18.39	20.15
14.23	13.23	17.26	20.52	16.53	19.54	18.42	20.19
13.65	12.69	17.24	20.53	16.49	19.55	18.38	20.16
13.05	12.17	17.26	20.51	16.53	19.52	18.35	20.13
12.60	11.69	17.30	20.51	16.50	19.53	18.35	20.11
12.29	11.37	17.26	20.52	16.53	19.54	18.37	20.11
12.19	11.19	17.27	20.49	16.49	19.53	18.34	20.09
12.49	11.49	17.23	20.53	16.50	19.53	18.34	20.08
13.38	12.51	17.19	20.50	16.50	19.56	18.30	20.10
14.46	13.60	17.20	20.50	16.50	19.55	18.28	20.08
15.66	14.92	17.13	20.52	16.49	19.57	18.28	20.09
16.74	17.04	17.11	20.52	16.50	19.56	18.27	20.08
17.75	26.20	17.05	20.49	16.52	19.53	18.24	20.06
19.78	24.05	17.04	20.52	16.51	19.57	18.24	20.09
20.56	22.19	16.93	20.52	16.48	19.58	18.24	20.11
19.70	20.32	16.90	20.50	16.51	19.56	18.25	20.09
26.19	21.00	16.89	20.50	16.53	19.58	18.25	20.10
22.67	20.38	16.85	20.51	16.50	19.57	18.25	20.10
21.70	19.95	16.89	20.47	16.52	19.55	18.23	20.11
22.16	19.89	16.89	20.52	16.53	19.58	18.24	20.12
20.91	19.54	16.92	20.48	16.52	19.55	18.26	20.14
19.00	18.68	16.93	20.52	16.49	19.58	18.24	20.18
17.33	17.25	16.98	20.54	16.50	19.58	18.27	20.22
16.44	16.44	17.04	20.49	16.52	19.57	18.27	20.15
15.39	15.47	17.00	20.53	16.49	19.61	18.27	20.15
14.47	14.61	17.04	20.51	16.51	19.60	18.27	20.15
13.68	13.79	17.07	20.51	16.48	19.58	18.25	20.13
13.00	13.15	17.08	20.49	16.48	19.58	18.25	20.14
12.53	12.61	17.10	20.52	16.46	19.57	18.26	20.10
11.87	11.92	17.13	20.48	16.47	19.59	18.24	20.08
11.49	11.39	17.14	20.49	16.48	19.60	18.24	20.09
11.39	11.26	17.13	20.51	16.44	19.57	18.25	20.05
11.75	11.57	17.11	20.49	16.45	19.58	18.22	20.07
12.31	14.29	17.08	20.52	16.44	19.61	18.21	20.08
13.09	20.65	17.07	20.51	16.46	19.60	18.18	20.07
14.00	27.87	17.07	20.49	16.46	19.58	18.19	20.06
15.83	30.91	17.06	20.50	16.45	19.59	18.17	20.06
19.91	31.76	16.97	20.51	16.44	19.62	18.17	20.09
25.22	31.35	17.00	20.47	16.47	19.60	18.15	20.10
27.68	28.69	16.92	20.50	16.48	19.61	18.16	20.10
31.60	25.93	16.90	20.48	16.43	19.58	18.19	20.08
34.38	25.03	16.90	20.52	16.47	19.62	18.19	20.15
35.36	24.78	16.89	20.50	16.45	19.63	18.15	20.19
29.84	23.59	16.87	20.49	16.45	19.60	18.16	20.21
26.76	22.83	16.91	20.49	16.42	19.59	18.19	20.32
24.01	22.15	16.97	20.48	16.44	19.59	18.21	20.35
21.65	20.60	17.04	20.48	16.45	19.60	18.25	20.40
19.89	19.29	17.06	20.49	16.46	19.59	18.27	20.42
18.60	18.17	17.13	20.50	16.44	19.59	18.26	20.43
17.45	17.17	17.18	20.51	16.47	19.60	18.29	20.42
16.50	16.33	17.20	20.50	16.46	19.59	18.28	20.37
16.03	15.82	17.20	20.53	16.45	19.61	18.29	20.38
15.51	15.27	17.23	20.53	16.44	19.59	18.28	20.32
14.86	14.60	17.24	20.52	16.44	19.59	18.31	20.30
14.30	13.94	17.29	20.51	16.44	19.58	18.30	20.25
14.07	13.69	17.29	20.54	16.45	19.59	18.26	20.25
14.31	13.74	17.32	20.51	16.41	19.56	18.27	20.20
14.84	16.48	17.33	20.52	16.42	19.58	18.28	20.20
15.64	23.02	17.31	20.55	16.41	19.58	18.24	20.15
16.53	29.19	17.27	20.53	16.44	19.57	18.25	20.20
18.79	28.71	17.19	20.52	16.46	19.57	18.23	20.21
21.86	28.38	17.17	20.51	16.46	19.60	18.21	20.18
22.80	26.09	17.16	20.51	16.47	19.57	18.25	20.22
24.87	25.75	17.06	20.55	16.45	19.59	18.23	20.21
26.67	25.44	17.08	20.55	16.45	19.61	18.24	20.21
30.35	25.12	17.11	20.53	16.48	19.56	18.24	20.23
31.71	24.69	17.08	20.52	16.45	19.57	18.26	20.27
27.94	24.21	17.13	20.54	16.46	19.58	18.26	20.35
25.09	23.38	17.10	20.53	16.46	19.59	18.27	20.39
23.45	22.58	17.17	20.51	16.44	19.56	18.29	20.42
21.74	21.40	17.19	20.53	16.45	19.56	18.31	20.47
20.48	20.35	17.24	20.51	16.44	19.51	18.33	20.42
19.61	19.63	17.27	20.51	16.45	19.50	18.33	20.43
19.28	19.30	17.30	20.53	16.45	19.50	18.34	20.43
18.83	18.83	17.33	20.54	16.41	19.49	18.36	20.44
17.97	17.99	17.39	20.56	16.45	19.50	18.34	20.43
17.65	17.57	17.38	20.53	16.45	19.48	18.34	20.37
17.10	17.11	17.39	20.53	16.42	19.45	18.34	20.35
16.50	16.37	17.41	20.53	16.45	19.45	18.35	20.30
16.83	16.66	17.43	20.52	16.42	19.43	18.34	20.26
17.44	17.44	17.45	20.53	16.43	19.43	18.33	20.29
17.55	19.44	17.46	20.51	16.44	19.42	18.31	20.25
18.23	25.92	17.44	20.55	16.41	19.43	18.35	20.28
19.19	32.58	17.46	20.55	16.43	19.40	18.37	20.26
21.00	35.52	17.47	20.53	16.43	19.38	18.39	20.27
24.77	35.56	17.44	20.54	16.44	19.36	18.43	20.27
27.50	33.59	17.40	20.53	16.42	19.39	18.45	20.29
29.29	31.38	17.40	20.52	16.41	19.33	18.46	20.31
35.10	29.96	17.43	20.51	16.44	19.35	18.47	20.36
37.06	29.43	17.44	20.51	16.42	19.34	18.50	20.39
38.86	29.09	17.47	20.53	16.40	19.31	18.49	20.49
35.83	28.46	17.50	20.49	16.42	19.30	18.52	20.53
31.26	27.45	17.57	20.51	16.36	19.31	18.53	20.66
28.32	26.30	17.63	20.49	16.38	19.28	18.54	20.74
25.82	24.69	17.69	20.50	16.39	19.27	18.59	20.80
24.20	23.58	17.79	20.49	16.42	19.27	18.63	20.86
23.18	22.70	17.86	20.50	16.42	19.25	18.64	20.86
22.34	21.98	17.88	20.52	16.41	19.26	18.64	20.89
21.82	21.49	17.96	20.51	16.43	19.26	18.71	20.88
21.43	21.06	17.99	20.51	16.42	19.22	18.73	20.86
20.95	20.56	18.07	20.53	16.44	19.23	18.73	20.85
20.74	20.33	18.08	20.54	16.43	19.21	18.71	20.82
20.32	19.91	18.11	20.54	16.47	19.23	18.70	20.80
20.12	19.64	18.15	20.56	16.41	19.22	18.74	20.78
20.16	19.67	18.18	20.55	16.45	19.19	18.73	20.74
20.00	19.40	18.25	20.55	16.45	19.20	18.72	20.69
20.05	19.34	18.23	20.55	16.43	19.17	18.74	20.65
20.18	19.45	18.26	20.56	16.48	19.19	18.76	20.61
21.49	20.70	18.25	20.58	16.49	19.21	18.71	20.62
21.46	20.50	18.28	20.54	16.51	19.17	18.72	20.57
21.07	20.17	18.27	20.57	16.47	19.18	18.69	20.58
22.80	21.39	18.28	20.55	16.46	19.18	18.69	20.57
25.23	22.32	18.28	20.56	16.49	19.16	18.70	20.55
26.07	22.41	18.29	20.54	16.48	19.15	18.69	20.56
25.55	22.13	18.27	20.57	16.47	19.14	18.66	20.57
25.24	21.83	18.29	20.53	16.50	19.12	18.66	20.59
24.70	21.61	18.29	20.56	16.50	19.11	18.67	20.62
23.18	20.91	18.25	20.56	16.44	19.13	18.67	20.64
21.71	20.00	18.28	20.55	16.48	19.13	18.66	20.68
20.71	19.24	18.29	20.54	16.51	19.13	18.68	20.70
20.41	19.07	18.26	20.54	16.49	19.11	18.69	20.70
20.27	19.01	18.33	20.55	16.49	19.11	18.72	20.68
20.05	18.90	18.29	20.55	16.48	19.11	18.69	20.66
19.90	18.82	18.31	20.57	16.53	19.11	18.66	20.67
19.88	18.74	18.33	20.55	16.50	19.10	18.67	20.63
19.67	18.61	18.32	20.55	16.51	19.10	18.65	20.62
19.56	18.47	18.33	20.57	16.49	19.11	18.64	20.59
19.42	18.39	18.31	20.57	16.50	19.10	18.66	20.58
19.35	18.33	18.28	20.55	16.51	19.09	18.64	20.55
19.63	18.64	18.30	20.55	16.52	19.08	18.59	20.53
20.08	19.10	18.27	20.52	16.52	19.07	18.63	20.51
21.31	20.33	18.29	20.54	16.50	19.08	18.62	20.52
22.05	20.87	18.30	20.55	16.56	19.08	18.63	20.51
24.92	24.82	18.25	20.53	16.51	19.08	18.58	20.51
27.26	25.99	18.25	20.56	16.53	19.09	18.59	20.52
27.37	25.74	18.25	20.54	16.54	19.06	18.59	20.54
31.22	25.92	18.24	20.51	16.54	19.04	18.56	20.54
30.35	25.26	18.26	20.50	16.55	19.06	18.57	20.63
30.71	25.27	18.27	20.53	16.53	19.04	18.58	20.67
28.44	24.84	18.30	20.52	16.53	19.06	18.57	20.73
26.77	24.05	18.37	20.53	16.50	19.05	18.60	20.79
25.26	23.31	18.42	20.51	16.54	19.05	18.61	20.83
24.29	22.73	18.44	20.51	16.55	19.03	18.63	20.85
23.68	22.33	18.45	20.55	16.56	19.02	18.64	20.90
23.18	22.02	18.50	20.53	16.53	19.02	18.65	20.92
22.84	21.77	18.56	20.55	16.58	19.01	18.62	20.92
22.61	21.61	18.61	20.52	16.58	19.00	18.67	20.92
22.35	21.36	18.61	20.52	16.55	19.00	18.68	20.92
22.07	21.31	18.65	20.51	16.57	19.00	18.65	20.94
21.91	21.12	18.68	20.52	16.56	18.99	18.68	20.94
21.67	20.88	18.73	20.53	16.58	18.99	18.69	20.93
21.45	20.68	18.75	20.53	16.59	18.99	18.68	20.92
21.60	20.90	18.75	20.56	16.58	19.02	18.70	20.94
22.03	22.92	18.78	20.56	16.59	19.02	18.67	20.92
23.37	26.51	18.75	20.55	16.58	19.01	18.71	20.90
24.67	27.41	18.75	20.54	16.55	18.99	18.70	20.92
26.12	28.64	18.81	20.56	16.58	18.99	18.73	20.94
28.37	31.43	18.87	20.53	16.60	18.99	18.73	20.92
30.84	31.41	18.90	20.56	16.59	19.00	18.68	20.98
30.62	29.93	18.95	20.58	16.62	19.00	18.71	21.03
34.65	30.13	18.97	20.56	16.60	18.98	18.72	21.06
34.39	29.86	19.08	20.57	16.61	18.96	18.73	21.14
32.68	29.16	19.15	20.57	16.66	18.97	18.70	21.19
31.11	28.47	19.22	20.57	16.61	18.96	18.75	21.28
29.83	27.97	19.29	20.56	16.61	18.95	18.78	21.38
28.18	26.83	19.41	20.60	16.64	18.98	18.83	21.44
26.23	25.18	19.52	20.57	16.62	18.95	18.83	21.47
24.78	23.95	19.65	20.58	16.66	18.96	18.88	21.50
24.10	23.24	19.70	20.57	16.66	18.95	18.90	21.50
23.44	22.71	19.77	20.61	16.68	18.95	18.95	21.55
22.95	22.31	19.80	20.65	16.67	18.98	18.96	21.56
22.77	22.06	19.90	20.64	16.69	18.98	18.98	21.55
22.64	21.91	19.91	20.64	16.68	18.96	19.01	21.54
22.40	21.64	19.97	20.67	16.69	18.96	19.04	21.53
22.26	21.46	19.94	20.66	16.69	18.97	19.02	21.49
22.18	21.32	19.98	20.69	16.71	18.94	19.03	21.48
22.62	21.68	20.00	20.67	16.73	18.96	19.04	21.45
23.44	22.94	19.98	20.69	16.72	18.97	19.06	21.45
24.46	24.88	20.06	20.70	16.74	18.97	19.08	21.42
25.58	27.58	20.03	20.71	16.74	18.98	19.07	21.44
27.37	30.14	20.10	20.71	16.73	18.97	19.06	21.42
30.29	33.30	20.07	20.75	16.72	18.98	19.08	21.49
33.87	34.26	20.10	20.71	16.73	18.96	19.08	21.48
36.12	32.86	20.13	20.75	16.75	18.97	19.08	21.56
39.47	31.15	20.17	20.75	16.77	18.98	19.08	21.60
42.11	30.86	20.18	20.75	16.77	18.95	19.09	21.66
42.66	31.07	20.19	20.73	16.76	18.94	19.12	21.73
37.35	30.54	20.22	20.76	16.75	18.95	19.12	21.85
33.16	28.96	20.33	20.74	16.78	18.91	19.15	21.93
31.05	27.94	20.43	20.78	16.79	18.94	19.21	22.02
29.41	27.04	20.54	20.78	16.78	18.93	19.26	22.04
28.24	26.20	20.62	20.81	16.78	18.95	19.26	22.10
27.34	25.48	20.65	20.79	16.82	18.93	19.28	22.08
26.47	24.86	20.67	20.81	16.82	18.95	19.35	22.13
26.05	24.56	20.72	20.82	16.83	18.94	19.33	22.13
25.36	24.03	20.67	20.84	16.81	18.93	19.36	22.14
24.58	23.32	20.64	20.87	16.83	18.95	19.37	22.13
23.79	22.50	20.65	20.87	16.81	18.94	19.42	22.12
22.62	21.45	20.61	20.90	16.87	18.99	19.42	22.10
22.11	20.90	20.65	20.91	16.83	18.97	19.44	22.07
21.64	20.39	20.63	20.93	16.85	18.97	19.45	22.04
21.52	20.22	20.61	20.96	16.84	18.98	19.48	22.01
21.24	20.05	20.52	20.94	16.87	18.96	19.44	21.93
21.40	20.10	20.48	20.95	16.86	18.99	19.47	21.90
22.17	20.73	20.44	20.99	16.90	19.00	19.46	21.87
21.91	20.47	20.40	20.97	16.89	18.97	19.45	21.80
22.09	20.63	20.38	20.98	16.91	18.97	19.44	21.76
23.31	21.69	20.35	20.99	16.88	18.97	19.44	21.73
23.01	21.33	20.36	21.01	16.90	19.00	19.45	21.72
22.71	21.13	20.36	21.00	16.90	19.01	19.42	21.69
22.30	20.78	20.33	21.02	16.91	19.00	19.41	21.67
21.12	19.72	20.31	21.03	16.94	18.98	19.41	21.64
20.51	19.22	20.28	21.05	16.92	19.02	19.42	21.61
19.76	18.53	20.23	21.01	16.95	18.97	19.42	21.57
19.29	18.14	20.25	21.05	16.92	19.02	19.42	21.57
18.81	17.76	20.22	21.06	16.97	18.99	19.38	21.52
18.53	17.41	20.19	21.02	16.95	19.00	19.40	21.48
18.31	17.26	20.18	21.04	16.95	18.99	19.38	21.42
18.11	17.07	20.20	21.05	16.99	19.01	19.36	21.38
17.95	16.82	20.12	21.03	16.98	18.99	19.35	21.33
17.72	16.60	20.12	21.06	16.99	19.00	19.31	21.30
17.58	16.49	20.10	21.03	17.01	19.00	19.30	21.27
17.48	16.40	20.03	21.02	17.03	18.99	19.32	21.21
17.60	16.51	20.02	21.01	17.00	19.01	19.25	21.16
17.88	16.76	19.96	21.01	17.00	18.99	19.21	21.15
18.30	17.13	19.95	21.03	17.00	19.01	19.23	21.11
18.98	17.74	19.89	21.05	17.05	19.02	19.21	21.09
19.26	18.01	19.86	21.00	17.01	19.00	19.17	21.04
19.70	18.44	19.87	21.01	17.03	19.05	19.18	21.03
20.52	19.05	19.78	20.97	17.04	19.01	19.12	20.97
21.31	19.87	19.70	20.99	17.06	19.02	19.12	20.98
21.89	20.57	19.68	21.00	17.03	19.03	19.09	20.99
22.56	21.03	19.58	20.98	17.08	19.00	19.09	21.00
25.47	22.13	19.55	20.98	17.02	19.05	19.06	21.02
28.33	22.31	19.52	20.93	17.06	19.01	19.03	21.02
25.06	21.47	19.51	20.93	17.02	19.02	19.03	21.04
22.74	20.28	19.47	20.96	17.05	19.03	19.04	21.09
21.29	19.38	19.45	20.95	17.07	19.01	19.03	21.09
19.84	18.32	19.40	20.93	17.07	19.02	19.01	21.11
19.03	17.78	19.38	20.91	17.10	18.98	19.00	21.09
18.23	17.15	19.33	20.93	17.08	19.01	18.98	21.08
17.70	16.71	19.34	20.94	17.05	19.03	19.00	21.08
17.41	16.51	19.27	20.91	17.06	19.01	18.99	21.05
17.08	16.23	19.26	20.90	17.10	19.00	18.98	21.00
16.84	16.02	19.27	20.91	17.09	19.00	18.97	20.97
16.59	15.77	19.24	20.91	17.10	19.01	18.95	20.95
16.28	15.53	19.23	20.91	17.13	19.02	18.96	20.90
16.14	15.33	19.16	20.90	17.12	19.04	18.94	20.88
15.98	15.21	19.14	20.90	17.09	19.01	18.91	20.81
15.91	15.13	19.09	20.88	17.11	19.02	18.90	20.81
15.95	15.16	19.04	20.88	17.10	19.01	18.89	20.78
15.93	15.11	19.02	20.87	17.12	19.02	18.86	20.75
16.50	15.53	18.98	20.89	17.07	19.04	18.84	20.73
16.62	15.64	18.93	20.85	17.09	19.02	18.82	20.71
16.24	15.37	18.90	20.84	17.09	19.03	18.80	20.69
16.10	15.19	18.86	20.84	17.07	19.02	18.81	20.66
15.65	14.78	18.83	20.79	17.08	19.00	18.81	20.64
15.38	14.64	18.81	20.81	17.11	19.01	18.82	20.61
15.10	14.54	18.75	20.83	17.10	19.02	18.77	20.58
14.93	14.36	18.72	20.81	17.09	19.02	18.74	20.62
14.89	14.34	18.70	20.79	17.07	19.03	18.73	20.60
14.83	14.27	18.66	20.80	17.09	19.03	18.75	20.58
14.77	14.25	18.62	20.76	17.10	18.99	18.74	20.54
14.89	14.31	18.60	20.77	17.10	19.02	18.72	20.55
14.83	14.27	18.56	20.74	17.14	19.01	18.71	20.53
14.72	14.19	18.55	20.73	17.14	19.03	18.70	20.50
14.68	14.12	18.53	20.74	17.13	19.03	18.68	20.52
14.67	14.09	18.47	20.74	17.10	19.04	18.63	20.50
14.59	14.02	18.40	20.74	17.11	19.05	18.62	20.50
14.57	14.01	18.37	20.72	17.12	19.06	18.63	20.47
14.52	13.97	18.34	20.71	17.10	19.05	18.59	20.47
14.54	13.95	18.31	20.69	17.14	19.03	18.60	20.46
14.71	14.09	18.25	20.69	17.12	19.07	18.58	20.44
14.94	14.26	18.24	20.67	17.14	19.05	18.58	20.44
15.46	14.68	18.19	20.70	17.15	19.07	18.55	20.45
16.23	15.45	18.18	20.68	17.12	19.06	18.55	20.42
16.75	15.91	18.11	20.64	17.13	19.06	18.56	20.42
17.57	16.68	18.07	20.64	17.13	19.06	18.54	20.39
20.09	19.04	18.08	20.64	17.15	19.07	18.53	20.42
20.91	19.64	18.00	20.64	17.13	19.06	18.54	20.40
20.19	19.20	17.97	20.62	17.16	19.08	18.52	20.40
19.93	18.91	17.96	20.60	17.15	19.06	18.49	20.43
21.32	19.55	17.94	20.59	17.11	19.07	18.50	20.44
20.84	19.42	17.92	20.62	17.12	19.07	18.50	20.47
20.31	19.21	17.91	20.58	17.14	19.06	18.53	20.45
18.69	17.93	17.86	20.59	17.12	19.06	18.49	20.52
17.88	17.41	17.91	20.58	17.15	19.08	18.51	20.46
17.55	17.17	17.88	20.59	17.14	19.06	18.47	20.52
17.09	16.79	17.92	20.59	17.12	19.09	18.51	20.50
16.84	16.57	17.90	20.57	17.12	19.06	18.49	20.49
16.53	16.26	17.89	20.56	17.14	19.04	18.48	20.46
16.39	16.10	17.92	20.56	17.12	19.05	18.49	20.45
16.26	16.01	17.89	20.55	17.14	19.06	18.48	20.44
16.23	15.99	17.90	20.56	17.16	19.09	18.47	20.45
16.16	15.87	17.88	20.56	17.15	19.06	18.49	20.44
16.22	15.87	17.88	20.55	17.13	19.06	18.49	20.41
16.46	16.01	17.88	20.53	17.14	19.06	18.45	20.38
17.05	16.58	17.87	20.54	17.14	19.08	18.46	20.42
18.28	17.77	17.85	20.52	17.11	19.07	18.46	20.37
19.01	18.48	17.85	20.52	17.14	19.05	18.45	20.40
19.86	19.62	17.83	20.53	17.11	19.06	18.44	20.39
21.84	21.60	17.81	20.53	17.14	19.06	18.42	20.40
23.29	22.91	17.78	20.50	17.14	19.06	18.43	20.37
25.87	24.32	17.74	20.52	17.14	19.05	18.42	20.41
25.75	23.92	17.78	20.49	17.13	19.06	18.44	20.45
27.93	23.73	17.77	20.49	17.14	19.06	18.41	20.48
30.27	24.19	17.78	20.46	17.13	19.02	18.40	20.53
27.76	23.24	17.79	20.48	17.11	19.04	18.40	20.59
26.08	22.80	17.82	20.49	17.12	19.04	18.43	20.65
23.99	21.65	17.88	20.46	17.08	19.04	18.48	20.68
22.04	20.46	17.91	20.46	17.09	19.03	18.46	20.74
20.73	19.57	17.94	20.48	17.09	19.02	18.50	20.76
19.80	18.88	18.00	20.48	17.12	19.02	18.50	20.80
19.16	18.34	18.01	20.48	17.09	19.03	18.52	20.77
18.90	18.18	18.03	20.48	17.08	19.00	18.55	20.77
18.35	17.69	18.10	20.48	17.08	19.04	18.52	20.75
17.77	17.19	18.11	20.50	17.11	19.06	18.55	20.75
17.37	16.80	18.14	20.48	17.07	19.04	18.52	20.72
16.95	16.38	18.17	20.51	17.07	19.04	18.57	20.69
16.88	16.38	18.18	20.48	17.09	19.02	18.54	20.66
17.36	16.89	18.16	20.48	17.08	19.00	18.53	20.62
17.76	17.95	18.19	20.48	17.08	19.02	18.54	20.58
18.43	20.66	18.17	20.49	17.11	19.03	18.51	20.56
19.82	26.42	18.19	20.48	17.07	19.00	18.50	20.54
22.10	27.36	18.17	20.49	17.10	19.01	18.52	20.57
24.44	28.45	18.14	20.50	17.08	19.00	18.51	20.57
27.07	28.85	18.14	20.48	17.06	19.01	18.54	20.54
30.83	28.92	18.18	20.49	17.06	19.03	18.55	20.58
34.45	27.32	18.16	20.48	17.07	19.01	18.52	20.62
30.77	26.45	18.09	20.48	17.03	19.01	18.56	20.65
30.39	25.81	18.14	20.47	17.03	18.98	18.54	20.67
28.12	25.00	18.17	20.48	17.03	19.01	18.57	20.74
25.48	23.77	18.17	20.49	17.01	19.00	18.56	20.82
23.80	22.75	18.25	20.45	17.03	19.00	18.58	20.83
22.47	21.77	18.31	20.46	17.03	18.99	18.65	20.86
21.48	21.05	18.32	20.48	17.03	19.02	18.64	20.85
20.80	20.49	18.33	20.44	17.05	19.00	18.66	20.84
20.21	19.95	18.40	20.47	17.04	18.98	18.69	20.83
19.64	19.37	18.44	20.46	17.03	18.97	18.68	20.84
19.06	18.81	18.48	20.45	17.05	18.97	18.65	20.80
18.76	18.40	18.51	20.46	17.04	18.99	18.67	20.76
18.48	18.09	18.54	20.47	17.04	18.99	18.69	20.75
18.26	17.87	18.55	20.45	17.06	18.97	18.71	20.73
18.17	17.76	18.56	20.48	17.05	19.00	18.67	20.70
18.53	18.14	18.54	20.47	17.04	18.99	18.64	20.66
18.99	18.55	18.55	20.52	17.02	19.02	18.65	20.66
20.10	22.13	18.55	20.49	17.07	19.00	18.66	20.60
21.77	27.11	18.53	20.48	17.08	18.98	18.66	20.58
22.14	24.33	18.53	20.52	17.04	19.00	18.65	20.59
22.58	23.52	18.51	20.50	17.05	19.01	18.64	20.59
22.94	23.39	18.50	20.50	17.05	18.99	18.66	20.60
23.38	23.58	18.56	20.48	17.03	18.96	18.66	20.62
23.85	23.79	18.49	20.48	17.00	18.95	18.67	20.71
23.58	23.46	18.44	20.49	17.06	18.97	18.64	20.74
22.89	22.90	18.43	20.49	17.00	18.98	18.65	20.80
22.41	22.41	18.47	20.48	17.03	18.97	18.67	20.83
22.08	22.00	18.48	20.43	17.02	18.96	18.65	20.83
21.27	21.41	18.47	20.47	17.00	18.97	18.65	20.83
20.59	20.79	18.50	20.47	17.02	18.98	18.64	20.85
20.19	20.41	18.51	20.50	17.04	18.99	18.67	20.84
19.92	20.13	18.55	20.50	17.03	18.99	18.65	20.85
19.67	19.88	18.58	20.45	17.04	18.97	18.65	20.79
19.52	19.70	18.56	20.47	17.05	18.99	18.66	20.78
19.30	19.46	18.58	20.45	17.04	18.96	18.66	20.80
19.17	19.26	18.59	20.46	17.05	18.98	18.65	20.78
19.03	19.09	18.59	20.48	17.03	18.98	18.66	20.76
18.93	18.94	18.61	20.47	17.05	18.96	18.66	20.74
19.01	18.97	18.63	20.50	17.00	18.99	18.65	20.74
19.38	19.30	18.61	20.49	17.06	18.97	18.64	20.72
19.94	20.89	18.64	20.50	17.07	18.96	18.61	20.69
20.69	22.82	18.67	20.49	17.04	18.96	18.65	20.67
22.74	23.62	18.61	20.49	17.04	18.96	18.63	20.74
24.99	26.57	18.57	20.50	17.05	18.95	18.61	20.82
25.44	25.77	18.58	20.50	17.02	18.96	18.63	20.94
27.15	26.94	18.59	20.45	17.01	18.95	18.62	21.03
30.51	28.06	18.57	20.47	17.05	18.96	18.61	21.15
31.99	27.18	18.57	20.47	17.04	18.94	18.64	21.45
34.19	27.16	18.66	20.46	17.05	18.93	18.62	21.78
31.01	26.36	18.65	20.46	17.05	18.93	18.64	21.98
32.00	26.70	18.74	20.49	17.04	18.95	18.62	22.07
29.09	25.69	18.81	20.51	17.05	18.93	18.66	22.09
27.24	24.98	18.84	20.51	17.04	18.94	18.68	22.15
25.59	23.95	18.85	20.51	17.07	18.95	18.73	22.15
24.33	23.04	18.87	20.51	17.05	18.95	18.71	22.18
23.26	22.25	18.93	20.55	17.06	18.93	18.74	22.17
22.56	21.66	18.98	20.59	17.04	18.98	18.78	22.18
21.82	21.04	18.99	20.61	17.07	18.98	18.78	22.15
21.23	20.46	19.05	20.64	17.05	18.97	18.80	22.11
20.74	20.01	19.09	20.63	17.05	18.97	18.82	22.10
20.32	19.59	19.12	20.69	17.07	18.98	18.82	22.06
19.99	19.21	19.11	20.69	17.09	18.98	18.82	22.01
20.01	19.21	19.20	20.72	17.07	18.97	18.80	21.96
20.43	19.73	19.15	20.69	17.08	18.96	18.80	21.89
21.18	21.85	19.24	20.74	17.08	18.99	18.84	21.88
22.19	26.27	19.20	20.74	17.12	18.98	18.82	21.82
23.74	32.58	19.24	20.77	17.08	18.99	18.81	21.79
25.73	34.87	19.15	20.72	17.09	18.88	18.82	22.05
28.76	33.39	19.20	20.77	17.08	18.91	18.84	22.83
33.04	34.99	19.24	20.74	17.10	18.88	18.83	23.64
30.93	31.63	19.31	20.76	17.10	18.93	18.83	24.36
28.44	29.34	19.32	20.77	17.13	18.93	18.87	24.52
29.38	29.68	19.35	20.85	17.09	18.95	18.89	24.58
27.93	28.81	19.32	20.86	17.07	18.95	18.92	24.64
28.36	28.34	19.39	20.91	17.09	18.93	18.92	24.63
26.35	26.85	19.43	20.94	17.08	18.95	18.93	24.60
25.70	26.37	19.51	20.95	17.09	18.93	18.99	24.53
24.56	25.59	19.58	21.02	17.11	18.96	18.98	24.50
23.78	25.14	19.69	21.06	17.10	18.96	19.01	24.47
23.18	24.68	19.76	21.09	17.09	18.97	19.05	24.39
22.68	24.17	19.83	21.15	17.10	18.96	19.08	24.34
22.39	23.87	19.94	21.19	17.14	18.95	19.10	24.29
22.09	23.53	19.94	21.23	17.11	18.96	19.08	24.22
21.42	22.85	19.98	21.29	17.09	18.99	19.15	24.18
20.89	22.26	20.00	21.29	17.14	18.97	19.13	24.08
20.79	21.98	20.02	21.34	17.14	18.99	19.15	24.05
21.09	22.09	20.04	21.39	17.14	19.00	19.15	24.00
21.65	22.56	20.14	21.41	17.15	18.98	19.17	23.91
22.14	23.78	20.14	21.45	17.16	18.99	19.17	23.89
23.41	24.58	20.14	21.47	17.18	18.98	19.16	23.83
24.18	29.88	20.16	21.48	17.18	18.97	19.16	23.74
25.83	29.50	20.21	21.51	17.18	18.96	19.18	23.73
28.40	33.59	20.20	21.55	17.17	19.02	19.17	23.70
30.32	32.58	20.26	21.56	17.20	18.99	19.14	23.72
32.97	32.29	20.25	21.58	17.21	19.00	19.18	23.71
34.50	31.66	20.25	21.59	17.19	18.97	19.17	23.70
34.77	30.74	20.32	21.62	17.18	18.97	19.19	23.71
35.95	30.77	20.33	21.62	17.20	18.99	19.19	23.79
36.66	30.29	20.44	21.64	17.15	18.98	19.22	23.80
32.68	29.39	20.47	21.66	17.19	18.98	19.22	23.89
30.21	28.44	20.53	21.67	17.19	18.98	19.28	23.90
28.57	27.41	20.55	21.67	17.22	18.96	19.30	23.92
27.57	26.78	20.63	21.68	17.23	18.95	19.33	23.93
26.69	26.14	20.72	21.71	17.22	18.98	19.36	23.94
26.17	25.78	20.77	21.74	17.24	18.99	19.40	23.93
25.55	25.21	20.78	21.75	17.25	19.00	19.38	23.93
25.13	24.82	20.82	21.81	17.21	19.01	19.42	23.90
24.26	24.03	20.88	21.76	17.24	18.98	19.47	23.85
23.61	23.34	20.87	21.84	17.25	19.04	19.44	23.84
23.20	22.86	20.90	21.82	17.25	18.98	19.51	23.79
23.11	22.80	20.97	21.85	17.27	19.01	19.48	23.76
23.53	23.18	21.01	21.86	17.28	19.02	19.51	23.71
23.94	24.05	21.00	21.86	17.28	19.02	19.48	23.67
24.91	27.68	21.06	21.90	17.29	19.01	19.53	23.61
25.82	33.04	21.07	21.92	17.31	19.02	19.50	23.61
28.11	34.03	21.13	21.92	17.31	19.05	19.51	23.60
29.98	33.69	21.12	21.93	17.28	19.03	19.55	23.60
34.18	35.91	21.13	21.94	17.33	19.05	19.51	23.60
35.91	33.94	21.16	21.93	17.33	19.01	19.56	23.58
35.76	31.85	21.15	21.94	17.35	19.02	19.56	23.64
40.66	32.05	21.14	21.94	17.36	19.01	19.60	23.67
42.28	31.74	21.15	21.96	17.33	19.04	19.56	23.71
40.29	31.40	21.19	21.96	17.34	19.01	19.58	23.78
35.76	30.60	21.28	21.96	17.36	19.02	19.59	23.88
32.78	29.59	21.33	22.00	17.32	19.05	19.65	23.98
30.56	28.25	21.39	22.01	17.36	19.02	19.69	23.96
29.15	27.32	21.44	22.02	17.34	19.05	19.73	24.02
28.01	26.47	21.52	22.04	17.38	19.06	19.74	24.05
27.26	25.89	21.61	22.03	17.40	19.05	19.78	24.03
26.51	25.30	21.62	22.06	17.41	19.05	19.78	24.03
25.91	24.75	21.61	22.06	17.39	19.06	19.81	24.02
25.21	24.16	21.61	22.05	17.41	19.05	19.84	23.95
24.71	23.61	21.69	22.11	17.42	19.08	19.84	23.97
24.30	23.19	21.66	22.11	17.41	19.08	19.88	23.92
24.06	23.00	21.70	22.12	17.45	19.10	19.88	23.91
24.14	23.08	21.75	22.16	17.42	19.11	19.86	23.87
24.55	24.73	21.73	22.14	17.46	19.10	19.85	23.81
25.57	28.80	21.75	22.16	17.48	19.11	19.89	23.78
27.06	31.23	21.70	22.19	17.47	19.12	19.87	23.76
28.92	34.47	21.72	22.18	17.49	19.12	19.89	23.74
29.73	31.42	21.67	22.19	17.50	19.11	19.88	23.72
28.80	29.63	21.69	22.17	17.50	19.12	19.86	23.71
29.40	29.56	21.61	22.19	17.49	19.11	19.93	23.72
32.58	30.39	21.58	22.22	17.48	19.12	19.93	23.75
37.56	30.05	21.56	22.21	17.50	19.14	19.89	23.78
34.33	29.42	21.54	22.24	17.50	19.14	19.93	23.81
30.81	27.91	21.55	22.23	17.48	19.14	19.96	23.82
28.88	26.97	21.58	22.24	17.52	19.17	19.99	23.89
27.44	25.96	21.59	22.24	17.53	19.16	20.00	23.89
26.16	25.02	21.59	22.23	17.54	19.13	20.02	23.87
25.47	24.48	21.63	22.24	17.56	19.16	20.02	23.88
24.93	24.06	21.67	22.26	17.53	19.18	20.06	23.89
24.39	23.48	21.65	22.25	17.56	19.17	20.07	23.83
23.81	22.92	21.62	22.25	17.57	19.18	20.03	23.78
23.05	22.20	21.63	22.29	17.57	19.16	20.10	23.78
22.55	21.69	21.64	22.26	17.62	19.16	20.07	23.75
22.00	21.16	21.62	22.29	17.61	19.22	20.09	23.67
21.60	20.75	21.62	22.29	17.63	19.19	20.05	23.65
21.58	20.64	21.56	22.27	17.61	19.18	20.06	23.58
21.90	20.97	21.56	22.28	17.60	19.19	20.06	23.55
22.58	21.56	21.55	22.30	17.63	19.22	20.06	23.50
23.16	22.26	21.52	22.31	17.65	19.20	20.02	23.44
24.39	23.77	21.50	22.31	17.68	19.22	20.05	23.41
25.84	25.65	21.47	22.32	17.65	19.22	20.04	23.36
27.44	27.27	21.40	22.31	17.68	19.22	20.03	23.36
29.69	28.67	21.38	22.35	17.66	19.24	20.02	23.36
31.93	29.46	21.40	22.33	17.69	19.23	20.01	23.34
32.52	29.02	21.37	22.32	17.69	19.24	20.00	23.36
30.33	27.88	21.35	22.34	17.67	19.26	19.97	23.40
29.13	27.19	21.34	22.32	17.67	19.24	19.98	23.40
28.00	26.33	21.32	22.33	17.69	19.26	20.00	23.43
26.49	25.21	21.33	22.31	17.68	19.23	20.04	23.42
25.48	24.49	21.36	22.30	17.71	19.24	20.05	23.45
24.67	23.80	21.35	22.31	17.72	19.26	20.04	23.45
24.00	23.19	21.39	22.31	17.71	19.22	20.05	23.42
23.49	22.72	21.41	22.32	17.72	19.26	20.05	23.45
22.94	22.25	21.41	22.30	17.74	19.27	20.06	23.41
22.60	21.93	21.43	22.30	17.77	19.28	20.05	23.40
22.31	21.60	21.42	22.32	17.78	19.30	20.06	23.38
21.99	21.27	21.44	22.30	17.77	19.29	20.04	23.32
21.65	20.98	21.43	22.34	17.77	19.30	20.04	23.31
21.08	20.34	21.41	22.32	17.80	19.29	20.04	23.25
21.25	20.47	21.42	22.28	17.80	19.29	20.04	23.22
21.79	20.99	21.38	22.32	17.80	19.30	20.00	23.18
22.70	22.46	21.39	22.31	17.85	19.31	20.01	23.16
23.92	24.84	21.33	22.29	17.81	19.25	19.97	23.23
24.40	24.02	21.27	22.31	17.82	19.29	20.01	23.66
26.21	26.15	21.23	22.30	17.84	19.26	19.93	24.07
29.02	32.49	21.18	22.29	17.84	19.26	19.95	24.36
32.90	33.83	21.24	22.31	17.84	19.31	19.92	24.43
37.16	32.58	21.21	22.29	17.84	19.29	19.91	24.50
40.27	29.76	21.24	22.28	17.83	19.28	19.89	24.69
42.24	29.22	21.16	22.30	17.85	19.26	19.89	24.89
42.82	29.16	21.27	22.30	17.85	19.29	19.88	25.01
40.39	28.91	21.27	22.30	17.85	19.27	19.88	25.08
35.50	28.20	21.32	22.30	17.85	19.29	19.90	25.17
32.35	27.25	21.36	22.32	17.86	19.30	19.92	25.19
29.85	25.88	21.36	22.34	17.88	19.29	19.95	25.22
28.16	24.86	21.43	22.35	17.88	19.30	19.98	25.24
26.96	24.01	21.46	22.42	17.90	19.32	19.96	25.23
26.02	23.34	21.45	22.44	17.87	19.33	19.99	25.21
25.27	22.75	21.49	22.47	17.91	19.33	19.98	25.15
24.67	22.25	21.47	22.47	17.92	19.32	20.01	25.10
24.11	21.86	21.54	22.49	17.94	19.32	20.00	25.04
23.92	21.72	21.49	22.52	17.95	19.33	20.01	24.95
23.69	21.63	21.49	22.55	17.96	19.32	20.04	24.89
23.59	21.61	21.46	22.56	17.96	19.34	20.02	24.82
23.99	21.97	21.52	22.58	17.93	19.32	20.02	24.77
24.47	22.42	21.52	22.59	17.92	19.31	20.01	24.69
25.26	23.17	21.56	22.66	17.95	19.37	20.00	24.69
25.10	23.14	21.57	22.63	18.01	19.32	20.00	24.58
25.72	23.91	21.55	22.64	17.99	19.35	20.00	24.54
26.45	24.80	21.59	22.66	18.04	19.36	19.99	24.50
27.94	26.18	21.61	22.67	18.07	19.35	20.00	24.48
25.32	23.96	21.61	22.69	18.07	19.37	20.00	24.47
25.80	24.26	21.57	22.69	18.07	19.35	19.99	24.43
25.14	23.95	21.57	22.71	18.08	19.36	19.99	24.43
23.63	22.58	21.64	22.72	18.03	19.35	19.96	24.42
25.47	23.52	21.58	22.70	18.08	19.37	19.97	24.40
24.77	23.48	21.55	22.69	18.08	19.35	19.99	24.38
24.11	23.26	21.52	22.71	18.09	19.35	19.99	24.35
23.59	23.09	21.58	22.73	18.12	19.37	19.97	24.37
22.32	22.06	21.53	22.70	18.10	19.35	19.96	24.34
21.81	21.72	21.54	22.71	18.12	19.34	19.97	24.32
21.13	21.06	21.50	22.78	18.11	19.39	19.97	24.32
20.82	20.58	21.54	22.77	18.09	19.38	19.99	24.26
20.53	20.32	21.53	22.75	18.11	19.36	19.99	24.25
20.20	19.94	21.49	22.76	18.15	19.39	19.99	24.20
19.81	19.56	21.48	22.75	18.14	19.38	19.97	24.17
19.30	18.99	21.46	22.80	18.14	19.39	19.98	24.13
19.18	18.83	21.45	22.74	18.14	19.38	19.97	24.08
19.51	19.17	21.39	22.78	18.17	19.39	19.95	24.02
19.69	20.47	21.38	22.75	18.16	19.39	19.95	23.98
19.76	24.20	21.33	22.76	18.14	19.42	19.91	23.93
20.46	32.42	21.29	22.75	18.13	19.42	19.89	23.92
22.12	34.28	21.27	22.78	18.12	19.39	19.93	23.88
26.37	36.59	21.21	22.80	18.14	19.42	19.92	23.85
27.92	33.07	21.15	22.75	18.15	19.42	19.92	23.82
27.47	30.43	21.12	22.78	18.15	19.43	19.91	23.84
27.17	29.30	21.10	22.77	18.14	19.42	19.91	23.85
27.08	28.34	21.04	22.77	18.12	19.42	19.92	23.86
28.91	27.49	21.04	22.77	18.11	19.43	19.93	23.84
30.25	26.67	21.05	22.75	18.11	19.37	19.94	23.85
26.66	25.65	21.03	22.76	18.12	19.43	19.92	23.87
24.25	24.44	21.06	22.74	18.11	19.42	19.95	23.92
22.43	23.05	21.09	22.76	18.16	19.42	19.97	23.96
20.87	21.74	21.08	22.73	18.14	19.44	20.00	23.92
19.87	20.63	21.11	22.73	18.17	19.44	20.00	23.90
18.95	19.78	21.11	22.74	18.16	19.45	20.00	23.87
18.29	19.02	21.14	22.73	18.18	19.43	20.02	23.80
17.72	18.29	21.11	22.74	18.21	19.45	20.00	23.77
17.22	17.72	21.08	22.72	18.22	19.43	19.97	23.68
16.84	17.27	21.11	22.74	18.18	19.45	19.98	23.63
16.42	16.86	21.07	22.74	18.20	19.47	19.97	23.57
16.17	16.47	21.04	22.74	18.20	19.46	19.93	23.49
16.36	16.59	21.06	22.70	18.24	19.45	19.95	23.40
16.86	18.57	20.98	22.70	18.22	19.46	19.92	23.36
17.71	22.39	20.94	22.73	18.24	19.45	19.93	23.28
18.60	30.86	20.87	22.71	18.25	19.47	19.89	23.25
20.23	34.51	20.80	22.71	18.25	19.47	19.86	23.21
24.22	35.40	20.76	22.70	18.27	19.50	19.85	23.19
28.75	35.00	20.70	22.69	18.26	19.50	19.85	23.19
33.22	33.33	20.64	22.69	18.25	19.49	19.83	23.19
36.61	30.11	20.61	22.65	18.23	19.45	19.83	23.15
38.29	28.98	20.58	22.64	18.20	19.45	19.80	23.17
36.89	28.23	20.56	22.64	18.23	19.45	19.79	23.22
33.86	27.59	20.60	22.63	18.25	19.47	19.80	23.32
30.13	26.75	20.63	22.60	18.23	19.43	19.80	23.34
27.55	25.85	20.64	22.61	18.22	19.47	19.82	23.43
25.15	24.24	20.70	22.60	18.23	19.48	19.82	23.48
23.44	22.88	20.74	22.57	18.25	19.45	19.83	23.48
22.26	21.80	20.74	22.57	18.25	19.47	19.84	23.48
21.26	21.00	20.77	22.56	18.25	19.48	19.88	23.45
20.49	20.25	20.79	22.57	18.25	19.45	19.85	23.43
19.76	19.60	20.80	22.55	18.30	19.44	19.89	23.41
18.90	18.76	20.80	22.56	18.27	19.48	19.89	23.38
18.38	18.25	20.80	22.58	18.28	19.51	19.87	23.34
17.74	17.46	20.81	22.55	18.28	19.49	19.86	23.30
17.60	17.23	20.81	22.56	18.29	19.49	19.88	23.21
17.79	17.29	20.77	22.57	18.29	19.50	19.82	23.17
18.30	19.44	20.76	22.54	18.30	19.47	19.82	23.07
19.16	23.05	20.73	22.53	18.29	19.50	19.82	23.05
20.21	32.51	20.69	22.51	18.33	19.50	19.80	22.99
21.86	36.24	20.66	22.53	18.31	19.48	19.78	22.96
26.09	37.45	20.60	22.53	18.35	19.51	19.77	22.98
30.68	36.57	20.58	22.50	18.34	19.47	19.73	22.92
34.87	34.23	20.52	22.51	18.33	19.48	19.75	22.97
38.37	30.85	20.49	22.47	18.33	19.49	19.72	22.97
40.55	30.00	20.50	22.42	18.33	19.46	19.73	23.00
41.19	29.93	20.52	22.44	18.33	19.47	19.75	23.07
38.63	29.56	20.56	22.43	18.30	19.44	19.73	23.14
33.90	28.84	20.59	22.44	18.31	19.47	19.73	23.26
30.80	27.91	20.63	22.44	18.33	19.49	19.77	23.35
28.24	26.25	20.70	22.38	18.30	19.43	19.82	23.38
26.58	25.15	20.76	22.38	18.35	19.44	19.81	23.44
25.41	24.26	20.77	22.41	18.31	19.48	19.85	23.49
24.44	23.51	20.83	22.38	18.32	19.46	19.85	23.45
23.64	22.84	20.84	22.38	18.31	19.44	19.88	23.44
22.98	22.23	20.87	22.39	18.31	19.49	19.90	23.48
22.47	21.70	20.87	22.41	18.32	19.49	19.90	23.45
22.02	21.26	20.91	22.38	18.34	19.47	19.92	23.39
21.51	20.84	20.91	22.40	18.33	19.49	19.89	23.37
21.27	20.53	20.93	22.37	18.34	19.47	19.93	23.34
21.54	20.72	20.97	22.40	18.34	19.47	19.90	23.29
22.42	22.69	20.94	22.40	18.35	19.49	19.89	23.27
23.15	24.81	20.97	22.40	18.36	19.49	19.92	23.22
25.04	30.23	20.90	22.39	18.35	19.48	19.90	23.18
26.41	37.12	20.94	22.39	18.37	19.49	19.86	23.19
29.98	38.92	20.89	22.41	18.38	19.47	19.85	23.20
34.51	39.25	20.89	22.38	18.38	19.49	19.88	23.21
38.53	37.01	20.88	22.38	18.38	19.46	19.89	23.22
41.57	33.32	20.92	22.39	18.36	19.48	19.88	23.27
43.37	32.38	20.94	22.35	18.38	19.48	19.90	23.33
43.70	32.04	21.02	22.35	18.40	19.48	19.90	23.40
40.81	31.55	21.09	22.36	18.36	19.46	19.92	23.50
36.42	30.82	21.20	22.35	18.36	19.48	19.92	23.61
33.31	29.87	21.20	22.36	18.39	19.46	19.97	23.70
30.96	28.38	21.31	22.32	18.37	19.45	19.98	23.74
29.28	27.26	21.35	22.33	18.37	19.47	20.01	23.81
27.97	26.28	21.43	22.35	18.37	19.47	20.02	23.85
27.12	25.63	21.46	22.35	18.38	19.44	20.05	23.84
26.41	25.05	21.48	22.34	18.38	19.45	20.08	23.86
25.73	24.47	21.52	22.38	18.39	19.49	20.13	23.87
25.04	23.82	21.58	22.34	18.39	19.46	20.13	23.83
24.61	23.35	21.61	22.37	18.38	19.46	20.14	23.79
24.18	22.93	21.59	22.41	18.38	19.48	20.17	23.80
23.93	22.64	21.61	22.39	18.38	19.48	20.16	23.75
24.23	22.94	21.64	22.39	18.42	19.47	20.15	23.72
24.76	24.64	21.71	22.40	18.44	19.46	20.18	23.67
25.63	27.97	21.67	22.39	18.39	19.48	20.19	23.65
26.61	37.20	21.66	22.41	18.40	19.49	20.19	23.65
28.36	40.85	21.67	22.44	18.41	19.50	20.17	23.65
32.52	42.27	21.66	22.40	18.43	19.49	20.19	23.64
36.93	41.67	21.61	22.41	18.40	19.49	20.18	23.70
39.87	39.69	21.65	22.41	18.42	19.49	20.23	23.70
37.89	37.12	21.65	22.42	18.43	19.50	20.24	23.78
38.82	36.16	21.64	22.43	18.39	19.50	20.26	23.83
43.08	35.61	21.68	22.42	18.40	19.51	20.26	23.91
39.34	34.70	21.77	22.43	18.43	19.48	20.32	23.96
35.74	33.50	21.84	22.45	18.46	19.49	20.33	24.06
33.09	32.01	21.91	22.44	18.42	19.47	20.36	24.14
31.27	30.72	22.03	22.42	18.42	19.48	20.39	24.15
29.98	29.78	22.09	22.45	18.47	19.52	20.45	24.23
29.06	29.08	22.10	22.44	18.46	19.49	20.44	24.23
28.12	28.12	22.20	22.44	18.45	19.50	20.45	24.24
27.35	27.34	22.24	22.47	18.48	19.51	20.52	24.24
27.00	26.96	22.29	22.46	18.47	19.47	20.52	24.23
26.62	26.53	22.35	22.49	18.47	19.50	20.56	24.23
26.20	26.04	22.39	22.48	18.47	19.53	20.57	24.20
25.61	25.38	22.39	22.48	18.48	19.52	20.58	24.18
25.30	25.00	22.46	22.51	18.49	19.52	20.57	24.17
25.22	24.86	22.45	22.53	18.50	19.52	20.62	24.15
25.47	25.90	22.43	22.54	18.53	19.54	20.62	24.14
25.92	28.87	22.44	22.55	18.50	19.54	20.61	24.09
26.67	38.09	22.40	22.54	18.51	19.52	20.64	24.07
28.16	41.40	22.33	22.58	18.50	19.54	20.60	24.07
32.12	42.67	22.36	22.55	18.53	19.53	20.61	24.06
36.56	42.15	22.33	22.56	18.55	19.53	20.63	24.08
40.57	40.21	22.36	22.55	18.53	19.52	20.66	24.08
44.14	36.72	22.40	22.59	18.52	19.56	20.65	24.14
46.28	35.45	22.46	22.60	18.57	19.55	20.69	24.20
45.24	34.94	22.46	22.61	18.53	19.59	20.72	24.26
42.78	34.17	22.60	22.59	18.58	19.53	20.72	24.34
38.31	33.07	22.74	22.61	18.55	19.56	20.73	24.47
35.15	31.97	22.77	22.58	18.58	19.56	20.80	24.52
32.71	30.41	22.83	22.59	18.60	19.57	20.81	24.59
31.17	29.47	22.87	22.61	18.59	19.55	20.83	24.61
30.25	28.81	22.96	22.65	18.62	19.57	20.87	24.66
29.80	28.57	23.00	22.63	18.64	19.57	20.86	24.65
28.92	27.79	23.03	22.66	18.63	19.58	20.91	24.69
28.00	26.92	23.08	22.66	18.64	19.56	20.93	24.63
27.37	26.28	23.08	22.66	18.65	19.57	20.96	24.60
27.17	25.99	23.12	22.71	18.66	19.59	20.99	24.59
27.06	25.88	23.17	22.69	18.67	19.58	20.99	24.56
26.72	25.41	23.25	22.70	18.70	19.59	20.98	24.53
27.02	25.60	23.24	22.75	18.71	19.62	20.95	24.51
27.29	25.69	23.27	22.74	18.70	19.60	21.02	24.48
27.83	26.41	23.31	22.77	18.72	19.62	20.98	24.46
28.49	34.42	23.26	22.78	18.77	19.64	21.01	24.43
30.14	39.19	23.26	22.79	18.76	19.64	20.97	24.42
33.84	40.16	23.28	22.78	18.77	19.63	21.02	24.43
37.18	39.63	23.32	22.80	18.81	19.62	20.99	24.44
38.82	38.03	23.24	22.81	18.82	19.64	21.01	24.48
41.63	36.61	23.23	22.83	18.83	19.65	21.02	24.57
44.20	35.90	23.32	22.81	18.79	19.65	21.01	24.64
39.32	34.84	23.30	22.86	18.81	19.64	21.03	24.70
34.28	31.88	23.21	22.84	18.79	19.64	21.04	24.76
31.21	29.63	23.24	22.81	18.82	19.61	21.09	24.80
29.76	28.38	23.40	22.82	18.81	19.60	21.09	24.82
29.04	28.18	23.44	22.85	18.84	19.67	21.14	24.87
28.07	27.39	23.50	22.88	18.84	19.67	21.15	24.89
27.22	26.62	23.52	22.89	18.85	19.66	21.15	24.87
26.79	26.15	23.59	22.89	18.87	19.66	21.18	24.86
26.36	25.71	23.61	22.92	18.88	19.68	21.17	24.82
25.78	25.10	23.65	22.92	18.86	19.66	21.23	24.80
25.18	24.58	23.69	22.93	18.89	19.67	21.21	24.74
24.73	23.98	23.68	22.94	18.88	19.67	21.23	24.72
24.28	23.56	23.66	22.94	18.91	19.67	21.22	24.66
24.38	23.58	23.69	22.96	18.91	19.70	21.23	24.64
24.43	23.62	23.66	23.00	18.94	19.72	21.21	24.60
25.04	24.77	23.67	22.97	18.95	19.72	21.21	24.53
26.05	25.58	23.59	23.00	18.96	19.73	21.20	24.53
27.38	31.27	23.64	22.99	18.97	19.70	21.17	24.46
28.65	33.18	23.60	23.01	18.98	19.76	21.18	24.49
31.35	34.28	23.60	23.03	18.99	19.76	21.18	24.45
32.17	32.69	23.63	23.02	18.99	19.75	21.17	24.45
31.02	30.86	23.54	23.02	19.00	19.72	21.19	24.49
30.68	30.30	23.50	23.02	18.98	19.75	21.15	24.55
34.50	30.61	23.40	23.04	18.99	19.73	21.13	24.65
34.67	30.10	23.41	23.02	19.02	19.74	21.17	24.68
32.71	29.77	23.43	23.04	19.02	19.74	21.17	24.72
30.95	28.83	23.46	23.05	19.01	19.78	21.16	24.78
29.26	27.79	23.48	23.03	19.02	19.74	21.16	24.77
28.12	27.00	23.47	23.03	19.02	19.75	21.17	24.76
27.32	26.40	23.53	23.09	19.04	19.79	21.22	24.80
26.68	25.95	23.52	23.08	19.08	19.77	21.21	24.79
26.36	25.63	23.53	23.06	19.07	19.77	21.18	24.77
25.95	25.27	23.55	23.10	19.06	19.77	21.20	24.74
25.67	25.00	23.60	23.10	19.08	19.80	21.23	24.73
25.38	24.59	23.65	23.08	19.12	19.78	21.21	24.68
25.20	24.41	23.67	23.09	19.13	19.78	21.20	24.65
24.99	24.20	23.65	23.10	19.15	19.78	21.21	24.63
23.79	23.29	23.69	23.12	19.17	19.80	21.21	24.59
23.30	22.97	23.70	23.11	19.20	19.79	21.19	24.56
23.20	22.88	23.68	23.11	19.19	19.79	21.20	24.54
23.60	23.55	23.66	23.15	19.22	19.83	21.16	24.51
23.43	23.52	23.59	23.14	19.23	19.83	21.15	24.51
23.86	23.98	23.57	23.15	19.27	19.81	21.16	24.48
25.56	25.54	23.55	23.14	19.26	19.82	21.14	24.47
28.06	28.94	23.50	23.17	19.27	19.86	21.13	24.47
33.38	31.31	23.44	23.18	19.28	19.85	21.14	24.47
27.74	27.63	23.43	23.16	19.27	19.83	21.11	24.49
25.73	26.11	23.41	23.18	19.28	19.87	21.13	24.50
24.67	24.64	23.38	23.16	19.24	19.85	21.11	24.50
24.03	24.45	23.37	23.15	19.29	19.84	21.08	24.48
23.26	23.92	23.41	23.18	19.28	19.88	21.11	24.49
22.68	23.43	23.40	23.17	19.31	19.87	21.10	24.50
22.36	23.15	23.40	23.19	19.33	19.88	21.08	24.47
22.11	22.90	23.42	23.16	19.37	19.85	21.10	24.44
21.87	22.64	23.40	23.17	19.36	19.87	21.11	24.44
21.92	22.58	23.40	23.19	19.38	19.88	21.10	24.44
21.68	22.32	23.36	23.21	19.36	19.90	21.09	24.42
21.61	22.09	23.32	23.18	19.37	19.92	21.07	24.41
21.60	21.95	23.29	23.19	19.35	19.88	21.04	24.33
21.49	21.72	23.26	23.20	19.36	19.91	21.06	24.33
21.29	21.47	23.20	23.19	19.38	19.91	21.05	24.27
21.45	21.53	23.21	23.16	19.38	19.89	21.02	24.28
21.84	21.95	23.17	23.19	19.39	19.89	21.03	24.25
22.42	22.74	23.10	23.19	19.41	19.92	20.99	24.21
23.26	23.60	23.09	23.20	19.38	19.93	21.01	24.21
24.41	27.16	23.01	23.15	19.40	19.91	20.97	24.17
23.70	24.40	22.99	23.18	19.40	19.92	20.98	24.19
24.78	26.19	22.93	23.19	19.40	19.92	20.97	24.18
26.01	27.07	22.88	23.19	19.45	19.94	20.96	24.17
31.32	29.64	22.87	23.16	19.40	19.92	20.92	24.18
31.67	27.98	22.83	23.18	19.41	19.93	20.92	24.19
33.94	26.68	22.78	23.16	19.41	19.90	20.89	24.19
35.91	26.22	22.72	23.17	19.38	19.93	20.90	24.26
34.59	25.52	22.73	23.17	19.39	19.94	20.91	24.27
29.77	24.65	22.71	23.17	19.38	19.96	20.86	24.33
26.69	23.40	22.74	23.16	19.34	19.95	20.91	24.41
24.61	22.07	22.75	23.16	19.38	19.94	20.92	24.43
23.12	21.11	22.73	23.18	19.40	19.95	20.94	24.42
21.87	20.17	22.75	23.16	19.40	19.94	20.94	24.37
20.88	19.42	22.71	23.16	19.41	19.95	20.95	24.35
19.95	18.60	22.69	23.18	19.42	19.95	20.92	24.31
19.10	17.81	22.66	23.18	19.41	19.96	20.92	24.27
18.18	16.96	22.62	23.19	19.44	19.97	20.93	24.19
17.55	16.21	22.62	23.17	19.41	19.95	20.90	24.14
17.01	15.68	22.56	23.19	19.42	20.00	20.89	24.05
16.56	15.21	22.52	23.21	19.46	20.01	20.87	23.99
16.56	15.25	22.45	23.17	19.44	19.97	20.84	23.86
16.58	15.77	22.41	23.18	19.43	19.97	20.82	23.80
16.90	17.53	22.32	23.21	19.42	20.00	20.83	23.73
17.60	29.03	22.29	23.20	19.42	20.01	20.80	23.68
19.23	33.05	22.17	23.20	19.44	20.01	20.74	23.62
23.16	34.33	22.09	23.17	19.38	20.04	20.73	23.57
27.61	33.78	22.03	23.20	19.45	20.06	20.71	23.56
31.31	31.53	21.94	23.17	19.45	20.04	20.70	23.52
35.44	27.75	21.87	23.13	19.43	19.98	20.68	23.49
37.65	26.47	21.83	23.14	19.44	19.99	20.65	23.51
38.10	25.88	21.73	23.15	19.47	20.01	20.65	23.55
35.55	25.23	21.75	23.12	19.45	20.00	20.60	23.59
29.96	24.36	21.73	23.08	19.44	19.98	20.61	23.62
26.66	23.24	21.72	23.09	19.42	20.00	20.65	23.72
24.21	21.68	21.76	23.04	19.42	19.99	20.63	23.73
22.48	20.52	21.77	23.08	19.44	20.01	20.63	23.77
21.37	19.62	21.74	23.05	19.46	20.00	20.63	23.74
20.35	18.92	21.73	23.05	19.44	19.99	20.62	23.71
19.57	18.17	21.78	23.02	19.44	19.98	20.62	23.63
18.88	17.48	21.73	23.06	19.45	20.02	20.63	23.62
18.32	16.93	21.72	23.05	19.44	20.02	20.56	23.58
17.74	16.41	21.72	23.03	19.46	20.00	20.59	23.52
17.16	15.83	21.70	23.03	19.45	19.99	20.56	23.42
16.72	15.34	21.64	23.03	19.41	20.02	20.53	23.38
16.76	15.35	21.61	23.01	19.43	20.04	20.52	23.32
17.23	16.11	21.56	23.02	19.44	19.99	20.49	23.21
18.00	19.44	21.50	23.04	19.45	20.03	20.46	23.20
18.95	29.95	21.39	23.00	19.46	20.02	20.44	23.13
20.63	33.85	21.35	22.99	19.44	20.01	20.41	23.08
23.74	33.26	21.26	22.99	19.43	20.00	20.36	23.07
29.30	34.65	21.21	22.98	19.45	20.04	20.36	23.06
33.46	32.38	21.14	22.99	19.47	20.04	20.35	23.08
36.74	28.53	21.05	22.97	19.45	20.03	20.34	23.08
38.86	27.23	20.98	22.96	19.46	20.04	20.30	23.10
39.67	27.01	20.99	22.93	19.45	20.03	20.30	23.14
37.45	26.69	21.04	22.91	19.42	20.03	20.29	23.22
31.77	25.87	21.04	22.91	19.40	20.01	20.27	23.30
28.05	24.42	21.08	22.87	19.42	19.98	20.32	23.35
25.39	22.65	21.14	22.86	19.39	20.02	20.35	23.46
23.83	21.55	21.17	22.83	19.40	19.99	20.35	23.44
22.83	20.86	21.19	22.82	19.43	20.00	20.35	23.48
22.00	20.33	21.20	22.86	19.42	20.03	20.35	23.47
21.36	19.68	21.21	22.85	19.41	20.01	20.35	23.44
20.91	19.34	21.21	22.83	19.41	20.02	20.36	23.40
20.40	18.84	21.21	22.82	19.43	20.01	20.33	23.34
20.35	18.68	21.22	22.83	19.40	20.00	20.35	23.29
20.12	18.50	21.23	22.80	19.43	19.99	20.29	23.26
19.75	18.16	21.19	22.80	19.42	20.01	20.32	23.22
20.09	18.63	21.18	22.81	19.39	20.01	20.29	23.17
21.10	19.69	21.14	22.83	19.39	20.02	20.30	23.15
21.99	20.47	21.11	22.79	19.39	20.00	20.25	23.05
22.26	20.66	21.08	22.79	19.40	19.98	20.25	23.03
22.86	21.24	21.03	22.81	19.36	20.01	20.20	23.02
23.15	21.54	21.01	22.79	19.37	20.02	20.21	23.02
26.26	24.62	20.97	22.77	19.42	20.01	20.21	22.99
31.99	27.50	20.90	22.75	19.42	20.02	20.17	23.00
33.37	26.25	20.88	22.77	19.45	20.04	20.17	23.02
34.02	26.26	20.84	22.71	19.45	20.00	20.14	23.01
34.33	25.75	20.83	22.75	19.43	20.00	20.15	23.13
33.95	25.65	20.82	22.70	19.44	19.99	20.12	23.17
29.81	24.64	20.81	22.72	19.41	20.00	20.13	23.25
27.89	24.17	20.84	22.68	19.41	20.01	20.14	23.29
26.47	23.54	20.83	22.67	19.41	19.97	20.17	23.34
25.64	23.13	20.85	22.69	19.41	20.00	20.13	23.36
23.63	22.11	20.89	22.68	19.43	19.99	20.14	23.39
23.25	21.66	20.92	22.62	19.38	19.98	20.17	23.37
23.10	21.34	20.92	22.67	19.41	20.00	20.18	23.40
22.63	20.92	20.94	22.66	19.38	20.01	20.17	23.40
22.12	20.49	20.92	22.66	19.39	20.01	20.18	23.37
21.88	20.24	20.95	22.64	19.37	20.00	20.16	23.34
21.30	19.68	20.97	22.62	19.37	19.96	20.19	23.30
20.44	18.96	20.95	22.62	19.37	19.99	20.20	23.28
19.83	18.22	20.94	22.65	19.35	20.01	20.16	23.29
19.73	18.38	20.94	22.62	19.37	19.96	20.21	23.20
19.89	19.16	20.94	22.60	19.37	19.98	20.16	23.16
21.21	20.26	20.91	22.65	19.37	20.02	20.17	23.16
22.20	21.64	20.92	22.65	19.39	19.98	20.17	23.12
22.43	21.22	20.89	22.65	19.36	20.02	20.14	23.10
22.44	20.89	20.84	22.58	19.35	19.97	20.16	23.07
21.88	20.57	20.81	22.64	19.38	20.01	20.10	23.09
28.52	21.61	20.80	22.61	19.39	19.99	20.11	23.04
30.07	21.53	20.73	22.58	19.37	19.99	20.13	23.07
27.14	20.93	20.72	22.60	19.34	19.97	20.09	23.09
24.05	19.97	20.71	22.58	19.35	19.96	20.11	23.08
22.17	18.98	20.67	22.55	19.35	19.97	20.10	23.08
20.95	18.24	20.63	22.55	19.33	19.98	20.08	23.06
19.38	17.24	20.65	22.59	19.33	20.01	20.09	23.04
18.07	16.11	20.59	22.58	19.35	20.00	20.08	23.01
17.05	15.18	20.59	22.58	19.33	19.99	20.08	22.96
16.20	14.34	20.56	22.54	19.35	19.99	20.09	22.89
15.45	13.67	20.57	22.56	19.37	20.00	20.06	22.86
14.89	13.10	20.51	22.55	19.36	19.99	20.03	22.76
14.31	12.56	20.46	22.55	19.34	20.01	20.06	22.69
13.87	12.08	20.44	22.51	19.32	19.99	19.99	22.59
13.46	11.69	20.40	22.53	19.33	19.99	19.97	22.52
13.25	11.47	20.38	22.50	19.29	19.99	19.92	22.42
13.36	11.57	20.30	22.51	19.33	20.00	19.93	22.37
13.78	12.27	20.24	22.51	19.36	20.02	19.90	22.27
14.52	16.04	20.18	22.49	19.32	19.99	19.86	22.20
15.52	27.24	20.12	22.46	19.35	19.99	19.83	22.14
17.45	31.49	20.04	22.48	19.32	20.00	19.81	22.13
21.68	33.06	19.98	22.44	19.32	20.00	19.82	22.08
26.77	32.71	19.88	22.43	19.26	19.98	19.75	22.08
31.29	31.01	19.81	22.42	19.34	19.98	19.78	22.10
35.16	27.31	19.74	22.40	19.27	19.96	19.77	22.22
37.77	25.99	19.67	22.40	19.26	20.00	19.77	22.38
38.81	25.77	19.67	22.34	19.26	19.97	19.77	22.48
36.08	25.38	19.67	22.33	19.25	19.96	19.74	22.59
30.49	24.59	19.65	22.30	19.22	19.94	19.74	22.70
26.88	23.12	19.72	22.30	19.23	19.96	19.72	22.83
24.14	21.39	19.78	22.27	19.24	19.94	19.76	22.84
22.38	20.12	19.81	22.28	19.25	19.98	19.78	22.88
21.16	19.41	19.86	22.30	19.24	19.98	19.80	22.90
20.24	18.72	19.85	22.26	19.26	19.96	19.77	22.86
19.42	18.04	19.92	22.27	19.24	19.98	19.79	22.89
18.65	17.35	19.89	22.26	19.27	19.94	19.81	22.82
18.00	16.67	19.92	22.28	19.25	19.94	19.79	22.78
17.46	16.19	19.92	22.26	19.26	19.93	19.79	22.72
17.06	15.80	19.92	22.29	19.27	19.95	19.78	22.67
16.80	15.50	19.93	22.26	19.24	19.94	19.78	22.60
17.01	15.64	19.93	22.29	19.23	19.97	19.74	22.58
18.23	17.08	19.91	22.26	19.23	19.94	19.73	22.50
19.23	19.84	19.86	22.29	19.25	19.96	19.75	22.47
20.46	28.58	19.82	22.26	19.25	19.93	19.71	22.39
22.66	29.59	19.83	22.23	19.23	19.92	19.70	22.38
26.33	32.24	19.78	22.26	19.21	19.96	19.72	22.40
30.34	33.33	19.75	22.27	19.19	19.96	19.63	22.39
32.81	31.78	19.67	22.24	19.21	19.95	19.69	22.42
34.00	29.39	19.67	22.21	19.20	19.94	19.67	22.44
37.79	28.49	19.65	22.22	19.19	19.95	19.67	22.47
36.68	27.92	19.65	22.20	19.17	19.92	19.67	22.50
34.42	27.46	19.70	22.21	19.13	19.92	19.70	22.59
30.62	26.60	19.71	22.17	19.14	19.94	19.65	22.67
28.02	25.38	19.76	22.18	19.15	19.93	19.71	22.74
25.78	23.90	19.79	22.18	19.14	19.94	19.71	22.82
24.15	22.66	19.87	22.14	19.15	19.90	19.76	22.79
22.88	21.63	19.93	22.14	19.14	19.90	19.76	22.81
21.87	20.73	19.94	22.15	19.17	19.90	19.78	22.82
21.01	20.01	19.97	22.16	19.16	19.92	19.78	22.82
20.38	19.31	20.01	22.16	19.16	19.95	19.80	22.81
19.72	18.68	20.05	22.16	19.12	19.92	19.78	22.77
19.15	18.18	20.05	22.18	19.16	19.93	19.81	22.74
18.71	17.65	20.07	22.14	19.17	19.94	19.80	22.69
18.17	17.12	20.08	22.14	19.15	19.93	19.80	22.62
18.33	17.09	20.09	22.15	19.18	19.91	19.83	22.56
18.83	17.73	20.07	22.15	19.19	19.89	19.80	22.52
19.43	20.81	20.07	22.16	19.20	19.93	19.78	22.47
20.42	30.26	20.07	22.15	19.17	19.92	19.77	22.43
22.15	34.59	20.00	22.16	19.14	19.91	19.74	22.44
26.43	36.87	20.02	22.16	19.15	19.93	19.75	22.42
31.33	36.36	19.97	22.11	19.16	19.91	19.74	22.36
35.92	34.78	19.92	22.15	19.13	19.94	19.76	22.44
38.33	31.64	19.95	22.12	19.11	19.92	19.77	22.44
39.60	29.79	19.93	22.13	19.15	19.92	19.72	22.50
40.05	29.16	19.94	22.10	19.13	19.90	19.73	22.56
35.21	28.35	20.00	22.11	19.10	19.91	19.76	22.63
31.48	27.28	20.04	22.09	19.11	19.88	19.79	22.71
28.84	26.03	20.13	22.08	19.11	19.92	19.83	22.80
26.90	24.84	20.20	22.07	19.10	19.89	19.80	22.81
25.46	23.83	20.29	22.08	19.08	19.89	19.88	22.87
24.26	22.97	20.34	22.08	19.09	19.90	19.86	22.86
23.65	22.46	20.32	22.11	19.10	19.90	19.88	22.89
22.91	21.90	20.40	22.05	19.08	19.88	19.89	22.82
22.52	21.59	20.42	22.06	19.10	19.88	19.86	22.82
22.11	21.22	20.46	22.07	19.10	19.87	19.90	22.79
21.87	20.98	20.47	22.05	19.10	19.89	19.91	22.78
21.63	20.69	20.47	22.10	19.11	19.91	19.90	22.77
21.44	20.48	20.49	22.08	19.06	19.86	19.94	22.70
21.69	20.79	20.46	22.09	19.10	19.91	19.93	22.70
22.40	21.59	20.49	22.11	19.07	19.91	19.91	22.66
23.53	23.01	20.48	22.10	19.10	19.92	19.92	22.66
25.23	25.43	20.53	22.08	19.14	19.90	19.93	22.61
26.82	30.65	20.51	22.08	19.10	19.90	19.91	22.63
28.89	30.86	20.54	22.06	19.12	19.88	19.90	22.64
30.93	31.22	20.54	22.06	19.13	19.88	19.88	22.65
31.66	30.01	20.57	22.07	19.13	19.88	19.89	22.68
32.11	29.33	20.57	22.07	19.10	19.88	19.89	22.72
30.40	28.32	20.58	22.06	19.11	19.88	19.91	22.76
29.11	27.70	20.61	22.06	19.10	19.89	19.93	22.81
26.97	25.97	20.63	22.04	19.12	19.88	19.95	22.86
25.77	25.13	20.60	22.05	19.08	19.88	19.97	22.89
24.85	24.47	20.64	22.07	19.09	19.89	19.97	22.91
23.94	23.79	20.69	22.07	19.09	19.88	20.00	22.92
23.36	23.27	20.68	22.04	19.09	19.88	20.00	22.92
23.01	22.86	20.71	22.07	19.09	19.88	20.02	22.89
22.42	22.36	20.76	22.05	19.06	19.86	20.02	22.89
22.20	21.98	20.82	22.08	19.08	19.89	20.00	22.88
21.93	21.65	20.86	22.05	19.06	19.87	20.04	22.85
21.93	21.53	20.88	22.09	19.09	19.90	20.01	22.89
21.82	21.26	20.95	22.07	19.08	19.88	20.06	22.81
21.61	20.99	20.95	22.06	19.09	19.87	20.02	22.82
21.42	20.71	20.97	22.07	19.08	19.89	20.04	22.78
21.29	20.51	20.97	22.07	19.10	19.89	20.03	22.76
21.76	21.05	20.95	22.09	19.12	19.92	20.01	22.76
22.97	22.80	20.93	22.07	19.14	19.87	20.03	22.73
23.55	23.64	20.96	22.12	19.14	19.93	20.01	22.73
24.39	30.16	20.91	22.10	19.13	19.88	20.03	22.71
27.27	33.34	20.90	22.10	19.11	19.91	20.03	22.74
31.24	33.31	20.93	22.09	19.10	19.88	19.99	22.76
34.52	31.51	20.92	22.08	19.14	19.89	19.99	22.78
34.63	29.17	20.88	22.08	19.15	19.89	19.98	22.79
30.05	27.24	20.86	22.07	19.14	19.87	20.02	22.83
31.60	26.93	20.89	22.09	19.16	19.90	20.00	22.89
33.62	26.61	20.95	22.07	19.14	19.88	20.01	22.96
29.19	25.55	21.00	22.06	19.14	19.88	19.99	23.02
26.53	24.15	21.01	22.06	19.11	19.88	20.02	23.07
24.78	22.96	21.08	22.06	19.13	19.91	20.07	23.12
23.44	21.97	21.07	22.09	19.12	19.92	20.07	23.11
22.40	21.12	21.07	22.11	19.12	19.91	20.07	23.12
21.70	20.40	21.11	22.09	19.13	19.88	20.08	23.05
21.52	20.20	21.14	22.08	19.10	19.88	20.10	23.02
21.07	19.84	21.12	22.09	19.11	19.87	20.11	23.00
20.65	19.42	21.13	22.11	19.13	19.90	20.12	22.98
20.28	19.10	21.15	22.11	19.14	19.88	20.12	22.89
20.07	18.92	21.13	22.14	19.14	19.89	20.08	22.87
19.80	18.66	21.09	22.13	19.15	19.88	20.07	22.83
20.09	18.83	21.08	22.13	19.13	19.90	20.05	22.76
20.50	19.24	21.07	22.16	19.15	19.93	20.06	22.74
20.64	21.81	21.05	22.15	19.16	19.93	20.04	22.69
22.28	31.11	21.00	22.13	19.17	19.88	20.03	22.66
23.83	31.03	20.98	22.14	19.19	19.90	20.03	22.65
25.03	27.99	20.93	22.12	19.17	19.90	20.01	22.65
26.37	28.11	20.93	22.15	19.17	19.91	20.00	22.66
28.91	28.61	20.86	22.11	19.16	19.88	20.00	22.62
31.41	27.70	20.84	22.14	19.13	19.90	19.94	22.67
28.17	26.08	20.84	22.13	19.16	19.90	19.98	22.68
30.28	26.12	20.81	22.13	19.15	19.89	19.99	22.73
30.33	25.59	20.78	22.12	19.14	19.91	19.98	22.77
27.25	24.65	20.79	22.11	19.11	19.88	19.97	22.77
25.03	23.44	20.83	22.10	19.13	19.88	19.98	22.80
23.41	22.20	20.86	22.09	19.12	19.85	20.02	22.84
22.17	21.31	20.87	22.08	19.13	19.87	20.03	22.84
21.25	20.53	20.87	22.09	19.13	19.89	20.03	22.82
20.55	19.88	20.89	22.11	19.11	19.87	20.04	22.80
19.94	19.28	20.86	22.13	19.12	19.90	20.02	22.81
19.40	18.74	20.90	22.10	19.15	19.87	20.03	22.75
18.94	18.32	20.90	22.13	19.15	19.91	20.02	22.75
18.50	17.90	20.86	22.10	19.17	19.89	20.02	22.69
18.07	17.39	20.90	22.11	19.17	19.87	20.02	22.62
18.09	17.28	20.84	22.12	19.14	19.90	20.00	22.57
18.15	17.48	20.84	22.15	19.15	19.90	19.98	22.53
18.54	17.97	20.81	22.09	19.17	19.89	19.95	22.46
19.16	20.90	20.80	22.09	19.18	19.91	19.94	22.41
20.10	30.51	20.73	22.12	19.18	19.90	19.93	22.41
22.00	33.90	20.71	22.11	19.18	19.90	19.92	22.40
26.18	35.48	20.65	22.11	19.19	19.89	19.90	22.38
30.51	34.22	20.60	22.09	19.19	19.88	19.86	22.40
27.76	29.54	20.53	22.10	19.17	19.90	19.89	22.39
33.29	28.77	20.55	22.10	19.17	19.89	19.90	22.44
32.47	27.74	20.54	22.08	19.17	19.88	19.87	22.49
33.17	27.77	20.58	22.08	19.18	19.89	19.87	22.50
31.74	27.46	20.59	22.05	19.18	19.89	19.87	22.58
29.33	26.85	20.62	22.08	19.15	19.89	19.84	22.64
26.79	25.36	20.69	22.05	19.14	19.88	19.89	22.68
25.57	24.72	20.75	22.03	19.16	19.89	19.92	22.70
24.63	24.08	20.78	22.06	19.14	19.88	19.93	22.77
23.58	23.34	20.76	22.02	19.17	19.86	19.93	22.75
22.63	22.52	20.81	22.05	19.16	19.89	19.94	22.76
21.82	21.61	20.81	22.07	19.15	19.88	19.97	22.76
21.19	20.99	20.84	22.03	19.13	19.86	19.95	22.74
20.80	20.56	20.82	22.05	19.17	19.87	19.95	22.72
20.64	20.27	20.85	22.06	19.14	19.89	19.94	22.71
20.51	20.08	20.88	22.06	19.14	19.89	20.00	22.67
20.44	19.94	20.86	22.05	19.14	19.88	19.96	22.63
20.72	20.17	20.89	22.06	19.17	19.87	19.94	22.59
20.89	20.35	20.87	22.04	19.14	19.87	19.97	22.58
21.92	22.20	20.84	22.04	19.16	19.89	19.93	22.54
23.40	24.13	20.84	22.07	19.18	19.92	19.95	22.54
25.06	28.33	20.84	22.05	19.19	19.90	19.92	22.54
27.66	29.84	20.81	22.07	19.17	19.89	19.92	22.52
30.04	30.50	20.77	22.07	19.17	19.90	19.92	22.54
31.22	29.68	20.74	22.06	19.16	19.89	19.91	22.56
29.70	28.16	20.75	22.03	19.16	19.86	19.88	22.57
26.44	26.04	20.80	22.02	19.16	19.86	19.87	22.58
22.92	22.30	20.86	22.00	19.16	19.87	19.94	22.63
21.80	21.45	20.86	22.04	19.18	19.88	19.94	22.67
21.57	21.34	20.91	22.03	19.19	19.87	19.93	22.68
21.09	21.11	20.97	22.03	19.18	19.87	19.94	22.68
20.93	21.13	20.95	22.02	19.21	19.89	19.92	22.68
20.65	20.97	20.97	22.02	19.19	19.89	19.93	22.69
20.50	20.84	20.96	22.03	19.18	19.88	19.94	22.67
20.36	20.68	21.00	21.99	19.20	19.88	19.92	22.65
20.24	20.55	20.97	22.02	19.18	19.87	19.96	22.64
20.01	20.30	20.98	21.99	19.20	19.85	19.95	22.65
19.82	20.13	20.95	22.02	19.19	19.90	19.94	22.63
19.55	19.81	20.92	22.03	19.18	19.91	19.91	22.62
18.77	19.12	20.93	22.01	19.18	19.85	19.91	22.60
18.26	18.58	20.91	22.01	19.16	19.89	19.94	22.56
18.17	18.59	20.88	22.01	19.16	19.86	19.93	22.55
19.12	19.48	20.88	22.02	19.18	19.87	19.95	22.52
20.09	22.27	20.84	22.00	19.18	19.88	19.90	22.45
20.93	24.02	20.84	22.02	19.16	19.91	19.89	22.50
20.98	22.16	20.78	22.01	19.19	19.89	19.88	22.46
22.67	23.76	20.79	22.00	19.18	19.90	19.88	22.46
27.44	28.04	20.68	22.00	19.19	19.88	19.88	22.45
27.69	26.08	20.70	22.00	19.18	19.88	19.89	22.47
34.28	25.31	20.67	22.00	19.18	19.88	19.88	22.47
31.17	24.91	20.63	22.01	19.15	19.91	19.86	22.53
31.08	24.52	20.63	22.02	19.15	19.89	19.89	22.56
29.72	24.22	20.62	22.01	19.15	19.89	19.85	22.61
25.63	22.56	20.59	21.99	19.14	19.86	19.87	22.65
23.55	21.53	20.65	21.96	19.16	19.84	19.88	22.64
22.43	20.74	20.63	21.98	19.15	19.88	19.88	22.67
21.30	19.90	20.65	22.00	19.13	19.90	19.90	22.68
20.73	19.43	20.67	21.98	19.15	19.85	19.90	22.65
20.37	19.18	20.66	22.00	19.12	19.89	19.90	22.64
20.06	18.92	20.68	21.99	19.16	19.90	19.89	22.64
19.80	18.69	20.69	21.97	19.16	19.86	19.88	22.58
19.60	18.50	20.67	21.96	19.13	19.87	19.88	22.53
19.32	18.29	20.66	21.98	19.15	19.88	19.90	22.52
19.14	18.12	20.63	21.98	19.17	19.89	19.87	22.48
19.02	17.97	20.62	22.01	19.15	19.92	19.91	22.45
19.03	17.99	20.60	21.98	19.18	19.88	19.90	22.42
19.51	18.75	20.56	21.99	19.14	19.86	19.87	22.38
20.81	21.63	20.51	21.99	19.16	19.90	19.85	22.37
21.96	26.70	20.47	21.97	19.17	19.87	19.82	22.33
22.81	23.93	20.48	21.97	19.14	19.89	19.81	22.33
24.61	25.49	20.41	21.96	19.16	19.88	19.80	22.32
27.66	28.18	20.40	21.99	19.16	19.90	19.80	22.34
32.11	28.70	20.35	21.96	19.13	19.88	19.80	22.33
31.83	26.25	20.32	21.96	19.13	19.89	19.80	22.36
34.58	26.12	20.31	21.98	19.14	19.91	19.79	22.40
31.39	25.24	20.31	21.96	19.13	19.88	19.81	22.43
30.94	24.65	20.29	21.94	19.13	19.88	19.79	22.50
27.49	23.84	20.32	21.94	19.13	19.88	19.79	22.54
25.16	22.48	20.37	21.93	19.11	19.87	19.85	22.58
23.86	21.76	20.39	21.92	19.12	19.86	19.83	22.59
22.98	21.34	20.39	21.94	19.11	19.89	19.86	22.62
21.89	20.46	20.44	21.93	19.11	19.87	19.86	22.60
21.20	19.83	20.45	21.95	19.12	19.88	19.84	22.60
21.06	19.79	20.46	21.93	19.10	19.87	19.87	22.57
20.77	19.49	20.46	21.93	19.09	19.88	19.88	22.53
20.26	19.08	20.49	21.92	19.09	19.88	19.87	22.49
20.04	18.81	20.51	21.92	19.08	19.85	19.86	22.49
19.87	18.63	20.48	21.95	19.08	19.88	19.85	22.46
19.57	18.37	20.48	21.94	19.10	19.88	19.82	22.39
19.39	18.19	20.46	21.95	19.11	19.89	19.84	22.39
19.85	18.87	20.44	21.94	19.11	19.90	19.85	22.36
20.90	19.83	20.40	21.95	19.08	19.89	19.81	22.34
21.63	21.10	20.35	21.95	19.14	19.89	19.77	22.31
23.66	24.21	20.35	21.92	19.14	19.86	19.80	22.28
26.03	28.82	20.34	21.94	19.11	19.91	19.80	22.29
27.82	27.77	20.32	21.90	19.12	19.88	19.78	22.26
30.97	28.02	20.29	21.93	19.12	19.88	19.77	22.27
31.05	24.98	20.25	21.90	19.09	19.85	19.78	22.27
35.62	24.50	20.26	21.92	19.11	19.87	19.76	22.32
33.34	24.10	20.23	21.90	19.09	19.89	19.74	22.34
28.25	22.23	20.22	21.89	19.09	19.86	19.79	22.55
25.71	21.43	20.21	21.90	19.07	19.87	19.79	22.58
23.91	20.59	20.28	21.89	19.07	19.84	19.78	22.57
21.96	19.42	20.27	21.91	19.05	19.88	19.80	22.58
20.68	18.54	20.31	21.88	19.07	19.89	19.78	22.51
19.80	17.87	20.30	21.90	19.08	19.89	19.76	22.50
19.46	17.71	20.34	21.89	19.08	19.87	19.81	22.44
18.73	17.03	20.30	21.91	19.08	19.86	19.79	22.42
18.06	16.49	20.31	21.87	19.07	19.85	19.77	22.35
17.38	15.81	20.28	21.90	19.08	19.88	19.77	22.33
16.61	15.07	20.30	21.85	19.06	19.86	19.78	22.24
15.98	14.51	20.31	21.90	19.08	19.90	19.77	22.21
15.53	14.02	20.26	21.88	19.05	19.89	19.76	22.14
15.30	13.80	20.23	21.90	19.07	19.89	19.72	22.10
15.42	14.20	20.17	21.87	19.08	19.87	19.69	22.02
15.77	17.15	20.13	21.91	19.05	19.89	19.66	21.97
16.46	27.46	20.10	21.86	19.08	19.86	19.68	21.89
18.31	32.00	20.06	21.86	19.06	19.85	19.69	21.85
22.57	33.68	20.01	21.86	19.09	19.85	19.64	21.85
27.31	33.22	19.94	21.87	19.06	19.88	19.64	21.84
31.95	31.09	19.90	21.83	19.04	19.85	19.60	21.81
35.37	27.45	19.85	21.82	19.02	19.87	19.62	21.84
34.20	25.98	19.85	21.83	19.04	19.88	19.59	21.87
37.27	25.97	19.80	21.81	19.02	19.85	19.58	21.90
32.61	25.11	19.82	21.79	19.02	19.85	19.59	22.10
28.59	24.43	19.82	21.82	19.00	19.88	19.59	22.17
25.56	22.74	19.84	21.79	18.99	19.86	19.62	22.20
23.60	21.54	19.91	21.75	19.02	19.84	19.62	22.18
22.05	20.45	19.92	21.77	19.02	19.85	19.61	22.19
20.94	19.50	19.92	21.77	19.00	19.88	19.65	22.19
20.11	18.85	20.01	21.77	19.02	19.83	19.62	22.16
19.61	18.44	19.99	21.76	19.03	19.86	19.61	22.14
18.96	17.83	20.05	21.74	19.03	19.86	19.67	22.09
18.39	17.34	20.03	21.77	19.04	19.89	19.66	22.07
18.44	17.33	20.02	21.74	19.04	19.85	19.67	21.98
18.09	16.87	20.00	21.75	19.04	19.88	19.61	21.95
17.69	16.45	20.00	21.76	19.04	19.84	19.61	21.92
18.19	16.94	20.00	21.74	19.04	19.86	19.60	21.84
18.92	17.93	19.99	21.76	19.07	19.86	19.58	21.83
19.36	21.58	19.94	21.74	19.05	19.86	19.59	21.79
19.94	24.50	19.93	21.77	19.06	19.89	19.56	21.78
21.39	32.19	19.88	21.76	19.04	19.85	19.56	21.73
25.44	34.14	19.85	21.73	19.08	19.86	19.56	21.75
30.00	33.85	19.81	21.69	19.04	19.84	19.53	21.72
34.39	31.86	19.74	21.73	19.03	19.87	19.52	21.77
33.50	28.60	19.76	21.73	19.04	19.87	19.54	21.79
28.29	26.65	19.78	21.65	19.06	19.82	19.53	21.79
28.66	26.25	19.81	21.69	19.03	19.85	19.51	21.89
29.45	25.95	19.86	21.66	19.04	19.81	19.53	21.93
26.73	25.28	19.92	21.68	19.01	19.84	19.54	22.01
24.46	23.63	19.98	21.64	19.00	19.84	19.53	22.01
22.69	22.18	20.03	21.67	19.00	19.85	19.60	22.08
21.45	21.19	20.08	21.65	18.98	19.84	19.59	22.07
20.68	20.48	20.12	21.67	19.01	19.84	19.58	22.07
20.00	19.77	20.17	21.63	18.97	19.82	19.62	22.02
19.35	19.12	20.17	21.67	18.99	19.84	19.58	22.04
18.71	18.46	20.24	21.65	19.03	19.82	19.60	22.02
18.14	17.87	20.23	21.64	19.01	19.83	19.62	21.97
17.73	17.35	20.27	21.63	19.00	19.83	19.59	21.94
17.37	16.90	20.25	21.65	19.01	19.82	19.59	21.87
17.04	16.52	20.26	21.65	19.01	19.83	19.59	21.86
17.09	16.53	20.27	21.67	19.01	19.85	19.56	21.84
17.76	18.23	20.25	21.64	19.01	19.85	19.56	21.77
18.68	19.73	20.26	21.64	19.04	19.81	19.52	21.72
19.59	29.25	20.23	21.64	19.02	19.83	19.53	21.68
21.94	34.11	20.20	21.63	19.02	19.80	19.52	21.65
24.19	30.13	20.17	21.63	19.00	19.84	19.51	21.67
30.54	34.09	20.15	21.60	19.03	19.82	19.50	21.68
32.03	31.45	20.06	21.63	18.97	19.86	19.50	21.72
33.15	29.96	20.08	21.63	19.03	19.84	19.49	21.73
32.12	28.79	20.09	21.57	18.98	19.80	19.48	21.75
31.87	28.15	20.13	21.59	18.99	19.80	19.51	21.83
29.55	27.62	20.19	21.59	18.98	19.84	19.51	21.91
27.50	26.66	20.22	21.57	18.98	19.84	19.52	21.97
26.03	25.67	20.28	21.56	18.98	19.81	19.53	21.98
25.00	24.92	20.33	21.55	18.99	19.81	19.58	22.01
24.36	24.39	20.41	21.55	18.99	19.82	19.57	22.05
23.53	23.54	20.49	21.58	18.99	19.83	19.60	22.08
23.08	23.09	20.52	21.57	18.99	19.81	19.60	22.10
21.73	21.61	20.59	21.57	18.99	19.80	19.63	22.11
21.37	21.31	20.60	21.54	18.99	19.80	19.64	22.10
21.25	21.18	20.66	21.55	19.00	19.80	19.63	22.09
20.61	20.69	20.66	21.56	18.98	19.82	19.63	22.10
20.33	20.47	20.68	21.56	18.97	19.81	19.66	22.09
20.47	20.57	20.68	21.56	18.98	19.81	19.64	22.09
20.66	20.59	20.66	21.56	18.97	19.81	19.65	22.08
20.88	20.74	20.68	21.55	19.01	19.80	19.64	22.05
21.86	21.49	20.66	21.58	19.02	19.79	19.67	22.05
23.26	24.47	20.66	21.59	18.99	19.83	19.63	22.04
24.80	26.55	20.63	21.55	19.00	19.81	19.64	22.04
27.73	31.24	20.62	21.57	18.99	19.79	19.63	22.05
30.07	30.91	20.60	21.57	19.01	19.80	19.61	22.08
33.08	30.64	20.57	21.57	19.01	19.81	19.61	22.11
32.82	28.90	20.61	21.54	19.00	19.80	19.64	22.13
35.32	28.19	20.62	21.53	19.00	19.79	19.62	22.19
36.15	28.18	20.63	21.54	19.00	19.78	19.66	22.24
33.80	27.54	20.67	21.54	19.00	19.78	19.64	22.48
30.41	26.60	20.70	21.57	18.98	19.80	19.67	22.54
28.06	25.59	20.75	21.58	18.99	19.79	19.72	22.61
26.48	24.61	20.75	21.54	18.98	19.77	19.72	22.59
25.29	23.75	20.82	21.59	18.97	19.78	19.77	22.61
24.46	23.10	20.86	21.54	18.98	19.77	19.77	22.61
23.70	22.54	20.88	21.58	18.98	19.80	19.82	22.63
23.07	21.98	20.92	21.58	18.99	19.80	19.81	22.60
22.62	21.60	20.95	21.59	18.95	19.79	19.83	22.57
22.41	21.36	20.94	21.60	18.99	19.81	19.82	22.58
22.36	21.29	20.94	21.61	18.97	19.80	19.82	22.57
22.16	21.11	20.98	21.61	18.98	19.80	19.84	22.51
22.10	21.06	20.94	21.64	18.96	19.82	19.83	22.50
22.14	21.07	20.97	21.60	18.98	19.77	19.86	22.45
22.33	21.25	20.94	21.65	19.00	19.78	19.88	22.43
22.53	21.47	20.92	21.63	18.97	19.82	19.85	22.42
23.33	22.12	20.89	21.66	19.00	19.79	19.87	22.39
24.41	23.43	20.86	21.66	19.01	19.82	19.83	22.38
24.79	23.60	20.85	21.66	19.01	19.77	19.83	22.38
24.63	23.51	20.85	21.65	18.97	19.79	19.83	22.37
26.32	24.82	20.82	21.66	18.98	19.80	19.84	22.39
30.44	26.05	20.84	21.64	19.00	19.79	19.85	22.38
29.49	25.52	20.78	21.69	18.98	19.80	19.82	22.41
37.08	26.44	20.80	21.69	19.00	19.80	19.82	22.46
34.90	25.78	20.81	21.67	18.97	19.80	19.82	22.65
30.06	24.57	20.81	21.68	18.95	19.79	19.86	22.73
27.65	23.82	20.85	21.67	18.99	19.78	19.84	22.74
26.35	23.29	20.84	21.66	18.99	19.76	19.87	22.78
24.97	22.41	20.84	21.66	18.98	19.77	19.87	22.77
24.24	22.07	20.86	21.70	18.99	19.80	19.88	22.77
23.36	21.51	20.88	21.67	18.97	19.77	19.87	22.78
22.58	20.94	20.90	21.70	18.99	19.79	19.89	22.76
22.00	20.46	20.88	21.70	18.98	19.81	19.92	22.76
21.18	19.84	20.89	21.74	19.00	19.81	19.89	22.74
20.85	19.55	20.89	21.71	18.99	19.78	19.92	22.69
20.14	18.89	20.93	21.71	19.00	19.78	19.93	22.65
19.39	18.23	20.89	21.72	19.04	19.80	19.92	22.61
19.30	18.09	20.88	21.74	18.98	19.82	19.92	22.61
19.98	19.27	20.86	21.75	19.02	19.82	19.94	22.55
20.60	22.98	20.82	21.74	19.04	19.80	19.89	22.51
21.33	22.02	20.79	21.75	19.05	19.80	19.90	22.46
22.42	22.12	20.72	21.80	19.06	19.83	19.91	22.47
25.78	28.71	20.70	21.75	19.06	19.82	19.92	22.43
29.98	30.70	20.68	21.76	19.04	19.82	19.91	22.44
33.08	29.32	20.63	21.80	19.03	19.81	19.89	22.44
37.04	27.12	20.58	21.76	19.06	19.80	19.88	22.41
37.96	25.95	20.53	21.78	19.03	19.82	19.87	22.45
35.87	25.51	20.54	21.79	19.04	19.80	19.89	22.46
35.07	24.95	20.53	21.78	19.02	19.80	19.86	22.63
29.53	23.98	20.54	21.74	19.01	19.80	19.85	22.65
26.55	22.47	20.59	21.79	19.04	19.80	19.90	22.70
24.45	21.20	20.62	21.76	19.01	19.81	19.92	22.73
23.23	20.51	20.64	21.77	19.02	19.80	19.94	22.74
22.28	19.92	20.65	21.75	19.03	19.79	19.95	22.68
21.40	19.30	20.63	21.78	19.02	19.82	19.93	22.68
20.57	18.56	20.64	21.79	19.03	19.81	19.97	22.62
19.98	18.10	20.66	21.77	19.04	19.81	19.96	22.57
19.64	17.76	20.67	21.78	19.03	19.82	19.95	22.57
19.27	17.47	20.63	21.80	19.04	19.81	19.93	22.51
18.91	17.26	20.64	21.83	19.09	19.84	19.95	22.47
18.59	17.02	20.63	21.82	19.06	19.83	19.94	22.41
18.47	16.82	20.56	21.82	19.06	19.83	19.94	22.35
18.80	19.56	20.55	21.81	19.07	19.81	19.90	22.31
19.36	20.77	20.49	21.80	19.06	19.80	19.89	22.24
20.37	29.93	20.47	21.82	19.09	19.83	19.84	22.23
23.01	34.15	20.39	21.83	19.10	19.83	19.84	22.24
26.36	33.32	20.37	21.81	19.10	19.82	19.83	22.19
31.55	35.09	20.34	21.82	19.10	19.81	19.80	22.19
35.53	33.46	20.29	21.82	19.05	19.82	19.80	22.22
37.17	30.23	20.25	21.81	19.05	19.79	19.83	22.23
40.22	28.71	20.23	21.80	19.06	19.81	19.79	22.26
35.26	27.88	20.24	21.82	19.08	19.81	19.78	22.32
32.16	27.42	20.29	21.82	19.07	19.82	19.81	22.42
29.44	26.25	20.32	21.77	19.04	19.83	19.82	22.45
27.44	25.19	20.35	21.77	19.06	19.82	19.83	22.48
26.00	24.36	20.42	21.77	19.04	19.80	19.83	22.52
25.00	23.69	20.47	21.80	19.06	19.80	19.85	22.53
24.14	22.93	20.50	21.81	19.05	19.83	19.89	22.54
23.40	22.33	20.55	21.79	19.06	19.82	19.91	22.55
22.66	21.68	20.58	21.77	19.09	19.80	19.90	22.55
21.77	20.86	20.60	21.80	19.07	19.83	19.89	22.51
21.08	20.15	20.61	21.82	19.06	19.83	19.90	22.52
20.64	19.67	20.66	21.78	19.07	19.82	19.90	22.48
19.87	18.90	20.64	21.80	19.08	19.83	19.93	22.44
19.25	18.23	20.66	21.80	19.08	19.81	19.90	22.39
19.30	18.21	20.63	21.81	19.09	19.83	19.93	22.36
20.11	19.16	20.65	21.83	19.07	19.83	19.90	22.31
21.17	20.62	20.61	21.81	19.07	19.85	19.88	22.31
22.44	21.30	20.60	21.82	19.08	19.85	19.89	22.26
24.05	27.23	20.58	21.78	19.12	19.82	19.88	22.24
25.57	27.72	20.58	21.83	19.08	19.82	19.82	22.21
26.82	27.34	20.55	21.81	19.09	19.82	19.82	22.22
32.75	28.81	20.53	21.79	19.09	19.80	19.83	22.22
34.44	26.98	20.56	21.82	19.12	19.83	19.82	22.27
35.74	25.95	20.50	21.79	19.10	19.82	19.82	22.28
37.68	25.74	20.54	21.78	19.10	19.83	19.83	22.33
33.76	25.20	20.49	21.81	19.06	19.83	19.84	22.44
30.01	24.37	20.55	21.78	19.06	19.81	19.81	22.49
27.19	23.13	20.55	21.77	19.09	19.83	19.84	22.56
25.12	21.92	20.62	21.78	19.08	19.78	19.85	22.57
24.03	21.21	20.62	21.76	19.08	19.80	19.88	22.56
23.34	20.86	20.63	21.78	19.10	19.81	19.87	22.56
22.74	20.39	20.64	21.79	19.08	19.83	19.88	22.57
22.10	20.00	20.67	21.79	19.09	19.82	19.85	22.54
21.43	19.42	20.69	21.77	19.08	19.82	19.87	22.51
20.97	18.99	20.67	21.78	19.09	19.81	19.89	22.48
20.48	18.55	20.67	21.82	19.09	19.84	19.86	22.47
20.19	18.31	20.67	21.80	19.09	19.85	19.87	22.42
20.03	18.22	20.67	21.81	19.07	19.85	19.87	22.40
19.95	18.25	20.64	21.79	19.10	19.82	19.88	22.32
20.19	18.43	20.64	21.80	19.09	19.84	19.82	22.31
21.08	19.38	20.63	21.81	19.08	19.85	19.81	22.26
22.82	21.19	20.59	21.84	19.11	19.87	19.81	22.25
22.91	21.19	20.56	21.80	19.10	19.83	19.81	22.20
23.05	21.27	20.55	21.82	19.12	19.84	19.79	22.27
22.41	20.68	20.48	21.79	19.07	19.82	19.80	22.24
22.55	21.01	20.49	21.80	19.10	19.83	19.77	22.26
24.18	22.14	20.46	21.80	19.12	19.82	19.76	22.24
24.99	22.33	20.47	21.78	19.09	19.83	19.77	22.26
24.01	21.63	20.42	21.83	19.08	19.84	19.75	22.31
23.10	21.19	20.36	21.79	19.09	19.85	19.76	22.30
22.05	20.40	20.37	21.77	19.06	19.84	19.75	22.31
21.16	19.75	20.37	21.77	19.09	19.82	19.72	22.28
20.54	19.26	20.38	21.79	19.07	19.84	19.73	22.27
19.96	18.73	20.35	21.75	19.06	19.81	19.71	22.25
19.32	18.19	20.33	21.78	19.07	19.85	19.72	22.26
18.87	17.74	20.33	21.78	19.06	19.82	19.70	22.23
18.41	17.25	20.31	21.77	19.09	19.86	19.73	22.21
17.92	16.86	20.29	21.77	19.08	19.84	19.72	22.16
17.69	16.53	20.26	21.77	19.08	19.84	19.71	22.13
17.42	16.34	20.29	21.79	19.09	19.84	19.71	22.10
17.37	16.26	20.25	21.77	19.08	19.84	19.70	22.06
17.24	16.16	20.26	21.77	19.10	19.82	19.67	22.00
17.32	16.22	20.20	21.76	19.08	19.87	19.64	22.00
16.98	16.46	20.19	21.78	19.09	19.87	19.64	21.97
17.67	17.45	20.15	21.74	19.09	19.82	19.65	21.88
19.44	21.61	20.10	21.78	19.09	19.85	19.64	21.83
19.13	19.03	20.09	21.76	19.05	19.84	19.59	21.79
18.45	17.89	20.05	21.76	19.05	19.85	19.58	21.76
19.40	18.80	20.04	21.73	19.08	19.85	19.57	21.73
19.10	18.27	19.99	21.74	19.05	19.85	19.60	21.74
21.11	18.91	19.95	21.73	19.08	19.86	19.57	21.73
30.14	20.42	19.90	21.70	19.05	19.83	19.53	21.73
28.25	20.24	19.89	21.71	19.06	19.82	19.52	21.76
28.55	19.89	19.84	21.69	19.02	19.84	19.51	22.04
24.61	19.46	19.79	21.70	19.07	19.81	19.49	22.05
21.56	18.08	19.77	21.65	19.06	19.81	19.52	22.02
19.81	17.14	19.75	21.67	19.06	19.84	19.52	22.04
18.75	16.49	19.72	21.65	19.06	19.82	19.52	21.96
17.89	16.02	19.73	21.65	19.04	19.82	19.49	21.92
17.33	15.60	19.67	21.66	19.04	19.82	19.49	21.89
16.78	15.20	19.65	21.65	19.05	19.85	19.49	21.86
16.33	14.84	19.68	21.67	19.03	19.88	19.46	21.85
15.99	14.58	19.64	21.67	19.04	19.87	19.49	21.80
16.37	14.98	19.61	21.66	19.08	19.84	19.45	21.75
16.02	14.73	19.55	21.64	19.07	19.84	19.42	21.67
15.41	14.10	19.55	21.64	19.08	19.83	19.45	21.62
15.21	13.89	19.51	21.64	19.07	19.85	19.43	21.60
15.65	14.51	19.42	21.63	19.07	19.85	19.42	21.53
16.60	15.59	19.36	21.60	19.06	19.83	19.39	21.49
17.95	22.09	19.33	21.60	19.06	19.87	19.38	21.47
18.81	19.61	19.23	21.61	19.03	19.88	19.34	21.42
21.67	23.20	19.11	21.59	19.02	19.81	19.36	21.38
21.78	21.95	19.04	21.58	19.04	19.81	19.36	21.37
27.46	24.67	18.94	21.55	19.05	19.82	19.42	21.39
23.89	22.26	18.95	21.56	19.06	19.83	19.48	21.41
20.83	20.80	18.94	21.52	19.06	19.82	19.49	21.45
26.41	21.67	18.96	21.53	19.04	19.81	19.50	21.45
27.31	21.39	18.91	21.54	19.06	19.81	19.50	21.66
23.58	20.60	18.97	21.50	19.05	19.80	19.50	21.65
21.34	19.53	18.95	21.49	19.03	19.83	19.50	21.67
19.85	18.56	19.04	21.51	19.05	19.82	19.53	21.67
19.11	17.98	19.02	21.48	19.05	19.81	19.52	21.66
18.65	17.67	19.04	21.49	19.05	19.83	19.56	21.67
17.82	16.93	19.05	21.49	19.04	19.82	19.56	21.65
17.58	16.76	19.07	21.48	19.03	19.79	19.57	21.62
17.49	16.65	19.08	21.48	19.06	19.82	19.57	21.59
17.29	16.43	19.09	21.46	19.03	19.80	19.55	21.55
17.10	16.23	19.11	21.46	19.03	19.82	19.56	21.54
16.65	15.83	19.10	21.46	19.07	19.80	19.56	21.48
16.28	15.35	19.08	21.43	19.01	19.81	19.55	21.44
16.59	15.75	19.10	21.44	19.04	19.84	19.58	21.43
16.98	16.32	19.05	21.47	19.04	19.84	19.57	21.37
17.68	17.31	19.05	21.44	19.01	19.77	19.52	21.35
19.35	19.46	19.03	21.44	19.02	19.82	19.55	21.35
20.67	20.30	19.01	21.42	19.02	19.82	19.52	21.33
23.75	24.19	18.94	21.43	19.00	19.82	19.52	21.33
22.20	21.79	18.94	21.41	19.00	19.79	19.48	21.32
29.40	24.61	18.92	21.41	19.01	19.80	19.51	21.35
33.41	23.38	18.85	21.39	19.01	19.79	19.49	21.32
28.81	22.49	18.90	21.39	18.99	19.79	19.44	21.35
29.44	22.57	18.87	21.39	18.96	19.78	19.48	21.39
30.66	22.58	18.86	21.37	18.94	19.80	19.45	21.66
26.17	21.50	18.88	21.35	18.98	19.76	19.47	21.69
23.26	19.75	18.90	21.33	18.97	19.78	19.49	21.67
21.26	18.56	18.94	21.32	18.96	19.77	19.53	21.70
19.84	17.63	18.98	21.31	18.97	19.76	19.52	21.67
18.70	16.80	18.97	21.35	18.97	19.80	19.50	21.68
17.87	16.07	19.02	21.35	18.97	19.80	19.51	21.67
17.19	15.56	19.04	21.34	18.98	19.78	19.52	21.61
16.63	15.05	19.04	21.33	18.99	19.78	19.54	21.56
16.16	14.69	19.05	21.32	18.96	19.80	19.55	21.55
15.58	14.09	19.07	21.33	18.98	19.77	19.52	21.47
14.99	13.53	19.07	21.31	18.98	19.77	19.54	21.40
14.53	13.07	19.07	21.33	18.95	19.78	19.50	21.37
14.53	13.02	19.03	21.30	18.95	19.77	19.50	21.29
14.79	13.39	19.01	21.29	18.94	19.75	19.51	21.22
15.45	14.45	18.98	21.33	18.95	19.77	19.45	21.20
16.67	20.91	18.97	21.33	18.92	19.78	19.50	21.17
19.32	29.48	18.88	21.29	18.97	19.80	19.48	21.13
24.04	32.76	18.87	21.30	18.97	19.76	19.44	21.13
29.03	32.92	18.85	21.28	18.93	19.78	19.43	21.10
34.15	31.46	18.81	21.28	18.92	19.75	19.44	21.12
37.74	28.30	18.80	21.26	18.90	19.73	19.42	21.13
39.14	26.42	18.72	21.29	18.92	19.78	19.44	21.23
39.43	25.82	18.76	21.24	18.90	19.76	19.45	21.26
35.68	25.02	18.79	21.25	18.88	19.77	19.41	21.54
30.09	23.83	18.86	21.22	18.87	19.75	19.40	21.57
26.61	22.47	18.93	21.21	18.91	19.75	19.47	21.65
24.43	21.20	19.01	21.20	18.87	19.72	19.47	21.63
22.90	20.30	19.05	21.18	18.91	19.71	19.50	21.66
21.80	19.60	19.12	21.22	18.89	19.72	19.53	21.67
20.86	18.90	19.17	21.18	18.90	19.71	19.54	21.63
20.06	18.23	19.21	21.20	18.90	19.75	19.55	21.62
19.24	17.55	19.25	21.22	18.88	19.75	19.54	21.59
18.69	17.02	19.29	21.22	18.87	19.74	19.55	21.55
18.20	16.54	19.31	21.21	18.89	19.73	19.55	21.51
17.72	16.10	19.33	21.21	18.90	19.74	19.50	21.45
17.34	15.66	19.30	21.20	18.88	19.72	19.56	21.40
17.73	16.01	19.33	21.23	18.88	19.73	19.51	21.34
18.05	16.62	19.36	21.19	18.91	19.74	19.55	21.31
18.34	17.22	19.31	21.21	18.91	19.74	19.48	21.27
19.50	20.53	19.30	21.22	18.90	19.75	19.51	21.25
22.13	30.34	19.25	21.22	18.91	19.73	19.51	21.24
26.66	33.33	19.22	21.18	18.89	19.74	19.46	21.21
31.40	33.25	19.18	21.18	18.88	19.73	19.50	21.22
35.44	31.51	19.20	21.19	18.88	19.73	19.46	21.25
38.76	29.07	19.21	21.17	18.88	19.71	19.48	21.27
40.66	27.91	19.24	21.17	18.87	19.71	19.48	21.31
41.18	27.81	19.22	21.19	18.85	19.72	19.47	21.42
37.40	27.15	19.32	21.14	18.86	19.71	19.48	21.63
32.25	26.12	19.37	21.18	18.84	19.70	19.46	21.73
28.91	24.74	19.48	21.17	18.84	19.73	19.48	21.80
26.95	23.73	19.57	21.15	18.84	19.68	19.54	21.82
25.53	22.91	19.60	21.16	18.83	19.70	19.56	21.84
24.46	22.20	19.67	21.14	18.87	19.70	19.59	21.86
23.76	21.67	19.74	21.17	18.86	19.72	19.55	21.88
23.11	21.13	19.81	21.16	18.87	19.71	19.58	21.88
22.74	20.77	19.85	21.17	18.87	19.69	19.59	21.85
21.96	20.00	19.90	21.18	18.84	19.70	19.62	21.84
21.80	20.00	19.89	21.19	18.86	19.73	19.64	21.83
21.40	19.55	19.95	21.20	18.85	19.70	19.64	21.80
20.96	19.20	19.97	21.16	18.82	19.66	19.60	21.75
20.96	19.28	19.96	21.18	18.87	19.69	19.64	21.76
21.42	20.06	20.00	21.19	18.85	19.70	19.63	21.70
22.41	21.44	19.96	21.20	18.85	19.69	19.64	21.71
23.84	23.09	20.00	21.17	18.85	19.74	19.64	21.66
26.17	33.25	19.99	21.18	18.82	19.70	19.62	21.68
30.01	35.35	19.99	21.20	18.84	19.72	19.65	21.71
31.16	32.17	19.97	21.20	18.82	19.69	19.64	21.73
33.27	31.77	20.01	21.21	18.82	19.69	19.61	21.75
37.89	30.92	19.97	21.19	18.82	19.67	19.63	21.79
38.65	30.28	19.99	21.20	18.82	19.70	19.61	21.84
37.80	29.78	20.02	21.19	18.81	19.68	19.64	21.91
35.94	29.21	20.05	21.19	18.79	19.66	19.64	22.03
32.19	28.07	20.17	21.20	18.80	19.67	19.70	22.10
29.48	26.61	20.27	21.20	18.82	19.66	19.70	22.13
27.64	25.48	20.30	21.18	18.82	19.67	19.72	22.22
26.27	24.54	20.33	21.23	18.83	19.68	19.74	22.24
25.35	23.87	20.39	21.20	18.84	19.67	19.77	22.25
24.50	23.15	20.45	21.18	18.82	19.66	19.82	22.23
23.65	22.40	20.52	21.24	18.82	19.66	19.82	22.25
23.06	22.00	20.54	21.26	18.85	19.68	19.81	22.24
22.69	21.48	20.58	21.24	18.83	19.67	19.87	22.25
22.21	21.02	20.60	21.27	18.84	19.69	19.83	22.23
21.93	20.71	20.68	21.26	18.80	19.68	19.86	22.17
21.39	20.16	20.69	21.26	18.81	19.66	19.87	22.14
21.34	20.05	20.79	21.30	18.83	19.71	19.89	22.11
21.69	20.34	20.77	21.28	18.84	19.69	19.86	22.10
22.30	21.69	20.76	21.27	18.84	19.67	19.91	22.05
23.11	22.54	20.77	21.29	18.87	19.70	19.91	22.04
25.79	32.42	20.81	21.32	18.86	19.67	19.89	22.02
30.01	35.33	20.76	21.28	18.90	19.68	19.90	22.05
34.28	35.30	20.75	21.34	18.88	19.71	19.87	22.09
37.60	33.74	20.78	21.32	18.89	19.67	19.86	22.08
35.64	31.08	20.81	21.29	18.88	19.67	19.89	22.14
36.11	30.24	20.79	21.33	18.85	19.70	19.91	22.20
35.55	29.62	20.89	21.36	18.84	19.68	19.89	22.27
32.63	28.67	20.95	21.33	18.85	19.71	19.97	22.32
30.63	28.03	20.96	21.37	18.87	19.70	19.93	22.41
28.66	26.94	21.06	21.36	18.88	19.70	19.96	22.43
27.32	26.13	21.13	21.34	18.87	19.70	19.99	22.49
26.26	25.27	21.16	21.39	18.85	19.70	20.01	22.52
25.48	24.66	21.20	21.35	18.89	19.69	20.01	22.52
24.91	24.16	21.26	21.38	18.88	19.72	20.05	22.53
24.27	23.55	21.32	21.37	18.89	19.70	20.05	22.52
23.73	23.00	21.36	21.37	18.89	19.67	20.08	22.49
23.22	22.42	21.41	21.40	18.90	19.72	20.07	22.50
22.78	21.93	21.42	21.43	18.88	19.74	20.11	22.50
22.40	21.47	21.48	21.43	18.88	19.71	20.09	22.48
22.28	21.34	21.52	21.43	18.90	19.67	20.12	22.44
22.15	21.13	21.53	21.47	18.91	19.71	20.12	22.43
22.61	21.66	21.53	21.46	18.92	19.70	20.10	22.41
22.89	22.30	21.56	21.47	18.93	19.72	20.19	22.40
23.97	23.63	21.56	21.48	18.94	19.70	20.10	22.37
26.56	32.72	21.58	21.45	18.91	19.70	20.11	22.36
30.63	35.72	21.53	21.48	18.95	19.69	20.09	22.38
35.12	35.92	21.56	21.48	18.96	19.71	20.12	22.41
37.52	33.92	21.59	21.51	18.93	19.72	20.12	22.45
40.85	31.88	21.63	21.51	18.92	19.71	20.07	22.46
42.78	30.91	21.69	21.49	18.95	19.70	20.12	22.53
42.18	30.42	21.73	21.50	19.01	19.72	20.16	22.65
38.88	29.75	21.86	21.51	18.99	19.70	20.18	22.80
33.89	28.63	21.91	21.54	18.99	19.70	20.18	22.88
31.08	27.42	21.97	21.53	18.98	19.73	20.19	22.95
29.52	26.68	21.98	21.54	18.98	19.71	20.27	22.98
28.24	25.86	22.09	21.52	19.01	19.70	20.26	23.00
27.32	25.25	22.13	21.53	19.00	19.68	20.29	22.99
26.53	24.64	22.18	21.54	18.99	19.71	20.33	23.00
25.86	24.11	22.23	21.54	19.02	19.67	20.30	23.01
25.27	23.61	22.25	21.59	19.04	19.72	20.32	22.99
24.80	23.15	22.29	21.60	19.04	19.73	20.34	23.00
24.29	22.63	22.31	21.60	19.04	19.70	20.37	22.98
24.08	22.42	22.33	21.63	19.03	19.73	20.41	22.98
24.03	22.40	22.33	21.64	19.06	19.71	20.39	22.94
23.84	22.17	22.32	21.65	19.01	19.74	20.41	22.93
23.78	22.23	22.33	21.66	19.02	19.74	20.43	22.88
23.74	22.13	22.35	21.64	19.06	19.69	20.39	22.81
24.18	22.54	22.24	21.72	19.05	19.74	20.46	22.80
23.89	22.43	22.25	21.70	19.05	19.73	20.39	22.72
23.97	22.44	22.25	21.70	19.05	19.73	20.41	22.76
24.17	22.77	22.22	21.70	19.09	19.77	20.43	22.74
25.68	24.09	22.19	21.73	19.08	19.77	20.44	22.75
26.48	24.67	22.19	21.74	19.08	19.78	20.42	22.75
26.58	24.76	22.15	21.73	19.10	19.75	20.44	22.74
26.57	24.58	22.12	21.73	19.09	19.76	20.41	22.80
25.56	23.91	22.12	21.76	19.10	19.75	20.42	22.77
24.73	23.29	22.08	21.74	19.11	19.75	20.42	22.77
24.15	22.82	22.06	21.73	19.08	19.76	20.45	22.78
22.76	21.56	22.06	21.76	19.08	19.76	20.45	22.80
22.13	21.03	22.02	21.72	19.10	19.72	20.44	22.77
21.58	20.58	21.97	21.75	19.10	19.78	20.47	22.80
20.77	19.83	21.96	21.79	19.12	19.78	20.44	22.78
20.08	19.21	21.96	21.78	19.10	19.76	20.46	22.73
19.45	18.62	21.93	21.76	19.12	19.77	20.48	22.71
18.80	18.00	21.88	21.83	19.13	19.79	20.44	22.68
18.19	17.41	21.87	21.79	19.12	19.78	20.46	22.61
17.39	16.64	21.84	21.80	19.11	19.78	20.45	22.60
16.92	16.10	21.79	21.82	19.15	19.81	20.45	22.57
16.63	15.70	21.73	21.81	19.18	19.79	20.43	22.48
16.61	15.74	21.71	21.83	19.13	19.80	20.40	22.45
17.05	16.50	21.63	21.84	19.16	19.81	20.39	22.38
18.28	17.99	21.56	21.81	19.18	19.80	20.36	22.33
20.54	26.63	21.52	21.82	19.14	19.81	20.35	22.27
25.08	29.64	21.42	21.83	19.14	19.81	20.31	22.25
29.93	31.42	21.40	21.82	19.14	19.82	20.28	22.27
34.44	30.26	21.33	21.83	19.14	19.83	20.32	22.27
38.22	27.10	21.28	21.83	19.13	19.82	20.26	22.24
40.48	25.35	21.26	21.83	19.15	19.82	20.25	22.26
41.19	24.95	21.21	21.82	19.11	19.80	20.25	22.27
37.69	24.48	21.20	21.77	19.12	19.80	20.23	22.35
30.76	23.30	21.19	21.80	19.16	19.81	20.21	22.46
26.54	21.15	21.24	21.80	19.11	19.81	20.25	22.46
24.14	19.83	21.25	21.83	19.16	19.82	20.27	22.50
22.32	18.85	21.23	21.79	19.18	19.81	20.31	22.47
21.11	17.97	21.25	21.81	19.19	19.81	20.27	22.45
19.96	17.09	21.27	21.78	19.16	19.79	20.28	22.38
19.13	16.53	21.25	21.78	19.17	19.81	20.24	22.33
18.51	16.07	21.23	21.79	19.20	19.83	20.25	22.30
17.99	15.62	21.25	21.80	19.20	19.82	20.22	22.24
17.45	15.19	21.23	21.80	19.18	19.84	20.24	22.17
16.97	14.72	21.19	21.78	19.20	19.81	20.21	22.08
16.42	14.21	21.16	21.83	19.18	19.84	20.21	22.05
16.45	14.25	21.13	21.79	19.19	19.82	20.19	21.97
17.07	15.06	21.09	21.79	19.19	19.83	20.16	21.89
18.24	16.67	21.04	21.78	19.20	19.83	20.12	21.83
19.94	18.46	21.03	21.77	19.20	19.82	20.11	21.79
22.57	27.19	20.92	21.76	19.20	19.83	20.10	21.75
27.12	32.85	20.88	21.77	19.24	19.82	20.08	21.75
31.87	33.14	20.82	21.73	19.19	19.81	20.04	21.70
36.26	31.45	20.76	21.74	19.20	19.81	20.02	21.71
39.67	27.80	20.68	21.74	19.20	19.83	20.00	21.75
41.35	26.02	20.66	21.75	19.20	19.81	19.99	21.79
41.82	25.58	20.63	21.71	19.20	19.82	19.95	21.83
37.85	25.16	20.67	21.69	19.19	19.83	19.97	21.93
31.46	24.17	20.68	21.72	19.22	19.83	19.97	22.04
27.88	22.38	20.75	21.69	19.19	19.80	19.99	22.06
25.48	21.11	20.82	21.69	19.19	19.82	19.99	22.08
24.06	20.29	20.84	21.67	19.18	19.80	20.03	22.09
22.65	19.28	20.87	21.68	19.20	19.81	20.01	22.11
21.53	18.58	20.89	21.67	19.18	19.81	20.01	22.08
20.69	17.89	20.90	21.68	19.20	19.82	19.98	22.05
20.02	17.24	20.91	21.68	19.20	19.85	20.01	22.00
19.37	16.80	20.93	21.66	19.22	19.85	19.99	21.96
18.75	16.22	20.94	21.66	19.21	19.81	20.01	21.92
18.15	15.76	20.94	21.67	19.26	19.84	20.01	21.87
17.67	15.36	20.88	21.64	19.23	19.84	19.99	21.80
17.50	15.16	20.91	21.69	19.21	19.85	19.99	21.76
17.79	15.41	20.90	21.69	19.24	19.84	19.99	21.73
18.58	16.58	20.84	21.65	19.22	19.81	19.93	21.64
19.91	18.09	20.83	21.65	19.21	19.86	19.90	21.61
22.73	28.31	20.79	21.63	19.25	19.83	19.92	21.58
27.45	32.69	20.73	21.63	19.25	19.84	19.90	21.56
32.22	32.78	20.63	21.63	19.21	19.84	19.85	21.57
35.02	30.45	20.52	21.62	19.23	19.83	19.86	21.58
36.58	28.31	20.56	21.58	19.26	19.82	19.86	21.58
31.64	26.61	20.51	21.62	19.25	19.84	19.82	21.64
29.49	25.74	20.54	21.58	19.23	19.83	19.86	21.65
27.27	24.70	20.55	21.59	19.25	19.83	19.84	21.68
25.76	23.84	20.67	21.55	19.22	19.80	19.87	21.68
24.69	23.14	20.72	21.57	19.21	19.81	19.85	21.73
23.92	22.55	20.76	21.53	19.22	19.81	19.88	21.71
23.34	22.11	20.79	21.55	19.21	19.84	19.91	21.73
22.78	21.68	20.82	21.54	19.21	19.80	19.87	21.72
22.36	21.23	20.88	21.57	19.22	19.83	19.88	21.75
21.53	20.34	20.91	21.54	19.26	19.83	19.87	21.73
21.03	19.76	20.87	21.55	19.23	19.84	19.86	21.73
20.58	19.26	20.89	21.56	19.22	19.81	19.88	21.71
20.37	19.07	20.96	21.55	19.22	19.84	19.90	21.70
20.22	18.94	20.96	21.55	19.23	19.85	19.88	21.67
20.13	18.83	20.94	21.55	19.23	19.83	19.86	21.68
20.14	18.88	20.97	21.54	19.27	19.83	19.89	21.64
20.37	19.06	20.95	21.55	19.27	19.84	19.84	21.61
20.88	19.52	20.95	21.50	19.26	19.81	19.85	21.59
21.29	19.93	20.94	21.50	19.27	19.80	19.88	21.59
22.26	20.83	20.93	21.50	19.24	19.82	19.88	21.59
23.79	22.45	20.87	21.53	19.26	19.84	19.83	21.63
24.31	22.49	20.86	21.52	19.28	19.83	19.84	21.61
24.86	23.22	20.79	21.49	19.28	19.80	19.81	21.63
24.85	23.16	20.78	21.48	19.25	19.83	19.82	21.66
28.24	23.86	20.78	21.48	19.27	19.82	19.81	21.67
31.83	24.10	20.75	21.46	19.27	19.80	19.80	21.66
28.55	23.77	20.72	21.43	19.25	19.81	19.85	21.72
26.57	23.09	20.73	21.47	19.25	19.80	19.81	21.78
24.75	22.20	20.74	21.47	19.24	19.83	19.85	21.81
23.80	21.75	20.76	21.48	19.24	19.83	19.82	21.84
22.99	21.21	20.74	21.46	19.23	19.83	19.83	21.83
22.40	20.84	20.77	21.44	19.22	19.80	19.84	21.83
21.89	20.49	20.76	21.42	19.25	19.80	19.83	21.84
21.57	20.26	20.76	21.47	19.23	19.82	19.87	21.84
21.35	20.10	20.77	21.46	19.25	19.82	19.83	21.85
20.80	19.64	20.74	21.46	19.21	19.82	19.86	21.83
20.35	19.21	20.74	21.47	19.24	19.81	19.83	21.82
20.17	19.05	20.72	21.47	19.23	19.83	19.83	21.82
19.96	18.89	20.72	21.45	19.22	19.84	19.84	21.80
19.91	18.79	20.72	21.45	19.27	19.82	19.85	21.77
20.71	19.69	20.71	21.44	19.26	19.81	19.82	21.74
21.64	20.98	20.69	21.41	19.25	19.81	19.84	21.72
23.31	22.55	20.66	21.46	19.23	19.83	19.85	21.73
24.17	23.13	20.62	21.43	19.26	19.81	19.80	21.71
27.45	27.87	20.64	21.46	19.24	19.82	19.80	21.78
32.11	31.20	20.56	21.43	19.25	19.81	19.82	21.79
32.66	29.39	20.56	21.44	19.26	19.81	19.82	21.83
31.32	28.15	20.55	21.44	19.25	19.83	19.79	21.88
32.33	27.93	20.58	21.42	19.25	19.82	19.81	21.93
30.98	27.30	20.58	21.46	19.24	19.81	19.82	22.02
30.25	26.68	20.63	21.44	19.20	19.81	19.83	22.06
27.72	25.60	20.66	21.43	19.22	19.82	19.86	22.12
26.00	24.51	20.70	21.44	19.22	19.82	19.87	22.18
24.77	23.57	20.74	21.43	19.21	19.82	19.89	22.18
23.88	22.86	20.78	21.43	19.22	19.81	19.91	22.20
23.20	22.28	20.79	21.46	19.23	19.83	19.94	22.25
22.63	21.82	20.83	21.46	19.23	19.82	19.94	22.27
22.12	21.34	20.86	21.45	19.23	19.84	19.93	22.24
21.88	21.09	20.89	21.49	19.23	19.85	19.93	22.27
21.46	20.63	20.91	21.48	19.24	19.82	19.95	22.22
21.05	20.24	20.92	21.49	19.24	19.84	19.97	22.20
20.73	19.89	20.93	21.50	19.20	19.83	19.98	22.16
20.46	19.66	20.94	21.49	19.25	19.84	19.95	22.17
20.50	19.68	20.95	21.52	19.21	19.84	19.98	22.11
21.26	20.41	20.93	21.52	19.22	19.82	19.98	22.07
22.73	21.78	20.90	21.52	19.26	19.85	19.96	22.10
23.56	22.57	20.92	21.49	19.25	19.82	20.00	22.08
26.28	29.63	20.89	21.52	19.25	19.85	19.98	22.09
31.06	33.34	20.86	21.49	19.25	19.86	19.97	22.09
30.80	30.59	20.88	21.53	19.23	19.86	19.97	22.15
36.23	32.28	20.88	21.52	19.20	19.85	19.95	22.14
36.98	30.73	20.83	21.53	19.25	19.83	19.95	22.18
35.08	29.64	20.84	21.52	19.19	19.85	19.93	22.24
31.33	28.23	20.83	21.51	19.22	19.83	19.98	22.29
27.95	26.08	20.86	21.53	19.20	19.85	19.97	22.34
26.19	24.78	20.85	21.53	19.23	19.84	20.02	22.40
24.52	23.57	20.87	21.52	19.21	19.85	20.04	22.40
23.67	22.94	20.88	21.53	19.20	19.83	20.05	22.40
23.03	22.47	20.93	21.56	19.23	19.85	20.08	22.40
22.62	22.09	20.94	21.56	19.24	19.83	20.09	22.38
22.27	21.79	21.01	21.57	19.25	19.86	20.08	22.39
21.73	21.13	20.99	21.56	19.23	19.85	20.11	22.34
21.25	20.72	21.02	21.55	19.22	19.82	20.11	22.31
20.71	20.16	21.04	21.59	19.21	19.86	20.14	22.34
20.37	19.78	21.01	21.61	19.22	19.87	20.14	22.27
20.23	19.57	21.05	21.56	19.21	19.86	20.12	22.22
20.02	19.34	21.05	21.61	19.22	19.87	20.09	22.22
19.87	19.17	21.02	21.57	19.22	19.84	20.14	22.18
19.95	19.25	21.01	21.60	19.24	19.85	20.10	22.15
20.30	19.56	20.99	21.61	19.21	19.87	20.10	22.13
20.46	19.64	20.97	21.61	19.22	19.86	20.08	22.09
20.54	19.73	20.96	21.61	19.21	19.85	20.10	22.06
20.47	19.65	20.96	21.62	19.25	19.86	20.11	22.06
20.80	19.95	20.91	21.61	19.23	19.86	20.07	22.06
21.70	20.69	20.92	21.64	19.24	19.86	20.06	22.09
22.57	21.55	20.89	21.61	19.27	19.84	20.06	22.12
22.57	21.58	20.85	21.60	19.27	19.84	20.08	22.16
22.70	21.56	20.81	21.60	19.25	19.88	20.06	22.19
22.17	21.07	20.81	21.58	19.24	19.85	20.05	22.20
21.32	20.41	20.80	21.59	19.23	19.86	20.04	22.20
20.63	19.87	20.76	21.59	19.25	19.85	20.02	22.20
20.04	19.36	20.76	21.58	19.21	19.83	20.05	22.17
19.59	18.95	20.71	21.62	19.22	19.87	20.04	22.17
19.31	18.69	20.74	21.56	19.21	19.84	20.01	22.11
19.02	18.44	20.68	21.60	19.21	19.86	20.03	22.13
18.87	18.28	20.71	21.61	19.22	19.84	20.02	22.11
18.55	18.04	20.67	21.64	19.26	19.87	19.99	22.09
18.33	17.80	20.65	21.63	19.27	19.87	19.96	22.04
18.15	17.61	20.61	21.60	19.25	19.84	19.98	22.01
18.02	17.42	20.58	21.62	19.25	19.86	19.96	22.00
17.86	17.19	20.58	21.63	19.24	19.91	19.95	21.95
17.80	17.17	20.56	21.63	19.23	19.90	19.95	21.93
18.13	17.50	20.54	21.60	19.24	19.87	19.92	21.92
18.86	18.10	20.46	21.61	19.22	19.88	19.94	21.89
19.40	18.50	20.46	21.59	19.25	19.88	19.94	21.84
20.66	19.71	20.42	21.59	19.25	19.88	19.89	21.83
22.03	20.89	20.39	21.61	19.23	19.89	19.88	21.84
22.70	21.53	20.33	21.60	19.26	19.87	19.88	21.81
25.57	23.43	20.32	21.61	19.27	19.87	19.84	21.81
23.32	22.01	20.29	21.59	19.25	19.86	19.83	21.80
21.79	20.83	20.26	21.56	19.26	19.83	19.84	21.81
21.45	20.59	20.25	21.58	19.25	19.85	19.82	21.85
21.23	20.43	20.24	21.54	19.23	19.84	19.84	21.82
20.78	20.13	20.20	21.58	19.24	19.86	19.83	21.90
20.31	19.77	20.21	21.59	19.24	19.85	19.78	21.87
20.16	19.62	20.20	21.55	19.22	19.85	19.83	21.84
19.92	19.54	20.21	21.58	19.22	19.87	19.82	21.87
19.67	19.31	20.20	21.54	19.20	19.82	19.81	21.82
19.41	19.14	20.19	21.55	19.22	19.85	19.80	21.84
19.35	19.01	20.22	21.55	19.23	19.83	19.80	21.82
19.21	18.94	20.17	21.56	19.23	19.86	19.79	21.82
19.16	18.82	20.18	21.54	19.23	19.83	19.77	21.81
18.99	18.67	20.18	21.54	19.22	19.85	19.79	21.80
18.96	18.60	20.18	21.53	19.22	19.82	19.77	21.78
18.61	18.24	20.14	21.53	19.18	19.83	19.77	21.78
18.85	18.47	20.15	21.51	19.22	19.81	19.74	21.77
18.96	18.60	20.11	21.56	19.19	19.85	19.75	21.76
20.13	20.14	20.08	21.53	19.20	19.85	19.75	21.75
21.59	21.65	20.09	21.51	19.23	19.85	19.72	21.76
24.03	27.22	20.08	21.53	19.23	19.84	19.70	21.74
27.26	31.56	20.04	21.51	19.24	19.86	19.73	21.77
30.20	31.39	20.01	21.50	19.22	19.82	19.73	21.77
33.07	30.92	19.96	21.50	19.21	19.84	19.69	21.81
30.66	28.77	19.97	21.49	19.20	19.82	19.73	21.83
35.06	27.90	19.96	21.49	19.19	19.83	19.74	21.90
37.11	27.30	19.99	21.50	19.16	19.84	19.73	21.96
36.40	27.24	20.02	21.47	19.16	19.80	19.69	22.03
30.92	25.93	20.05	21.47	19.17	19.81	19.72	22.12
28.03	24.79	20.10	21.44	19.18	19.78	19.76	22.19
26.53	24.10	20.20	21.47	19.18	19.81	19.75	22.25
25.14	23.17	20.20	21.49	19.17	19.83	19.79	22.28
23.88	22.26	20.26	21.46	19.15	19.82	19.81	22.30
23.00	21.58	20.29	21.49	19.19	19.82	19.81	22.29
22.24	20.95	20.30	21.48	19.19	19.83	19.84	22.30
21.62	20.42	20.34	21.48	19.17	19.84	19.87	22.29
20.90	19.88	20.40	21.50	19.18	19.81	19.83	22.24
20.50	19.50	20.40	21.47	19.19	19.79	19.85	22.23
19.89	18.89	20.39	21.49	19.17	19.80	19.88	22.21
19.31	18.32	20.39	21.50	19.15	19.83	19.87	22.20
19.03	18.02	20.41	21.51	19.16	19.83	19.88	22.16
19.21	18.14	20.42	21.50	19.18	19.83	19.88	22.11
19.84	19.03	20.41	21.50	19.16	19.81	19.87	22.07
21.31	20.52	20.40	21.52	19.21	19.83	19.90	22.06
24.55	30.50	20.35	21.52	19.19	19.82	19.87	22.05
29.21	35.01	20.33	21.53	19.20	19.82	19.85	22.05
32.69	34.29	20.33	21.51	19.16	19.81	19.85	22.02
34.34	31.97	20.32	21.49	19.16	19.83	19.88	22.03
35.94	29.72	20.31	21.51	19.16	19.81	19.88	22.07
39.33	28.66	20.33	21.52	19.18	19.83	19.87	22.12
35.39	27.55	20.34	21.52	19.17	19.82	19.86	22.16
33.93	26.95	20.35	21.52	19.15	19.82	19.89	22.24
29.55	25.46	20.41	21.50	19.12	19.82	19.88	22.34
26.40	23.75	20.49	21.49	19.16	19.80	19.95	22.33
24.63	22.61	20.57	21.52	19.16	19.81	19.96	22.39
23.40	21.79	20.61	21.51	19.14	19.80	19.96	22.40
22.89	21.41	20.64	21.49	19.12	19.80	19.98	22.37
21.93	20.72	20.66	21.54	19.16	19.83	20.00	22.37
21.34	20.22	20.71	21.51	19.14	19.80	19.97	22.35
20.95	19.85	20.66	21.54	19.15	19.83	19.98	22.34
20.74	19.68	20.72	21.57	19.15	19.83	20.00	22.30
20.57	19.48	20.70	21.55	19.14	19.84	19.99	22.27
20.41	19.29	20.71	21.53	19.15	19.83	20.01	22.22
20.22	19.10	20.73	21.57	19.16	19.86	20.00	22.19
20.12	18.95	20.71	21.58	19.11	19.83	20.02	22.17
20.19	19.00	20.67	21.56	19.14	19.83	20.02	22.09
20.00	18.84	20.69	21.53	19.14	19.81	20.01	22.08
19.28	18.68	20.68	21.59	19.16	19.84	19.97	22.07
19.69	19.04	20.65	21.60	19.14	19.84	20.00	22.03
19.60	18.81	20.62	21.55	19.16	19.83	19.97	22.01
19.55	18.76	20.57	21.59	19.17	19.84	19.97	21.99
19.31	18.46	20.55	21.57	19.15	19.84	19.96	21.96
19.12	18.26	20.52	21.58	19.14	19.84	19.97	21.94
18.96	18.12	20.50	21.57	19.14	19.82	19.94	21.92
18.79	17.94	20.46	21.58	19.15	19.86	19.94	21.89
18.63	17.83	20.43	21.55	19.15	19.86	19.92	21.87
18.48	17.69	20.42	21.56	19.15	19.82	19.92	21.83
18.38	17.60	20.36	21.58	19.13	19.85	19.89	21.82
18.16	17.46	20.37	21.54	19.16	19.80	19.86	21.77
17.77	17.21	20.34	21.56	19.14	19.84	19.90	21.76
17.30	16.92	20.30	21.55	19.16	19.83	19.84	21.75
17.47	16.94	20.29	21.53	19.16	19.83	19.84	21.71
17.46	16.80	20.25	21.55	19.13	19.85	19.81	21.70
17.26	16.62	20.21	21.55	19.18	19.85	19.77	21.69
17.14	16.42	20.17	21.52	19.14	19.82	19.82	21.63
17.00	16.32	20.18	21.54	19.16	19.82	19.76	21.63
16.83	16.16	20.13	21.54	19.18	19.84	19.74	21.62
16.72	16.09	20.06	21.51	19.16	19.84	19.74	21.57
16.49	15.91	20.05	21.50	19.15	19.82	19.73	21.54
16.55	15.96	20.03	21.49	19.16	19.83	19.70	21.51
16.71	15.97	19.94	21.53	19.17	19.84	19.68	21.47
17.00	16.25	19.95	21.52	19.16	19.84	19.65	21.48
18.78	18.39	19.91	21.49	19.14	19.84	19.64	21.44
20.61	20.04	19.82	21.50	19.15	19.84	19.65	21.42
21.26	20.22	19.72	21.47	19.16	19.81	19.66	21.41
22.98	21.17	19.69	21.46	19.16	19.84	19.68	21.43
23.84	20.91	19.62	21.44	19.14	19.84	19.62	21.44
24.05	20.72	19.53	21.45	19.17	19.80	19.61	21.47
22.59	20.29	19.52	21.44	19.17	19.82	19.62	21.48
21.21	19.57	19.50	21.41	19.15	19.82	19.60	21.49
20.23	18.93	19.51	21.43	19.13	19.80	19.59	21.50
19.48	18.44	19.51	21.40	19.12	19.79	19.61	21.47
19.03	18.17	19.51	21.41	19.12	19.82	19.61	21.48
18.68	17.95	19.51	21.41	19.13	19.84	19.60	21.47
18.21	17.58	19.49	21.40	19.16	19.84	19.63	21.47
17.90	17.22	19.49	21.40	19.12	19.81	19.61	21.43
17.75	17.06	19.47	21.40	19.11	19.81	19.59	21.39
17.49	16.82	19.48	21.38	19.14	19.81	19.60	21.36
17.35	16.72	19.45	21.39	19.12	19.83	19.56	21.37
16.92	16.38	19.45	21.39	19.14	19.83	19.56	21.32
16.34	15.81	19.41	21.38	19.14	19.81	19.56	21.33
15.76	15.26	19.37	21.37	19.14	19.82	19.58	21.27
15.65	15.05	19.33	21.38	19.13	19.81	19.54	21.25
16.10	15.40	19.30	21.32	19.15	19.80	19.55	21.19
16.42	15.66	19.28	21.34	19.17	19.79	19.53	21.17
17.10	16.21	19.29	21.34	19.14	19.80	19.53	21.16
17.38	16.49	19.22	21.32	19.14	19.79	19.51	21.13
20.67	20.37	19.25	21.29	19.17	19.79	19.49	21.10
19.79	18.85	19.19	21.33	19.14	19.80	19.52	21.13
24.91	21.43	19.20	21.31	19.16	19.79	19.48	21.11
31.47	20.88	19.20	21.29	19.13	19.79	19.51	21.13
33.47	20.27	19.16	21.31	19.13	19.80	19.48	21.15
35.21	19.90	19.09	21.29	19.11	19.78	19.47	21.17
31.40	19.25	19.11	21.27	19.07	19.81	19.47	21.21
25.38	17.74	19.05	21.27	19.08	19.77	19.49	21.27
21.85	16.34	19.06	21.25	19.07	19.79	19.50	21.32
19.57	15.26	19.07	21.24	19.08	19.80	19.50	21.33
18.08	14.47	19.09	21.25	19.08	19.77	19.46	21.35
17.37	14.05	19.10	21.22	19.09	19.78	19.50	21.31
17.04	13.95	19.04	21.24	19.06	19.80	19.48	21.27
16.55	13.64	19.04	21.24	19.10	19.81	19.46	21.25
16.15	13.41	19.03	21.23	19.07	19.81	19.47	21.21
15.70	13.09	19.00	21.21	19.09	19.79	19.45	21.13
15.17	12.61	19.00	21.25	19.09	19.81	19.47	21.10
14.05	11.67	18.95	21.22	19.08	19.77	19.45	21.03
13.33	11.05	18.92	21.23	19.06	19.79	19.43	20.99
12.84	10.52	18.91	21.24	19.06	19.80	19.43	20.92
12.95	10.72	18.87	21.20	19.06	19.79	19.38	20.86
13.21	11.42	18.82	21.20	19.05	19.78	19.39	20.83
14.54	12.35	18.79	21.19	19.04	19.80	19.36	20.76
17.15	18.12	18.71	21.21	19.05	19.81	19.36	20.72
21.48	24.79	18.69	21.21	19.04	19.80	19.32	20.73
26.06	26.21	18.67	21.16	19.05	19.80	19.31	20.72
27.25	23.52	18.62	21.15	19.02	19.79	19.33	20.70
26.84	20.90	18.58	21.16	19.02	19.81	19.32	20.74
32.20	20.35	18.54	21.13	19.00	19.77	19.32	20.73
33.14	19.24	18.52	21.09	18.99	19.76	19.30	20.78
30.85	18.79	18.56	21.12	18.97	19.79	19.32	20.83
24.31	17.23	18.54	21.09	18.99	19.77	19.30	20.85
20.73	15.66	18.57	21.09	18.97	19.78	19.29	20.90
18.47	14.57	18.61	21.06	18.97	19.77	19.31	20.87
17.00	13.64	18.60	21.08	18.99	19.79	19.32	20.89
15.81	12.89	18.69	21.09	18.98	19.80	19.30	20.86
15.05	12.40	18.66	21.07	18.98	19.78	19.30	20.81
14.36	11.80	18.66	21.08	18.96	19.81	19.30	20.79
13.61	11.16	18.70	21.04	18.95	19.78	19.28	20.71
12.95	10.60	18.69	21.07	18.95	19.81	19.25	20.67
12.50	10.19	18.68	21.06	18.95	19.81	19.22	20.60
11.98	9.71	18.67	21.05	18.94	19.80	19.26	20.52
11.43	9.23	18.64	21.02	18.93	19.80	19.19	20.48
11.13	8.87	18.64	21.01	18.94	19.78	19.24	20.36
11.36	9.06	18.57	21.04	18.95	19.81	19.18	20.32
12.05	10.11	18.55	20.99	18.92	19.79	19.16	20.25
13.90	11.68	18.43	21.00	18.93	19.80	19.15	20.16
17.50	22.01	18.28	20.97	18.91	19.81	19.14	20.13
22.49	26.49	18.13	20.98	18.95	19.82	19.13	20.12
27.26	27.08	18.10	20.97	18.96	19.83	19.12	20.11
27.57	24.22	17.90	20.95	18.95	19.82	19.09	20.11
33.74	22.82	17.74	20.94	18.94	19.82	19.12	20.11
33.53	20.89	17.83	20.92	18.95	19.82	19.11	20.15
26.09	19.94	17.85	20.89	18.98	19.80	19.14	20.16
24.23	19.28	17.90	20.88	18.95	19.81	19.08	20.21
22.35	18.66	17.94	20.85	18.94	19.81	19.13	20.25
20.44	17.70	18.00	20.85	18.94	19.80	19.15	20.29
19.27	16.94	18.04	20.83	18.88	19.82	19.15	20.30
18.50	16.45	18.05	20.82	18.91	19.81	19.15	20.33
18.15	16.26	18.09	20.80	18.93	19.77	19.12	20.29
17.90	16.12	18.11	20.81	18.93	19.80	19.13	20.32
17.54	15.87	18.17	20.80	18.91	19.80	19.15	20.33
17.39	15.75	18.17	20.79	18.88	19.82	19.16	20.31
17.20	15.56	18.16	20.80	18.91	19.81	19.13	20.30
16.96	15.40	18.19	20.77	18.90	19.78	19.13	20.27
16.57	15.13	18.22	20.77	18.89	19.78	19.13	20.26
16.29	14.84	18.16	20.75	18.85	19.79	19.14	20.26
16.25	14.78	18.12	20.71	18.85	19.77	19.15	20.24
16.46	14.89	18.19	20.73	18.86	19.80	19.15	20.24
17.14	15.55	18.17	20.74	18.86	19.77	19.15	20.19
18.53	17.20	18.13	20.72	18.87	19.79	19.11	20.19
20.48	19.58	18.13	20.70	18.87	19.75	19.14	20.18
21.59	20.41	18.12	20.70	18.86	19.77	19.10	20.19
21.42	20.18	18.03	20.69	18.89	19.77	19.14	20.21
23.22	21.20	18.01	20.68	18.84	19.76	19.10	20.24
24.09	21.31	17.94	20.68	18.85	19.77	19.11	20.25
21.99	20.14	17.98	20.68	18.86	19.77	19.14	20.29
20.73	19.34	18.01	20.66	18.83	19.73	19.13	20.30
19.81	18.72	18.00	20.67	18.81	19.77	19.13	20.35
19.35	18.34	18.07	20.66	18.78	19.74	19.15	20.35
18.86	17.98	18.09	20.65	18.81	19.76	19.15	20.39
18.43	17.63	18.12	20.63	18.83	19.73	19.16	20.37
18.10	17.37	18.13	20.66	18.81	19.75	19.15	20.40
17.96	17.27	18.18	20.60	18.77	19.72	19.15	20.39
17.47	16.80	18.18	20.64	18.79	19.74	19.13	20.43
16.21	15.70	18.21	20.62	18.78	19.73	19.15	20.39
15.35	14.92	18.26	20.59	18.78	19.71	19.17	20.37
14.80	14.43	18.25	20.61	18.78	19.73	19.15	20.36
14.35	13.93	18.25	20.63	18.76	19.73	19.17	20.36
14.50	13.97	18.26	20.62	18.75	19.70	19.15	20.32
14.03	13.43	18.29	20.61	18.76	19.74	19.14	20.30
13.63	13.03	18.30	20.64	18.76	19.77	19.17	20.26
13.23	12.67	18.32	20.62	18.74	19.72	19.12	20.24
13.81	13.64	18.26	20.58	18.74	19.71	19.12	20.18
15.48	14.88	18.22	20.61	18.69	19.72	19.14	20.17
16.60	17.68	18.24	20.56	18.71	19.70	19.11	20.12
22.09	26.16	18.22	20.59	18.74	19.74	19.09	20.12
24.36	24.85	18.22	20.59	18.70	19.74	19.09	20.12
29.39	24.99	18.17	20.59	18.71	19.72	19.10	20.13
30.89	22.17	18.14	20.57	18.71	19.73	19.10	20.13
32.19	20.43	18.18	20.53	18.68	19.69	19.10	20.11
30.54	19.91	18.12	20.55	18.68	19.72	19.11	20.16
27.82	18.79	18.15	20.53	18.67	19.73	19.08	20.19
22.90	17.30	18.15	20.52	18.66	19.70	19.09	20.21
19.72	15.81	18.16	20.51	18.65	19.72	19.10	20.25
17.63	14.64	18.16	20.49	18.69	19.69	19.15	20.23
16.28	13.76	18.22	20.50	18.70	19.69	19.13	20.21
15.17	12.93	18.25	20.50	18.67	19.71	19.11	20.21
14.24	12.11	18.27	20.51	18.64	19.70	19.12	20.17
14.02	11.86	18.29	20.49	18.66	19.69	19.10	20.11
13.98	11.75	18.30	20.48	18.64	19.71	19.12	20.08
13.94	11.83	18.29	20.49	18.66	19.71	19.10	20.02
13.73	11.50	18.27	20.47	18.65	19.69	19.06	19.94
13.47	11.33	18.26	20.51	18.62	19.72	19.07	19.91
12.76	10.78	18.27	20.49	18.58	19.71	19.09	19.86
12.19	10.22	18.24	20.47	18.63	19.70	19.05	19.79
12.40	10.34	18.21	20.45	18.64	19.71	19.02	19.74
12.91	11.15	18.11	20.47	18.64	19.73	19.02	19.71
14.57	12.60	17.95	20.44	18.64	19.73	18.99	19.67
18.11	22.15	17.88	20.44	18.62	19.73	18.99	19.63
23.04	26.44	17.77	20.43	18.61	19.73	18.95	19.62
27.58	26.85	17.58	20.44	18.62	19.75	18.95	19.62
31.83	25.91	17.66	20.40	18.59	19.70	18.97	19.63
34.20	22.98	17.68	20.38	18.63	19.71	18.98	19.70
32.78	21.30	17.57	20.40	18.64	19.70	18.97	19.75
31.02	20.91	17.61	20.36	18.61	19.71	19.00	19.80
25.40	19.75	17.63	20.36	18.62	19.72	18.98	19.90
22.69	18.72	17.70	20.38	18.61	19.72	19.01	19.94
20.94	17.83	17.71	20.36	18.61	19.72	19.00	20.00
19.82	17.21	17.74	20.35	18.59	19.73	19.02	20.02
19.17	16.92	17.77	20.35	18.58	19.73	18.98	20.02
18.72	16.64	17.84	20.35	18.61	19.70	19.01	20.04
18.43	16.46	17.92	20.35	18.58	19.72	19.03	20.06
18.16	16.21	17.99	20.35	18.58	19.70	19.03	20.05
17.86	15.95	18.05	20.29	18.57	19.69	19.05	20.04
17.54	15.64	18.09	20.32	18.58	19.68	19.04	20.01
17.32	15.44	18.10	20.31	18.58	19.67	19.03	20.01
17.25	15.39	18.11	20.32	18.53	19.68	19.05	20.02
17.06	15.27	18.16	20.31	18.55	19.67	19.02	20.01
16.96	15.25	18.15	20.32	18.56	19.67	19.01	20.00
17.23	15.59	18.16	20.30	18.56	19.70	19.03	19.99
17.60	15.94	18.12	20.32	18.55	19.70	19.00	19.98
18.17	16.43	18.18	20.31	18.51	19.71	19.04	19.96
18.14	16.46	18.14	20.31	18.54	19.67	19.03	19.94
17.97	16.32	18.14	20.33	18.52	19.70	19.00	19.97
17.99	16.43	18.13	20.31	18.52	19.68	19.04	19.97
18.00	16.54	18.13	20.30	18.50	19.65	19.02	19.98
17.92	16.56	18.11	20.30	18.52	19.68	18.98	20.05
17.74	16.41	18.13	20.28	18.53	19.67	18.99	20.04
17.59	16.29	18.08	20.28	18.49	19.65	19.01	20.08
17.37	16.17	18.09	20.29	18.50	19.69	19.02	20.10
17.13	16.06	18.10	20.29	18.48	19.68	19.03	20.07
17.03	15.99	18.07	20.29	18.50	19.67	19.02	20.08
16.94	15.91	18.05	20.30	18.50	19.66	19.01	20.06
16.87	15.89	18.08	20.26	18.48	19.66	18.98	20.03
16.90	15.91	18.08	20.26	18.46	19.63	19.01	20.04
16.86	15.89	18.05	20.28	18.46	19.65	19.01	20.04
16.84	15.91	18.04	20.27	18.47	19.63	19.00	20.01
16.74	15.89	18.06	20.28	18.49	19.66	18.98	20.02
16.68	15.87	18.03	20.28	18.48	19.65	18.97	20.00
16.69	15.87	18.00	20.27	18.47	19.65	18.98	20.01
16.67	15.88	18.00	20.28	18.48	19.66	18.98	19.99
16.68	15.88	18.02	20.26	18.45	19.64	19.00	19.97
16.82	16.04	18.01	20.23	18.44	19.64	18.99	19.96
17.27	16.52	17.97	20.27	18.45	19.61	19.01	19.97
17.86	17.11	17.98	20.25	18.48	19.66	18.97	19.97
18.51	17.79	17.92	20.26	18.46	19.61	18.98	19.97
19.17	18.52	17.91	20.26	18.44	19.62	18.98	20.04
20.54	19.93	17.91	20.27	18.46	19.63	18.98	20.08
20.75	20.17	17.89	20.26	18.47	19.64	19.03	20.11
30.14	25.24	17.85	20.24	18.44	19.63	18.99	20.12
27.12	23.23	17.87	20.25	18.42	19.63	18.98	20.17
25.65	23.05	17.88	20.28	18.42	19.61	18.99	20.20
24.81	22.62	17.87	20.27	18.39	19.61	18.98	20.24
25.22	22.47	17.91	20.22	18.41	19.58	18.96	20.30
23.03	21.20	17.92	20.22	18.40	19.58	19.01	20.33
21.39	20.19	17.96	20.24	18.41	19.61	19.02	20.39
20.46	19.52	18.01	20.24	18.41	19.60	19.05	20.44
19.79	19.04	18.03	20.23	18.39	19.60	19.03	20.46
19.22	18.62	18.12	20.24	18.40	19.61	19.08	20.47
18.67	18.14	18.09	20.26	18.39	19.62	19.08	20.48
18.44	17.87	18.14	20.26	18.38	19.62	19.10	20.48
18.30	17.75	18.20	20.25	18.40	19.60	19.08	20.48
18.09	17.54	18.24	20.26	18.39	19.61	19.05	20.45
17.90	17.31	18.24	20.29	18.38	19.60	19.10	20.42
17.85	17.28	18.27	20.30	18.38	19.61	19.08	20.44
17.95	17.34	18.24	20.28	18.42	19.58	19.07	20.39
17.88	17.25	18.30	20.27	18.39	19.62	19.07	20.43
18.04	17.35	18.28	20.31	18.41	19.59	19.11	20.40
18.13	17.45	18.26	20.30	18.38	19.58	19.09	20.41
18.38	17.63	18.27	20.29	18.39	19.58	19.10	20.39
19.68	18.90	18.29	20.27	18.38	19.58	19.07	20.38
20.72	19.90	18.30	20.27	18.41	19.57	19.07	20.37
25.70	24.06	18.28	20.30	18.40	19.62	19.10	20.43
25.83	23.65	18.27	20.30	18.39	19.58	19.07	20.41
24.88	23.00	18.26	20.31	18.36	19.58	19.09	20.46
24.07	22.58	18.27	20.32	18.35	19.60	19.07	20.54
22.98	21.92	18.30	20.29	18.35	19.56	19.11	20.59
22.14	21.40	18.30	20.29	18.34	19.56	19.14	20.63
21.28	20.80	18.33	20.28	18.35	19.58	19.11	20.66
20.14	20.14	18.36	20.31	18.33	19.55	19.15	20.68
19.76	19.80	18.38	20.32	18.35	19.57	19.15	20.72
19.45	19.46	18.41	20.33	18.35	19.57	19.16	20.72
19.16	19.16	18.42	20.35	18.35	19.58	19.14	20.72
18.88	18.85	18.47	20.32	18.34	19.56	19.17	20.71
18.45	18.42	18.47	20.35	18.33	19.59	19.12	20.71
17.92	17.89	18.49	20.39	18.35	19.59	19.15	20.74
17.62	17.49	18.54	20.36	18.30	19.56	19.17	20.70
17.40	17.30	18.52	20.38	18.32	19.61	19.13	20.70
16.75	16.58	18.55	20.37	18.32	19.58	19.14	20.66
16.20	16.08	18.55	20.38	18.35	19.58	19.15	20.64
15.70	15.53	18.53	20.40	18.33	19.59	19.13	20.65
15.83	15.57	18.54	20.35	18.30	19.57	19.13	20.58
16.79	16.53	18.53	20.39	18.33	19.58	19.12	20.58
17.37	16.60	18.54	20.41	18.32	19.60	19.12	20.57
19.93	21.07	18.53	20.42	18.33	19.59	19.10	20.59
21.41	21.04	18.53	20.41	18.31	19.59	19.10	20.57
24.16	22.55	18.52	20.42	18.32	19.59	19.08	20.56
21.64	20.31	18.48	20.40	18.29	19.56	19.07	20.55
20.66	19.58	18.48	20.42	18.33	19.58	19.08	20.53
19.29	18.42	18.50	20.41	18.30	19.58	19.05	20.54
19.73	18.44	18.45	20.45	18.33	19.60	19.06	20.54
18.50	17.65	18.48	20.41	18.33	19.57	19.06	20.50
17.22	16.55	18.47	20.43	18.31	19.58	19.04	20.53
16.11	15.69	18.49	20.43	18.30	19.56	19.06	20.54
15.51	15.24	18.50	20.41	18.32	19.57	19.03	20.49
15.32	15.01	18.49	20.45	18.28	19.59	19.04	20.50
15.08	14.75	18.52	20.40	18.28	19.56	19.04	20.48
14.74	14.38	18.49	20.43	18.30	19.58	19.02	20.47
14.30	13.93	18.51	20.40	18.28	19.55	19.03	20.45
13.88	13.43	18.53	20.45	18.26	19.57	19.00	20.46
13.69	13.18	18.48	20.41	18.27	19.54	19.01	20.42
13.49	12.95	18.48	20.44	18.27	19.57	19.00	20.44
13.12	12.54	18.48	20.44	18.27	19.55	18.95	20.43
12.94	12.33	18.47	20.46	18.24	19.57	18.95	20.45
12.87	12.17	18.43	20.44	18.27	19.56	18.95	20.44
12.85	12.12	18.40	20.42	18.24	19.54	18.94	20.41
13.20	12.43	18.40	20.42	18.24	19.54	18.94	20.38
14.04	13.23	18.35	20.42	18.24	19.53	18.93	20.39
15.77	14.72	18.34	20.43	18.26	19.55	18.90	20.41
17.06	16.05	18.27	20.44	18.25	19.55	18.87	20.41
18.60	17.25	18.25	20.40	18.27	19.52	18.87	20.40
17.24	16.14	18.20	20.45	18.25	19.56	18.85	20.42
17.11	16.12	18.18	20.41	18.27	19.52	18.85	20.38
16.91	15.98	18.14	20.40	18.23	19.55	18.83	20.38
18.50	16.49	18.07	20.40	18.23	19.52	18.83	20.39
17.93	15.75	18.07	20.42	18.27	19.55	18.81	20.42
16.56	15.09	18.01	20.44	18.24	19.55	18.81	20.43
15.87	14.72	17.99	20.41	18.22	19.53	18.83	20.40
14.81	14.00	17.98	20.41	18.23	19.52	18.81	20.42
13.98	13.39	17.94	20.42	18.24	19.54	18.81	20.42
13.45	12.99	17.91	20.38	18.22	19.53	18.80	20.38
12.88	12.47	17.93	20.39	18.22	19.51	18.78	20.38
12.22	11.79	17.92	20.41	18.23	19.52	18.78	20.39
11.62	11.24	17.87	20.40	18.24	19.54	18.79	20.36
11.23	10.89	17.91	20.39	18.23	19.52	18.80	20.36
10.89	10.45	17.86	20.39	18.22	19.49	18.74	20.37
10.68	10.12	17.83	20.42	18.24	19.53	18.74	20.37
10.67	9.77	17.77	20.37	18.19	19.50	18.76	20.34
10.58	9.63	17.73	20.39	18.18	19.50	18.74	20.34
11.02	10.08	17.72	20.37	18.20	19.49	18.70	20.31
11.95	11.11	17.65	20.37	18.20	19.51	18.70	20.30
13.31	12.15	17.59	20.37	18.19	19.51	18.70	20.32
16.64	18.68	17.53	20.39	18.19	19.52	18.66	20.32
19.27	19.88	17.33	20.35	18.17	19.50	18.64	20.34
19.40	18.68	17.31	20.38	18.20	19.49	18.66	20.35
19.75	18.39	17.29	20.37	18.18	19.49	18.64	20.34
18.77	17.62	17.23	20.38	18.18	19.51	18.65	20.36
17.43	16.73	17.15	20.36	18.24	19.48	18.64	20.35
16.56	16.11	17.14	20.35	18.20	19.51	18.64	20.34
16.01	15.71	17.14	20.39	18.19	19.51	18.66	20.38
15.53	15.40	17.14	20.37	18.20	19.50	18.64	20.36
15.26	15.14	17.17	20.36	18.21	19.49	18.67	20.35
15.01	14.93	17.17	20.37	18.20	19.53	18.66	20.36
14.76	14.70	17.20	20.35	18.19	19.50	18.66	20.33
14.60	14.57	17.25	20.34	18.18	19.49	18.64	20.38
14.18	14.13	17.28	20.34	18.19	19.47	18.65	20.33
13.40	13.30	17.30	20.36	18.19	19.50	18.65	20.34
12.45	12.30	17.40	20.33	18.13	19.47	18.64	20.34
11.92	11.74	17.38	20.33	18.18	19.48	18.63	20.33
11.63	11.44	17.38	20.31	18.13	19.47	18.65	20.31
11.30	11.06	17.42	20.32	18.13	19.48	18.63	20.33
10.81	10.56	17.44	20.36	18.13	19.49	18.60	20.32
10.52	10.17	17.44	20.36	18.13	19.48	18.60	20.33
9.90	9.69	17.45	20.34	18.10	19.48	18.61	20.32
9.53	9.51	17.45	20.37	18.10	19.48	18.58	20.33
10.60	9.72	17.46	20.34	18.10	19.48	18.59	20.33
13.68	17.80	17.42	20.34	18.10	19.50	18.56	20.30
17.63	21.12	17.40	20.32	18.06	19.48	18.56	20.31
22.54	22.06	17.37	20.35	18.10	19.48	18.56	20.34
27.57	21.40	17.37	20.32	18.06	19.47	18.53	20.31
29.31	18.88	17.34	20.33	18.07	19.51	18.54	20.36
30.34	17.02	17.30	20.31	18.09	19.48	18.55	20.33
30.23	16.29	17.33	20.33	18.07	19.52	18.56	20.35
24.96	15.31	17.32	20.33	18.04	19.50	18.54	20.35
20.00	13.90	17.27	20.32	18.08	19.51	18.56	20.36
17.24	12.74	17.30	20.32	18.05	19.51	18.57	20.32
15.21	11.72	17.35	20.32	18.04	19.50	18.54	20.33
14.03	10.99	17.37	20.32	18.05	19.49	18.53	20.33
13.23	10.49	17.39	20.32	18.05	19.48	18.53	20.32
12.61	10.07	17.40	20.33	18.03	19.50	18.51	20.29
11.89	9.59	17.39	20.33	18.04	19.51	18.55	20.30
11.32	9.10	17.40	20.31	18.03	19.50	18.52	20.30
10.77	8.67	17.40	20.33	18.04	19.52	18.50	20.29
10.37	8.26	17.37	20.33	18.05	19.54	18.48	20.31
9.90	7.81	17.38	20.33	18.03	19.53	18.47	20.29
9.45	7.35	17.35	20.31	18.02	19.53	18.47	20.26
9.29	7.20	17.33	20.31	18.00	19.54	18.47	20.28
9.56	7.54	17.31	20.30	18.00	19.55	18.43	20.27
10.39	8.55	17.24	20.30	17.99	19.52	18.41	20.26
12.57	9.93	17.21	20.33	18.00	19.56	18.40	20.29
16.59	19.29	17.16	20.30	17.97	19.58	18.38	20.30
21.77	25.43	17.02	20.31	17.95	19.56	18.35	20.27
26.86	26.42	17.01	20.30	17.97	19.59	18.39	20.29
30.99	24.37	16.84	20.31	18.00	19.60	18.42	20.30
34.74	21.50	16.82	20.30	18.08	19.58	18.47	20.30
36.47	19.72	16.86	20.30	17.92	19.60	18.46	20.32
36.03	19.23	16.78	20.30	17.93	19.58	18.49	20.31
31.04	18.81	16.80	20.30	17.96	19.59	18.47	20.35
24.65	17.13	16.89	20.31	17.95	19.61	18.50	20.39
21.44	15.85	16.97	20.27	17.92	19.58	18.52	20.38
19.41	14.88	17.04	20.28	17.92	19.61	18.52	20.40
18.00	14.25	17.07	20.31	17.95	19.59	18.56	20.38
17.00	13.63	17.15	20.30	17.97	19.56	18.58	20.37
15.97	12.94	17.21	20.31	17.94	19.60	18.59	20.36
15.16	12.27	17.25	20.30	17.93	19.56	18.55	20.34
14.36	11.60	17.27	20.30	17.91	19.58	18.54	20.35
13.78	11.13	17.33	20.31	17.95	19.59	18.55	20.34
13.16	10.65	17.34	20.29	17.91	19.58	18.53	20.32
12.55	10.01	17.36	20.30	17.90	19.59	18.54	20.33
11.92	9.42	17.36	20.31	17.90	19.59	18.49	20.34
11.46	8.93	17.34	20.32	17.90	19.60	18.50	20.30
11.68	9.02	17.33	20.27	17.88	19.57	18.47	20.27
12.07	9.84	17.34	20.30	17.90	19.59	18.49	20.28
13.93	11.15	17.30	20.30	17.89	19.56	18.47	20.29
18.05	20.31	17.20	20.32	17.88	19.62	18.44	20.33
23.18	25.96	17.11	20.30	17.86	19.57	18.43	20.28
28.36	26.87	16.96	20.29	17.89	19.60	18.44	20.31
33.29	25.77	16.93	20.31	17.91	19.58	18.44	20.34
36.22	22.80	16.90	20.31	17.86	19.60	18.42	20.39
38.25	21.42	16.93	20.29	17.88	19.61	18.50	20.37
38.09	21.03	16.85	20.30	17.84	19.61	18.55	20.43
32.60	20.51	16.96	20.31	17.87	19.59	18.65	20.45
26.12	18.69	16.99	20.32	17.87	19.60	18.74	20.51
23.23	17.56	17.11	20.30	17.85	19.58	18.79	20.53
21.29	16.72	17.22	20.30	17.84	19.58	18.88	20.55
19.94	16.12	17.26	20.31	17.89	19.58	18.95	20.55
18.93	15.38	17.35	20.33	17.88	19.57	18.97	20.53
17.88	14.59	17.42	20.33	17.85	19.57	19.04	20.50
17.00	13.89	17.44	20.30	17.85	19.57	19.10	20.46
16.36	13.41	17.50	20.30	17.86	19.56	19.15	20.43
15.59	12.70	17.53	20.33	17.85	19.59	19.21	20.45
14.84	12.18	17.59	20.32	17.87	19.55	19.25	20.43
14.25	11.67	17.59	20.30	17.87	19.55	19.28	20.39
13.75	11.15	17.59	20.31	17.86	19.58	19.31	20.38
13.45	10.85	17.63	20.33	17.90	19.58	19.35	20.36
13.52	10.92	17.62	20.32	17.89	19.57	19.36	20.33
14.19	11.76	17.61	20.33	17.89	19.58	19.42	20.34
16.19	13.03	17.60	20.35	17.85	19.58	19.42	20.39
20.55	22.14	17.55	20.32	17.90	19.58	19.47	20.35
25.17	26.74	17.48	20.30	17.90	19.57	19.49	20.34
31.04	29.00	17.45	20.31	17.89	19.59	19.54	20.35
34.82	27.35	17.38	20.32	17.92	19.61	19.56	20.40
37.93	25.26	17.39	20.31	17.91	19.59	19.57	20.39
38.08	24.16	17.39	20.35	17.90	19.62	19.56	20.44
32.30	22.76	17.44	20.33	17.90	19.62	19.58	20.47
28.24	21.81	17.49	20.33	17.92	19.60	19.61	20.51
25.70	20.84	17.57	20.34	17.90	19.63	19.62	20.57
24.14	20.18	17.63	20.33	17.90	19.60	19.66	20.55
22.87	19.51	17.72	20.33	17.91	19.60	19.67	20.58
21.93	18.88	17.77	20.34	17.91	19.61	19.70	20.58
21.56	18.75	17.87	20.36	17.94	19.60	19.68	20.58
21.23	18.63	17.93	20.32	17.90	19.58	19.73	20.58
20.93	18.41	17.99	20.35	17.91	19.59	19.70	20.55
20.67	18.30	18.03	20.34	17.93	19.59	19.71	20.55
20.41	18.09	18.09	20.37	17.94	19.61	19.75	20.54
20.15	17.94	18.15	20.38	17.93	19.60	19.75	20.52
19.92	17.78	18.18	20.38	17.95	19.58	19.76	20.49
19.63	17.59	18.17	20.35	17.92	19.57	19.77	20.46
19.33	17.39	18.21	20.34	17.96	19.53	19.77	20.41
19.63	17.83	18.27	20.36	17.96	19.57	19.80	20.44
19.73	18.32	18.31	20.37	17.94	19.57	19.81	20.46
21.32	19.28	18.32	20.36	17.94	19.58	19.81	20.44
24.93	24.71	18.29	20.37	17.94	19.59	19.81	20.45
28.86	30.47	18.28	20.37	17.97	19.59	19.83	20.48
33.61	31.64	18.30	20.37	17.99	19.57	19.83	20.47
37.50	30.20	18.37	20.37	17.93	19.58	19.84	20.51
40.50	27.56	18.29	20.35	17.96	19.55	19.84	20.54
42.37	26.17	18.40	20.36	17.96	19.56	19.83	20.60
41.77	25.65	18.51	20.39	17.95	19.58	19.84	20.66
36.69	24.69	18.49	20.35	17.95	19.54	19.82	20.74
29.89	22.62	18.53	20.36	17.94	19.57	19.88	20.78
26.25	20.98	18.58	20.36	17.96	19.55	19.86	20.83
24.06	19.82	18.66	20.39	17.95	19.57	19.91	20.90
22.86	19.12	18.71	20.40	17.95	19.56	19.93	20.91
21.78	18.47	18.77	20.40	17.96	19.56	19.89	20.89
21.14	18.05	18.82	20.40	17.98	19.55	19.91	20.87
20.79	17.80	18.88	20.39	17.97	19.52	19.91	20.85
20.32	17.41	18.91	20.43	17.96	19.57	19.95	20.84
19.70	16.87	18.98	20.39	17.98	19.54	19.92	20.78
18.94	16.27	18.95	20.42	17.98	19.54	19.92	20.77
18.47	15.75	19.00	20.44	18.00	19.56	19.95	20.72
18.17	15.37	18.97	20.42	17.99	19.55	19.94	20.67
17.90	15.24	19.01	20.42	17.99	19.51	19.92	20.64
18.78	16.06	19.00	20.42	17.98	19.54	19.94	20.61
19.25	16.56	19.02	20.44	17.96	19.54	19.94	20.62
19.71	17.12	19.00	20.45	18.02	19.50	19.95	20.58
20.13	17.62	18.99	20.43	18.02	19.52	19.96	20.56
20.30	17.75	18.97	20.45	18.00	19.57	19.97	20.57
20.30	17.88	18.95	20.43	18.02	19.53	19.92	20.55
20.25	17.91	18.90	20.44	17.99	19.56	19.98	20.52
20.15	18.04	18.87	20.45	18.05	19.53	19.96	20.52
20.09	18.04	18.88	20.44	18.03	19.55	19.93	20.52
19.79	17.85	18.88	20.43	18.04	19.56	19.95	20.53
18.91	17.59	18.86	20.44	18.05	19.57	19.96	20.50
18.77	17.40	18.81	20.45	18.02	19.58	19.99	20.50
18.61	17.27	18.81	20.43	18.03	19.56	19.97	20.46
18.49	17.23	18.76	20.43	18.04	19.57	20.00	20.47
18.29	17.14	18.73	20.44	18.05	19.58	19.99	20.47
17.66	16.82	18.71	20.44	18.07	19.58	19.97	20.46
17.10	16.33	18.66	20.43	18.08	19.56	19.99	20.45
17.00	16.20	18.65	20.47	18.08	19.58	19.94	20.47
16.82	16.08	18.65	20.45	18.08	19.60	19.96	20.47
16.71	15.98	18.65	20.44	18.08	19.60	19.99	20.43
16.51	15.88	18.61	20.42	18.09	19.58	20.00	20.43
16.39	15.84	18.61	20.42	18.09	19.59	20.00	20.42
16.04	15.53	18.57	20.42	18.09	19.59	20.00	20.43
15.59	15.20	18.58	20.44	18.07	19.59	20.01	20.43
15.36	15.16	18.56	20.44	18.08	19.61	20.03	20.42
15.35	15.51	18.53	20.44	18.09	19.62	20.01	20.41
15.96	16.10	18.50	20.47	18.11	19.64	19.99	20.43
16.98	16.95	18.46	20.47	18.11	19.63	20.00	20.43
17.09	16.59	18.43	20.44	18.11	19.61	20.02	20.45
16.44	15.82	18.42	20.45	18.09	19.62	20.01	20.42
18.44	17.25	18.41	20.44	18.09	19.59	20.05	20.38
17.67	16.35	18.37	20.42	18.09	19.62	20.03	20.38
17.44	16.07	18.33	20.42	18.12	19.63	20.04	20.37
16.37	15.16	18.32	20.44	18.12	19.63	20.05	20.39
18.05	15.08	18.27	20.44	18.09	19.62	20.06	20.41
15.34	13.75	18.24	20.45	18.13	19.68	20.02	20.40
14.23	13.08	18.22	20.44	18.13	19.66	20.03	20.39
13.44	12.36	18.23	20.48	18.11	19.67	20.06	20.41
12.84	11.89	18.17	20.43	18.13	19.65	20.07	20.38
12.59	11.65	18.11	20.43	18.12	19.63	20.04	20.37
12.06	11.18	18.14	20.44	18.14	19.67	20.07	20.38
11.44	10.56	18.06	20.42	18.12	19.67	20.05	20.33
11.49	10.70	18.04	20.46	18.13	19.69	20.08	20.35
11.36	10.56	18.01	20.47	18.15	19.69	20.05	20.35
11.22	10.34	17.96	20.43	18.14	19.69	20.05	20.33
11.07	10.17	17.92	20.47	18.13	19.71	20.05	20.34
11.07	10.12	17.86	20.44	18.13	19.70	20.07	20.32
10.30	9.49	17.81	20.45	18.14	19.71	20.08	20.32
10.66	9.85	17.76	20.44	18.16	19.72	20.06	20.32
11.83	11.18	17.75	20.46	18.15	19.74	20.05	20.32
13.03	12.10	17.71	20.45	18.13	19.76	20.09	20.32
14.44	13.32	17.64	20.43	18.14	19.76	20.07	20.32
15.21	13.86	17.62	20.43	18.19	19.74	20.10	20.31
17.69	16.06	17.56	20.45	18.17	19.76	20.07	20.33
22.12	17.58	17.51	20.45	18.19	19.75	20.08	20.31
20.39	16.05	17.43	20.44	18.17	19.77	20.10	20.31
20.39	16.05	17.43	20.44	18.17	19.77	20.10	20.31
20.39	16.05	17.43	20.44	18.17	19.77	20.10	20.31
20.39	16.05	17.43	20.44	18.17	19.77	20.10	20.31
20.39	16.05	17.43	20.44	18.17	19.77	20.10	20.31
20.39	16.05	17.43	20.44	18.17	19.77	20.10	20.31
20.39	16.05	17.43	20.44	18.17	19.77	20.10	20.31
20.39	16.05	17.43	20.44	18.17	19.77	20.10	20.31
20.39	16.05	17.43	20.44	18.17	19.77	20.10	20.31
20.39	16.05	17.43	20.44	18.17	19.77	20.10	20.31
20.39	16.05	17.43	20.44	18.17	19.77	20.10	20.31
20.39	16.05	17.43	20.44	18.17	19.77	20.10	20.31
20.39	16.05	17.43	20.44	18.17	19.77	20.10	20.31
20.39	16.05	17.43	20.44	18.17	19.77	20.10	20.31
20.39	16.05	17.43	20.44	18.17	19.77	20.10	20.31
20.39	16.05	17.43	20.44	18.17	19.77	20.10	20.31
20.39	16.05	17.43	20.44	18.17	19.77	20.10	20.31
20.39	16.05	17.43	20.44	18.17	19.77	20.10	20.31
20.39	16.05	17.43	20.44	18.17	19.77	20.10	20.31
20.39	16.05	17.43	20.44	18.17	19.77	20.10	20.31
20.39	16.05	17.43	20.44	18.17	19.77	20.10	20.31
20.39	16.05	17.43	20.44	18.17	19.77	20.10	20.31
20.39	16.05	17.43	20.44	18.17	19.77	20.10	20.31
20.39	16.05	17.43	20.44	18.17	19.77	20.10	20.31
20.39	16.05	17.43	20.44	18.17	19.77	20.10	20.31
20.39	16.05	17.43	20.44	18.17	19.77	20.10	20.31
20.39	16.05	17.43	20.44	18.17	19.77	20.10	20.31
20.39	16.05	17.43	20.44	18.17	19.77	20.10	20.31
20.39	16.05	17.43	20.44	18.17	19.77	20.10	20.31
20.39	16.05	17.43	20.44	18.17	19.77	20.10	20.31
20.39	16.05	17.43	20.44	18.17	19.77	20.10	20.31
20.39	16.05	17.43	20.44	18.17	19.77	20.10	20.31
20.39	16.05	17.43	20.44	18.17	19.77	20.10	20.31
20.39	16.05	17.43	20.44	18.17	19.77	20.10	20.31
20.39	16.05	17.43	20.44	18.17	19.77	20.10	20.31
20.39	16.05	17.43	20.44	18.17	19.77	20.10	20.31
20.39	16.05	17.43	20.44	18.17	19.77	20.10	20.31
20.39	16.05	17.43	20.44	18.17	19.77	20.10	20.31
20.39	16.05	17.43	20.44	18.17	19.77	20.10	20.31
20.39	16.05	17.43	20.44	18.17	19.77	20.10	20.31
20.39	16.05	17.43	20.44	18.17	19.77	20.10	20.31
20.39	16.05	17.43	20.44	18.17	19.77	20.10	20.31
20.39	16.05	17.43	20.44	18.17	19.77	20.10	20.31
20.39	16.05	17.43	20.44	18.17	19.77	20.10	20.31
20.39	16.05	17.43	20.44	18.17	19.77	20.10	20.31
20.39	16.05	17.43	20.44	18.17	19.77	20.10	20.31
20.39	16.05	17.43	20.44	18.17	19.77	20.10	20.31
20.39	16.05	17.43	20.44	18.17	19.77	20.10	20.31
20.39	16.05	17.43	20.44	18.17	19.77	20.10	20.31
20.39	16.05	17.43	20.44	18.17	19.77	20.10	20.31
20.39	16.05	17.43	20.44	18.17	19.77	20.10	20.31
20.39	16.05	17.43	20.44	18.17	19.77	20.10	20.31
20.39	16.05	17.43	20.44	18.17	19.77	20.10	20.31
20.39	16.05	17.43	20.44	18.17	19.77	20.10	20.31
20.39	16.05	17.43	20.44	18.17	19.77	20.10	20.31
20.39	16.05	17.43	20.44	18.17	19.77	20.10	20.31
20.39	16.05	17.43	20.44	18.17	19.77	20.10	20.31
20.39	16.05	17.43	20.44	18.17	19.77	20.10	20.31
20.39	16.05	17.43	20.44	18.17	19.77	20.10	20.31
20.39	16.05	17.43	20.44	18.17	19.77	20.10	20.31
20.39	16.05	17.43	20.44	18.17	19.77	20.10	20.31
20.39	16.05	17.43	20.44	18.17	19.77	20.10	20.31
20.39	16.05	17.43	20.44	18.17	19.77	20.10	20.31
20.39	16.05	17.43	20.44	18.17	19.77	20.10	20.31
20.39	16.05	17.43	20.44	18.17	19.77	20.10	20.31
20.39	16.05	17.43	20.44	18.17	19.77	20.10	20.31
20.39	16.05	17.43	20.44	18.17	19.77	20.10	20.31
20.39	16.05	17.43	20.44	18.17	19.77	20.10	20.31
20.39	16.05	17.43	20.44	18.17	19.77	20.10	20.31
20.39	16.05	17.43	20.44	18.17	19.77	20.10	20.31
20.39	16.05	17.43	20.44	18.17	19.77	20.10	20.31
20.39	16.05	17.43	20.44	18.17	19.77	20.10	20.31
20.39	16.05	17.43	20.44	18.17	19.77	20.10	20.31
20.39	16.05	17.43	20.44	18.17	19.77	20.10	20.31
18.16	17.09	16.55	20.55	17.98	20.00	20.06	20.45
17.44	16.57	16.52	20.53	18.02	20.01	20.12	20.47
16.70	16.01	16.57	20.53	18.04	20.04	20.15	20.48
15.83	15.24	16.59	20.54	18.04	20.01	20.13	20.46
14.68	14.29	16.63	20.50	18.05	19.98	20.13	20.40
14.00	13.70	16.66	20.53	18.05	20.00	20.14	20.42
13.59	13.28	16.71	20.51	18.04	20.00	20.16	20.41
13.66	13.29	16.73	20.53	18.03	19.98	20.16	20.41
13.69	13.23	16.77	20.52	18.04	19.98	20.12	20.40
13.53	13.11	16.78	20.51	18.04	19.98	20.15	20.38
13.47	12.97	16.78	20.51	18.06	19.98	20.14	20.35
13.38	12.88	16.82	20.53	18.06	19.98	20.13	20.35
12.51	12.06	16.83	20.54	18.02	19.97	20.11	20.35
12.15	11.72	16.83	20.51	18.04	19.96	20.17	20.35
11.80	11.38	16.83	20.54	18.02	19.97	20.12	20.34
11.80	11.38	16.81	20.53	18.02	19.94	20.13	20.33
12.41	12.05	16.82	20.51	18.02	19.93	20.15	20.30
14.76	13.19	16.82	20.51	18.00	19.92	20.14	20.33
19.33	20.65	16.77	20.52	17.99	19.94	20.15	20.34
24.81	28.32	16.77	20.52	18.01	19.95	20.14	20.35
30.47	30.16	16.80	20.51	18.03	19.92	20.16	20.34
35.35	28.83	16.73	20.54	18.06	19.92	20.15	20.36
38.89	25.75	16.73	20.53	17.99	19.94	20.18	20.39
40.41	23.92	16.74	20.53	18.02	19.95	20.16	20.42
40.39	23.36	16.78	20.52	18.01	19.91	20.13	20.43
34.44	22.45	16.83	20.52	17.99	19.91	20.09	20.49
27.35	20.11	16.91	20.50	17.99	19.92	20.12	20.57
23.99	18.74	17.00	20.50	18.01	19.93	20.17	20.61
21.90	17.75	17.05	20.52	18.02	19.92	20.17	20.66
20.47	16.95	17.16	20.52	18.01	19.92	20.17	20.65
19.39	16.28	17.23	20.54	18.01	19.92	20.19	20.63
18.51	15.73	17.27	20.53	18.01	19.91	20.14	20.60
17.86	15.19	17.35	20.54	17.99	19.89	20.18	20.57
17.17	14.64	17.42	20.51	17.99	19.88	20.16	20.52
16.58	14.14	17.48	20.52	17.98	19.87	20.19	20.50
16.01	13.71	17.51	20.56	17.99	19.90	20.17	20.47
15.47	13.18	17.53	20.53	17.97	19.87	20.15	20.46
14.90	12.70	17.55	20.53	17.98	19.86	20.14	20.43
14.40	12.31	17.58	20.52	17.96	19.85	20.17	20.42
14.45	12.23	17.61	20.52	17.99	19.86	20.14	20.40
15.09	12.95	17.61	20.53	17.98	19.88	20.15	20.43
17.57	14.21	17.59	20.53	17.99	19.85	20.13	20.39
22.13	21.57	17.57	20.51	17.97	19.84	20.12	20.37
27.51	29.20	17.57	20.51	17.97	19.84	20.15	20.39
32.85	30.70	17.52	20.53	17.99	19.86	20.16	20.42
37.12	28.80	17.52	20.54	17.95	19.88	20.16	20.42
40.15	25.78	17.55	20.53	17.96	19.88	20.16	20.42
41.34	23.83	17.57	20.55	17.96	19.87	20.18	20.46
40.71	23.13	17.65	20.51	17.93	19.85	20.16	20.49
34.13	22.27	17.68	20.52	17.94	19.87	20.11	20.54
28.05	20.15	17.70	20.51	17.95	19.83	20.16	20.58
24.79	18.74	17.80	20.53	17.96	19.85	20.14	20.65
22.73	17.70	17.85	20.48	17.95	19.85	20.16	20.65
21.19	16.94	17.92	20.50	17.98	19.85	20.17	20.65
20.12	16.24	17.99	20.52	17.95	19.84	20.23	20.60
19.22	15.60	18.00	20.52	17.98	19.87	20.14	20.61
18.41	14.95	18.02	20.52	17.96	19.86	20.16	20.59
17.75	14.45	18.09	20.50	17.95	19.83	20.18	20.50
17.07	13.87	18.11	20.53	17.92	19.84	20.20	20.48
16.45	13.35	18.15	20.53	17.96	19.83	20.16	20.46
15.83	12.69	18.17	20.55	17.96	19.85	20.19	20.47
15.20	12.15	18.17	20.53	17.94	19.86	20.18	20.44
14.74	11.86	18.16	20.51	17.96	19.83	20.14	20.43
15.09	12.21	18.17	20.53	17.94	19.84	20.13	20.41
16.43	13.68	18.15	20.52	17.96	19.86	20.17	20.41
17.93	15.17	18.16	20.53	17.94	19.86	20.16	20.42
19.15	16.40	18.12	20.52	17.97	19.88	20.16	20.40
25.98	26.83	18.09	20.52	17.96	19.86	20.16	20.39
31.41	28.47	18.03	20.53	17.96	19.85	20.17	20.39
36.06	27.31	17.97	20.54	17.97	19.85	20.18	20.39
39.54	24.60	17.94	20.53	17.94	19.86	20.17	20.40
40.76	22.76	17.89	20.54	17.95	19.86	20.17	20.44
40.38	22.31	17.90	20.51	17.94	19.86	20.13	20.45
33.95	21.56	17.92	20.52	17.94	19.86	20.17	20.50
27.72	19.31	17.96	20.53	17.95	19.82	20.16	20.56
24.70	18.09	18.00	20.54	17.95	19.88	20.22	20.59
22.67	17.17	18.01	20.51	17.96	19.83	20.20	20.61
21.19	16.40	18.04	20.55	17.97	19.87	20.19	20.59
20.05	15.72	18.07	20.53	17.99	19.84	20.16	20.56
19.17	15.08	18.11	20.52	17.93	19.82	20.18	20.57
18.42	14.50	18.12	20.51	17.95	19.84	20.18	20.52
17.74	14.10	18.13	20.52	17.93	19.85	20.21	20.46
17.07	13.45	18.15	20.55	17.94	19.85	20.18	20.48
16.34	12.80	18.13	20.51	17.95	19.82	20.18	20.43
15.88	12.49	18.16	20.53	17.95	19.85	20.18	20.42
15.32	11.98	18.14	20.52	17.94	19.84	20.19	20.41
14.87	11.63	18.13	20.52	17.99	19.83	20.17	20.40
15.48	12.23	18.14	20.55	17.94	19.85	20.15	20.42
16.36	13.37	18.11	20.54	17.98	19.84	20.18	20.39
18.48	14.35	18.07	20.52	17.94	19.85	20.21	20.41
22.98	20.96	18.04	20.52	17.94	19.84	20.16	20.37
28.13	28.36	17.98	20.55	17.94	19.86	20.21	20.39
32.89	29.31	17.89	20.53	17.97	19.83	20.19	20.38
37.24	28.34	17.88	20.55	17.98	19.86	20.20	20.43
40.06	25.50	17.82	20.53	17.96	19.84	20.21	20.44
40.94	23.79	17.83	20.53	17.99	19.86	20.16	20.48
39.36	22.98	17.87	20.51	17.98	19.84	20.18	20.51
33.35	21.96	17.90	20.53	17.96	19.85	20.19	20.58
27.75	19.97	17.97	20.53	18.00	19.84	20.20	20.64
24.92	18.73	18.05	20.51	18.02	19.82	20.22	20.64
23.27	17.95	18.06	20.52	17.99	19.81	20.19	20.65
21.98	17.25	18.11	20.53	17.98	19.82	20.18	20.67
20.94	16.65	18.13	20.50	17.99	19.81	20.20	20.64
20.11	16.03	18.24	20.51	17.99	19.78	20.20	20.61
19.37	15.49	18.21	20.54	18.02	19.79	20.21	20.60
18.82	15.15	18.25	20.52	18.00	19.78	20.21	20.55
18.18	14.74	18.26	20.52	18.01	19.79	20.19	20.52
17.83	14.39	18.27	20.52	18.00	19.75	20.20	20.50
17.29	13.92	18.32	20.54	18.00	19.75	20.22	20.49
16.87	13.59	18.33	20.52	18.02	19.76	20.20	20.47
16.58	13.32	18.34	20.52	18.02	19.76	20.21	20.46
16.60	13.57	18.30	20.51	17.99	19.73	20.20	20.43
17.97	15.11	18.32	20.51	18.03	19.73	20.19	20.40
19.05	16.19	18.31	20.53	18.02	19.75	20.17	20.45
20.39	17.73	18.27	20.50	18.05	19.73	20.21	20.43
23.24	20.45	18.24	20.50	18.03	19.77	20.20	20.48
26.26	22.61	18.21	20.51	18.05	19.78	20.19	20.53
34.51	25.37	18.13	20.50	18.04	19.75	20.23	20.50
38.11	23.51	18.10	20.52	18.02	19.75	20.19	20.53
39.54	22.40	18.10	20.55	18.06	19.75	20.17	20.58
37.37	21.82	18.08	20.52	18.02	19.75	20.17	20.65
31.59	20.96	18.07	20.53	18.03	19.75	20.18	20.70
27.16	19.55	18.13	20.50	18.04	19.71	20.21	20.73
24.81	18.54	18.15	20.53	18.04	19.73	20.20	20.78
23.63	18.42	18.20	20.51	18.06	19.72	20.22	20.79
22.51	17.89	18.21	20.53	18.03	19.73	20.21	20.81
21.85	17.65	18.24	20.53	18.06	19.73	20.19	20.81
21.10	17.17	18.28	20.51	18.05	19.67	20.20	20.77
20.28	16.62	18.29	20.51	18.06	19.68	20.23	20.73
19.67	16.21	18.34	20.52	18.08	19.70	20.19	20.74
19.12	15.75	18.37	20.50	18.07	19.66	20.18	20.69
18.64	15.39	18.36	20.52	18.07	19.68	20.22	20.67
18.05	14.94	18.31	20.53	18.09	19.67	20.18	20.65
17.86	14.75	18.26	20.51	18.09	19.64	20.21	20.59
17.73	14.74	18.30	20.55	18.09	19.67	20.20	20.59
17.83	14.88	18.30	20.56	18.09	19.69	20.20	20.57
18.37	15.40	18.28	20.53	18.08	19.65	20.22	20.52
20.05	16.58	18.27	20.56	18.12	19.67	20.20	20.59
24.42	22.67	18.23	20.50	18.12	19.63	20.22	20.59
29.60	30.26	18.20	20.53	18.12	19.63	20.22	20.66
34.18	31.26	18.15	20.52	18.09	19.61	20.22	20.70
38.49	30.02	18.15	20.51	18.08	19.59	20.21	20.76
41.37	27.07	18.16	20.53	18.11	19.60	20.21	20.85
42.76	25.13	18.17	20.52	18.13	19.58	20.19	20.90
41.57	24.27	18.19	20.52	18.10	19.59	20.19	20.99
34.93	23.08	18.21	20.52	18.11	19.58	20.18	21.04
29.36	21.56	18.25	20.51	18.10	19.59	20.22	21.11
26.71	20.65	18.30	20.51	18.11	19.59	20.21	21.12
24.81	19.71	18.36	20.56	18.11	19.60	20.22	21.14
23.28	18.74	18.41	20.55	18.12	19.60	20.24	21.11
22.02	17.97	18.44	20.55	18.13	19.62	20.25	21.10
20.72	17.07	18.48	20.55	18.12	19.58	20.25	21.07
19.68	16.17	18.56	20.56	18.12	19.60	20.24	21.07
18.89	15.42	18.56	20.58	18.15	19.59	20.22	20.99
18.12	14.72	18.57	20.56	18.12	19.61	20.23	20.94
17.41	14.00	18.60	20.57	18.12	19.60	20.24	20.89
16.75	13.48	18.57	20.61	18.11	19.62	20.23	20.84
16.18	13.00	18.59	20.58	18.15	19.60	20.21	20.80
15.45	12.48	18.59	20.57	18.14	19.58	20.23	20.75
15.57	12.56	18.57	20.58	18.11	19.59	20.22	20.73
16.79	13.99	18.57	20.58	18.17	19.59	20.20	20.73
18.98	14.89	18.57	20.58	18.16	19.59	20.23	20.73
22.90	20.60	18.57	20.58	18.14	19.59	20.21	20.73
28.46	29.16	18.57	20.58	18.16	19.59	20.25	20.73
31.54	28.88	18.43	20.57	18.16	19.51	20.22	20.76
31.29	26.24	18.40	20.61	18.17	19.54	20.23	20.82
28.46	24.13	18.37	20.62	18.16	19.58	20.24	20.89
26.76	22.66	18.40	20.59	18.14	19.58	20.24	20.89
27.67	21.95	18.41	20.60	18.15	19.58	20.26	20.91
24.65	20.77	18.41	20.57	18.14	19.54	20.24	20.89
22.72	19.71	18.46	20.59	18.17	19.56	20.28	20.91
21.66	19.10	18.50	20.59	18.17	19.54	20.27	20.89
20.84	18.61	18.54	20.60	18.19	19.56	20.25	20.89
19.82	17.73	18.60	20.59	18.19	19.55	20.26	20.87
19.40	17.39	18.58	20.59	18.18	19.56	20.26	20.85
18.53	16.62	18.64	20.57	18.18	19.54	20.27	20.83
17.92	15.92	18.66	20.59	18.20	19.55	20.26	20.78
17.44	15.57	18.68	20.60	18.21	19.56	20.28	20.74
16.66	14.87	18.69	20.59	18.19	19.55	20.27	20.71
15.97	14.12	18.70	20.58	18.20	19.54	20.26	20.69
15.65	13.78	18.70	20.60	18.19	19.52	20.26	20.65
14.88	13.09	18.73	20.57	18.19	19.52	20.23	20.63
14.29	12.54	18.73	20.61	18.21	19.54	20.22	20.64
14.45	12.78	18.68	20.58	18.18	19.52	20.23	20.58
15.69	14.09	18.67	20.58	18.23	19.56	20.23	20.57
16.27	14.68	18.64	20.58	18.22	19.51	20.23	20.57
16.86	15.23	18.66	20.58	18.19	19.51	20.27	20.56
17.45	15.89	18.62	20.59	18.22	19.52	20.22	20.58
24.09	21.12	18.57	20.56	18.22	19.50	20.24	20.53
28.22	22.41	18.54	20.60	18.26	19.54	20.25	20.57
24.85	20.03	18.53	20.57	18.22	19.53	20.27	20.56
31.56	19.50	18.52	20.59	18.21	19.54	20.29	20.57
31.48	18.55	18.47	20.58	18.25	19.51	20.27	20.57
24.25	16.75	18.45	20.56	18.22	19.51	20.28	20.58
20.43	15.25	18.44	20.54	18.24	19.50	20.26	20.57
18.45	14.22	18.42	20.55	18.22	19.50	20.23	20.57
16.91	13.39	18.40	20.59	18.25	19.50	20.28	20.57
15.81	12.75	18.41	20.56	18.27	19.50	20.26	20.54
15.36	12.33	18.40	20.56	18.25	19.49	20.22	20.52
15.10	12.23	18.36	20.53	18.29	19.50	20.25	20.49
14.92	12.14	18.38	20.56	18.25	19.51	20.25	20.50
14.77	12.08	18.35	20.53	18.24	19.49	20.25	20.48
14.54	11.85	18.34	20.55	18.26	19.51	20.24	20.47
14.20	11.68	18.35	20.55	18.25	19.50	20.23	20.45
14.06	11.53	18.27	20.53	18.25	19.47	20.24	20.42
13.87	11.40	18.25	20.50	18.26	19.46	20.25	20.42
13.60	11.18	18.20	20.51	18.27	19.47	20.22	20.40
13.59	11.29	18.17	20.51	18.26	19.48	20.23	20.42
14.07	12.01	18.14	20.52	18.27	19.48	20.24	20.41
15.15	13.12	18.13	20.50	18.25	19.48	20.23	20.39
17.17	15.19	18.09	20.50	18.25	19.49	20.22	20.42
22.59	23.05	18.04	20.49	18.25	19.48	20.23	20.38
29.09	26.11	18.00	20.50	18.24	19.48	20.26	20.40
33.32	24.94	17.94	20.50	18.30	19.46	20.23	20.40
35.44	22.15	17.93	20.50	18.27	19.46	20.28	20.45
36.70	20.08	17.88	20.49	18.27	19.45	20.25	20.42
31.26	18.70	17.86	20.49	18.28	19.47	20.25	20.47
25.41	17.20	17.84	20.46	18.26	19.47	20.24	20.45
21.55	15.71	17.83	20.48	18.30	19.48	20.23	20.47
19.27	14.59	17.83	20.48	18.29	19.48	20.26	20.46
17.80	13.71	17.84	20.45	18.29	19.46	20.27	20.42
16.45	12.81	17.83	20.45	18.29	19.45	20.27	20.40
15.70	12.26	17.87	20.47	18.28	19.43	20.24	20.41
15.22	12.06	17.88	20.48	18.29	19.47	20.23	20.41
14.82	11.75	17.87	20.45	18.28	19.45	20.23	20.38
14.12	11.07	17.86	20.47	18.26	19.47	20.28	20.39
13.68	10.69	17.83	20.48	18.26	19.47	20.24	20.37
13.46	10.59	17.84	20.46	18.27	19.46	20.23	20.37
13.03	10.28	17.82	20.43	18.31	19.47	20.23	20.38
12.32	9.55	17.83	20.44	18.31	19.48	20.24	20.38
11.55	8.79	17.82	20.42	18.28	19.45	20.26	20.33
11.64	9.04	17.75	20.43	18.29	19.45	20.24	20.33
12.22	9.72	17.76	20.42	18.29	19.44	20.23	20.31
14.28	10.97	17.71	20.42	18.25	19.46	20.21	20.35
17.62	14.68	17.68	20.42	18.30	19.46	20.24	20.37
22.68	22.28	17.66	20.45	18.26	19.46	20.21	20.35
27.17	23.90	17.66	20.41	18.27	19.44	20.27	20.33
27.95	21.74	17.59	20.41	18.27	19.47	20.27	20.33
24.02	19.16	17.53	20.42	18.30	19.46	20.25	20.37
20.51	17.30	17.48	20.43	18.31	19.47	20.26	20.36
18.75	16.19	17.48	20.42	18.29	19.46	20.27	20.37
17.30	15.20	17.48	20.41	18.30	19.48	20.26	20.35
15.83	14.02	17.51	20.41	18.30	19.45	20.28	20.33
15.36	13.73	17.49	20.42	18.29	19.45	20.27	20.33
15.10	13.61	17.48	20.39	18.31	19.46	20.29	20.33
14.87	13.27	17.48	20.38	18.31	19.44	20.25	20.32
14.57	12.96	17.50	20.40	18.29	19.47	20.25	20.34
14.44	12.82	17.52	20.39	18.31	19.46	20.26	20.33
14.32	12.68	17.51	20.39	18.29	19.46	20.26	20.33
14.29	12.68	17.51	20.36	18.29	19.43	20.25	20.29
14.34	12.77	17.51	20.39	18.28	19.46	20.25	20.32
14.37	12.86	17.53	20.39	18.32	19.47	20.25	20.29
14.39	12.90	17.51	20.38	18.31	19.45	20.23	20.31
14.41	12.98	17.49	20.35	18.32	19.45	20.24	20.30
14.50	13.09	17.46	20.34	18.31	19.44	20.28	20.28
14.67	13.30	17.47	20.34	18.30	19.45	20.26	20.29
15.27	13.93	17.43	20.39	18.29	19.45	20.23	20.31
15.77	14.53	17.36	20.35	18.31	19.44	20.27	20.29
17.01	15.82	17.27	20.36	18.31	19.45	20.25	20.30
17.50	16.51	17.20	20.33	18.33	19.46	20.26	20.28
19.15	17.89	17.14	20.36	18.32	19.45	20.21	20.29
22.31	20.58	16.99	20.33	18.37	19.44	20.25	20.32
20.86	19.89	16.92	20.35	18.36	19.46	20.28	20.34
19.39	18.65	16.97	20.36	18.36	19.47	20.22	20.36
17.18	16.57	17.03	20.34	18.34	19.43	20.23	20.35
16.12	15.58	17.06	20.33	18.36	19.44	20.27	20.36
15.46	15.00	17.03	20.34	18.37	19.45	20.25	20.38
14.83	14.51	17.01	20.33	18.39	19.44	20.27	20.36
13.98	13.90	17.00	20.32	18.37	19.42	20.25	20.33
13.49	13.69	16.98	20.31	18.38	19.44	20.27	20.33
12.88	13.27	17.03	20.33	18.35	19.42	20.24	20.31
12.66	13.30	17.00	20.35	18.37	19.43	20.27	20.34
12.38	13.00	16.93	20.35	18.37	19.42	20.27	20.34
10.84	11.76	17.05	20.30	18.35	19.42	20.26	20.29
10.30	11.05	17.04	20.34	18.37	19.44	20.28	20.32
10.59	10.97	17.07	20.34	18.34	19.44	20.27	20.32
10.52	10.75	17.05	20.29	18.35	19.40	20.25	20.29
9.96	10.11	17.03	20.33	18.33	19.40	20.27	20.31
9.84	9.72	16.99	20.33	18.34	19.43	20.27	20.31
9.83	9.64	16.95	20.32	18.33	19.42	20.27	20.32
10.39	10.30	16.94	20.32	18.34	19.42	20.23	20.32
11.98	11.40	16.95	20.31	18.32	19.42	20.26	20.32
11.98	11.40	16.89	20.29	18.32	19.37	20.26	20.29
11.98	11.40	16.88	20.33	18.32	19.42	20.26	20.35
11.98	11.40	16.87	20.29	18.32	19.40	20.26	20.30
11.98	11.40	16.85	20.33	18.32	19.42	20.26	20.35
11.98	11.40	16.81	20.31	18.32	19.42	20.26	20.35
35.08	18.38	16.74	20.31	18.28	19.42	20.14	20.36
34.04	17.41	16.73	20.30	18.27	19.42	20.19	20.36
26.27	16.02	16.70	20.33	18.25	19.41	20.27	20.42
21.05	14.53	16.74	20.30	18.32	19.40	20.36	20.42
18.21	13.32	16.79	20.27	18.30	19.40	20.33	20.45
16.43	12.35	16.82	20.26	18.31	19.38	20.33	20.39
15.10	11.68	16.82	20.32	18.29	19.40	20.35	20.36
14.01	10.91	16.84	20.31	18.28	19.39	20.33	20.36
13.21	10.18	16.85	20.31	18.30	19.42	20.33	20.35
12.55	9.67	16.88	20.29	18.30	19.40	20.34	20.33
12.00	9.18	16.84	20.31	18.27	19.41	20.31	20.37
11.44	8.69	16.90	20.28	18.31	19.39	20.34	20.33
10.98	8.25	16.84	20.31	18.25	19.40	20.32	20.34
10.44	7.75	16.88	20.27	18.27	19.39	20.32	20.29
9.86	7.30	16.83	20.33	18.27	19.43	20.29	20.34
9.41	6.87	16.81	20.27	18.27	19.39	20.29	20.27
9.41	6.85	16.80	20.27	18.28	19.38	20.26	20.31
10.06	7.36	16.73	20.28	18.24	19.41	20.27	20.30
12.62	8.59	16.66	20.30	18.27	19.38	20.27	20.29
17.23	12.50	16.53	20.29	18.26	19.42	20.32	20.31
22.61	22.49	16.36	20.31	18.26	19.40	20.28	20.36
27.59	23.76	16.18	20.29	18.30	19.41	20.30	20.31
32.11	22.61	16.13	20.30	18.28	19.43	20.34	20.34
34.46	19.46	16.03	20.26	18.23	19.38	20.33	20.28
35.93	17.87	16.06	20.28	18.29	19.42	20.37	20.33
35.17	17.35	16.09	20.27	18.28	19.39	20.38	20.32
27.02	16.10	16.13	20.30	18.28	19.40	20.38	20.32
22.38	14.89	16.12	20.27	18.28	19.40	20.38	20.35
19.94	14.07	16.18	20.26	18.26	19.38	20.39	20.30
18.19	13.13	16.29	20.25	18.26	19.38	20.38	20.32
16.88	12.34	16.37	20.25	18.28	19.39	20.40	20.29
15.66	11.56	16.42	20.25	18.25	19.38	20.42	20.30
14.76	10.94	16.44	20.24	18.23	19.39	20.38	20.27
13.89	10.35	16.47	20.24	18.24	19.38	20.38	20.27
13.26	9.78	16.48	20.25	18.22	19.39	20.37	20.25
12.67	9.36	16.52	20.25	18.25	19.38	20.39	20.27
12.16	8.90	16.57	20.26	18.19	19.40	20.35	20.29
11.51	8.41	16.55	20.27	18.24	19.37	20.37	20.23
11.01	7.88	16.55	20.25	18.23	19.37	20.36	20.23
10.68	7.55	16.53	20.27	18.23	19.39	20.38	20.28
10.67	7.56	16.50	20.27	18.24	19.38	20.38	20.25
11.40	8.21	16.51	20.23	18.22	19.38	20.34	20.24
14.22	9.64	16.43	20.27	18.19	19.38	20.35	20.22
18.87	12.87	16.36	20.26	18.22	19.39	20.35	20.21
24.52	23.85	16.30	20.26	18.21	19.39	20.36	20.23
29.96	25.64	16.25	20.26	18.21	19.38	20.34	20.25
34.63	24.95	16.15	20.27	18.24	19.40	20.39	20.27
37.69	21.94	16.08	20.23	18.23	19.38	20.34	20.27
38.72	20.19	16.05	20.22	18.22	19.40	20.33	20.37
37.33	19.53	16.12	20.23	18.22	19.39	20.35	20.42
29.44	18.28	16.18	20.24	18.20	19.39	20.36	20.51
24.60	16.60	16.25	20.24	18.23	19.40	20.37	20.58
21.85	15.47	16.30	20.21	18.22	19.39	20.34	20.58
19.95	14.56	16.40	20.23	18.18	19.38	20.34	20.58
18.61	13.92	16.46	20.24	18.20	19.39	20.34	20.60
17.65	13.34	16.48	20.25	18.22	19.40	20.36	20.58
16.83	12.82	16.56	20.26	18.20	19.41	20.34	20.54
16.02	12.28	16.61	20.26	18.20	19.40	20.33	20.48
15.42	11.77	16.61	20.24	18.17	19.38	20.37	20.45
14.83	11.31	16.67	20.24	18.17	19.38	20.34	20.40
14.37	10.99	16.69	20.26	18.17	19.41	20.33	20.40
13.80	10.53	16.71	20.27	18.18	19.37	20.33	20.39
13.45	10.21	16.76	20.24	18.15	19.38	20.34	20.37
13.03	9.82	16.73	20.28	18.16	19.39	20.30	20.39
13.11	10.01	16.72	20.26	18.17	19.42	20.36	20.35
13.85	10.68	16.74	20.25	18.15	19.37	20.33	20.33
16.69	11.95	16.74	20.25	18.15	19.38	20.31	20.36
21.82	14.56	16.72	20.26	18.14	19.37	20.35	20.34
27.39	26.46	16.65	20.25	18.13	19.38	20.32	20.35
32.59	28.66	16.59	20.26	18.13	19.37	20.33	20.35
31.97	25.82	16.59	20.26	18.13	19.37	20.33	20.36
31.43	24.05	16.52	20.27	18.10	19.38	20.32	20.39
37.83	22.65	16.60	20.26	18.11	19.36	20.33	20.42
37.45	21.93	16.57	20.23	18.12	19.36	20.33	20.44
29.85	20.18	16.64	20.28	18.12	19.39	20.34	20.51
25.39	18.61	16.69	20.24	18.16	19.34	20.36	20.55
22.94	17.72	16.75	20.22	18.14	19.34	20.33	20.54
20.94	16.74	16.83	20.26	18.13	19.38	20.33	20.60
19.64	15.99	16.91	20.27	18.13	19.36	20.34	20.60
18.57	15.25	16.97	20.26	18.17	19.35	20.35	20.58
17.65	14.54	17.08	20.25	18.11	19.35	20.34	20.55
17.06	14.16	17.09	20.27	18.09	19.37	20.32	20.56
16.43	13.74	17.09	20.25	18.13	19.35	20.33	20.49
15.90	13.34	17.17	20.28	18.13	19.36	20.34	20.46
15.53	12.90	17.22	20.29	18.10	19.36	20.31	20.45
15.03	12.51	17.21	20.27	18.10	19.35	20.33	20.42
14.63	12.24	17.25	20.29	18.11	19.37	20.30	20.43
14.32	12.03	17.27	20.27	18.13	19.37	20.31	20.41
14.23	12.00	17.26	20.28	18.09	19.36	20.33	20.38
14.71	12.50	17.26	20.28	18.11	19.35	20.32	20.38
17.22	13.47	17.30	20.28	18.11	19.34	20.31	20.36
21.62	15.07	17.25	20.25	18.09	19.36	20.29	20.33
26.80	26.54	17.25	20.26	18.07	19.35	20.31	20.39
31.80	28.25	17.19	20.26	18.09	19.35	20.34	20.36
35.93	26.86	17.19	20.29	18.11	19.36	20.30	20.39
38.67	24.14	17.19	20.27	18.08	19.34	20.29	20.38
39.57	22.12	17.21	20.26	18.08	19.34	20.31	20.40
37.75	21.09	17.19	20.24	18.07	19.30	20.27	20.45
29.58	19.40	17.22	20.27	18.09	19.33	20.28	20.53
25.05	17.94	17.29	20.25	18.12	19.34	20.33	20.57
22.18	16.77	17.31	20.25	18.08	19.33	20.29	20.56
20.46	15.90	17.40	20.23	18.10	19.31	20.31	20.57
19.09	15.18	17.44	20.26	18.07	19.34	20.32	20.58
18.08	14.57	17.50	20.26	18.08	19.35	20.33	20.56
17.35	14.12	17.53	20.27	18.09	19.34	20.31	20.53
16.77	13.72	17.52	20.29	18.08	19.35	20.31	20.48
16.24	13.34	17.56	20.27	18.08	19.35	20.30	20.46
15.70	12.90	17.63	20.26	18.06	19.33	20.32	20.40
15.28	12.44	17.63	20.28	18.06	19.34	20.27	20.42
14.91	12.18	17.61	20.26	18.07	19.33	20.31	20.38
14.95	12.21	17.61	20.28	18.06	19.34	20.27	20.40
14.70	11.99	17.63	20.27	18.05	19.33	20.29	20.36
14.69	12.02	17.62	20.28	18.07	19.34	20.29	20.36
14.98	12.33	17.61	20.27	18.05	19.31	20.29	20.36
15.49	12.78	17.60	20.28	18.05	19.35	20.30	20.35
16.52	13.79	17.54	20.27	18.06	19.34	20.27	20.35
23.53	22.75	17.52	20.29	18.05	19.32	20.27	20.36
28.24	24.25	17.46	20.28	18.06	19.33	20.28	20.35
27.63	21.87	17.46	20.26	18.10	19.32	20.29	20.36
35.03	21.37	17.43	20.28	18.09	19.33	20.30	20.36
35.73	19.69	17.32	20.28	18.07	19.33	20.28	20.35
33.58	19.07	17.33	20.27	18.06	19.34	20.29	20.38
26.97	17.70	17.31	20.27	18.05	19.33	20.29	20.42
23.13	16.32	17.37	20.27	18.07	19.32	20.31	20.45
20.96	15.50	17.39	20.24	18.06	19.32	20.28	20.46
19.62	14.89	17.40	20.27	18.06	19.34	20.30	20.47
18.49	14.24	17.39	20.26	18.05	19.31	20.29	20.43
18.18	14.21	17.39	20.28	18.07	19.33	20.30	20.42
18.01	14.30	17.40	20.26	18.08	19.30	20.29	20.38
17.85	14.31	17.44	20.25	18.08	19.30	20.31	20.35
17.57	14.17	17.42	20.27	18.05	19.33	20.32	20.35
17.27	14.10	17.43	20.24	18.06	19.30	20.29	20.32
17.06	13.95	17.44	20.24	18.05	19.30	20.29	20.34
16.85	13.77	17.42	20.24	18.07	19.30	20.30	20.29
16.52	13.59	17.41	20.25	18.08	19.29	20.31	20.31
16.32	13.50	17.40	20.26	18.06	19.29	20.29	20.30
16.25	13.43	17.37	20.25	18.09	19.31	20.29	20.31
16.25	13.53	17.32	20.24	18.08	19.30	20.30	20.28
16.31	13.68	17.33	20.23	18.07	19.27	20.31	20.31
16.59	14.02	17.29	20.25	18.08	19.31	20.31	20.30
17.16	14.62	17.26	20.25	18.10	19.32	20.29	20.31
17.21	14.76	17.23	20.23	18.09	19.32	20.31	20.31
17.57	15.18	17.17	20.23	18.07	19.30	20.30	20.30
18.17	15.61	17.14	20.22	18.10	19.30	20.32	20.28
18.00	15.67	17.13	20.26	18.09	19.32	20.29	20.31
17.50	15.35	17.10	20.19	18.07	19.30	20.31	20.28
17.06	15.08	17.05	20.23	18.11	19.29	20.30	20.25
16.64	14.79	17.03	20.23	18.09	19.30	20.30	20.28
16.20	14.45	17.05	20.23	18.09	19.29	20.30	20.25
15.58	13.98	17.06	20.21	18.11	19.31	20.33	20.27
14.93	13.36	17.04	20.25	18.08	19.33	20.32	20.29
14.16	12.81	17.03	20.20	18.11	19.33	20.30	20.27
13.56	12.24	17.06	20.23	18.08	19.32	20.28	20.27
13.26	11.97	17.02	20.20	18.08	19.31	20.34	20.25
12.87	11.65	17.05	20.22	18.07	19.32	20.28	20.27
12.21	11.06	17.03	20.23	18.08	19.32	20.33	20.27
11.82	10.66	17.00	20.24	18.09	19.30	20.32	20.25
11.35	10.22	16.98	20.24	18.07	19.33	20.32	20.26
10.95	9.89	16.97	20.21	18.09	19.31	20.31	20.26
10.52	9.37	16.95	20.21	18.06	19.33	20.32	20.24
10.44	9.33	16.95	20.19	18.11	19.29	20.31	20.26
11.36	10.05	16.89	20.22	18.07	19.32	20.31	20.22
13.44	11.86	16.90	20.22	18.09	19.33	20.32	20.23
17.76	13.19	16.86	20.22	18.08	19.33	20.36	20.23
23.14	23.69	16.83	20.19	18.06	19.33	20.34	20.22
28.53	25.54	16.70	20.21	18.07	19.32	20.37	20.22
30.87	22.85	16.59	20.23	18.09	19.32	20.36	20.24
26.82	19.31	16.56	20.21	18.07	19.31	20.33	20.23
28.84	18.58	16.61	20.17	18.08	19.30	20.38	20.22
26.74	17.43	16.62	20.19	18.09	19.31	20.35	20.18
22.07	16.27	16.59	20.20	18.08	19.33	20.35	20.19
20.07	15.83	16.61	20.19	18.08	19.29	20.36	20.16
18.85	15.48	16.65	20.19	18.11	19.34	20.37	20.18
17.58	14.71	16.65	20.22	18.09	19.32	20.35	20.14
16.91	14.37	16.69	20.18	18.11	19.32	20.35	20.13
16.65	14.35	16.68	20.18	18.08	19.32	20.36	20.13
16.11	14.06	16.72	20.19	18.07	19.31	20.36	20.11
15.50	13.52	16.76	20.17	18.11	19.32	20.34	20.09
15.53	13.53	16.78	20.21	18.05	19.32	20.36	20.10
15.11	13.23	16.80	20.20	18.08	19.33	20.34	20.09
14.67	12.74	16.79	20.17	18.06	19.29	20.30	20.05
14.52	12.62	16.81	20.20	18.07	19.30	20.33	20.06
14.59	12.75	16.79	20.19	18.07	19.32	20.32	20.07
14.44	12.71	16.78	20.20	18.07	19.31	20.34	20.06
14.44	12.72	16.78	20.18	18.09	19.31	20.34	20.04
14.44	12.72	16.78	20.18	18.09	19.31	20.34	20.04
15.21	13.55	16.77	20.16	18.06	19.29	20.32	20.02
15.64	13.96	16.76	20.22	18.08	19.33	20.35	20.05
15.87	14.31	16.73	20.21	18.08	19.34	20.33	20.05
16.58	14.99	16.61	20.16	18.08	19.31	20.33	20.01
16.36	14.94	16.63	20.18	18.09	19.31	20.34	20.05
17.05	15.40	16.59	20.20	18.09	19.33	20.33	20.01
21.88	15.81	16.47	20.17	18.09	19.31	20.33	20.01
20.03	15.61	16.49	20.21	18.07	19.31	20.31	20.04
18.11	15.27	16.50	20.18	18.09	19.30	20.32	19.99
17.20	15.04	16.50	20.19	18.10	19.29	20.34	20.01
16.70	14.80	16.55	20.18	18.07	19.31	20.37	20.04
15.89	14.26	16.50	20.19	18.07	19.29	20.33	19.99
15.33	13.91	16.49	20.19	18.09	19.28	20.35	19.99
15.03	13.67	16.47	20.21	18.06	19.29	20.33	20.02
15.10	13.78	16.48	20.19	18.06	19.28	20.32	20.00
15.03	13.76	16.49	20.18	18.08	19.29	20.32	20.01
14.68	13.44	16.38	20.19	18.08	19.29	20.32	20.00
14.50	13.26	16.25	20.21	18.08	19.32	20.31	20.01
14.42	13.33	16.27	20.19	18.10	19.29	20.32	19.97
14.15	13.23	16.29	20.15	18.08	19.27	20.34	19.97
13.37	12.55	16.25	20.17	18.06	19.29	20.32	19.99
12.83	12.02	16.29	20.18	18.06	19.27	20.34	19.99
12.64	11.78	16.28	20.19	18.06	19.27	20.32	19.99
13.15	12.30	16.25	20.18	18.05	19.27	20.29	20.00
14.08	13.00	16.22	20.19	18.03	19.28	20.30	19.98
16.15	14.06	16.15	20.18	18.06	19.29	20.30	20.00
19.71	19.19	16.14	20.17	18.09	19.27	20.33	19.97
17.96	16.42	16.07	20.17	18.09	19.26	20.32	19.97
19.31	17.10	16.12	20.17	18.06	19.25	20.34	19.97
20.07	16.96	16.12	20.19	18.07	19.25	20.32	19.99
18.48	16.27	16.04	20.17	18.10	19.26	20.31	19.98
17.16	15.59	16.09	20.16	18.09	19.25	20.30	19.96
16.43	15.14	16.09	20.15	18.06	19.23	20.30	19.95
15.94	14.82	16.10	20.14	18.05	19.24	20.31	19.94
15.57	14.56	16.13	20.17	18.06	19.28	20.29	19.98
15.14	14.25	16.14	20.14	18.08	19.25	20.31	19.95
14.85	13.97	16.12	20.17	18.08	19.26	20.35	19.97
14.39	13.58	16.12	20.14	18.08	19.26	20.31	19.97
14.03	13.19	16.14	20.16	18.06	19.26	20.33	19.97
13.89	13.13	16.15	20.12	18.06	19.26	20.30	19.95
13.82	13.05	16.15	20.14	18.07	19.25	20.31	19.94
13.72	12.87	16.16	20.16	18.02	19.29	20.32	19.95
13.56	12.74	16.16	20.19	18.04	19.27	20.33	19.98
13.41	12.58	16.18	20.15	18.06	19.26	20.31	19.96
13.38	12.60	16.16	20.16	18.05	19.28	20.30	19.96
13.32	12.51	16.16	20.14	18.05	19.27	20.30	19.96
13.29	12.51	16.15	20.17	18.05	19.26	20.30	19.99
13.45	12.65	16.09	20.14	18.08	19.24	20.30	19.95
13.91	13.08	16.07	20.16	18.04	19.26	20.32	19.96
15.44	14.45	16.07	20.14	18.04	19.26	20.29	19.95
16.40	15.53	16.03	20.13	18.04	19.26	20.32	19.96
15.84	14.94	16.03	20.13	18.06	19.26	20.33	19.93
16.41	15.10	15.99	20.13	18.02	19.23	20.30	19.92
16.08	14.91	16.05	20.12	18.03	19.26	20.32	19.93
20.04	15.01	15.98	20.15	18.04	19.28	20.33	19.96
25.02	14.61	15.93	20.12	18.01	19.25	20.31	19.92
18.39	13.45	15.95	20.12	18.04	19.26	20.31	19.94
15.93	12.76	15.94	20.11	18.02	19.24	20.32	19.92
14.75	12.34	15.96	20.14	18.03	19.30	20.34	19.95
13.88	11.97	15.93	20.09	18.04	19.25	20.31	19.92
12.96	11.27	15.95	20.13	18.01	19.25	20.29	19.94
12.21	10.73	15.91	20.09	18.03	19.24	20.34	19.92
11.60	10.28	15.98	20.12	18.02	19.26	20.32	19.93
11.17	9.91	15.95	20.12	18.00	19.24	20.29	19.91
10.76	9.49	15.93	20.12	17.99	19.24	20.31	19.92
10.40	9.22	15.91	20.11	18.00	19.27	20.29	19.94
10.03	8.94	15.88	20.11	18.01	19.24	20.31	19.92
9.45	8.27	15.86	20.10	17.98	19.25	20.31	19.89
9.11	7.95	15.81	20.11	17.99	19.25	20.30	19.92
8.68	7.60	15.81	20.12	17.99	19.26	20.28	19.93
8.70	7.52	15.81	20.11	17.98	19.28	20.29	19.93
9.26	7.97	15.74	20.12	17.99	19.27	20.29	19.92
11.07	9.11	15.70	20.10	17.99	19.27	20.34	19.90
12.06	10.46	15.61	20.08	18.01	19.26	20.33	19.91
16.62	15.55	15.62	20.11	17.98	19.27	20.31	19.91
13.68	12.20	15.52	20.08	18.02	19.25	20.33	19.91
13.66	12.24	15.48	20.13	17.97	19.28	20.28	19.90
13.46	12.09	15.36	20.08	18.01	19.26	20.33	19.88
13.16	12.02	15.34	20.10	17.99	19.26	20.32	19.91
13.08	11.85	15.36	20.10	17.95	19.27	20.29	19.91
12.49	11.42	15.33	20.08	18.00	19.25	20.31	19.90
11.96	11.04	15.32	20.08	18.00	19.26	20.32	19.89
11.77	10.97	15.35	20.08	17.99	19.25	20.30	19.87
11.40	10.78	15.36	20.08	17.97	19.26	20.32	19.88
11.33	10.71	15.35	20.07	17.97	19.25	20.31	19.90
11.19	10.53	15.38	20.10	17.94	19.27	20.31	19.91
11.06	10.45	15.40	20.07	17.94	19.25	20.29	19.89
11.03	10.43	15.34	20.09	17.96	19.28	20.29	19.89
11.02	10.45	15.25	20.07	17.96	19.24	20.30	19.89
10.78	10.37	15.18	20.06	17.98	19.25	20.32	19.86
10.59	10.18	15.14	20.06	17.97	19.23	20.31	19.87
10.37	9.94	15.02	20.07	17.93	19.25	20.33	19.88
10.19	9.74	14.99	20.04	17.94	19.23	20.31	19.86
9.91	9.51	14.98	20.07	17.93	19.25	20.32	19.88
9.77	9.31	14.93	20.06	17.95	19.24	20.32	19.86
9.95	9.52	14.91	20.06	17.97	19.24	20.33	19.86
11.62	10.64	14.93	20.07	17.96	19.25	20.31	19.88
11.86	10.91	14.90	20.03	17.96	19.26	20.32	19.87
13.60	13.08	14.93	20.06	17.95	19.26	20.32	19.86
14.51	13.44	14.84	20.06	17.97	19.28	20.31	19.88
18.14	14.35	14.86	20.03	17.95	19.26	20.33	19.86
20.65	13.46	14.91	20.05	17.93	19.29	20.29	19.89
21.10	12.64	14.92	20.07	17.92	19.27	20.30	19.89
17.19	11.50	14.93	20.04	17.91	19.27	20.29	19.87
14.37	10.77	14.88	20.03	17.92	19.25	20.33	19.85
12.46	10.08	14.92	20.05	17.93	19.27	20.31	19.86
11.09	9.22	14.87	20.06	17.91	19.27	20.29	19.86
10.18	8.66	14.89	20.05	17.89	19.27	20.30	19.86
9.48	8.21	14.89	20.04	17.93	19.26	20.32	19.86
8.86	7.73	14.87	20.04	17.92	19.26	20.31	19.85
8.37	7.33	14.85	20.05	17.89	19.28	20.30	19.86
7.97	6.98	14.80	19.99	17.91	19.23	20.30	19.83
7.43	6.43	14.81	20.04	17.88	19.23	20.32	19.85
7.01	6.02	14.81	20.02	17.87	19.28	20.30	19.87
6.51	5.50	14.81	20.03	17.90	19.25	20.32	19.85
6.05	4.96	14.79	20.04	17.87	19.24	20.31	19.84
5.78	4.69	14.76	20.05	17.85	19.28	20.28	19.85
5.40	4.23	14.71	20.02	17.85	19.25	20.28	19.86
5.15	4.01	14.65	20.01	17.86	19.28	20.28	19.83
5.76	4.44	14.63	20.02	17.88	19.25	20.30	19.80
8.75	5.41	14.54	20.00	17.84	19.24	20.29	19.83
11.93	7.56	14.51	20.01	17.86	19.25	20.31	19.82
10.42	7.49	14.43	19.99	17.83	19.26	20.32	19.83
9.98	7.58	14.40	20.01	17.83	19.28	20.30	19.86
10.25	8.11	14.31	20.00	17.85	19.26	20.30	19.82
10.01	8.10	14.31	19.98	17.84	19.28	20.30	19.84
9.86	8.09	14.31	20.00	17.82	19.25	20.29	19.82
10.45	8.17	14.29	19.98	17.81	19.28	20.33	19.85
9.54	7.81	14.25	20.01	17.83	19.29	20.36	19.83
9.11	7.59	14.25	20.00	17.82	19.32	20.34	19.82
8.94	7.53	14.27	20.01	17.82	19.32	20.32	19.85
8.76	7.50	14.25	19.99	17.79	19.31	20.33	19.83
8.65	7.37	14.26	20.03	17.81	19.32	20.32	19.85
8.53	7.33	14.23	19.97	17.79	19.30	20.30	19.81
8.56	7.40	14.22	20.00	17.78	19.32	20.30	19.83
8.50	7.43	14.22	19.99	17.79	19.33	20.34	19.81
8.48	7.43	14.20	19.99	17.79	19.35	20.32	19.81
8.55	7.56	14.18	20.00	17.80	19.36	20.35	19.82
8.60	7.66	14.17	19.97	17.80	19.33	20.36	19.81
8.63	7.71	14.14	20.00	17.78	19.33	20.34	19.81
8.80	7.93	14.14	20.01	17.78	19.38	20.35	19.82
8.82	7.97	14.16	19.99	17.76	19.37	20.32	19.80
8.98	8.22	14.10	19.99	17.76	19.38	20.31	19.82
9.10	8.44	14.01	19.99	17.75	19.37	20.31	19.80
9.38	8.84	13.94	20.00	17.76	19.40	20.33	19.83
9.52	9.07	13.86	19.99	17.77	19.38	20.33	19.81
9.66	9.23	13.57	20.00	17.74	19.41	20.36	19.83
8.75	8.23	13.63	20.01	17.75	19.39	20.34	19.82
17.23	11.60	13.62	19.99	17.73	19.40	20.33	19.80
19.21	10.95	13.63	20.01	17.72	19.41	20.34	19.80
22.19	10.18	13.73	20.01	17.72	19.40	20.33	19.79
22.54	9.71	13.69	20.01	17.72	19.41	20.34	19.82
14.67	8.44	13.71	20.01	17.70	19.42	20.34	19.83
12.02	7.70	13.68	19.99	17.73	19.38	20.33	19.78
10.44	7.14	13.70	20.01	17.68	19.40	20.33	19.81
9.41	6.52	13.72	20.02	17.68	19.42	20.33	19.83
8.36	5.74	13.76	20.02	17.67	19.40	20.32	19.82
7.81	5.61	13.70	20.00	17.72	19.40	20.33	19.81
7.38	5.42	13.62	20.00	17.67	19.38	20.34	19.82
7.03	5.09	13.62	20.02	17.69	19.38	20.33	19.82
6.58	4.73	13.60	19.99	17.68	19.39	20.33	19.80
6.15	4.38	13.54	20.00	17.64	19.38	20.32	19.80
5.85	4.13	13.57	20.01	17.65	19.39	20.30	19.81
5.42	3.70	13.55	20.01	17.63	19.38	20.30	19.83
4.89	3.24	13.54	20.01	17.64	19.36	20.29	19.81
4.53	2.88	13.51	19.99	17.64	19.36	20.32	19.77
4.41	2.76	13.46	20.01	17.63	19.37	20.31	19.78
4.94	3.12	13.42	20.02	17.67	19.37	20.35	19.80
7.80	4.12	13.32	20.02	17.63	19.37	20.29	19.79
11.84	5.92	13.21	20.02	17.59	19.41	20.30	19.82
9.60	6.27	13.25	20.01	17.60	19.42	20.31	19.85
9.48	6.67	13.16	20.00	17.60	19.43	20.33	19.87
19.98	11.36	13.14	20.00	17.61	19.41	20.32	19.86
21.12	9.92	13.08	20.02	17.60	19.42	20.31	19.87
24.41	8.92	13.02	20.01	17.59	19.44	20.32	19.90
20.86	8.14	13.01	19.99	17.57	19.39	20.32	19.89
15.31	7.45	13.02	20.01	17.58	19.40	20.34	19.92
12.54	6.60	13.03	20.03	17.57	19.41	20.32	19.93
10.70	6.05	13.08	19.99	17.55	19.41	20.33	19.93
9.42	5.38	13.05	20.00	17.55	19.42	20.32	19.93
8.67	5.00	13.05	20.00	17.54	19.40	20.32	19.93
8.02	4.74	13.07	20.02	17.53	19.40	20.33	19.95
7.04	3.88	13.11	20.02	17.53	19.41	20.35	19.98
6.95	3.82	13.09	20.00	17.53	19.39	20.31	19.93
6.37	3.54	13.09	20.00	17.52	19.40	20.35	19.94
5.74	3.03	13.08	20.03	17.52	19.42	20.33	19.99
5.77	3.02	13.06	20.01	17.52	19.39	20.31	19.93
5.66	3.08	13.05	19.99	17.50	19.40	20.31	19.91
4.91	2.55	13.03	20.02	17.53	19.42	20.30	19.94
4.86	2.44	12.94	20.01	17.49	19.40	20.30	19.95
4.97	2.52	12.93	20.01	17.47	19.39	20.27	19.95
5.17	2.91	12.85	20.02	17.47	19.43	20.30	19.95
7.29	3.48	12.79	20.00	17.47	19.41	20.29	19.95
8.92	5.28	12.68	20.00	17.45	19.43	20.32	19.95
9.02	6.13	12.72	20.01	17.44	19.43	20.31	19.98
9.53	6.82	12.69	20.01	17.45	19.44	20.32	19.96
8.74	6.37	12.69	20.01	17.45	19.43	20.30	19.96
9.54	6.74	12.68	20.02	17.43	19.48	20.32	19.99
8.83	6.46	12.68	20.00	17.46	19.43	20.33	19.97
8.31	6.09	12.65	19.99	17.42	19.44	20.32	19.97
7.42	5.64	12.66	19.98	17.43	19.42	20.31	19.98
7.04	5.38	12.63	19.99	17.42	19.43	20.31	19.99
6.43	5.10	12.61	19.97	17.42	19.42	20.32	19.97
6.15	4.89	12.61	19.96	17.42	19.43	20.32	19.97
5.86	4.74	12.61	19.99	17.42	19.43	20.31	19.99
5.39	4.39	12.64	20.00	17.42	19.44	20.33	20.00
4.90	4.01	12.61	19.99	17.41	19.43	20.33	20.00
4.56	3.71	12.56	19.96	17.38	19.41	20.31	19.96
4.18	3.33	12.55	19.99	17.36	19.43	20.29	19.98
3.86	3.00	12.50	19.97	17.36	19.40	20.32	19.94
3.77	2.91	12.48	19.99	17.38	19.40	20.29	19.96
3.92	2.98	12.48	19.96	17.35	19.41	20.30	19.97
3.78	2.86	12.46	19.98	17.35	19.40	20.28	19.95
3.86	2.89	12.41	19.95	17.34	19.38	20.29	19.93
3.60	2.77	12.40	19.96	17.33	19.40	20.30	19.92
4.42	3.53	12.35	19.94	17.33	19.42	20.29	19.92
7.17	4.81	12.35	19.97	17.30	19.45	20.29	19.98
9.24	7.12	12.39	19.97	17.33	19.44	20.32	19.96
12.62	11.70	12.39	19.98	17.30	19.47	20.31	19.97
16.68	14.00	12.36	19.97	17.28	19.46	20.29	19.98
22.32	14.82	12.38	19.96	17.28	19.46	20.27	19.97
25.08	12.96	12.38	19.93	17.27	19.46	20.28	19.96
22.36	10.51	12.35	19.99	17.30	19.47	20.31	20.00
14.71	8.94	12.37	19.98	17.28	19.46	20.33	20.00
12.02	8.11	12.35	19.99	17.29	19.45	20.31	19.98
10.47	7.50	12.39	19.98	17.27	19.48	20.33	19.99
9.16	6.82	12.37	19.96	17.25	19.44	20.33	19.97
8.68	6.66	12.41	19.94	17.26	19.46	20.33	19.95
7.76	5.99	12.39	19.98	17.27	19.46	20.33	20.00
7.16	5.58	12.43	19.97	17.25	19.43	20.31	19.98
6.73	5.21	12.44	19.96	17.24	19.45	20.33	19.96
6.03	4.63	12.48	19.98	17.25	19.43	20.30	19.98
5.43	3.95	12.47	19.95	17.21	19.39	20.30	19.97
5.01	3.52	12.48	19.98	17.23	19.42	20.32	19.97
4.63	3.10	12.49	19.95	17.18	19.41	20.31	19.93
4.81	3.26	12.48	19.96	17.21	19.41	20.31	19.93
4.79	3.13	12.46	19.95	17.20	19.41	20.33	19.91
4.86	3.23	12.44	19.95	17.19	19.40	20.31	19.94
4.97	3.34	12.46	19.95	17.19	19.43	20.33	19.95
5.34	3.69	12.34	19.96	17.19	19.44	20.31	19.96
5.28	3.55	12.32	19.96	17.17	19.46	20.30	19.95
5.36	3.72	12.25	19.96	17.14	19.48	20.28	19.95
5.40	3.79	12.21	19.98	17.16	19.47	20.31	19.95
5.35	3.86	12.09	19.95	17.14	19.47	20.32	19.95
5.36	3.96	11.90	19.93	17.12	19.46	20.30	19.92
5.15	3.95	11.72	19.93	17.09	19.47	20.32	19.93
4.90	3.84	11.59	19.95	17.12	19.46	20.30	19.94
4.89	3.89	11.50	19.97	17.09	19.45	20.30	19.93
4.68	3.79	11.24	19.94	17.08	19.47	20.30	19.95
4.59	3.73	11.26	19.97	17.07	19.47	20.29	19.98
4.55	3.71	11.27	19.93	17.06	19.48	20.30	19.95
4.60	3.77	11.17	19.93	17.09	19.45	20.33	19.93
4.63	3.82	11.22	19.92	17.09	19.44	20.32	19.94
4.71	3.88	11.16	19.91	17.06	19.43	20.30	19.91
4.80	3.95	11.14	19.94	17.04	19.44	20.31	19.95
4.89	4.11	11.14	19.95	17.07	19.45	20.30	19.94
4.97	4.24	11.11	19.95	17.03	19.44	20.31	19.96
5.08	4.39	11.10	19.94	17.04	19.42	20.27	19.95
5.13	4.43	11.09	19.94	17.02	19.41	20.31	19.95
5.15	4.47	11.02	19.92	17.03	19.41	20.28	19.93
5.15	4.50	11.01	19.92	17.00	19.42	20.29	19.94
5.14	4.51	11.08	19.92	17.02	19.40	20.30	19.93
5.19	4.62	11.06	19.93	17.02	19.40	20.30	19.93
5.48	4.83	11.01	19.93	17.02	19.42	20.30	19.93
6.05	5.46	11.01	19.93	17.03	19.45	20.30	19.93
7.45	6.91	11.08	19.91	17.00	19.45	20.32	19.91
8.35	7.59	11.12	19.89	16.97	19.41	20.29	19.92
8.51	7.79	11.10	19.92	16.98	19.47	20.29	19.93
9.54	8.12	11.12	19.94	16.96	19.46	20.27	19.97
9.46	7.77	11.14	19.93	16.99	19.48	20.32	19.96
8.87	7.18	11.17	19.90	16.98	19.43	20.30	19.90
8.72	6.58	11.13	19.94	16.98	19.46	20.29	19.95
7.28	6.09	11.15	19.93	16.95	19.47	20.29	19.96
6.26	5.48	11.15	19.92	16.96	19.46	20.31	19.94
5.31	4.82	11.14	19.94	16.95	19.45	20.31	19.97
5.02	4.61	11.14	19.92	16.93	19.43	20.31	19.95
5.16	4.73	11.09	19.91	16.94	19.42	20.31	19.94
5.17	4.77	11.13	19.90	16.90	19.42	20.30	19.93
4.98	4.56	11.14	19.93	16.93	19.41	20.29	19.93
4.77	4.38	11.14	19.93	16.93	19.42	20.31	19.93
4.53	4.07	11.16	19.92	16.91	19.42	20.31	19.94
4.39	3.89	11.14	19.88	16.91	19.40	20.30	19.91
4.25	3.72	11.11	19.90	16.89	19.39	20.28	19.91
4.24	3.63	11.09	19.91	16.86	19.38	20.28	19.91
4.21	3.57	11.06	19.89	16.87	19.43	20.27	19.93
4.10	3.42	11.07	19.89	16.89	19.42	20.27	19.91
4.06	3.32	11.07	19.92	16.84	19.41	20.27	19.93
4.44	3.77	11.00	19.88	16.86	19.41	20.31	19.90
6.54	4.83	11.04	19.91	16.87	19.43	20.30	19.91
10.27	5.55	11.17	19.91	16.82	19.45	20.27	19.94
13.02	11.94	11.25	19.88	16.83	19.44	20.30	19.91
17.44	14.47	11.26	19.89	16.87	19.45	20.32	19.95
20.79	13.29	11.29	19.90	16.82	19.47	20.31	19.94
24.71	10.72	11.32	19.90	16.80	19.46	20.35	19.95
24.10	9.05	11.34	19.91	16.82	19.47	20.30	19.94
20.20	7.31	11.33	19.88	16.81	19.47	20.28	19.92
13.31	6.13	11.29	19.89	16.79	19.47	20.32	19.97
10.53	5.35	11.26	19.87	16.79	19.45	20.33	19.92
8.80	4.71	11.30	19.91	16.79	19.47	20.30	19.96
7.59	4.18	11.28	19.91	16.78	19.43	20.31	19.94
6.77	3.68	11.30	19.88	16.76	19.42	20.32	19.94
6.06	3.23	11.36	19.92	16.75	19.45	20.32	19.92
5.42	2.78	11.33	19.86	16.78	19.43	20.29	19.93
5.09	2.49	11.35	19.91	16.76	19.44	20.31	19.92
5.32	2.71	11.38	19.90	16.75	19.42	20.32	19.92
5.31	2.78	11.37	19.89	16.75	19.42	20.31	19.89
5.19	2.72	11.36	19.90	16.74	19.42	20.31	19.87
5.06	2.61	11.38	19.92	16.74	19.44	20.30	19.92
4.61	2.36	11.34	19.89	16.74	19.42	20.31	19.87
4.23	1.96	11.35	19.88	16.71	19.43	20.30	19.88
4.05	1.68	11.33	19.90	16.73	19.46	20.30	19.87
3.96	2.09	11.32	19.90	16.72	19.46	20.30	19.87
6.30	2.79	11.35	19.93	16.71	19.49	20.30	19.91
9.35	3.99	11.31	19.92	16.68	19.49	20.28	19.89
11.16	8.58	11.27	19.92	16.68	19.50	20.28	19.90
14.79	11.24	11.26	19.90	16.68	19.50	20.29	19.92
16.19	9.81	11.20	19.91	16.67	19.52	20.30	19.92
23.76	9.27	11.08	19.90	16.62	19.50	20.33	19.91
20.08	6.77	11.00	19.88	16.65	19.49	20.33	19.90
17.19	5.54	11.04	19.90	16.63	19.49	20.33	19.90
11.44	4.33	11.02	19.89	16.63	19.50	20.31	19.89
9.12	3.63	11.00	19.88	16.61	19.47	20.30	19.90
7.78	3.19	11.06	19.91	16.63	19.49	20.33	19.92
6.82	2.79	11.12	19.93	16.61	19.51	20.30	19.93
6.07	2.34	11.16	19.88	16.62	19.48	20.33	19.89
5.26	1.80	11.19	19.91	16.61	19.49	20.31	19.92
4.89	1.53	11.18	19.89	16.60	19.45	20.31	19.89
4.18	0.98	11.23	19.91	16.62	19.49	20.32	19.90
3.59	0.53	11.25	19.90	16.58	19.47	20.30	19.86
3.58	0.49	11.22	19.89	16.61	19.46	20.32	19.89
3.51	0.53	11.21	19.89	16.63	19.45	20.31	19.87
3.37	0.52	11.20	19.89	16.61	19.45	20.32	19.85
3.14	0.28	11.17	19.90	16.60	19.47	20.33	19.87
2.94	0.18	11.13	19.87	16.57	19.46	20.31	19.84
2.67	0.05	11.10	19.87	16.58	19.47	20.32	19.83
2.93	0.29	11.06	19.86	16.56	19.49	20.31	19.85
5.86	1.60	11.04	19.91	16.56	19.52	20.34	19.87
8.08	3.02	10.94	19.92	16.53	19.53	20.30	19.89
13.92	12.35	10.86	19.92	16.52	19.54	20.30	19.91
20.36	15.28	10.78	19.92	16.49	19.55	20.30	19.91
24.53	14.55	10.94	19.89	16.50	19.55	20.32	19.90
26.38	11.74	10.95	19.92	16.51	19.55	20.31	19.90
21.19	9.43	10.88	19.89	16.53	19.55	20.33	19.91
23.84	8.43	10.87	19.89	16.50	19.54	20.30	19.89
14.83	6.64	10.87	19.90	16.47	19.54	20.33	19.90
11.73	5.64	10.92	19.89	16.50	19.53	20.32	19.89
9.77	4.81	10.94	19.89	16.49	19.55	20.29	19.90
8.48	4.07	10.95	19.87	16.49	19.51	20.34	19.87
7.39	3.49	11.01	19.91	16.49	19.54	20.30	19.90
6.66	3.09	11.02	19.87	16.47	19.49	20.32	19.89
5.99	2.64	11.07	19.92	16.50	19.51	20.32	19.90
5.46	2.20	11.09	19.87	16.46	19.48	20.32	19.83
5.00	1.85	11.11	19.88	16.49	19.48	20.31	19.86
4.53	1.46	11.14	19.89	16.46	19.50	20.31	19.88
4.44	1.38	11.17	19.90	16.46	19.50	20.32	19.86
4.95	1.89	11.13	19.90	16.43	19.48	20.28	19.85
5.11	2.06	11.11	19.86	16.44	19.48	20.28	19.86
5.22	2.21	11.13	19.90	16.43	19.50	20.28	19.86
5.21	2.26	11.09	19.88	16.44	19.50	20.30	19.85
5.36	2.61	11.14	19.90	16.42	19.51	20.29	19.86
5.77	3.12	11.15	19.91	16.44	19.55	20.33	19.87
6.33	3.79	11.12	19.90	16.40	19.52	20.31	19.85
6.61	4.09	11.15	19.90	16.41	19.55	20.31	19.87
6.59	4.18	11.06	19.90	16.39	19.55	20.32	19.85
6.71	4.49	11.03	19.89	16.41	19.55	20.32	19.85
6.56	4.38	10.99	19.89	16.37	19.53	20.31	19.88
6.40	4.41	11.03	19.88	16.41	19.55	20.29	19.86
6.28	4.39	11.01	19.91	16.36	19.55	20.32	19.87
6.33	4.54	10.97	19.90	16.38	19.56	20.33	19.91
6.40	4.64	10.96	19.90	16.35	19.58	20.32	19.89
6.41	4.74	10.93	19.89	16.36	19.56	20.31	19.86
6.45	4.88	10.95	19.88	16.35	19.54	20.31	19.89
6.55	4.96	10.90	19.89	16.35	19.53	20.30	19.87
6.68	5.18	10.89	19.88	16.35	19.53	20.31	19.88
6.81	5.42	10.90	19.89	16.32	19.50	20.32	19.87
7.42	6.44	10.80	19.88	16.36	19.52	20.31	19.85
8.77	8.43	10.67	19.87	16.31	19.51	20.33	19.85
9.92	9.84	10.54	19.89	16.34	19.49	20.31	19.87
10.64	10.73	10.48	19.91	16.30	19.49	20.34	19.85
11.17	11.39	10.42	19.87	16.27	19.48	20.31	19.84
11.58	11.87	10.21	19.88	16.29	19.48	20.33	19.84
11.88	12.27	10.21	19.87	16.28	19.48	20.28	19.87
12.11	12.55	10.33	19.88	16.28	19.49	20.30	19.86
12.40	12.86	10.40	19.87	16.26	19.49	20.30	19.86
12.90	13.37	10.58	19.87	16.27	19.47	20.29	19.85
13.22	13.74	10.65	19.86	16.26	19.44	20.31	19.83
13.95	14.27	10.71	19.89	16.24	19.49	20.28	19.86
18.35	17.14	10.76	19.85	16.20	19.46	20.31	19.83
17.81	16.43	10.84	19.88	16.17	19.47	20.29	19.87
14.78	14.75	10.90	19.87	16.16	19.45	20.31	19.88
13.61	13.88	10.95	19.88	16.12	19.46	20.28	19.87
12.98	13.37	11.06	19.85	16.10	19.43	20.27	19.86
12.24	12.70	11.10	19.88	16.05	19.46	20.29	19.89
11.20	11.65	11.17	19.86	16.13	19.45	20.30	19.85
9.92	10.79	11.23	19.87	16.15	19.42	20.31	19.88
9.44	10.16	11.32	19.90	16.14	19.44	20.28	19.89
9.11	9.77	11.35	19.89	16.18	19.45	20.28	19.87
8.98	9.48	11.42	19.89	16.19	19.45	20.25	19.90
8.79	9.30	11.45	19.87	16.17	19.41	20.26	19.86
8.67	9.06	11.51	19.91	16.14	19.45	20.25	19.89
8.54	8.87	11.50	19.85	16.14	19.38	20.26	19.85
8.38	8.64	11.53	19.88	16.15	19.41	20.27	19.86
8.34	8.55	11.57	19.87	16.15	19.39	20.24	19.85
7.93	8.12	11.62	19.90	16.16	19.42	20.26	19.86
7.68	7.77	11.63	19.90	16.15	19.40	20.27	19.90
7.50	7.60	11.63	19.89	16.15	19.42	20.28	19.87
7.26	7.24	11.65	19.90	16.14	19.40	20.25	19.89
7.30	7.34	11.68	19.88	16.14	19.41	20.24	19.88
7.86	7.70	11.69	19.89	16.13	19.41	20.25	19.87
8.27	8.09	11.70	19.88	16.11	19.40	20.24	19.89
9.52	9.02	11.71	19.88	16.12	19.40	20.23	19.89
10.57	9.81	11.72	19.89	16.11	19.43	20.24	19.90
11.71	10.23	11.71	19.87	16.12	19.41	20.29	19.88
10.33	9.36	11.74	19.88	16.10	19.41	20.24	19.89
9.32	8.53	11.74	19.86	16.11	19.39	20.27	19.86
9.48	7.52	11.75	19.88	16.08	19.41	20.26	19.89
7.29	6.44	11.74	19.86	16.09	19.36	20.26	19.87
5.82	5.34	11.81	19.86	16.09	19.38	20.26	19.86
4.90	4.66	11.84	19.88	16.09	19.40	20.28	19.88
4.01	3.85	11.84	19.85	16.09	19.36	20.27	19.86
3.40	3.26	11.87	19.86	16.09	19.39	20.26	19.88
2.98	2.87	11.85	19.86	16.06	19.36	20.27	19.84
2.63	2.49	11.82	19.87	16.05	19.36	20.26	19.84
2.23	2.13	11.79	19.89	16.03	19.37	20.27	19.88
1.93	1.80	11.74	19.88	16.04	19.35	20.24	19.85
1.54	1.37	11.81	19.86	16.04	19.36	20.26	19.86
1.12	0.96	11.78	19.88	16.04	19.35	20.23	19.85
0.75	0.57	11.73	19.88	16.02	19.36	20.25	19.83
0.48	0.30	11.69	19.84	16.01	19.35	20.25	19.82
0.18	-0.02	11.66	19.87	15.99	19.38	20.25	19.81
0.01	-0.21	11.63	19.89	16.01	19.40	20.24	19.80
0.25	-0.15	11.63	19.85	16.01	19.41	20.24	19.82
3.32	0.49	11.60	19.87	16.00	19.39	20.26	19.78
8.18	1.62	11.55	19.86	15.97	19.43	20.24	19.81
13.66	12.42	11.55	19.86	16.00	19.40	20.26	19.81
18.52	14.70	11.56	19.87	15.97	19.43	20.24	19.85
22.76	13.63	11.49	19.85	15.97	19.46	20.27	19.84
25.80	10.65	11.48	19.86	15.95	19.43	20.29	19.84
25.61	7.91	11.43	19.86	15.98	19.44	20.28	19.84
20.01	6.44	11.42	19.87	15.98	19.46	20.27	19.87
12.68	4.95	11.42	19.83	15.94	19.45	20.28	19.84
9.95	4.19	11.38	19.84	15.97	19.45	20.26	19.80
7.94	3.57	11.40	19.84	15.94	19.44	20.29	19.83
6.79	3.06	11.40	19.84	15.92	19.43	20.25	19.83
5.89	2.59	11.39	19.87	15.95	19.45	20.29	19.83
5.00	1.97	11.38	19.84	15.93	19.44	20.26	19.83
4.30	1.47	11.42	19.85	15.95	19.43	20.30	19.82
3.63	0.99	11.40	19.85	15.95	19.43	20.27	19.81
3.04	0.46	11.40	19.86	15.92	19.45	20.26	19.84
2.43	-0.06	11.41	19.85	15.93	19.43	20.26	19.81
1.99	-0.48	11.39	19.86	15.94	19.41	20.29	19.79
1.52	-0.89	11.39	19.85	15.91	19.44	20.26	19.80
0.97	-1.30	11.39	19.86	15.92	19.45	20.26	19.79
0.60	-1.61	11.34	19.84	15.94	19.42	20.28	19.75
0.38	-1.80	11.33	19.83	15.92	19.43	20.29	19.77
0.74	-1.66	11.29	19.83	15.92	19.45	20.26	19.76
4.12	-0.61	11.24	19.85	15.89	19.44	20.27	19.78
9.06	0.63	11.27	19.83	15.92	19.47	20.24	19.77
14.51	11.65	11.27	19.83	15.92	19.49	20.28	19.78
20.10	14.79	11.21	19.85	15.89	19.51	20.28	19.81
24.85	13.99	11.12	19.87	15.90	19.51	20.30	19.82
27.44	11.15	11.10	19.86	15.90	19.51	20.27	19.84
27.33	8.46	11.05	19.85	15.87	19.55	20.27	19.84
22.30	7.06	10.98	19.83	15.87	19.52	20.30	19.83
14.33	5.14	10.98	19.84	15.88	19.50	20.31	19.80
11.06	4.13	11.03	19.86	15.89	19.50	20.30	19.82
9.12	3.39	11.06	19.87	15.87	19.54	20.29	19.84
7.86	2.93	11.03	19.84	15.90	19.51	20.31	19.82
7.45	2.89	11.07	19.85	15.85	19.50	20.29	19.80
6.81	2.50	11.11	19.86	15.89	19.53	20.29	19.79
6.41	2.36	11.13	19.85	15.88	19.51	20.32	19.81
5.93	2.08	11.16	19.86	15.85	19.51	20.28	19.80
5.42	1.71	11.18	19.86	15.85	19.50	20.25	19.82
5.20	1.66	11.16	19.85	15.84	19.49	20.30	19.78
5.11	1.53	11.15	19.87	15.85	19.51	20.28	19.81
4.71	1.40	11.16	19.83	15.86	19.50	20.30	19.81
4.32	1.07	11.15	19.82	15.86	19.50	20.28	19.76
4.02	0.89	11.13	19.84	15.86	19.51	20.32	19.76
3.71	0.64	11.11	19.87	15.86	19.49	20.29	19.76
4.35	1.39	11.14	19.86	15.85	19.52	20.26	19.76
5.69	2.30	11.00	19.84	15.84	19.53	20.26	19.79
7.37	3.93	10.97	19.87	15.84	19.55	20.28	19.75
10.51	7.09	10.84	19.87	15.80	19.58	20.26	19.77
18.49	13.30	10.70	19.87	15.80	19.60	20.26	19.78
23.16	12.64	10.61	19.85	15.81	19.57	20.29	19.77
24.87	10.55	10.55	19.85	15.80	19.57	20.28	19.81
24.53	8.68	10.50	19.86	15.79	19.61	20.29	19.82
18.18	7.47	10.52	19.84	15.78	19.56	20.31	19.79
13.69	6.39	10.60	19.85	15.79	19.56	20.28	19.81
12.06	6.36	10.56	19.85	15.81	19.55	20.27	19.82
11.18	6.29	10.63	19.88	15.82	19.56	20.30	19.81
10.67	6.36	10.65	19.86	15.82	19.56	20.26	19.82
10.19	6.28	10.67	19.84	15.81	19.56	20.28	19.82
9.77	6.03	10.73	19.85	15.82	19.54	20.29	19.80
9.42	5.92	10.72	19.85	15.81	19.56	20.29	19.80
9.31	5.94	10.74	19.86	15.81	19.54	20.29	19.80
9.14	5.95	10.75	19.89	15.78	19.56	20.28	19.81
8.91	5.85	10.77	19.87	15.79	19.58	20.29	19.83
8.70	5.78	10.77	19.88	15.80	19.57	20.30	19.78
8.53	5.70	10.80	19.87	15.80	19.60	20.29	19.82
8.30	5.63	10.77	19.88	15.77	19.59	20.30	19.80
7.45	4.89	10.81	19.87	15.77	19.60	20.29	19.80
7.29	4.76	10.84	19.86	15.77	19.59	20.25	19.81
7.68	5.32	10.85	19.88	15.79	19.59	20.28	19.80
8.25	5.95	10.77	19.85	15.76	19.58	20.29	19.79
9.32	7.11	10.74	19.89	15.76	19.61	20.28	19.77
14.39	12.83	10.69	19.90	15.74	19.65	20.28	19.81
20.98	16.66	10.60	19.90	15.73	19.64	20.28	19.84
20.05	14.38	10.55	19.86	15.75	19.61	20.28	19.85
15.49	12.05	10.44	19.89	15.74	19.64	20.29	19.86
13.91	11.23	10.50	19.88	15.72	19.59	20.29	19.86
12.77	10.76	10.48	19.90	15.72	19.58	20.29	19.85
12.06	10.45	10.47	19.85	15.73	19.57	20.30	19.83
11.45	10.05	10.48	19.92	15.71	19.63	20.28	19.88
11.28	10.01	10.55	19.89	15.70	19.62	20.26	19.84
11.22	9.97	10.64	19.93	15.72	19.66	20.27	19.84
11.10	9.98	10.66	19.91	15.73	19.70	20.27	19.83
11.07	10.15	10.63	19.94	15.70	19.78	20.28	19.84
11.10	10.29	10.66	19.93	15.74	19.80	20.28	19.83
11.05	10.26	10.64	19.98	15.71	19.88	20.29	19.81
10.92	10.15	10.72	19.98	15.71	19.91	20.27	19.81
10.81	10.06	10.75	19.99	15.71	19.95	20.27	19.81
10.86	10.16	10.73	20.01	15.68	19.99	20.27	19.83
10.93	10.29	10.78	20.02	15.71	20.03	20.27	19.82
10.89	10.38	10.81	20.06	15.67	20.09	20.25	19.82
10.88	10.46	10.86	20.06	15.66	20.12	20.26	19.78
11.02	10.71	10.93	20.06	15.67	20.14	20.29	19.77
9.82	9.60	11.06	20.08	15.68	20.18	20.28	19.79
9.57	9.43	11.14	20.12	15.69	20.24	20.27	19.81
9.38	9.14	11.18	20.14	15.69	20.27	20.26	19.78
10.11	9.92	11.24	20.13	15.68	20.28	20.29	19.77
11.40	10.58	11.35	20.17	15.72	20.31	20.28	19.83
12.41	10.71	11.31	20.19	15.67	20.37	20.27	19.80
16.93	10.82	11.37	20.21	15.69	20.38	20.27	19.85
15.04	9.34	11.45	20.20	15.67	20.41	20.26	19.84
11.06	8.37	11.46	20.24	15.66	20.43	20.27	19.81
9.23	7.60	11.46	20.21	15.70	20.46	20.29	19.81
7.95	6.57	11.47	20.23	15.69	20.48	20.25	19.80
7.86	6.60	11.49	20.28	15.68	20.55	20.26	19.82
7.58	6.46	11.52	20.31	15.67	20.58	20.26	19.83
7.22	6.28	11.56	20.33	15.67	20.64	20.25	19.83
6.95	5.94	11.55	20.35	15.66	20.66	20.27	19.82
6.55	5.57	11.56	20.38	15.68	20.70	20.25	19.85
6.09	5.16	11.53	20.37	15.68	20.69	20.25	19.82
5.97	5.00	11.56	20.38	15.66	20.74	20.28	19.80
5.88	4.82	11.56	20.43	15.67	20.77	20.26	19.82
5.73	4.73	11.60	20.45	15.64	20.84	20.30	19.82
5.61	4.68	11.59	20.47	15.66	20.86	20.28	19.80
5.45	4.52	11.60	20.48	15.65	20.88	20.27	19.80
5.11	4.24	11.58	20.49	15.65	20.91	20.30	19.78
4.93	4.09	11.61	20.52	15.63	20.95	20.27	19.82
5.05	4.22	11.59	20.53	15.65	20.97	20.26	19.80
5.36	4.51	11.60	20.56	15.64	21.01	20.29	19.81
5.96	5.12	11.61	20.58	15.62	21.04	20.27	19.80
6.32	5.44	11.63	20.60	15.63	21.05	20.26	19.82
7.28	6.23	11.64	20.58	15.65	21.06	20.27	19.78
7.95	6.37	11.64	20.61	15.65	21.08	20.27	19.79
14.27	7.66	11.67	20.62	15.66	21.11	20.24	19.79
12.24	6.59	11.60	20.67	15.65	21.14	20.29	19.80
9.89	5.64	11.64	20.68	15.64	21.17	20.26	19.83
7.24	4.79	11.58	20.67	15.64	21.19	20.29	19.80
5.74	3.96	11.59	20.72	15.65	21.23	20.27	19.80
4.89	3.56	11.56	20.72	15.65	21.24	20.28	19.79
4.84	3.70	11.58	20.75	15.67	21.27	20.27	19.78
4.56	3.58	11.56	20.77	15.64	21.32	20.27	19.80
4.33	3.28	11.57	20.78	15.65	21.32	20.26	19.81
4.37	3.35	11.54	20.79	15.64	21.36	20.26	19.80
4.02	3.07	11.59	20.83	15.65	21.37	20.27	19.80
3.56	2.71	11.63	20.85	15.67	21.43	20.27	19.81
3.49	2.64	11.59	20.84	15.66	21.44	20.28	19.79
2.75	2.02	11.66	20.90	15.67	21.49	20.28	19.80
2.12	1.52	11.61	20.88	15.65	21.48	20.26	19.75
1.75	1.20	11.61	20.90	15.64	21.52	20.26	19.76
1.61	1.08	11.57	20.93	15.65	21.56	20.25	19.79
1.54	1.01	11.50	20.93	15.67	21.58	20.27	19.75
1.78	1.32	11.48	20.92	15.63	21.58	20.27	19.76
4.34	2.28	11.50	20.94	15.64	21.60	20.32	19.75
9.47	3.41	11.47	20.97	15.65	21.65	20.29	19.77
13.23	12.52	11.46	20.99	15.64	21.66	20.27	19.78
18.81	15.42	11.46	21.01	15.61	21.71	20.26	19.80
23.34	14.69	11.41	21.05	15.61	21.75	20.28	19.80
15.43	10.00	11.31	21.04	15.62	21.75	20.31	19.80
11.83	8.05	11.30	21.05	15.62	21.78	20.28	19.80
9.66	7.09	11.29	21.07	15.64	21.79	20.30	19.83
8.36	6.42	11.30	21.08	15.61	21.81	20.29	19.80
7.52	5.96	11.28	21.07	15.61	21.80	20.27	19.79
6.88	5.53	11.33	21.09	15.64	21.83	20.27	19.77
6.01	4.80	11.40	21.14	15.65	21.88	20.29	19.80
5.51	4.44	11.40	21.14	15.66	21.89	20.28	19.79
5.19	4.14	11.42	21.14	15.61	21.89	20.28	19.77
5.25	4.15	11.46	21.15	15.62	21.91	20.25	19.76
5.14	4.07	11.46	21.17	15.62	21.92	20.26	19.75
5.03	3.98	11.50	21.17	15.63	21.95	20.26	19.75
4.83	3.79	11.54	21.19	15.62	21.95	20.27	19.75
4.65	3.62	11.59	21.23	15.64	21.99	20.28	19.78
4.54	3.52	11.58	21.24	15.62	22.00	20.27	19.78
4.27	3.33	11.61	21.26	15.62	22.02	20.25	19.76
4.05	3.10	11.66	21.27	15.60	22.03	20.26	19.75
3.85	2.97	11.67	21.27	15.63	22.06	20.27	19.74
3.82	2.94	11.69	21.31	15.58	22.08	20.27	19.77
4.03	3.13	11.70	21.32	15.60	22.09	20.27	19.78
4.03	3.17	11.70	21.33	15.59	22.12	20.26	19.76
4.30	3.43	11.71	21.32	15.60	22.09	20.25	19.72
4.51	3.66	11.74	21.35	15.61	22.12	20.29	19.73
4.49	3.71	11.77	21.37	15.62	22.15	20.30	19.76
4.65	3.84	11.76	21.37	15.61	22.18	20.28	19.77
4.68	3.86	11.72	21.38	15.59	22.19	20.26	19.76
4.39	3.56	11.67	21.40	15.59	22.22	20.27	19.77
4.09	3.28	11.64	21.41	15.60	22.20	20.26	19.74
3.90	3.19	11.60	21.43	15.59	22.23	20.27	19.75
3.86	3.14	11.56	21.42	15.57	22.23	20.28	19.74
3.72	3.04	11.55	21.44	15.59	22.26	20.29	19.77
3.67	2.99	11.53	21.45	15.59	22.28	20.29	19.75
3.63	2.92	11.52	21.46	15.59	22.29	20.28	19.75
3.53	2.83	11.49	21.47	15.59	22.29	20.29	19.74
3.49	2.79	11.47	21.48	15.58	22.32	20.30	19.75
3.40	2.79	11.44	21.49	15.57	22.30	20.28	19.77
3.30	2.71	11.43	21.55	15.59	22.33	20.28	19.73
3.11	2.60	11.41	21.51	15.58	22.33	20.28	19.73
2.93	2.44	11.42	21.53	15.54	22.36	20.30	19.72
2.74	2.25	11.38	21.52	15.57	22.34	20.28	19.72
2.55	2.08	11.36	21.54	15.57	22.37	20.27	19.72
2.60	2.16	11.34	21.54	15.55	22.36	20.26	19.71
2.65	2.22	11.34	21.58	15.56	22.38	20.26	19.72
2.89	2.44	11.34	21.56	15.54	22.39	20.25	19.71
3.16	2.75	11.32	21.58	15.58	22.42	20.27	19.75
3.50	2.85	11.23	21.58	15.52	22.42	20.26	19.72
3.77	3.06	11.18	21.58	15.56	22.43	20.30	19.74
4.64	3.63	11.07	21.60	15.52	22.42	20.24	19.75
4.45	3.33	10.98	21.62	15.53	22.44	20.27	19.73
4.09	2.86	10.77	21.58	15.52	22.41	20.26	19.73
3.40	2.43	10.81	21.60	15.53	22.43	20.28	19.72
3.07	2.27	10.81	21.63	15.51	22.41	20.26	19.70
2.92	2.19	10.79	21.67	15.51	22.45	20.29	19.76
2.84	2.16	10.79	21.62	15.51	22.41	20.26	19.71
2.81	2.11	10.82	21.61	15.49	22.43	20.29	19.71
2.60	2.04	10.87	21.65	15.51	22.42	20.26	19.73
1.96	1.52	11.03	21.64	15.51	22.44	20.31	19.75
1.14	0.81	11.07	21.62	15.52	22.43	20.26	19.73
0.08	-0.22	11.12	21.64	15.51	22.44	20.28	19.73
-1.01	-1.19	11.10	21.69	15.54	22.45	20.27	19.78
-1.35	-1.60	11.03	21.64	15.51	22.45	20.29	19.74
-1.36	-1.80	10.97	21.67	15.53	22.46	20.27	19.73
-1.16	-1.80	10.90	21.66	15.49	22.44	20.29	19.72
-1.07	-1.82	10.87	21.67	15.48	22.45	20.28	19.72
-1.32	-1.99	10.87	21.67	15.51	22.47	20.27	19.76
-1.21	-1.98	10.77	21.68	15.52	22.49	20.27	19.76
-0.86	-1.47	10.84	21.67	15.48	22.50	20.26	19.76
0.44	-0.62	10.86	21.67	15.46	22.47	20.28	19.74
2.12	0.96	10.87	21.67	15.46	22.46	20.30	19.74
5.74	5.18	10.88	21.69	15.47	22.51	20.31	19.73
5.15	3.88	10.91	21.69	15.44	22.52	20.26	19.70
6.48	4.18	10.89	21.68	15.47	22.50	20.28	19.71
7.73	3.33	10.92	21.68	15.46	22.51	20.27	19.71
5.60	2.44	10.86	21.67	15.48	22.53	20.28	19.72
3.35	1.40	10.83	21.68	15.45	22.56	20.26	19.70
1.58	0.49	10.82	21.69	15.44	22.54	20.27	19.70
0.42	-0.37	10.78	21.69	15.45	22.54	20.27	19.70
-0.51	-1.10	10.81	21.70	15.44	22.56	20.29	19.70
-0.98	-1.44	10.77	21.70	15.44	22.58	20.28	19.72
-0.87	-1.29	10.70	21.69	15.45	22.57	20.29	19.69
-1.32	-1.71	10.70	21.70	15.44	22.61	20.30	19.69
-1.40	-1.79	10.69	21.71	15.45	22.64	20.28	19.70
-1.74	-2.01	10.65	21.70	15.43	22.63	20.28	19.67
-1.89	-2.20	10.61	21.70	15.41	22.61	20.27	19.66
-2.25	-2.46	10.63	21.70	15.44	22.67	20.25	19.71
-2.74	-2.95	10.61	21.73	15.46	22.68	20.27	19.70
-3.24	-3.46	10.67	21.74	15.44	22.66	20.28	19.69
-3.72	-3.94	10.79	21.71	15.41	22.68	20.28	19.68
-3.81	-4.11	10.67	21.70	15.41	22.68	20.26	19.65
-4.04	-4.34	10.63	21.72	15.41	22.71	20.27	19.68
-3.74	-4.27	10.51	21.72	15.41	22.67	20.28	19.68
-0.15	-3.49	10.49	21.72	15.40	22.70	20.29	19.68
4.99	-2.06	10.53	21.70	15.42	22.70	20.28	19.66
10.59	10.56	10.28	21.73	15.39	22.74	20.27	19.69
15.37	11.66	10.24	21.75	15.36	22.76	20.28	19.73
18.88	9.98	10.08	21.74	15.37	22.75	20.28	19.67
12.58	5.53	10.04	21.74	15.32	22.76	20.28	19.66
7.37	3.26	10.06	21.72	15.37	22.74	20.30	19.64
4.48	1.35	9.78	21.74	15.33	22.76	20.27	19.65
3.02	0.52	9.74	21.74	15.34	22.75	20.30	19.66
2.06	-0.06	9.69	21.75	15.32	22.78	20.31	19.67
1.64	-0.21	9.75	21.73	15.33	22.77	20.30	19.66
1.35	-0.37	9.62	21.76	15.32	22.79	20.29	19.69
1.16	-0.45	9.65	21.75	15.33	22.76	20.29	19.65
0.98	-0.57	9.54	21.77	15.30	22.83	20.27	19.69
0.96	-0.44	9.60	21.78	15.31	22.79	20.27	19.70
1.03	-0.28	9.62	21.77	15.31	22.82	20.31	19.68
1.04	-0.24	9.62	21.75	15.29	22.78	20.28	19.66
1.10	-0.15	9.57	21.78	15.27	22.83	20.27	19.70
1.20	0.03	9.56	21.76	15.25	22.81	20.28	19.66
1.31	0.13	9.52	21.76	15.26	22.81	20.28	19.68
1.39	0.29	9.55	21.78	15.29	22.82	20.30	19.70
1.47	0.42	9.52	21.78	15.25	22.81	20.25	19.70
1.60	0.63	9.49	21.78	15.25	22.83	20.26	19.71
1.83	1.00	9.48	21.78	15.25	22.83	20.25	19.69
2.13	1.39	9.41	21.76	15.23	22.81	20.27	19.68
2.33	1.54	9.40	21.77	15.22	22.82	20.28	19.68
2.68	1.99	9.32	21.79	15.23	22.83	20.29	19.71
3.02	2.32	9.36	21.76	15.23	22.81	20.26	19.69
3.19	2.51	9.09	21.77	15.21	22.81	20.28	19.67
3.10	2.52	9.10	21.78	15.21	22.83	20.30	19.68
3.02	2.48	9.09	21.77	15.22	22.82	20.29	19.69
2.89	2.41	9.07	21.79	15.19	22.81	20.26	19.69
2.81	2.41	9.03	21.77	15.17	22.78	20.25	19.69
2.80	2.43	9.07	21.77	15.18	22.74	20.28	19.68
2.90	2.54	9.13	21.77	15.20	22.72	20.28	19.68
2.98	2.73	9.15	21.78	15.20	22.70	20.30	19.70
2.85	2.60	9.05	21.77	15.18	22.66	20.28	19.69
2.70	2.46	9.17	21.75	15.19	22.61	20.28	19.68
2.58	2.38	9.15	21.75	15.19	22.58	20.26	19.69
2.04	1.98	9.14	21.74	15.18	22.52	20.28	19.67
1.62	1.60	9.19	21.73	15.15	22.50	20.28	19.66
1.43	1.42	9.16	21.74	15.18	22.45	20.26	19.68
1.84	1.67	9.19	21.71	15.16	22.41	20.27	19.68
1.97	1.80	9.19	21.71	15.16	22.36	20.29	19.67
2.06	1.87	9.20	21.71	15.18	22.32	20.26	19.69
2.13	1.90	9.20	21.68	15.16	22.29	20.27	19.67
2.16	1.92	9.20	21.66	15.16	22.23	20.27	19.69
2.44	2.21	9.19	21.66	15.13	22.19	20.26	19.66
3.26	2.96	9.12	21.61	15.11	22.14	20.25	19.67
4.38	3.90	8.96	21.63	15.12	22.13	20.29	19.69
4.08	3.78	9.02	21.59	15.13	22.07	20.28	19.67
4.12	3.82	8.96	21.61	15.08	22.03	20.25	19.68
5.19	4.81	8.96	21.58	15.10	22.00	20.29	19.68
5.29	4.95	8.96	21.54	15.07	21.95	20.26	19.66
5.25	5.00	8.98	21.52	15.07	21.90	20.24	19.67
4.88	4.68	9.06	21.54	15.10	21.89	20.26	19.67
4.54	4.44	9.11	21.50	15.08	21.86	20.28	19.70
4.31	4.30	9.08	21.48	15.09	21.80	20.27	19.70
4.39	4.38	9.10	21.48	15.08	21.79	20.29	19.69
4.08	4.12	9.15	21.47	15.10	21.77	20.29	19.70
3.96	4.00	9.16	21.45	15.07	21.73	20.27	19.70
3.88	3.88	9.18	21.39	15.05	21.71	20.26	19.68
3.92	3.95	9.24	21.39	15.06	21.66	20.27	19.68
3.98	3.99	9.25	21.36	15.06	21.59	20.25	19.67
3.92	3.92	9.27	21.34	15.05	21.59	20.27	19.67
3.88	3.91	9.31	21.33	15.03	21.58	20.25	19.70
3.83	3.85	9.31	21.32	15.04	21.55	20.26	19.68
3.83	3.85	9.34	21.33	15.03	21.53	20.26	19.69
3.56	3.57	9.33	21.31	15.03	21.50	20.26	19.68
3.53	3.57	9.33	21.32	15.03	21.48	20.28	19.69
3.36	3.43	9.36	21.26	15.03	21.49	20.26	19.70
3.61	3.61	9.37	21.25	15.04	21.46	20.25	19.70
4.08	4.11	9.41	21.25	15.04	21.41	20.27	19.68
4.99	4.97	9.42	21.22	15.04	21.41	20.27	19.67
11.95	13.48	9.32	21.23	14.99	21.41	20.24	19.72
18.53	16.66	9.26	21.18	14.98	21.38	20.26	19.71
23.05	16.07	9.30	21.19	14.95	21.37	20.29	19.73
24.86	13.55	9.19	21.18	14.94	21.35	20.29	19.75
24.21	11.28	9.26	21.17	14.97	21.33	20.28	19.75
17.29	9.78	9.30	21.14	14.96	21.30	20.27	19.76
12.73	8.11	9.37	21.12	14.97	21.29	20.25	19.75
10.35	7.10	9.49	21.09	14.98	21.25	20.30	19.74
9.11	6.56	9.53	21.10	14.98	21.25	20.27	19.73
7.95	5.88	9.60	21.06	14.95	21.22	20.26	19.72
7.11	5.39	9.66	21.08	14.96	21.20	20.24	19.72
6.49	4.90	9.75	21.07	15.00	21.21	20.29	19.74
5.94	4.46	9.79	21.05	14.95	21.20	20.24	19.75
5.45	3.99	9.83	21.02	14.96	21.16	20.27	19.73
4.99	3.65	9.85	21.00	14.93	21.15	20.25	19.71
4.66	3.34	9.92	21.01	14.95	21.15	20.25	19.72
4.31	2.99	9.95	20.98	14.96	21.12	20.28	19.68
3.85	2.62	9.94	20.99	14.93	21.13	20.27	19.68
3.55	2.31	9.96	20.99	14.90	21.13	20.26	19.71
3.40	2.21	10.00	20.95	14.94	21.10	20.25	19.69
3.33	2.13	10.02	20.97	14.93	21.09	20.24	19.70
3.90	2.72	10.00	20.92	14.94	21.06	20.26	19.69
6.17	3.81	10.03	20.92	14.93	21.07	20.25	19.65
6.76	5.20	10.05	20.91	14.93	21.08	20.28	19.67
7.43	5.98	10.02	20.90	14.91	21.06	20.24	19.72
8.20	6.68	10.00	20.89	14.90	21.04	20.26	19.71
7.75	6.39	9.99	20.87	14.89	21.02	20.23	19.69
7.48	6.23	9.95	20.90	14.93	21.05	20.27	19.72
7.28	6.15	9.94	20.89	14.92	21.02	20.26	19.75
7.19	6.12	9.92	20.87	14.91	21.00	20.26	19.71
7.25	6.32	9.94	20.83	14.90	21.00	20.25	19.67
7.63	7.06	9.85	20.84	14.86	20.98	20.25	19.72
7.86	7.43	9.78	20.84	14.89	21.00	20.27	19.73
8.14	7.85	9.76	20.81	14.87	20.98	20.27	19.72
8.33	8.15	9.76	20.80	14.85	20.95	20.25	19.73
8.43	8.30	9.75	20.79	14.82	20.94	20.25	19.73
8.53	8.47	9.77	20.81	14.85	20.95	20.25	19.73
8.67	8.67	9.80	20.77	14.85	20.94	20.24	19.73
8.95	9.10	9.61	20.75	14.82	20.90	20.28	19.70
9.09	9.29	9.64	20.75	14.83	20.91	20.28	19.74
9.39	9.67	9.49	20.76	14.80	20.90	20.26	19.76
9.64	9.99	9.33	20.75	14.78	20.88	20.25	19.73
9.91	10.30	9.32	20.75	14.80	20.90	20.27	19.73
9.91	10.32	9.51	20.72	14.84	20.85	20.24	19.75
9.48	9.71	9.61	20.70	14.75	20.82	20.27	19.71
9.13	9.33	9.64	20.72	14.75	20.86	20.26	19.74
8.69	8.87	9.70	20.69	14.74	20.83	20.27	19.75
8.59	8.71	9.75	20.70	14.73	20.79	20.28	19.74
9.18	9.08	9.79	20.68	14.70	20.82	20.25	19.75
10.24	10.05	9.77	20.67	14.71	20.77	20.27	19.73
10.43	10.52	9.77	20.66	14.69	20.79	20.26	19.75
11.29	10.13	9.84	20.65	14.66	20.75	20.25	19.73
14.17	9.33	9.86	20.65	14.66	20.77	20.27	19.75
11.44	8.57	9.87	20.67	14.68	20.75	20.26	19.73
9.29	7.97	9.84	20.63	14.69	20.72	20.27	19.73
7.68	7.09	9.86	20.64	14.68	20.75	20.26	19.75
7.32	6.80	9.94	20.61	14.68	20.73	20.22	19.78
6.71	6.34	9.94	20.60	14.69	20.69	20.22	19.74
6.06	5.76	9.99	20.61	14.69	20.69	20.25	19.76
5.95	5.59	10.03	20.58	14.68	20.66	20.22	19.74
5.59	5.26	10.03	20.60	14.69	20.66	20.22	19.74
4.91	4.50	10.12	20.60	14.72	20.67	20.22	19.77
4.49	4.09	10.10	20.57	14.72	20.65	20.20	19.72
3.84	3.43	10.15	20.61	14.70	20.65	20.20	19.74
3.51	3.06	10.14	20.58	14.75	20.64	20.22	19.75
3.34	2.94	10.15	20.57	14.73	20.66	20.17	19.75
3.15	2.73	10.17	20.56	14.74	20.64	20.23	19.74
2.91	2.38	10.15	20.54	14.73	20.61	20.21	19.74
2.61	2.13	10.16	20.54	14.74	20.62	20.17	19.73
2.60	2.08	10.13	20.54	14.74	20.61	20.22	19.73
2.84	2.41	10.16	20.55	14.73	20.62	20.19	19.74
3.35	2.76	10.16	20.54	14.73	20.63	20.23	19.77
4.50	3.75	10.15	20.53	14.73	20.62	20.21	19.73
5.05	4.08	10.17	20.50	14.69	20.61	20.21	19.72
5.22	3.98	10.15	20.52	14.73	20.63	20.20	19.75
5.27	3.60	10.09	20.50	14.75	20.57	20.23	19.73
4.07	3.03	10.08	20.48	14.73	20.60	20.23	19.73
3.27	2.46	10.05	20.48	14.73	20.59	20.24	19.74
2.63	2.00	10.04	20.48	14.71	20.60	20.23	19.73
2.12	1.66	9.98	20.49	14.73	20.58	20.21	19.74
1.81	1.46	9.94	20.45	14.73	20.55	20.21	19.72
1.50	1.18	10.01	20.46	14.72	20.54	20.23	19.71
1.31	1.07	9.94	20.46	14.71	20.57	20.22	19.70
0.78	0.58	9.92	20.44	14.74	20.57	20.24	19.73
0.24	0.14	9.88	20.45	14.72	20.57	20.22	19.69
0.53	0.30	9.83	20.43	14.69	20.55	20.22	19.71
0.40	0.03	9.88	20.45	14.69	20.57	20.24	19.71
0.08	-0.17	9.85	20.42	14.71	20.55	20.22	19.70
-0.69	-0.77	9.87	20.42	14.72	20.53	20.22	19.68
-1.01	-1.05	9.80	20.42	14.68	20.55	20.21	19.67
-1.18	-1.30	9.76	20.41	14.68	20.54	20.24	19.65
-1.44	-1.48	9.70	20.44	14.67	20.55	20.25	19.68
-1.73	-1.75	9.67	20.42	14.71	20.59	20.22	19.68
-1.62	-1.73	9.61	20.40	14.68	20.53	20.21	19.65
1.64	-1.06	9.59	20.42	14.69	20.56	20.24	19.68
6.30	-0.06	9.59	20.42	14.68	20.55	20.26	19.68
11.65	12.48	9.54	20.39	14.65	20.54	20.24	19.69
16.78	14.40	9.53	20.39	14.67	20.54	20.24	19.70
21.25	13.27	9.46	20.42	14.66	20.56	20.25	19.72
24.34	10.60	9.38	20.39	14.68	20.54	20.24	19.72
23.71	7.57	9.33	20.36	14.66	20.54	20.24	19.72
14.63	5.68	9.32	20.37	14.67	20.53	20.26	19.73
9.96	4.25	9.27	20.39	14.65	20.56	20.24	19.73
7.64	3.47	9.26	20.34	14.66	20.53	20.29	19.74
6.15	2.83	9.26	20.38	14.65	20.53	20.24	19.73
4.96	2.17	9.33	20.34	14.66	20.50	20.25	19.69
4.10	1.63	9.38	20.38	14.64	20.50	20.27	19.74
3.44	1.13	9.39	20.37	14.68	20.52	20.24	19.71
2.68	0.59	9.44	20.35	14.67	20.50	20.23	19.68
2.18	0.07	9.42	20.35	14.64	20.51	20.25	19.70
1.60	-0.34	9.47	20.38	14.67	20.53	20.25	19.68
1.21	-0.83	9.49	20.36	14.66	20.50	20.28	19.68
0.74	-1.24	9.50	20.35	14.66	20.50	20.23	19.69
0.30	-1.62	9.49	20.35	14.68	20.50	20.24	19.69
-0.10	-2.04	9.50	20.35	14.67	20.50	20.25	19.68
-0.36	-2.31	9.51	20.32	14.67	20.47	20.26	19.67
-0.25	-2.36	9.48	20.33	14.64	20.48	20.24	19.66
0.15	-1.91	9.44	20.33	14.65	20.53	20.22	19.65
1.68	-0.83	9.42	20.35	14.65	20.52	20.26	19.67
6.82	0.19	9.37	20.34	14.69	20.50	20.29	19.65
11.53	10.17	9.30	20.37	14.63	20.52	20.22	19.66
8.83	6.05	9.26	20.34	14.63	20.51	20.23	19.68
11.05	6.38	9.13	20.34	14.63	20.54	20.27	19.69
8.80	4.89	9.10	20.31	14.64	20.47	20.27	19.68
6.59	3.80	9.03	20.32	14.63	20.48	20.24	19.71
5.49	3.20	9.01	20.32	14.61	20.50	20.22	19.72
4.75	2.87	9.05	20.34	14.61	20.46	20.26	19.70
4.31	2.60	9.09	20.30	14.62	20.42	20.26	19.68
3.87	2.33	9.08	20.30	14.63	20.41	20.28	19.68
3.58	2.13	9.08	20.28	14.63	20.41	20.25	19.66
3.26	1.97	9.08	20.28	14.63	20.37	20.23	19.67
3.32	1.98	9.09	20.30	14.62	20.38	20.25	19.64
3.24	1.90	9.11	20.31	14.61	20.36	20.25	19.67
2.99	1.74	9.11	20.29	14.62	20.34	20.26	19.63
3.05	1.91	9.10	20.28	14.63	20.33	20.26	19.66
3.10	1.90	9.13	20.28	14.63	20.34	20.25	19.66
3.06	1.96	9.12	20.30	14.60	20.33	20.26	19.65
3.01	1.91	9.11	20.28	14.64	20.30	20.27	19.65
3.05	1.92	9.10	20.30	14.63	20.32	20.23	19.67
2.96	1.92	9.09	20.29	14.61	20.29	20.25	19.65
2.86	1.88	9.07	20.27	14.59	20.27	20.25	19.65
3.03	2.07	9.12	20.29	14.61	20.29	20.26	19.66
3.49	2.50	9.08	20.25	14.62	20.25	20.25	19.64
3.69	2.78	9.10	20.27	14.59	20.24	20.23	19.64
3.95	2.99	9.00	20.26	14.59	20.25	20.25	19.65
4.24	3.24	9.02	20.27	14.60	20.27	20.24	19.69
4.08	3.14	9.02	20.24	14.60	20.24	20.28	19.70
3.94	3.05	9.02	20.26	14.62	20.19	20.27	19.66
3.81	2.92	9.02	20.23	14.55	20.18	20.24	19.65
3.55	2.77	8.98	20.23	14.56	20.19	20.25	19.67
3.34	2.63	9.01	20.25	14.57	20.18	20.26	19.67
3.33	2.60	9.00	20.25	14.57	20.18	20.22	19.69
3.28	2.60	8.99	20.26	14.56	20.18	20.24	19.68
3.19	2.56	9.01	20.24	14.57	20.16	20.24	19.66
3.13	2.55	9.00	20.24	14.57	20.18	20.22	19.69
3.07	2.50	9.00	20.22	14.57	20.13	20.25	19.68
2.96	2.37	9.00	20.22	14.56	20.13	20.24	19.67
2.85	2.23	8.95	20.20	14.57	20.12	20.24	19.66
2.58	2.16	9.04	20.19	14.56	20.10	20.23	19.63
1.57	1.22	9.12	20.19	14.57	20.09	20.24	19.65
0.50	0.35	9.17	20.21	14.57	20.10	20.22	19.65
0.01	-0.08	9.26	20.20	14.60	20.10	20.24	19.65
-0.02	-0.21	9.32	20.18	14.58	20.09	20.24	19.63
-0.96	-0.99	9.32	20.17	14.58	20.10	20.23	19.61
-1.04	-1.18	9.27	20.17	14.56	20.09	20.23	19.60
-0.67	-0.75	9.23	20.19	14.58	20.10	20.22	19.64
0.83	-0.75	9.20	20.19	14.56	20.10	20.25	19.62
1.97	0.58	9.20	20.16	14.56	20.09	20.22	19.61
5.16	4.14	9.24	20.18	14.57	20.10	20.24	19.63
4.62	3.44	9.21	20.19	14.53	20.12	20.21	19.65
5.58	3.47	9.18	20.19	14.55	20.09	20.23	19.62
5.62	2.72	9.20	20.18	14.55	20.11	20.25	19.66
3.42	1.03	9.20	20.18	14.54	20.10	20.24	19.66
1.67	-0.02	9.16	20.16	14.53	20.10	20.23	19.63
0.68	-0.49	9.14	20.15	14.52	20.08	20.22	19.61
-0.13	-1.07	9.10	20.16	14.54	20.07	20.23	19.60
-0.64	-1.37	9.12	20.14	14.54	20.09	20.23	19.60
-1.10	-1.84	9.11	20.15	14.55	20.09	20.23	19.60
-1.51	-2.19	9.13	20.16	14.56	20.09	20.25	19.61
-2.05	-2.70	9.18	20.14	14.53	20.09	20.20	19.60
-1.97	-2.72	9.15	20.15	14.54	20.11	20.23	19.61
-2.31	-3.03	9.16	20.13	14.52	20.08	20.23	19.57
-2.90	-3.50	9.14	20.14	14.55	20.10	20.24	19.57
-3.40	-4.01	9.14	20.15	14.52	20.08	20.24	19.56
-3.73	-4.32	9.18	20.11	14.52	20.08	20.19	19.56
-4.33	-4.87	9.18	20.16	14.53	20.12	20.21	19.60
-4.87	-5.33	9.18	20.15	14.55	20.10	20.22	19.57
-5.23	-5.67	9.22	20.14	14.53	20.09	20.25	19.57
-5.56	-6.03	9.22	20.14	14.52	20.12	20.21	19.59
-5.56	-5.97	9.29	20.12	14.52	20.11	20.25	19.57
-4.35	-5.13	9.29	20.15	14.53	20.10	20.25	19.56
-2.76	-3.82	9.30	20.11	14.53	20.09	20.23	19.55
-1.16	-1.89	9.36	20.11	14.52	20.09	20.22	19.52
-0.64	-2.09	9.36	20.10	14.50	20.10	20.20	19.56
-0.45	-2.42	9.39	20.10	14.51	20.09	20.23	19.52
5.12	-1.76	9.28	20.12	14.47	20.11	20.21	19.58
6.64	-2.78	9.33	20.10	14.52	20.10	20.25	19.57
-0.12	-4.24	9.26	20.09	14.51	20.12	20.24	19.53
-2.48	-5.11	9.24	20.08	14.50	20.09	20.24	19.57
-3.79	-5.71	9.19	20.09	14.48	20.12	20.22	19.54
-4.63	-6.15	9.17	20.12	14.52	20.12	20.25	19.55
-5.22	-6.56	9.13	20.12	14.49	20.14	20.25	19.55
-5.64	-6.87	9.04	20.08	14.49	20.11	20.19	19.54
-6.23	-7.28	8.97	20.09	14.50	20.10	20.23	19.53
-6.80	-7.84	9.00	20.10	14.50	20.12	20.25	19.57
-6.97	-7.94	8.94	20.09	14.47	20.13	20.24	19.52
-6.58	-7.69	8.89	20.07	14.46	20.12	20.22	19.52
-6.55	-7.74	8.82	20.11	14.46	20.14	20.23	19.52
-6.18	-7.39	8.75	20.08	14.44	20.13	20.20	19.51
-6.45	-7.68	8.70	20.10	14.45	20.12	20.22	19.51
-7.40	-8.38	8.67	20.09	14.45	20.16	20.23	19.52
-7.84	-8.70	8.60	20.06	14.46	20.11	20.25	19.50
-8.18	-9.00	8.52	20.10	14.45	20.17	20.21	19.49
-8.00	-8.99	8.52	20.06	14.43	20.12	20.21	19.49
-4.28	-8.17	8.41	20.08	14.43	20.14	20.24	19.46
-2.79	-6.80	8.24	20.09	14.41	20.13	20.22	19.48
-1.96	-4.80	8.17	20.09	14.43	20.16	20.25	19.50
-0.93	-4.13	8.18	20.06	14.41	20.17	20.22	19.48
1.29	-2.99	8.18	20.06	14.41	20.17	20.22	19.48
-0.34	-4.24	7.85	20.09	14.37	20.16	20.24	19.41
-2.27	-5.11	7.76	20.07	14.40	20.17	20.24	19.42
-3.39	-5.64	7.72	20.03	14.39	20.13	20.23	19.42
-3.88	-5.74	7.66	20.05	14.37	20.16	20.23	19.44
-3.95	-5.61	7.71	20.06	14.38	20.17	20.24	19.43
-4.11	-5.64	7.59	20.10	14.39	20.19	20.25	19.47
-4.13	-5.59	7.54	20.05	14.40	20.14	20.26	19.45
-4.18	-5.53	7.48	20.08	14.41	20.19	20.25	19.45
-3.96	-5.28	7.58	20.04	14.38	20.14	20.25	19.44
-3.72	-5.02	7.61	20.03	14.37	20.17	20.24	19.45
-3.43	-4.58	7.53	20.06	14.34	20.19	20.23	19.46
-3.09	-4.16	7.44	20.03	14.35	20.17	20.26	19.47
-2.85	-3.72	7.33	20.03	14.35	20.16	20.25	19.45
-2.75	-3.62	7.34	20.01	14.35	20.16	20.25	19.45
-2.66	-3.49	7.34	20.05	14.33	20.17	20.23	19.46
-2.54	-3.28	7.25	20.04	14.32	20.17	20.24	19.45
-2.38	-3.02	7.17	20.02	14.33	20.17	20.26	19.47
-2.39	-2.95	7.09	20.03	14.33	20.17	20.27	19.47
-2.15	-2.64	7.11	20.06	14.34	20.19	20.24	19.50
-1.52	-1.97	6.93	20.03	14.31	20.17	20.23	19.47
-0.34	-0.81	6.93	20.02	14.30	20.14	20.24	19.45
0.07	-0.40	6.80	20.05	14.31	20.17	20.25	19.48
0.54	0.19	6.74	20.03	14.28	20.17	20.23	19.49
7.70	3.97	6.71	20.03	14.26	20.17	20.24	19.48
3.17	1.64	6.86	20.03	14.30	20.16	20.24	19.50
2.05	1.05	6.85	20.01	14.26	20.14	20.24	19.49
1.40	0.76	6.89	19.99	14.29	20.13	20.22	19.47
1.01	0.62	6.80	20.02	14.30	20.15	20.22	19.49
0.76	0.54	6.82	19.99	14.28	20.16	20.23	19.46
0.72	0.54	6.86	20.00	14.28	20.13	20.24	19.48
0.64	0.54	6.88	20.03	14.31	20.17	20.26	19.49
0.58	0.52	6.88	20.02	14.30	20.14	20.25	19.46
0.54	0.49	6.88	20.01	14.30	20.14	20.23	19.49
0.54	0.48	6.91	20.01	14.26	20.14	20.20	19.49
0.49	0.53	6.95	20.02	14.28	20.16	20.22	19.48
0.51	0.51	10.49	20.46	14.26	19.97	20.23	18.84
0.58	0.56	6.98	20.00	14.25	20.15	20.23	19.49
0.56	0.58	7.01	20.03	14.25	20.14	20.21	19.52
0.52	0.55	7.06	20.01	14.23	20.12	20.23	19.49
0.49	0.56	7.06	20.02	14.23	20.12	20.22	19.48
0.51	0.55	7.11	20.01	14.23	20.14	20.23	19.49
0.53	0.58	7.23	20.00	14.23	20.11	20.21	19.48
0.75	0.81	7.29	20.01	14.22	20.13	20.22	19.50
1.07	1.16	7.27	20.02	14.22	20.13	20.21	19.50
1.35	1.41	7.31	20.00	14.22	20.11	20.23	19.50
1.58	1.65	7.34	20.01	14.22	20.13	20.24	19.49
1.73	1.79	7.30	19.98	14.19	20.11	20.23	19.49
2.12	2.16	7.33	19.99	14.18	20.12	20.21	19.51
2.16	2.19	7.36	19.99	14.20	20.09	20.22	19.49
1.97	2.04	7.35	20.00	14.17	20.09	20.22	19.50
1.69	1.82	7.40	19.99	14.18	20.11	20.22	19.53
1.51	1.68	7.38	20.01	14.19	20.11	20.21	19.49
1.49	1.67	7.38	19.97	14.18	20.08	20.22	19.49
1.41	1.63	7.37	20.01	14.18	20.08	20.25	19.50
1.37	1.60	7.34	19.95	14.19	20.05	20.22	19.48
1.20	1.46	7.36	19.99	14.16	20.06	20.23	19.50
0.99	1.24	7.38	20.00	14.16	20.08	20.21	19.48
0.79	1.03	7.43	19.95	14.15	20.07	20.23	19.49
0.24	0.45	7.43	20.00	14.17	20.08	20.24	19.50
-0.63	-0.46	7.54	19.96	14.15	20.07	20.21	19.48
-1.03	-0.87	7.52	20.00	14.15	20.07	20.24	19.50
-1.67	-1.62	7.57	20.01	14.16	20.11	20.21	19.49
-2.12	-2.01	7.55	19.99	14.17	20.11	20.25	19.52
-2.64	-2.58	7.54	20.00	14.16	20.10	20.22	19.51
-3.57	-3.44	7.55	19.99	14.14	20.07	20.24	19.52
-4.61	-4.41	7.61	19.99	14.12	20.06	20.26	19.48
-4.78	-4.59	7.60	20.01	14.12	20.10	20.21	19.52
-2.28	-4.37	7.61	20.00	14.08	20.13	20.24	19.54
2.61	-3.10	7.64	20.02	14.10	20.11	20.19	19.52
7.60	9.65	7.64	20.01	14.12	20.12	20.33	19.53
12.20	10.94	7.73	20.01	14.08	20.12	20.22	19.49
9.49	6.05	7.70	20.01	14.10	20.13	20.22	19.50
6.12	2.13	7.77	20.00	14.08	20.13	20.24	19.50
5.25	0.15	7.76	19.98	14.10	20.13	20.26	19.49
1.15	-1.20	7.73	19.99	14.08	20.13	20.25	19.51
-0.66	-2.10	7.68	19.98	14.08	20.12	20.21	19.49
-1.52	-2.63	7.63	19.97	14.07	20.13	20.23	19.48
-2.43	-3.41	7.63	19.97	14.07	20.14	20.23	19.49
-3.23	-4.06	7.64	19.98	14.07	20.11	20.22	19.48
-3.74	-4.51	7.63	19.98	14.06	20.15	20.22	19.49
-4.19	-4.89	7.61	19.99	14.09	20.17	20.25	19.48
-4.80	-5.56	7.63	19.98	14.06	20.15	20.23	19.46
-5.31	-6.05	7.66	20.01	14.06	20.19	20.20	19.48
-5.72	-6.55	7.64	19.98	14.06	20.15	20.23	19.48
-6.41	-7.24	7.65	20.00	14.08	20.19	20.22	19.48
-6.94	-7.87	7.66	19.98	14.08	20.16	20.25	19.45
-7.46	-8.37	7.69	20.00	14.07	20.18	20.24	19.48
-7.89	-8.88	7.70	19.98	14.06	20.18	20.22	19.46
-8.24	-9.37	7.69	20.00	14.08	20.19	20.25	19.45
-8.42	-9.55	7.69	20.02	14.04	20.19	20.23	19.43
-7.90	-9.04	7.66	20.01	14.06	20.24	20.24	19.46
-6.46	-8.69	7.63	20.01	14.05	20.22	20.25	19.44
0.48	-6.76	7.56	20.02	14.06	20.24	20.25	19.47
6.64	7.01	7.45	20.01	14.04	20.23	20.21	19.48
12.27	9.47	7.41	20.03	14.02	20.25	20.24	19.48
16.12	8.10	7.34	19.99	14.03	20.22	20.23	19.48
11.15	3.06	7.31	20.01	13.99	20.25	20.27	19.49
5.52	0.36	7.33	20.01	14.03	20.23	20.26	19.49
2.04	-1.63	7.33	20.02	14.01	20.25	20.25	19.51
0.25	-2.47	7.36	20.02	14.01	20.25	20.25	19.50
-1.38	-3.65	7.38	20.01	14.01	20.25	20.25	19.50
-2.63	-4.53	7.40	20.02	14.01	20.24	20.25	19.49
-3.43	-5.11	7.45	20.04	14.00	20.28	20.24	19.51
-3.97	-5.48	7.48	20.04	14.03	20.26	20.24	19.48
-4.96	-6.45	7.49	20.00	14.01	20.25	20.23	19.45
-5.79	-7.17	7.53	20.01	13.99	20.25	20.22	19.45
-6.51	-7.86	7.56	20.02	14.02	20.28	20.26	19.45
-6.89	-8.32	7.55	20.01	14.03	20.27	20.26	19.44
-7.45	-8.95	7.58	20.03	14.03	20.30	20.25	19.47
-7.97	-9.54	7.66	20.03	14.01	20.26	20.21	19.44
-8.48	-10.13	7.63	20.03	14.00	20.29	20.21	19.43
-8.94	-10.58	7.62	20.02	13.99	20.31	20.26	19.46
-9.33	-10.97	7.62	20.03	13.97	20.30	20.23	19.44
-9.79	-11.51	7.62	20.04	13.99	20.30	20.25	19.43
-9.26	-11.24	7.64	20.05	13.97	20.30	20.24	19.41
-7.17	-9.83	7.63	20.04	13.99	20.30	20.23	19.42
-5.32	-7.69	7.57	20.01	13.96	20.29	20.25	19.39
-4.61	-6.87	7.49	20.07	13.98	20.33	20.25	19.43
-0.77	-3.74	7.46	20.04	13.97	20.32	20.24	19.42
2.95	-2.13	7.34	20.07	13.98	20.33	20.24	19.43
3.47	-3.13	7.36	20.06	13.95	20.36	20.26	19.46
-0.13	-4.70	7.27	20.04	13.95	20.34	20.27	19.43
-2.06	-5.32	7.32	20.02	13.94	20.34	20.25	19.42
-3.35	-5.90	7.32	20.07	13.93	20.38	20.23	19.44
-4.09	-6.17	7.32	20.04	13.94	20.32	20.25	19.44
-4.47	-6.28	7.34	20.04	13.94	20.33	20.26	19.44
-4.76	-6.33	7.32	20.05	13.96	20.36	20.25	19.42
-4.86	-6.29	7.34	20.05	13.94	20.34	20.26	19.39
-4.84	-6.27	7.36	20.05	13.94	20.35	20.25	19.41
-4.80	-6.14	7.33	20.07	13.93	20.37	20.24	19.44
-4.71	-5.99	7.31	20.06	13.92	20.35	20.25	19.40
-4.71	-5.94	7.27	20.06	13.94	20.35	20.24	19.43
-4.67	-5.88	7.25	20.07	13.90	20.35	20.23	19.42
-4.63	-5.79	7.20	20.06	13.92	20.35	20.23	19.40
-4.61	-5.77	7.24	20.05	13.93	20.34	20.27	19.41
-4.51	-5.68	7.23	20.09	13.94	20.37	20.26	19.44
-4.45	-5.59	7.22	20.08	13.92	20.37	20.25	19.42
-4.39	-5.51	7.19	20.09	13.90	20.39	20.25	19.43
-4.14	-5.20	7.14	20.07	13.90	20.37	20.25	19.41
-3.41	-4.41	7.16	20.08	13.89	20.38	20.23	19.43
-2.22	-3.13	7.18	20.07	13.91	20.33	20.23	19.42
-1.73	-2.61	7.16	20.07	13.89	20.36	20.26	19.43
-0.85	-1.76	7.16	20.07	13.87	20.36	20.22	19.41
-0.87	-1.74	7.20	20.08	13.92	20.39	20.25	19.45
-0.90	-1.68	7.21	20.08	13.90	20.34	20.28	19.45
-1.31	-1.93	7.18	20.09	13.88	20.38	20.25	19.45
-1.64	-2.17	7.17	20.06	13.88	20.37	20.25	19.43
-1.87	-2.27	7.17	20.07	13.87	20.34	20.24	19.47
-1.98	-2.27	7.17	20.09	13.85	20.33	20.24	19.44
-2.01	-2.29	7.15	20.08	13.86	20.33	20.23	19.42
-2.04	-2.24	7.21	20.06	13.84	20.31	20.21	19.42
-2.08	-2.24	7.21	20.07	13.86	20.32	20.24	19.44
-2.21	-2.30	7.22	20.06	13.86	20.31	20.25	19.42
-2.20	-2.26	7.26	20.06	13.86	20.31	20.25	19.42
-2.15	-2.21	7.29	20.10	13.87	20.37	20.24	19.44
-2.19	-2.18	7.36	20.10	13.86	20.34	20.25	19.47
-2.10	-2.07	7.40	20.10	13.86	20.35	20.25	19.45
-2.05	-1.99	7.42	20.08	13.87	20.34	20.24	19.46
-1.97	-1.92	7.43	20.09	13.86	20.32	20.25	19.44
-1.88	-1.83	7.43	20.09	13.85	20.31	20.28	19.44
-1.86	-1.79	7.43	20.07	13.84	20.31	20.25	19.43
-1.81	-1.72	7.45	20.05	13.84	20.30	20.26	19.45
-1.65	-1.59	7.45	20.06	13.85	20.29	20.25	19.44
-1.29	-1.21	7.51	20.06	13.81	20.31	20.24	19.45
-0.76	-0.75	7.47	20.07	13.82	20.34	20.25	19.45
-0.40	-0.35	7.53	20.08	13.82	20.33	20.21	19.46
-0.07	0.00	7.51	20.09	13.82	20.32	20.26	19.47
0.11	0.13	7.50	20.08	13.81	20.32	20.25	19.44
0.18	0.25	7.50	20.09	13.83	20.31	20.21	19.47
0.01	0.11	7.54	20.06	13.81	20.30	20.25	19.44
-0.31	-0.14	7.53	20.05	13.80	20.30	20.24	19.49
-0.46	-0.27	7.54	20.08	13.81	20.32	20.24	19.47
-0.50	-0.28	7.57	20.08	13.83	20.30	20.22	19.46
-0.54	-0.31	7.56	20.09	13.80	20.31	20.21	19.46
-0.50	-0.28	7.56	20.10	13.80	20.31	20.24	19.45
-0.54	-0.28	7.59	20.08	13.80	20.30	20.24	19.50
-0.47	-0.24	7.59	20.10	13.80	20.31	20.24	19.48
-0.45	-0.18	7.61	20.08	13.80	20.30	20.22	19.47
-0.42	-0.17	7.65	20.08	13.80	20.30	20.24	19.49
-0.33	-0.11	7.59	20.10	13.81	20.32	20.25	19.50
-0.29	-0.04	7.57	20.10	13.78	20.30	20.21	19.49
-0.24	0.02	7.58	20.06	13.78	20.30	20.24	19.47
-0.17	0.07	7.59	20.11	13.79	20.31	20.21	19.48
-0.13	0.16	7.60	20.11	13.74	20.30	20.23	19.47
-0.07	0.18	7.60	20.09	13.79	20.30	20.24	19.47
-0.04	0.23	7.59	20.09	13.80	20.28	20.26	19.47
0.09	0.37	7.61	20.08	13.77	20.29	20.26	19.47
0.52	0.73	7.63	20.07	13.76	20.28	20.25	19.46
1.27	1.40	7.60	20.12	13.76	20.30	20.21	19.47
1.94	2.13	7.61	20.08	13.79	20.28	20.23	19.49
2.79	2.92	7.61	20.12	13.74	20.29	20.25	19.51
2.75	2.83	7.64	20.08	13.77	20.26	20.23	19.48
2.92	3.02	7.59	20.10	13.75	20.25	20.22	19.48
2.50	2.56	7.63	20.10	13.74	20.27	20.25	19.50
1.89	2.06	7.62	20.12	13.74	20.29	20.24	19.52
1.62	1.90	7.61	20.10	13.76	20.27	20.25	19.53
1.52	1.82	7.61	20.09	13.76	20.26	20.24	19.52
1.32	1.64	7.63	20.09	13.72	20.23	20.25	19.49
1.31	1.65	7.61	20.09	13.71	20.24	20.20	19.49
1.25	1.62	7.62	20.07	13.73	20.25	20.23	19.51
1.29	1.66	7.65	20.07	13.73	20.24	20.23	19.48
0.98	1.31	7.66	20.09	13.72	20.25	20.23	19.50
0.90	1.22	7.64	20.11	13.73	20.25	20.27	19.52
0.92	1.28	7.67	20.10	13.74	20.26	20.23	19.51
0.52	0.83	7.69	20.11	13.73	20.26	20.24	19.52
0.45	0.73	7.70	20.09	13.72	20.23	20.22	19.49
0.19	0.58	7.80	20.09	13.72	20.23	20.24	19.49
-0.35	0.03	7.73	20.08	13.73	20.24	20.26	19.51
-0.07	0.22	7.73	20.10	13.73	20.22	20.26	19.50
-0.71	-0.30	7.75	20.12	13.74	20.25	20.26	19.52
-1.13	-0.79	7.74	20.10	13.70	20.24	20.23	19.51
2.52	0.51	7.74	20.11	13.70	20.23	20.25	19.50
2.39	1.94	7.75	20.12	13.70	20.25	20.22	19.50
4.24	3.88	7.77	20.13	13.71	20.26	20.22	19.52
3.89	3.56	7.77	20.11	13.69	20.24	20.24	19.52
3.42	3.24	7.80	20.12	13.72	20.24	20.22	19.53
3.04	2.96	7.81	20.12	13.69	20.25	20.24	19.53
2.49	2.43	7.81	20.13	13.71	20.25	20.25	19.55
1.95	1.97	7.84	20.09	13.70	20.22	20.23	19.53
1.66	1.74	7.84	20.10	13.69	20.22	20.22	19.51
1.50	1.64	7.78	20.11	13.68	20.23	20.24	19.53
1.40	1.55	7.79	20.10	13.71	20.24	20.25	19.53
1.28	1.46	7.80	20.13	13.70	20.24	20.24	19.52
1.13	1.28	7.84	20.13	13.69	20.24	20.26	19.55
0.98	1.18	7.85	20.11	13.70	20.24	20.25	19.53
0.94	1.15	7.87	20.09	13.71	20.20	20.26	19.50
0.92	1.09	7.85	20.11	13.68	20.23	20.23	19.51
0.87	1.06	7.83	20.10	13.70	20.22	20.24	19.49
0.80	0.93	7.84	20.12	13.68	20.23	20.23	19.51
0.65	0.83	7.86	20.11	13.69	20.22	20.24	19.52
0.54	0.69	7.90	20.14	13.69	20.25	20.23	19.51
0.36	0.54	7.93	20.13	13.69	20.22	20.25	19.53
0.21	0.40	7.99	20.12	13.70	20.21	20.24	19.50
0.17	0.31	8.06	20.10	13.68	20.24	20.22	19.51
0.39	0.46	8.07	20.10	13.69	20.20	20.23	19.49
0.65	0.69	8.00	20.09	13.65	20.20	20.22	19.48
0.87	0.93	7.99	20.12	13.67	20.21	20.21	19.50
1.09	1.14	7.98	20.12	13.68	20.26	20.24	19.53
1.30	1.40	8.01	20.10	13.68	20.22	20.25	19.50
1.39	1.47	8.03	20.12	13.66	20.23	20.23	19.51
1.46	1.53	7.97	20.14	13.65	20.26	20.24	19.53
1.45	1.56	8.03	20.12	13.65	20.24	20.23	19.52
1.46	1.57	7.99	20.13	13.67	20.25	20.25	19.52
1.56	1.69	8.00	20.10	13.68	20.24	20.26	19.50
1.62	1.72	7.98	20.09	13.66	20.24	20.24	19.51
1.66	1.79	7.94	20.13	13.66	20.26	20.23	19.53
1.71	1.85	7.93	20.12	13.65	20.26	20.21	19.53
1.79	1.90	7.92	20.11	13.65	20.23	20.24	19.54
1.81	1.93	7.91	20.12	13.67	20.24	20.25	19.53
1.95	2.08	7.90	20.11	13.66	20.26	20.26	19.53
1.83	2.05	7.87	20.16	13.64	20.26	20.25	19.53
1.79	2.07	7.84	20.15	13.63	20.27	20.25	19.54
1.84	2.14	7.82	20.14	13.64	20.25	20.25	19.51
1.88	2.26	7.78	20.12	13.65	20.25	20.24	19.54
1.82	2.14	7.76	20.13	13.64	20.26	20.26	19.54
1.79	2.09	7.78	20.13	13.65	20.25	20.26	19.50
1.60	1.94	7.73	20.12	13.67	20.25	20.23	19.52
1.40	1.79	7.72	20.12	13.64	20.24	20.23	19.54
1.36	1.75	7.73	20.15	13.64	20.24	20.24	19.54
1.84	2.21	7.75	20.16	13.64	20.26	20.24	19.53
2.44	2.79	7.75	20.14	13.64	20.24	20.23	19.53
3.21	3.49	7.76	20.14	13.63	20.24	20.25	19.53
8.95	8.28	7.72	20.14	13.60	20.23	20.26	19.55
7.77	6.36	7.73	20.12	13.63	20.22	20.26	19.54
5.39	4.70	7.81	20.13	13.64	20.27	20.26	19.58
4.49	3.98	7.81	20.16	13.63	20.26	20.28	19.51
3.15	2.99	7.79	20.14	13.61	20.21	20.28	19.49
2.33	2.35	7.78	20.17	13.63	20.23	20.24	19.52
1.67	1.86	7.75	20.14	13.64	20.22	20.31	19.51
1.61	1.81	7.80	20.15	13.62	20.23	20.35	19.53
1.15	1.44	7.83	20.15	13.65	20.27	20.46	19.52
0.61	0.85	7.86	20.14	13.62	20.29	20.62	19.52
0.05	0.35	7.87	20.16	13.65	20.35	20.77	19.53
-0.31	3.29	7.85	20.17	13.65	20.42	5.42	19.54
-0.59	-0.38	7.87	20.23	13.63	20.50	21.07	19.54
-0.62	-0.41	7.89	20.24	13.67	20.58	21.22	19.53
-1.08	-0.89	7.90	20.25	13.68	20.64	21.33	19.49
-1.63	-1.46	7.89	20.25	13.68	20.71	21.49	19.51
-2.36	-2.14	7.88	20.28	13.70	20.79	21.64	19.49
-2.77	-2.68	7.85	20.32	13.68	20.88	21.75	19.51
-3.20	-3.14	7.83	20.33	13.73	20.92	21.86	19.49
-3.57	-3.59	7.88	20.33	13.72	20.99	22.01	19.47
-3.70	-3.81	7.81	20.36	13.74	21.05	22.10	19.48
-0.91	-3.33	7.83	20.38	13.73	21.12	22.22	19.48
1.87	-2.30	7.89	20.46	13.75	21.21	22.29	19.48
8.17	8.83	7.97	20.45	13.78	21.24	22.38	19.50
8.93	6.97	7.96	20.48	13.77	21.31	22.49	19.52
11.95	6.84	7.93	20.50	13.81	21.39	22.55	19.52
13.95	4.70	7.97	20.50	13.83	21.41	22.65	19.52
15.44	2.24	7.93	20.55	13.85	21.48	22.73	19.52
7.67	0.62	7.88	20.58	13.85	21.55	22.78	19.53
3.95	-0.49	7.89	20.61	13.88	21.59	22.90	19.52
2.07	-1.26	7.93	20.64	13.91	21.61	22.92	19.53
0.50	-2.08	7.95	20.64	13.92	21.64	22.99	19.51
-0.43	-2.61	7.92	20.68	13.93	21.68	23.08	19.50
-1.70	-3.66	7.96	20.69	13.94	21.73	23.11	19.49
-2.80	-4.55	8.00	20.72	13.96	21.77	23.17	19.49
-3.65	-5.37	8.01	20.74	13.97	21.81	23.22	19.49
-4.27	-5.99	8.08	20.77	13.97	21.84	23.25	19.49
-4.40	-6.09	8.01	20.78	13.99	21.88	23.27	19.48
-4.57	-6.24	7.98	20.85	14.02	21.93	23.33	19.48
-4.90	-6.49	7.99	20.87	14.01	21.97	23.37	19.49
-5.28	-6.82	7.99	20.90	14.05	21.99	23.39	19.47
-6.29	-7.88	8.06	20.93	14.06	22.04	23.43	19.47
-6.92	-8.64	8.09	20.95	14.09	22.07	23.48	19.45
-7.48	-9.20	8.09	20.94	14.10	22.10	23.50	19.44
-7.67	-9.50	8.14	21.00	14.09	22.14	23.52	19.42
-4.57	-8.51	8.12	21.01	14.08	22.20	23.57	19.44
1.39	-6.95	8.06	21.03	14.10	22.22	23.59	19.42
7.95	7.68	7.94	21.07	14.13	22.24	23.61	19.45
13.30	10.26	7.96	21.06	14.09	22.25	23.64	19.43
13.90	6.97	7.90	21.13	14.11	22.33	23.69	19.48
15.41	4.09	7.86	21.14	14.15	22.36	23.72	19.46
15.50	0.71	7.71	21.17	14.15	22.36	23.75	19.46
7.22	-1.14	7.73	21.17	14.16	22.39	23.78	19.47
3.40	-2.40	7.81	21.18	14.19	22.40	23.80	19.46
1.00	-3.42	7.86	21.20	14.18	22.42	23.82	19.43
-0.69	-4.38	7.91	21.25	14.21	22.44	23.84	19.47
-1.69	-4.90	7.93	21.25	14.21	22.46	23.85	19.44
-2.18	-5.29	8.02	21.25	14.24	22.47	23.87	19.43
-2.69	-5.76	8.01	21.28	14.25	22.50	23.89	19.44
-3.17	-6.16	8.08	21.31	14.22	22.54	23.92	19.45
-3.34	-6.26	8.09	21.30	14.25	22.53	23.92	19.41
-3.48	-6.32	8.08	21.34	14.24	22.58	23.94	19.42
-3.73	-6.48	8.04	21.36	14.25	22.60	23.96	19.41
-3.73	-6.39	8.00	21.41	14.28	22.63	23.98	19.41
-3.94	-6.36	8.06	21.39	14.31	22.64	23.96	19.41
-4.22	-6.51	8.11	21.44	14.29	22.68	24.02	19.42
-4.42	-6.63	8.17	21.47	14.29	22.70	24.02	19.42
-4.54	-6.61	8.23	21.46	14.33	22.68	24.02	19.39
-4.30	-6.31	8.23	21.49	14.33	22.73	24.03	19.41
-4.11	-6.09	8.22	21.51	14.33	22.76	24.04	19.41
-3.27	-5.23	8.19	21.52	14.36	22.78	24.09	19.38
-3.00	-4.91	8.22	21.52	14.35	22.79	24.09	19.38
-2.91	-4.71	8.22	21.58	14.33	22.85	24.10	19.41
-2.58	-4.30	8.16	21.57	14.37	22.82	24.10	19.38
-2.60	-4.26	8.14	21.56	14.39	22.83	24.10	19.40
-2.85	-4.39	8.13	21.57	14.38	22.88	24.08	19.40
-3.07	-4.49	8.12	21.60	14.37	22.88	24.13	19.42
-3.27	-4.59	8.10	21.59	14.40	22.91	24.10	19.44
-3.29	-4.55	8.10	21.57	14.37	22.89	24.13	19.40
-3.23	-4.38	8.06	21.59	14.38	22.89	24.15	19.39
-3.02	-4.17	8.01	21.64	14.41	22.90	24.15	19.41
-2.87	-4.00	7.98	21.62	14.40	22.90	24.15	19.36
-2.89	-4.01	7.89	21.61	14.42	22.92	24.16	19.38
-2.98	-4.12	7.71	21.62	14.40	22.93	24.15	19.39
-2.95	-3.98	7.68	21.66	14.41	22.96	24.17	19.39
-2.74	-3.60	7.54	21.67	14.42	22.96	24.19	19.40
-2.34	-2.94	7.50	21.65	14.39	22.95	24.17	19.40
-2.29	-2.71	7.30	21.63	14.43	22.95	24.18	19.39
-2.48	-2.75	7.24	21.66	14.41	22.96	24.17	19.41
-2.40	-2.68	7.32	21.66	14.44	22.97	24.17	19.42
-2.60	-2.86	7.52	21.65	14.43	22.95	24.18	19.41
-3.61	-3.68	7.60	21.65	14.46	22.96	24.21	19.42
-4.10	-4.12	7.56	21.65	14.43	22.98	24.20	19.43
-3.40	-3.95	7.52	21.65	14.48	22.99	24.20	19.43
2.71	-2.42	7.60	21.68	14.48	23.00	24.22	19.44
6.83	7.50	7.53	21.63	14.41	22.98	24.21	19.41
5.69	4.69	7.64	21.67	14.45	22.97	24.29	19.43
11.84	6.95	7.60	21.68	14.44	22.99	24.27	19.43
7.78	3.35	7.60	21.69	14.47	22.99	24.26	19.44
6.05	1.22	7.65	21.68	14.47	23.01	24.30	19.44
1.90	-0.60	7.64	21.67	14.49	22.99	24.29	19.44
-0.26	-1.80	7.67	21.69	14.52	23.01	24.33	19.38
-1.10	-2.31	7.67	21.67	14.51	23.02	24.30	19.33
-2.07	-3.01	7.68	21.70	14.49	23.00	24.33	19.33
-2.87	-3.84	7.72	21.70	14.49	23.01	24.35	19.35
-2.93	-3.81	7.73	21.70	14.52	23.02	24.32	19.35
-3.23	-4.10	7.80	21.70	14.50	23.03	24.35	19.33
-4.37	-5.11	7.83	21.71	14.53	23.06	24.34	19.37
-5.21	-6.05	7.84	21.72	14.53	23.05	24.33	19.39
-6.05	-6.91	7.86	21.75	14.54	23.10	24.36	19.38
-6.17	-7.14	7.89	21.75	14.56	23.10	24.37	19.38
-6.45	-7.45	7.91	21.72	14.55	23.10	24.36	19.36
-6.38	-7.55	7.96	21.74	14.54	23.14	24.36	19.36
-6.76	-7.94	7.97	21.72	14.56	23.12	24.37	19.36
-7.57	-8.78	7.95	21.74	14.54	23.16	24.38	19.36
-8.51	-9.67	8.00	21.75	14.60	23.19	24.41	19.37
-8.76	-9.94	7.98	21.74	14.59	23.20	24.38	19.34
-5.94	-8.72	7.88	21.78	14.55	23.24	24.37	19.38
-1.02	-7.36	7.91	21.78	14.54	23.25	24.38	19.34
4.50	4.79	7.94	21.79	14.56	23.27	24.40	19.36
10.62	8.76	7.88	21.79	14.56	23.26	24.40	19.32
5.57	2.41	7.92	21.79	14.53	23.30	24.40	19.30
2.82	0.13	7.91	21.79	14.54	23.31	24.37	19.33
0.86	-2.08	7.96	21.80	14.55	23.30	24.25	19.34
-1.23	-3.57	7.92	21.82	14.57	23.29	24.17	19.38
-3.11	-4.54	7.87	21.80	14.59	23.27	24.06	19.36
-4.25	-5.28	7.85	21.83	14.56	23.25	23.99	19.37
-5.09	-5.90	7.83	21.83	14.59	23.23	23.90	19.38
-6.09	-6.83	7.90	21.83	14.57	23.21	23.83	19.37
-6.75	-7.46	7.93	21.84	14.58	23.19	23.75	19.37
-7.63	-8.35	7.91	21.83	14.59	23.16	23.70	19.36
-8.20	-8.93	7.95	21.82	14.59	23.10	23.64	19.35
-8.91	-9.72	7.96	21.80	14.57	23.08	23.53	19.35
-9.63	-10.58	7.97	21.81	14.56	23.08	23.52	19.36
-10.34	-11.25	7.96	21.81	14.59	23.05	23.48	19.36
-10.79	-11.79	8.00	21.80	14.57	23.02	23.39	19.32
-11.54	-12.60	8.01	21.81	14.55	23.01	23.36	19.33
-12.03	-13.19	8.02	21.80	14.56	23.01	23.32	19.34
-12.75	-14.07	8.05	21.81	14.57	23.00	23.28	19.32
-13.54	-14.91	8.07	21.80	14.55	22.99	23.25	19.31
-13.78	-15.34	8.08	21.78	14.55	22.99	23.25	19.29
-10.92	-14.77	8.06	21.79	14.54	22.97	23.20	19.26
-5.20	-12.92	7.99	21.77	14.51	22.95	23.14	19.20
0.01	-0.63	7.91	21.75	14.49	22.92	23.13	19.21
4.89	1.15	7.76	21.76	14.47	22.94	23.08	19.25
6.29	-1.34	7.52	21.75	14.47	22.90	23.08	19.24
1.31	-5.66	7.51	21.74	14.45	22.91	23.05	19.27
-2.12	-7.80	7.42	21.73	14.47	22.89	23.05	19.29
-5.08	-8.98	7.44	21.75	14.46	22.89	23.03	19.32
-6.24	-9.41	7.44	21.71	14.46	22.85	23.02	19.30
-6.74	-9.53	7.43	21.74	14.45	22.88	23.02	19.31
-7.01	-9.61	7.46	21.72	14.48	22.85	23.00	19.32
-7.36	-9.74	7.50	21.69	14.44	22.82	23.01	19.31
-7.61	-9.76	7.46	21.68	14.45	22.82	23.00	19.32
-7.84	-9.97	7.47	21.70	14.45	22.81	22.98	19.31
-8.28	-10.38	7.48	21.67	14.43	22.81	22.98	19.31
-8.61	-10.74	7.48	21.66	14.43	22.78	23.01	19.31
-9.02	-11.03	7.49	21.63	14.45	22.77	22.97	19.30
-9.24	-11.29	7.48	21.65	14.43	22.78	22.98	19.32
-9.36	-11.41	7.47	21.66	14.43	22.78	22.96	19.32
-10.27	-12.16	7.49	21.62	14.43	22.75	22.97	19.32
-10.97	-12.82	7.47	21.63	14.41	22.74	22.96	19.34
-11.83	-13.57	7.46	21.64	14.40	22.75	22.97	19.33
-11.69	-13.34	7.50	21.61	14.40	22.72	22.95	19.31
-11.72	-13.18	7.45	21.58	14.38	22.71	22.97	19.26
-8.97	-12.47	7.51	21.58	14.45	22.73	22.97	19.28
-4.24	-11.51	7.60	21.61	14.42	22.73	22.97	19.18
1.28	1.75	7.54	21.60	14.39	22.72	22.86	19.17
-1.26	-3.53	7.58	21.58	14.40	22.71	22.93	19.19
0.98	-3.58	7.54	21.57	14.38	22.72	22.91	19.23
4.85	-4.28	7.56	21.55	14.37	22.67	22.86	19.20
6.49	-6.75	7.52	21.53	14.35	22.69	22.89	19.19
-1.00	-8.82	7.46	21.53	14.37	22.67	22.89	19.19
-5.29	-10.13	7.41	21.54	14.39	22.68	22.87	19.24
-7.50	-11.24	7.47	21.51	14.37	22.66	22.80	19.18
-8.56	-11.82	7.38	21.54	14.37	22.67	22.78	19.21
-9.79	-12.69	7.42	21.48	14.37	22.62	22.63	19.18
-10.73	-13.44	7.42	21.49	14.34	22.58	22.55	19.19
-11.47	-14.01	7.49	21.48	14.34	22.59	22.42	19.18
-11.85	-14.41	7.42	21.47	14.33	22.53	22.31	19.18
-12.51	-15.09	7.45	21.48	14.32	22.52	22.22	19.19
-13.09	-15.53	7.44	21.45	14.34	22.48	22.12	19.16
-13.71	-16.09	7.43	21.46	14.33	22.47	22.04	19.18
-14.21	-16.58	7.40	21.43	14.33	22.41	21.95	19.16
-14.89	-17.09	7.37	21.42	14.32	22.38	21.89	19.13
-15.32	-17.65	7.37	21.42	14.30	22.33	21.84	19.08
-15.83	-18.11	7.34	21.39	14.31	22.31	21.75	19.03
-16.22	-18.57	7.32	21.38	14.29	22.29	21.71	19.00
-16.34	-18.65	7.24	21.38	14.26	22.27	21.64	18.93
-13.39	-17.82	7.22	21.34	14.25	22.24	21.58	18.91
-8.38	-15.96	7.12	21.32	14.20	22.24	21.54	18.86
-5.35	-7.67	7.16	21.32	14.18	22.19	21.48	18.88
-0.50	-4.43	7.04	21.33	14.17	22.19	21.42	18.89
2.86	-4.69	6.92	21.31	14.17	22.17	21.42	18.91
-1.58	-8.39	6.99	21.27	14.15	22.13	21.38	18.93
-5.35	-10.57	6.80	21.26	14.17	22.12	21.34	18.98
-7.66	-11.71	6.81	21.20	14.19	22.08	21.34	18.99
-8.91	-12.17	6.77	21.21	14.12	22.08	21.33	18.99
-9.54	-12.36	6.76	21.21	14.13	22.05	21.26	19.00
-9.96	-12.51	6.75	21.19	14.10	22.03	21.24	18.99
-10.51	-12.74	6.78	21.18	14.12	22.03	21.23	19.00
-10.79	-12.92	6.84	21.19	14.09	22.02	21.21	19.02
-11.08	-13.08	6.86	21.15	14.10	22.00	21.18	19.02
-11.43	-13.26	6.94	21.16	14.08	22.00	21.16	19.04
-11.67	-13.37	7.05	21.13	14.09	21.98	21.13	19.00
-11.59	-13.15	7.06	21.14	14.07	22.01	21.13	19.05
-11.50	-12.94	7.07	21.10	14.05	21.94	21.13	19.04
-11.12	-12.59	6.98	21.10	14.03	21.97	21.09	19.07
-10.95	-12.38	7.01	21.10	14.02	21.96	21.08	19.06
-10.83	-12.17	7.04	21.08	14.04	21.92	21.06	19.07
-10.91	-12.13	7.11	21.06	13.99	21.90	21.04	19.06
-10.85	-12.00	7.12	21.04	14.00	21.89	21.04	19.06
-10.72	-11.90	7.13	21.02	14.00	21.85	21.01	19.05
-10.39	-11.69	7.06	21.00	13.98	21.85	21.00	19.08
-9.51	-11.35	7.11	21.01	13.97	21.87	21.00	19.10
-8.90	-10.75	7.00	20.98	13.96	21.83	21.01	19.09
-8.47	-10.05	6.94	21.00	13.94	21.83	20.98	19.11
-8.09	-9.58	6.89	21.00	13.93	21.85	20.99	19.12
-7.75	-9.15	6.93	20.97	13.92	21.82	20.94	19.11
-7.45	-8.93	6.88	20.98	13.91	21.81	20.97	19.15
-7.23	-1.34	6.83	20.95	-8.86	21.78	2.26	19.13
-7.06	-8.73	6.74	20.97	13.89	21.79	20.89	19.14
-6.92	-8.60	6.68	20.92	13.87	21.75	20.88	19.13
-6.79	-8.46	6.65	20.92	13.86	21.76	20.88	19.15
-6.68	-8.31	6.58	20.89	13.85	21.74	20.89	19.14
-6.56	-8.18	6.56	20.89	13.84	21.75	20.89	19.14
-6.44	-8.11	6.53	20.91	13.82	21.75	20.87	19.16
-6.37	-8.21	6.51	20.89	13.83	21.70	20.84	19.13
-6.31	-8.32	6.51	20.88	13.85	21.71	20.85	19.14
-6.30	-8.40	6.51	20.89	13.83	21.70	20.84	19.14
-6.29	-8.21	6.46	20.86	13.81	21.70	20.83	19.18
-6.19	-8.29	6.40	20.87	13.82	21.69	20.81	19.18
-6.20	-8.66	6.39	20.85	13.80	21.65	20.81	19.14
-6.22	-8.83	6.38	20.83	13.79	21.64	20.80	19.15
-6.32	-9.07	6.39	20.82	13.77	21.64	20.83	19.16
-6.41	-9.41	6.40	20.81	13.77	21.62	20.81	19.15
-6.48	-9.79	6.43	20.82	13.78	21.61	20.78	19.16
-6.48	-9.79	6.43	20.82	13.78	21.61	20.78	19.16
-5.98	-9.22	6.50	20.81	13.74	21.61	20.75	19.18
-4.85	0.39	6.48	20.81	13.71	21.62	20.74	19.23
-3.53	2.00	6.49	20.78	13.73	21.62	20.77	19.20
-2.28	0.93	6.46	20.80	13.69	21.59	20.76	19.16
-1.17	-0.15	6.48	20.76	13.72	21.56	20.74	19.17
-0.48	-4.19	6.47	20.77	13.70	21.57	20.77	19.16
-1.02	-5.83	6.45	20.74	13.70	21.55	20.73	19.12
-2.29	-7.03	6.50	20.76	13.71	21.56	20.72	19.17
-3.19	-8.02	6.55	20.75	13.72	21.53	20.72	19.13
-3.83	-8.51	6.54	20.76	13.70	21.54	20.75	19.15
-4.32	-8.97	6.56	20.77	13.69	21.54	20.73	19.16
-4.76	-9.36	6.58	20.73	13.69	21.51	20.67	19.14
-5.12	-9.76	6.63	20.73	13.70	21.55	20.68	19.15
-5.43	-10.13	6.64	20.75	13.66	21.55	20.69	19.12
-5.79	-10.33	6.62	20.72	13.66	21.55	20.67	19.14
-6.25	-10.92	6.65	20.73	13.66	21.53	20.68	19.13
-6.74	-11.52	6.71	20.72	13.68	21.56	20.65	19.12
-7.18	-12.15	6.73	20.74	13.64	21.57	20.65	19.17
-7.57	-12.64	6.79	20.72	13.64	21.56	20.67	19.12
-8.00	-13.16	6.80	20.73	13.66	21.59	20.64	19.14
-8.47	-13.66	6.82	20.70	13.64	21.58	20.66	19.11
-8.93	-13.98	6.86	20.73	13.64	21.57	20.66	19.11
-9.23	-14.27	6.88	20.71	13.64	21.59	20.64	19.07
-8.69	-13.71	6.84	20.71	13.60	21.59	20.64	19.06
-6.72	-12.51	6.87	20.71	13.59	21.58	20.58	19.04
-4.20	0.01	6.88	20.73	13.59	21.64	20.59	19.08
-3.96	-4.66	6.88	20.72	13.56	21.62	20.59	19.09
-3.58	-4.97	6.85	20.70	13.56	21.61	20.62	19.10
-4.56	-6.94	6.96	20.70	13.56	21.63	20.61	19.11
-5.53	-7.92	6.96	20.72	13.57	21.65	20.57	19.13
-6.00	-8.66	6.97	20.73	13.58	21.65	20.59	19.13
-6.59	-9.07	6.98	20.69	13.54	21.62	20.60	19.11
-6.85	-9.25	6.97	20.71	13.56	21.67	20.59	19.12
-6.99	-9.28	6.96	20.73	13.53	21.65	20.59	19.14
-7.02	-9.27	6.98	20.73	13.53	21.64	20.61	19.11
-6.84	-9.20	6.96	20.71	13.52	21.63	20.55	19.11
-6.70	-9.01	6.91	20.70	13.51	21.63	20.58	19.11
-6.71	-9.00	6.90	20.68	13.50	21.67	20.58	19.13
-6.65	-8.93	6.88	20.72	13.49	21.65	20.58	19.13
-6.55	-8.74	6.88	20.71	13.51	21.64	20.58	19.13
-6.52	-8.65	6.89	20.68	13.48	21.61	20.61	19.09
-6.60	-8.77	6.90	20.68	13.46	21.61	20.57	19.13
-6.97	-9.13	6.89	20.68	13.47	21.62	20.59	19.11
-7.59	-9.89	6.88	20.71	13.49	21.63	20.59	19.13
-7.78	-10.09	6.91	20.70	13.47	21.63	20.58	19.09
-8.00	-10.30	6.89	20.70	13.49	21.64	20.55	19.12
-7.95	-10.26	6.93	20.70	13.49	21.61	20.56	19.13
-6.99	-9.41	6.93	20.71	13.46	21.63	20.55	19.12
-6.01	-7.68	6.92	20.70	13.45	21.63	20.57	19.13
-2.94	-2.31	6.89	20.70	13.43	21.64	20.53	19.14
3.55	5.40	6.87	20.71	13.42	21.65	20.56	19.16
7.86	5.27	6.82	20.70	13.41	21.64	20.57	19.16
7.47	1.66	6.77	20.66	13.41	21.60	20.59	19.18
2.09	-2.28	6.74	20.67	13.40	21.63	20.57	19.17
-2.08	-4.51	6.77	20.68	13.43	21.63	20.57	19.18
-3.41	-5.45	6.72	20.70	13.37	21.62	20.54	19.21
-4.11	-5.86	6.70	20.69	13.40	21.59	20.55	19.20
-4.59	-6.21	6.65	20.70	13.39	21.59	20.56	19.20
-4.58	-6.05	6.69	20.68	13.40	21.58	20.52	19.19
-4.87	-6.24	6.68	20.68	13.37	21.57	20.56	19.21
-4.90	-6.29	6.65	20.69	13.37	21.59	20.54	19.23
-4.86	-6.16	6.72	20.66	13.39	21.54	20.53	19.21
-6.05	-7.22	6.75	20.67	13.40	21.55	20.52	19.20
-6.62	-7.85	6.79	20.64	13.40	21.52	20.54	19.19
-6.20	-7.63	6.76	20.67	13.36	21.53	20.52	19.19
-5.90	-7.36	6.78	20.65	13.35	21.51	20.54	19.18
-5.67	-7.05	6.78	20.68	13.37	21.50	20.53	19.18
-5.74	-7.03	6.79	20.69	13.37	21.51	20.53	19.19
-5.54	-6.92	6.77	20.67	13.37	21.47	20.51	19.18
-5.52	-6.79	6.82	20.67	13.36	21.46	20.54	19.19
-5.30	-6.59	6.80	20.66	13.35	21.48	20.52	19.20
-4.98	-6.21	6.80	20.65	13.33	21.47	20.52	19.20
-4.22	-5.38	6.82	20.66	13.34	21.46	20.50	19.21
-3.54	-4.67	6.79	20.68	13.33	21.48	20.53	19.22
-3.49	-4.52	6.82	20.68	13.32	21.46	20.52	19.21
-3.15	-4.05	6.76	20.64	13.32	21.43	20.51	19.20
-2.99	-3.83	6.76	20.67	13.35	21.43	20.50	19.22
-3.21	-4.07	6.73	20.63	13.33	21.39	20.51	19.21
-3.95	-4.77	6.73	20.66	13.33	21.41	20.51	19.23
-3.89	-4.71	6.72	20.63	13.32	21.39	20.48	19.20
-4.18	-4.95	6.69	20.65	13.32	21.41	20.49	19.23
-4.04	-4.79	6.70	20.64	13.31	21.38	20.51	19.23
-4.09	-4.78	6.70	20.61	13.33	21.35	20.48	19.19
-3.90	-4.57	6.74	20.65	13.31	21.36	20.50	19.22
-3.99	-4.63	6.79	20.62	13.33	21.37	20.50	19.23
-4.09	-4.68	6.78	20.64	13.32	21.35	20.48	19.24
-4.18	-4.79	6.85	20.63	13.32	21.33	20.47	19.23
-4.20	-4.82	6.88	20.63	13.29	21.33	20.49	19.22
-4.69	-5.26	6.94	20.61	13.31	21.32	20.48	19.20
-4.92	-5.61	6.96	20.62	13.29	21.33	20.51	19.24
-5.01	-5.65	6.93	20.60	13.30	21.33	20.49	19.22
-5.10	-5.70	6.92	20.58	13.30	21.27	20.48	19.17
-5.21	-5.84	6.95	20.62	13.31	21.28	20.48	19.21
-5.26	-5.94	6.98	20.61	13.30	21.29	20.50	19.22
-5.38	-6.13	7.01	20.57	13.29	21.26	20.50	19.20
-5.16	-5.89	7.01	20.61	13.30	21.28	20.51	19.24
-4.49	-5.21	7.02	20.60	13.28	21.26	20.46	19.25
-4.05	-4.74	7.01	20.57	13.29	21.24	20.45	19.22
-3.39	-4.15	7.09	20.61	13.28	21.26	20.50	19.23
-3.21	-4.02	7.13	20.58	13.27	21.23	20.48	19.22
-2.64	-3.53	7.11	20.59	13.27	21.25	20.48	19.24
-3.24	-4.13	7.14	20.57	13.28	21.24	20.48	19.23
-3.72	-4.68	7.19	20.59	13.30	21.23	20.47	19.23
-3.87	-4.96	7.19	20.56	13.30	21.21	20.48	19.22
-3.72	-4.99	7.16	20.56	13.28	21.20	20.45	19.21
-3.59	-5.05	7.17	20.54	13.26	21.22	20.47	19.23
-3.55	-5.24	7.20	20.58	13.25	21.24	20.49	19.24
-3.51	-5.19	7.14	20.54	13.24	21.18	20.50	19.20
-3.51	-5.19	7.14	20.54	13.24	21.18	20.46	19.23
-3.52	-5.13	7.13	20.59	13.24	21.20	20.46	19.23
-3.57	-5.22	7.17	20.55	13.26	21.19	20.47	19.24
-3.58	-5.22	7.17	20.56	13.26	21.19	20.45	19.24
-3.61	-5.25	7.20	20.53	13.28	21.17	20.46	19.25
-3.63	-5.39	7.22	20.56	13.29	21.18	20.46	19.24
-3.56	-5.33	7.24	20.54	13.26	21.17	20.46	19.24
-3.52	-5.42	7.26	20.55	13.26	21.15	20.47	19.25
-3.48	-5.50	7.28	20.53	13.26	21.14	20.46	19.24
-3.44	-5.49	7.28	20.53	13.26	21.14	20.45	19.24
-3.42	-5.40	7.28	20.54	13.25	21.16	20.47	19.25
-3.38	-5.22	7.29	20.55	13.25	21.16	20.46	19.25
-3.26	-4.90	7.26	20.53	13.24	21.12	20.44	19.22
-3.16	-4.78	7.28	20.51	13.25	21.12	20.46	19.20
-3.10	-4.75	7.31	20.50	13.23	21.10	20.44	19.23
-2.97	-4.22	7.32	20.52	13.22	21.11	20.45	19.24
-2.93	-4.36	7.32	20.51	13.25	21.12	20.47	19.25
-2.98	-4.53	7.34	20.52	13.22	21.12	20.46	19.25
-3.07	-4.69	7.34	20.52	13.21	21.12	20.46	19.24
-3.19	-4.84	7.37	20.50	13.22	21.10	20.47	19.24
-3.27	-4.95	7.38	20.50	13.23	21.10	20.46	19.23
-3.37	-5.03	7.41	20.49	13.22	21.10	20.45	19.22
-3.43	-5.03	7.45	20.50	13.22	21.09	20.46	19.23
-3.49	-5.16	7.47	20.50	13.23	21.09	20.46	19.23
-3.59	-5.20	7.51	20.52	13.22	21.09	20.47	19.24
-3.63	-5.24	7.56	20.51	13.22	21.10	20.46	19.23
-3.74	-5.26	7.55	20.50	13.22	21.09	20.46	19.24
-3.72	-5.26	7.59	20.51	13.22	21.09	20.46	19.25
-3.83	-5.36	7.60	20.46	13.21	21.08	20.45	19.22
-3.81	-5.44	7.59	20.47	13.21	21.05	20.47	19.22
-3.78	-5.55	7.59	20.45	13.23	21.07	20.44	19.23
-3.69	-5.57	7.63	20.46	13.23	21.03	20.44	19.20
-3.58	-5.45	7.60	20.47	13.23	21.04	20.41	19.23
-3.46	-5.48	7.65	20.48	13.22	21.07	20.41	19.25
-3.30	-5.11	7.64	20.48	13.21	21.05	20.42	19.25
-3.16	-4.57	7.61	20.45	13.21	21.05	20.42	19.23
-2.99	-4.18	7.64	20.45	13.21	21.03	20.42	19.21
-2.80	-3.82	7.70	20.49	13.21	21.05	20.43	19.25
-2.67	-3.64	7.77	20.49	13.22	21.04	20.43	19.26
-2.59	-3.51	7.82	20.44	13.23	21.05	20.44	19.24
-2.49	-3.40	7.92	20.45	13.22	21.03	20.46	19.23
-2.39	-3.33	7.94	20.45	13.23	21.03	20.42	19.25
-2.33	-3.28	7.95	20.45	13.21	21.03	20.42	19.26
-2.26	-3.27	7.93	20.44	13.19	21.01	20.43	19.22
-2.20	-3.24	8.05	20.47	13.20	21.02	20.42	19.28
-2.14	-3.26	8.00	20.44	13.19	21.00	20.43	19.27
-2.15	-3.20	8.02	20.46	13.21	21.02	20.42	19.27
-2.10	-3.14	7.96	20.43	13.21	21.00	20.42	19.25
-2.05	-3.13	7.96	20.46	13.18	21.04	20.41	19.26
-2.03	-3.04	7.94	20.45	13.20	21.03	20.41	19.28
-2.00	-3.00	7.89	20.46	13.19	21.01	20.41	19.29
-1.97	-2.96	7.87	20.44	13.22	21.00	20.43	19.27
-1.91	-2.94	7.83	20.44	13.19	21.00	20.42	19.26
-1.89	-2.91	7.80	20.43	13.19	21.00	20.43	19.28
-1.84	-2.88	7.83	20.45	13.17	21.01	20.45	19.27
-1.83	-2.85	7.78	20.44	13.16	21.05	20.44	19.27
-1.80	-2.86	7.75	20.44	13.16	21.00	20.43	19.27
-1.78	-2.81	7.80	20.41	13.17	20.97	20.41	19.27
-1.77	-2.81	7.76	20.42	13.15	20.99	20.42	19.24
-1.76	-2.76	7.76	20.43	13.17	20.98	20.42	19.23
-1.72	-2.66	7.77	20.44	13.16	20.99	20.40	19.29
-1.68	-2.49	7.74	20.44	13.16	21.00	20.43	19.28
-1.65	-2.31	7.74	20.44	13.19	20.99	20.40	19.28
-1.57	-2.05	7.72	20.45	13.19	20.98	20.41	19.26
-1.51	-1.97	7.69	20.42	13.18	20.98	20.42	19.25
-1.42	-1.93	7.70	20.43	13.16	20.96	20.45	19.24
-1.35	-2.02	7.68	20.43	13.16	20.99	20.42	19.24
-1.32	-2.02	7.67	20.45	13.16	20.97	20.42	19.26
-1.29	-2.05	7.63	20.42	13.14	20.95	20.40	19.25
-1.27	-2.06	7.61	20.41	13.17	20.96	20.43	19.24
-1.26	-2.11	7.57	20.41	13.15	20.98	20.42	19.24
-1.24	-2.12	7.59	20.43	13.14	20.96	20.42	19.24
-1.20	-2.12	7.56	20.42	13.12	20.97	20.41	19.24
-1.20	-2.21	7.59	20.44	13.15	20.99	20.42	19.26
-1.20	-2.40	7.59	20.42	13.19	20.98	20.41	19.24
-1.25	-2.99	7.59	20.43	13.15	21.00	20.41	19.27
-1.35	-3.49	7.57	20.42	13.18	20.98	20.43	19.22
-1.54	-3.96	7.57	20.43	13.17	20.99	20.41	19.27
-1.67	-4.35	7.54	20.43	13.18	20.99	20.40	19.26
-1.86	-4.72	7.53	20.42	13.18	20.97	20.40	19.25
-2.07	-5.10	7.55	20.42	13.17	21.00	20.42	19.24
-2.22	-5.43	7.57	20.42	13.17	20.98	20.43	19.24
-2.42	-5.70	7.57	20.46	13.16	21.03	20.36	19.27
-2.61	-5.63	7.54	20.45	13.18	21.02	20.39	19.26
-2.58	-5.24	7.55	20.45	13.17	21.04	20.41	19.25
-2.17	2.50	7.58	20.42	13.18	21.04	20.38	19.28
-1.55	5.30	7.55	20.47	13.15	21.05	20.39	19.29
-0.75	4.96	7.56	20.47	13.16	21.05	20.40	19.27
-0.05	2.68	7.55	20.46	13.16	21.07	20.43	19.31
0.30	0.40	7.56	20.44	13.15	21.06	20.42	19.28
0.45	-0.60	7.55	20.45	13.17	21.07	20.41	19.30
0.33	-1.34	7.57	20.44	13.14	21.08	20.39	19.29
0.13	-1.84	7.54	20.46	13.16	21.08	20.41	19.29
-0.16	-1.98	7.56	20.43	13.15	21.07	20.43	19.28
-0.37	-2.85	7.54	20.45	13.16	21.06	20.39	19.27
-0.57	-2.95	7.52	20.46	13.14	21.08	20.41	19.28
-0.75	-3.78	7.56	20.47	13.16	21.11	20.39	19.28
-0.97	-4.22	7.56	20.46	13.18	21.08	20.42	19.25
-1.22	-4.52	7.57	20.48	13.16	21.11	20.39	19.28
-1.40	-5.12	7.57	20.50	13.18	21.13	20.38	19.28
-1.62	-5.93	7.63	20.49	13.16	21.13	20.39	19.28
-1.87	-6.52	7.66	20.46	13.20	21.10	20.38	19.23
-2.15	-6.29	7.61	20.47	13.19	21.08	20.40	19.24
-2.42	-6.45	7.57	20.48	13.18	21.11	20.41	19.26
-2.67	-6.95	7.55	20.49	13.18	21.11	20.40	19.26
-2.95	-7.00	7.52	20.49	13.17	21.12	20.40	19.25
-3.22	-7.18	7.52	20.48	13.17	21.11	20.39	19.21
-3.43	-6.92	7.49	20.47	13.17	21.12	20.38	19.25
-3.20	-6.66	7.49	20.49	13.13	21.15	20.39	19.25
-2.39	5.11	7.43	20.47	13.16	21.11	20.42	19.25
-1.29	6.89	7.43	20.50	13.15	21.16	20.39	19.28
-0.13	5.20	7.29	20.49	13.17	21.14	20.38	19.28
0.55	1.17	7.29	20.46	13.15	21.17	20.41	19.24
0.38	-2.95	7.38	20.48	13.13	21.17	20.42	19.26
-0.27	-5.03	7.30	20.46	13.17	21.14	20.43	19.25
-0.84	-5.62	7.29	20.51	13.15	21.19	20.40	19.30
-1.36	-5.35	7.30	20.52	13.15	21.17	20.40	19.31
-1.68	-5.50	7.31	20.50	13.15	21.16	20.40	19.27
-1.94	-5.35	7.34	20.52	13.17	21.19	20.37	19.28
-2.14	-5.45	7.34	20.50	13.15	21.16	20.40	19.24
-2.31	-5.69	7.32	20.53	13.14	21.18	20.41	19.28
-2.47	-6.07	7.37	20.50	13.14	21.16	20.39	19.26
-2.62	-6.28	7.37	20.53	13.16	21.19	20.36	19.27
-2.70	-6.45	7.37	20.50	13.15	21.20	20.39	19.26
-2.84	-6.82	7.38	20.53	13.14	21.18	20.39	19.26
-2.98	-6.95	7.40	20.50	13.15	21.18	20.37	19.23
-3.07	-6.91	7.38	20.51	13.14	21.18	20.39	19.23
-3.17	-6.88	7.38	20.53	13.17	21.19	20.38	19.26
-3.24	-6.91	7.38	20.49	13.15	21.17	20.36	19.21
-3.27	-6.92	7.32	20.54	13.14	21.23	20.40	19.25
-3.29	-6.80	7.28	20.51	13.14	21.18	20.40	19.23
-3.31	-6.26	7.30	20.51	13.16	21.18	20.36	19.23
-3.20	-5.93	7.29	20.54	13.16	21.21	20.37	19.24
-3.10	-5.34	7.27	20.54	13.15	21.23	20.36	19.24
-2.87	-3.57	7.25	20.54	13.11	21.22	20.38	19.23
-2.37	-3.15	7.25	20.52	13.10	21.22	20.39	19.21
-2.12	-3.41	7.24	20.52	13.15	21.21	20.37	19.21
-2.05	-3.45	7.22	20.51	13.15	21.20	20.39	19.22
-2.06	-4.65	7.20	20.51	13.14	21.21	20.39	19.21
-2.42	-5.47	7.19	20.53	13.14	21.20	20.41	19.22
-2.73	-5.91	7.16	20.50	13.15	21.20	20.38	19.21
-2.88	-5.61	7.22	20.50	13.12	21.20	20.37	19.21
-2.88	-5.42	7.23	20.53	13.14	21.20	20.36	19.23
-2.90	-5.36	7.18	20.54	13.13	21.22	20.38	19.22
-2.88	-5.27	7.19	20.54	13.12	21.22	20.39	19.21
-2.87	-5.17	7.15	20.53	13.14	21.21	20.39	19.20
-2.82	-5.00	7.18	20.55	13.14	21.20	20.38	19.22
-2.80	-4.94	7.13	20.54	13.12	21.21	20.41	19.22
-2.81	-4.93	7.11	20.55	13.13	21.22	20.39	19.23
-2.78	-4.85	7.12	20.53	13.13	21.23	20.40	19.22
-2.84	-5.03	7.10	20.55	13.14	21.20	20.39	19.23
-2.83	-4.93	7.10	20.53	13.12	21.22	20.39	19.22
-2.93	-5.47	7.09	20.51	13.12	21.19	20.39	19.20
-3.07	-5.98	6.99	20.55	13.12	21.21	20.39	19.21
-3.17	-5.86	7.01	20.53	13.13	21.19	20.34	19.20
-3.21	-5.18	7.02	20.52	13.12	21.18	20.35	19.20
-2.97	-4.49	7.02	20.55	13.11	21.22	20.37	19.23
-2.67	-3.08	6.98	20.52	13.11	21.21	20.37	19.23
-1.32	2.57	6.89	20.55	13.11	21.21	20.39	19.22
-1.14	-1.25	6.86	20.55	13.11	21.19	20.38	19.23
-1.28	-1.45	6.94	20.55	13.13	21.20	20.38	19.25
-1.21	-2.21	6.97	20.51	13.09	21.16	20.38	19.23
-1.22	-2.45	6.96	20.54	13.11	21.18	20.36	19.23
-1.50	-3.27	6.97	20.55	13.10	21.18	20.38	19.23
-1.95	-3.90	6.98	20.51	13.11	21.16	20.38	19.24
-2.34	-4.31	7.01	20.56	13.12	21.18	20.40	19.23
-2.77	-4.76	6.98	20.54	13.16	21.14	20.37	19.22
-3.11	-5.44	7.03	20.52	13.10	21.12	20.37	19.21
-3.30	-5.32	7.02	20.54	13.15	21.11	20.36	19.23
-3.38	-5.01	6.97	20.52	13.12	21.11	20.36	19.21
-3.24	-5.50	6.94	20.54	13.10	21.12	20.37	19.25
-3.20	-5.74	6.91	20.51	13.09	21.09	20.37	19.21
-3.25	-6.18	6.81	20.52	13.11	21.09	20.36	19.22
-3.18	-6.02	6.85	20.51	13.08	21.09	20.37	19.24
-3.20	-5.99	6.81	20.52	13.10	21.08	20.36	19.23
-3.13	-5.72	6.78	20.54	13.08	21.10	20.34	19.26
-3.00	-5.51	6.74	20.53	13.12	21.10	20.36	19.25
-2.88	-5.27	6.70	20.53	13.08	21.08	20.36	19.24
-2.74	-4.76	6.76	20.51	13.10	21.09	20.38	19.26
-2.53	-4.27	6.78	20.51	13.07	21.06	20.37	19.22
-2.28	-3.74	6.76	20.53	13.11	21.07	20.36	19.25
-2.11	-3.38	6.76	20.52	13.09	21.05	20.38	19.26
-1.76	-2.61	6.70	20.52	13.08	21.08	20.36	19.26
-1.55	-2.30	6.74	20.50	13.10	21.02	20.35	19.22
-1.33	-1.81	6.74	20.50	13.09	21.03	20.35	19.22
-1.26	-1.91	6.73	20.51	13.07	21.01	20.35	19.24
-1.22	-1.89	6.72	20.51	13.09	21.02	20.36	19.25
-1.17	-1.74	6.69	20.49	13.10	21.01	20.34	19.25
-1.06	-1.63	6.70	20.47	13.09	20.99	20.35	19.24
-0.99	-1.53	6.70	20.49	13.08	20.99	20.36	19.22
-0.97	-1.53	6.72	20.48	13.06	20.95	20.38	19.23
-0.90	-1.41	6.75	20.47	13.08	20.95	20.36	19.21
-0.94	-1.79	6.88	20.46	13.07	20.95	20.36	19.21
-1.16	-2.17	6.93	20.50	13.12	20.98	20.35	19.25
-1.22	-2.41	6.95	20.47	13.11	20.95	20.33	19.22
-1.26	-2.97	6.98	20.46	13.09	20.95	20.39	19.20
-1.41	-3.20	7.03	20.48	13.12	20.95	20.37	19.23
-1.51	-3.61	7.07	20.46	13.13	20.92	20.33	19.24
-1.57	-3.77	7.07	20.44	13.08	20.92	20.35	19.22
-1.66	-4.20	7.08	20.48	13.08	20.94	20.35	19.25
-1.76	-4.45	7.12	20.47	13.11	20.93	20.34	19.25
-1.84	-4.62	7.10	20.48	13.13	20.91	20.34	19.25
-1.85	-4.57	7.12	20.45	13.12	20.91	20.35	19.23
-1.83	-4.65	7.14	20.46	13.10	20.93	20.33	19.26
-1.89	-4.68	7.13	20.43	13.08	20.87	20.37	19.21
-1.85	-4.54	7.13	20.45	13.08	20.86	20.36	19.20
-1.79	-4.95	7.34	20.45	13.08	20.90	20.36	19.23
-1.78	-4.96	7.32	20.41	13.10	20.86	20.36	19.23
-1.76	-4.88	7.32	20.43	13.07	20.89	20.37	19.25
-1.79	-5.03	7.35	20.44	13.06	20.90	20.35	19.26
-1.84	-5.21	7.35	20.45	13.09	20.90	20.34	19.27
-1.96	-5.38	7.41	20.44	13.11	20.89	20.31	19.26
-2.03	-5.66	7.37	20.40	13.07	20.85	20.35	19.23
-2.08	-5.45	7.39	20.42	13.06	20.87	20.35	19.26
-2.14	-5.69	7.44	20.46	13.07	20.90	20.37	19.26
-2.24	-5.57	7.43	20.45	13.09	20.87	20.34	19.26
-2.24	-5.54	7.38	20.43	13.08	20.86	20.35	19.25
-2.32	-5.26	7.37	20.42	13.06	20.86	20.35	19.24
-2.36	-5.02	7.37	20.45	13.05	20.90	20.36	19.25
-2.39	-4.97	7.35	20.42	13.06	20.90	20.36	19.24
-2.44	-5.03	7.29	20.40	13.05	20.87	20.35	19.24
-2.47	-4.64	7.30	20.41	13.07	20.87	20.36	19.23
-2.46	-4.84	7.26	20.41	13.09	20.88	20.35	19.23
-2.47	-4.37	7.25	20.43	13.06	20.88	20.32	19.23
-2.55	-5.70	7.30	20.42	13.07	20.85	20.33	19.23
-2.69	-5.79	7.27	20.40	13.06	20.87	20.36	19.23
-3.04	-7.00	7.29	20.39	13.07	20.86	20.36	19.23
-3.35	-7.12	7.29	20.40	13.06	20.84	20.34	19.23
-3.13	-6.46	7.33	20.38	13.05	20.82	20.34	19.22
-2.37	4.36	7.34	20.42	13.08	20.87	20.34	19.26
-1.27	6.58	7.32	20.38	13.08	20.85	20.34	19.26
-0.30	6.16	7.32	20.39	13.06	20.85	20.34	19.24
0.62	3.58	7.33	20.40	13.07	20.85	20.34	19.26
1.12	-1.02	7.30	20.38	13.06	20.86	20.37	19.26
0.43	-2.93	7.28	20.39	13.08	20.84	20.38	19.25
-0.07	-3.93	7.28	20.38	13.08	20.86	20.39	19.26
-0.68	-4.05	7.24	20.39	13.08	20.86	20.34	19.25
-1.23	-5.00	7.24	20.40	13.09	20.88	20.34	19.27
-1.65	-5.15	7.23	20.42	13.06	20.91	20.37	19.27
-2.07	-7.24	7.22	20.38	13.07	20.90	20.36	19.27
-2.51	-6.81	7.23	20.39	13.07	20.87	20.35	19.24
-2.87	-8.05	7.23	20.42	13.04	20.90	20.36	19.25
-3.13	-6.99	7.21	20.39	13.07	20.90	20.31	19.21
-3.38	-7.74	7.22	20.42	13.08	20.93	20.31	19.24
-3.61	-7.93	7.23	20.37	13.07	20.91	20.32	19.19
-3.83	-8.32	7.22	20.36	13.06	20.90	20.32	19.19
-4.13	-8.70	7.20	20.39	13.07	20.93	20.36	19.21
-4.46	-9.53	7.19	20.41	13.05	20.96	20.35	19.22
-4.72	-9.17	7.18	20.41	13.08	20.96	20.34	19.23
-4.96	-9.41	7.20	20.39	13.05	20.97	20.32	19.20
-5.21	-9.80	7.20	20.40	13.05	20.97	20.34	19.19
-5.36	-9.13	7.13	20.41	13.04	20.96	20.33	19.20
-5.23	-8.94	7.15	20.41	13.06	20.99	20.30	19.19
-4.88	-8.43	7.09	20.38	13.05	20.96	20.31	19.17
-4.70	-8.93	7.05	20.41	13.04	21.01	20.31	19.23
-4.69	-8.75	7.00	20.40	13.04	20.99	20.33	19.20
-4.89	-8.37	7.04	20.39	13.03	21.01	20.33	19.18
-4.90	-9.70	6.95	20.39	13.04	21.02	20.32	19.21
-5.13	-9.27	6.95	20.40	13.03	21.01	20.34	19.22
-5.49	-9.37	6.98	20.38	13.05	21.00	20.33	19.17
-5.62	-9.23	6.99	20.39	13.04	21.01	20.32	19.17
-5.92	-9.43	6.97	20.40	13.05	21.03	20.30	19.17
-5.88	-9.50	6.94	20.39	13.05	21.05	20.32	19.16
-6.02	-9.64	6.88	20.43	13.06	21.05	20.33	19.18
-6.28	-10.20	6.91	20.38	13.06	21.02	20.32	19.18
-6.70	-10.53	6.84	20.40	13.03	21.03	20.35	19.18
-7.00	-11.72	6.84	20.39	13.04	21.09	20.31	19.19
