time,power_garage,power_sous_sol_1,power_sous_sol_2,power_cuisine,power_salle_manger,power_salle_eau,power_salle_bain,power_chambre_1,power_chambre_2,power_chambre_3,power_salon,power_heat_pump,demand_garage,demand_sous_sol_1,demand_sous_sol_2,demand_cuisine,demand_salle_manger,demand_salle_eau,demand_salle_bain,demand_chambre_1,demand_chambre_2,demand_chambre_3,demand_salon,demand_heat_pump,setpoint_garage,setpoint_sous_sol_1,setpoint_sous_sol_2,setpoint_cuisine,setpoint_salle_manger,setpoint_salle_eau,setpoint_salle_bain,setpoint_chambre_1,setpoint_chambre_2,setpoint_chambre_3,setpoint_salon,setpoint_heat_pump,temperature_garage,temperature_sous_sol_1,temperature_sous_sol_2,temperature_cuisine,temperature_salle_manger,temperature_salle_eau,temperature_salle_bain,temperature_chambre_1,temperature_chambre_2,temperature_chambre_3,temperature_salon,temperature_heat_pump,Ext_Temp,GHI
2026-01-06 18:30,1635.762587146386,466.1320265964496,325.84712291393225,295.4390183251562,359.65214027559705,79.9270939,276.0210969151067,343.44002473481305,298.5727369391243,282.8221507421513,411.78295301985054,0,81.78812935731929,23.306601329822477,16.292356145696612,19.695934555010414,28.772171222047763,15.985418779079918,27.60210969151067,27.475201978785044,23.885818955129945,22.625772059372103,27.452196867990036,0,21,21,21,21,21,21,21,21,21,21,21,,21,21,21,21,21,21,21,21,21,21,21.000000000000004,,-9.1,0
2026-01-06 18:45,1633.2178413175295,467.7870332871171,326.2201044525318,296.05589554043763,361.6692502718252,80.12702177340543,276.2542176820589,343.9097163422666,298.9451255428503,283.2400414100084,414.0751817547971,0,81.66089206587647,23.389351664355853,16.31100522262659,19.73705970269584,28.93354002174602,16.025404354681086,27.62542176820589,27.51277730738133,23.915610043428025,22.659203312800674,27.605012116986472,0,21,21,21,21,21,21,21,21,21,21,21,,21,21,21,21,21,21,21,21,21,21,21,,-9,0
2026-01-06 19:00,1624.6016642507857,468.3200395540771,325.9144420960183,296.1980501868129,362.9234966838558,80.23115161088572,276.1414150563651,343.95163075477467,298.8990377536611,283.26511556410696,415.3464658599296,0,81.23008321,23.416001977703853,16.295722104800916,19.74653667912086,29.033879734708464,16.046230322177145,27.614141505636507,27.516130460381973,23.91192302029289,22.661209245128557,27.689764390661974,0,21,21,21,21,21,21,21,21,21,21,21,,21,21,21.000000000000004,21,21,21,21,21,21,21.000000000000004,21,,-8.1,0
2026-01-06 19:15,1615.8602176156182,468.5999954946056,325.4313385793903,296.1991548733168,363.8870812708483,80.24616355563194,275.98569811450943,343.97849828319886,298.78303689675886,283.2248657352793,416.2633747,0,80.79301088078091,23.42999977473028,16.271566928969513,19.746610324887786,29.110966501667864,16.049232711126386,27.598569811450943,27.51827986265591,23.90264295174071,22.657989258822344,27.750891643501866,0,21,21,21,21,21,21,21,21,21,21,21,,21,21,21,21,21,21,21,21,21,21,21,,-8,0
2026-01-06 19:30,1607.0532416418937,468.706133,324.88034682084617,296.08713046471166,364.6574957031007,80.20095504896744,275.8067449719674,343.9888301499486,298.6266221957121,283.14902896388594,416.9351902354938,0,80.35266208209468,23.43530665,16.24401734104231,19.739142030980776,29.172599656248057,16.04019100979349,27.580674497196743,27.51910641199589,23.89012977565697,22.651922317110873,27.79567934903292,0,21,21,21,21,21,21,21,21,21,21,21,,21,21,21,21,21,21,21,21,21,21,21,,-8,0
2026-01-06 19:45,1598.2108119426157,468.6533718116698,324.2733235035994,295.91725964669604,365.2788207321719,80.12442141383872,275.60596388265185,344.00404003472795,298.4381631260658,283.0463271149929,417.4181167899915,0,79.91054059713078,23.43266859058349,16.21366617517997,19.727817309779734,29.22230565857375,16.024884282767744,27.560596388265186,27.520323202778236,23.875053050085263,22.643706169199433,27.827874452666098,0,21,21,21,21,21,21,21,21,21,21,21,,21,21,21.000000000000004,21,21,21,21,21,21,21,21,,-7.9,0
2026-01-06 20:00,1596.2200017883697,469.6066831007738,324.3126449285119,296.2405024271866,366.7024870170826,80.07851947259769,275.8516948693596,344.6431165831891,298.7153562975109,283.39031443983185,418.8437225,0,79.81100009,23.48033415503869,16.215632246425592,19.749366828479104,29.33619896136661,16.01570389451954,27.585169486935964,27.571449326655127,23.89722850380087,22.671225155186548,27.922914835235133,0,21,21,21,21,21,21,21,21,21,21,21,,21,21,21,21,21,21,21,21,21,21,21,,-7.4,0
2026-01-06 20:15,1594.417850527947,470.57943005252673,324.47918827383546,296.67067700507323,368.2708283,80.09403063,276.1445411174227,345.3666411063132,299.0330178412187,283.7801340160913,420.3882242,0,79.72089252639735,23.528971502626337,16.223959413691773,19.778045133671547,29.461666266549443,16.01880613,27.61445411174227,27.629331288505053,23.922641427297496,22.702410721287308,28.02588161,0,21,21,21,21,21,21,21,21,21,21,21,,21,21,21,21,21,21.000000000000004,21,21,21,21,21,,-7.6,0
2026-01-06 20:30,1592.646945080356,471.5122717882477,324.63039403764924,297.1153734169784,369.7933969817641,80.12989941746127,276.42261494235026,346.08736287130523,299.3320056004741,284.1574186154212,421.86913731617096,0,79.63234725,23.575613589412384,16.231519701882462,19.807691561131893,29.583471758541126,16.025979883492255,27.642261494235026,27.686989029704417,23.946560448037925,22.732593489233697,28.12460915,0,21,21,21,21,21,21,21,21,21,21,21,,21,21,21,21,21,21,21,21,21,21,21,,-7.5,0
2026-01-06 20:45,1590.841471079586,472.3802609766317,324.7655939379001,297.53624086414493,371.2403049011664,80.15881833745516,276.67557934018623,346.78569080324814,299.5973442973882,284.5076931850999,423.26192993326185,0,79.54207355,23.619013048831583,16.238279696895006,19.835749390942997,29.69922439209331,16.03176366749103,27.667557934018625,27.742855264259852,23.967787543791054,22.760615454807994,28.21746199555079,0,21,21,21,21,21,21,21,21,21,21,21,,21,21,21,21,21,21,21,21,21,21,21,,-7.4,0
2026-01-06 21:00,1595.8738742625828,474.2846414030646,325.5805928681002,298.4708488311626,373.5026262078791,80.24691387273197,277.3453829205937,348.0540975514996,300.3103111534001,285.2880853577735,425.6307755284178,0,79.79369371312914,23.71423207015323,16.27902964340501,19.898056588744172,29.880210096630325,16.049382774546395,27.73453829205937,27.844327804119967,24.024824892272008,22.823046828621884,28.375385035227854,0,21,21,21,21,21,21,21,21,21,21,21,,21,21,21.000000000000004,21,21,21,21,21,21,21,21,,-7.2,0
2026-01-06 21:15,1601.1028849928043,476.25219799258775,326.5449736819137,299.52768065886266,375.94104612612864,80.40834729,278.06081201604866,349.39098137135807,301.0669904653405,286.11833708994163,428.1781488790439,0,80.05514424964022,23.812609899629386,16.327248684095686,19.96851204392418,30.07528369009029,16.08166945889534,27.806081201604865,27.951278509708644,24.08535923722724,22.889466967195332,28.545209925269592,0,21,21,21,21,21,21,21,21,21,21,21,,21,21,21,21,21,21,21,21,21,21,21,,-7.4,0
2026-01-06 21:30,1606.389073102895,478.1952031,327.5054753757504,300.5800661562862,378.3224328,80.60136325491476,278.76247914309715,350.7101116192134,301.81121811674166,286.9405527549316,430.6502076,0,80.31945365514476,23.909760156072302,16.37527376878752,20.038671077085745,30.265794623444958,16.12027265098295,27.876247914309715,28.056808929537073,24.144897449339332,22.95524422039453,28.710013839930134,0,21,21,21,21,21,21,21,21,21,21,21,,21,21,21,21,21,21,21,21,21,21,21,,-7.3,0
2026-01-06 21:45,1611.701347877115,480.1337964614359,328.4722717000368,301.68332544300574,380.7624327252997,80.80002388600406,279.4602234980648,352.0296623828508,302.5452814634991,287.7605180333521,433.1998020579049,0,80.58506739385574,24.006689823071795,16.42361358500184,20.112221696200383,30.46099461802397,16.16000477720081,27.94602234980648,28.162372990628064,24.20362251707993,23.02084144266817,28.879986803860326,0,21,21,21,21,21,21,21,21,21,21,21,,21,21,21,21,21,21.000000000000004,21,21,21,21,21,,-7.2,0
2026-01-06 22:00,1611.8064718802634,481.16758437409226,328.90565994918506,302.3693211279024,382.4421489,80.96553555289574,279.78695499609057,352.8488796756173,302.8842466693386,288.2088291452528,434.8710490382109,0,80.59032359401317,24.058379218704612,16.445282997459252,20.157954741860163,30.59537191332056,16.19310711057915,27.978695499609056,28.227910374049383,24.23073973354709,23.056706331620227,28.99140326921406,0,21,21,21,21,21,21,21,21,21,21,21,,21,21,21,21,21,21,21,21,21,21,21,,-6.9,0
2026-01-06 22:15,1611.7070470751933,482.0234068338177,329.1845611511453,302.8966931,383.84808801341205,81.06819433,280.0384928605217,353.5612263675612,303.14568440127186,288.5832703471642,436.2454248941831,0,80.58535235375966,24.101170341690885,16.459228057557265,20.19311287013067,30.707847041072963,16.21363886634208,28.003849286052173,28.284898109404892,24.25165475210175,23.086661627773136,29.08302832627887,0,21,21,21,21,21,21,21,21,21,21,21,,21,21,21,21,21,21,21,21,21,21,21,,-7.4,0
2026-01-06 22:30,1611.5108789162025,482.7771825753807,329.4232789850066,303.36185220305924,385.1572148818668,81.14157365972642,280.2670324825704,354.2363635,303.3799058527766,288.9333817862644,437.5108739056268,0,80.57554394581013,24.138859128769035,16.471163949250332,20.22412348020395,30.812577190549344,16.228314731945282,28.026703248257043,28.33890908,24.270392468222127,23.114670542901155,29.16739159370845,0,21,21,21,21,21,21,21,21,21,21,21,,21,21,21,21,21,21,21,21.000000000000004,21,21,21,,-7.8,0
2026-01-06 22:45,1611.269975361398,483.4458040486352,329.6290758017203,303.7737567,386.3591189736617,81.20590005606573,280.4773487166458,354.87673466787965,303.5959276038884,289.26510533822875,438.6536263831549,0,80.56349877,24.17229020243176,16.481453790086015,20.251583782034867,30.908729517892933,16.241180011213146,28.04773487166458,28.390138773430373,24.287674208311074,23.14120843,29.243575092210328,0,21,21,21,21,21,21,21,21,21,21,21,,21.000000000000004,21,21,21,21,21,21,21,21,21,21,,-8.2,0
2026-01-06 23:00,1516.4317119525904,306.79603131773547,145.0841324,0,28.78348875735901,0,125.9245822,53.38951709314642,81.95480444437999,41.28613321458579,97.88147266308442,0,75.82158559762951,15.339801565886773,7.254206618,0,2.302679100588721,0,12.59245822,4.271161367451713,6.556384355550399,3.3028906571668633,6.525431510872295,0,20.76,20.78,20.78,20.73,20.74,20.76,20.76,20.69,20.77,20.74,20.76,,21.000000000000004,21,21,21,21,21,21,21,21,21,21,,-8,0
2026-01-06 23:15,1614.4583718402046,590.8659591550058,479.88668980843977,549.9316148606558,629.5841128404008,251.6752363033393,412.2150763989921,561.5056286,508.4210442249059,494.2981246737818,682.9939079642572,0,80.72291859201023,29.54329795775029,23.994334490421988,36.66210765737706,50.36672902723207,50.33504726066786,41.22150763989921,44.92045029168032,40.673683537992474,39.543849973902546,45.53292719761715,0,21,21,21,21,21,21,21,21,21,21,21,,20.76,20.78,20.786212366626128,20.78649874642859,20.73992461132306,20.91174629218108,20.76,20.69,20.77,20.74,20.76,,-8.2,0
2026-01-06 23:30,1553.4762048767298,447.0391831857014,297.0395992642116,330.6977131595268,418.1543872562979,109.66064774455664,284.8142564768368,360.5457195,313.3252582011701,299.19150491636174,464.25278874903233,0,77.67381024383648,22.35195915928507,14.851979963210578,22.04651421063512,33.45235098050384,21.93212954891133,28.481425647683682,28.84365756,25.066020656093606,23.93532039330894,30.950185916602155,0,21,21,21,21,21,21,21,21,21,21,21,,21,21,21,21,21,21,21,21,21,21,21,,-8.5,0
2026-01-06 23:45,1613.1598110680225,495.1930396666648,342.50072928980444,341.1695709437772,424.41508839448215,103.83072601549064,295.7120119210995,380.6569394376347,325.8090532414899,312.11714431062137,478.2587638,0,80.65799055340112,24.75965198333324,17.125036464490222,22.74463806291848,33.95320707155857,20.766145203098127,29.571201192109946,30.452555155010778,26.064724259319192,24.96937154484971,31.883917586980534,0,21,21,21,21,21,21,21,21,21,21,21,,21,21,21.000000000000004,21,21,21,21,21,21,21,21,,-8.8,0
2026-01-07 0:00,1596.5731716841692,485.3988239,328.3774345548809,304.68406590023733,389.3187979406612,80.70572510003694,281.0869420130348,357.6379092024472,304.14591271349855,290.48292914515696,441.3803265443639,0,79.82865858420845,24.2699412,16.418871727744044,20.31227106001582,31.14550384,16.14114502000739,28.10869420130348,28.611032736195774,24.331673017079883,23.238634331612555,29.425355102957596,0,21,21,21,21,21,21,21,21,21,21,21,,21,21,21,21,21,21,21,21,21,21,21,,-8.4,0
2026-01-07 0:15,1570.3449984915403,485.0121109970023,330.74722915654274,307.8652990343835,392.94137271388536,83.12414546015498,282.0954772537425,379.9828271694933,265.48166900012075,292.3074558038861,444.7477413843699,0,78.51724992457702,24.250605549850114,16.53736145782714,20.52435327,31.435309817110827,16.624829092030996,28.20954772537425,30.398626173559467,21.23853352000966,23.38459646431089,29.64984942562466,0,20.96,21,21,21,21,21,21,21.02,20.96,21,21,,21,21,21,21,21,21.000000000000004,21,21,21,21,21,,-8.6,0
2026-01-07 0:30,164.1511055308198,484.7767191816966,329.81178305710563,300.84815069411565,386.30741578647513,78.23631133310265,196.46723886440344,1250,0,159.02015076660393,437.88003672469137,0,8.207555277,24.23883595908483,16.490589152855282,20.05654337960771,30.90459326291801,15.64726226662053,19.646723886440345,100,0,12.721612061328313,29.19200244831276,0,16.999999999999996,21.000000000000004,21.000000000000004,21.000000000000004,21.000000000000004,21.000000000000004,21.000000000000004,23.000000000000004,16.999999999999996,21.000000000000004,21.000000000000004,,20.96,21,21,21,21,21,21,21.02,20.96,21,21,,-8.9,0
2026-01-07 0:45,475.2211723339415,484.5961286300262,329.4235976148957,293.94198459676045,379.5425888737882,73.26453215,135.32128141001886,1250,0,63.87987648652052,430.8914500668852,0,23.761058616697074,24.22980643150131,16.471179880744785,19.596132306450695,30.363407109903054,14.65290643,13.532128141001886,100,0,5.110390118921642,28.72609667112568,0,17,21,21,21,21,21,21,23,17,21,21,,18.03856371791757,21.000000000000007,21,21.000000000000004,21,21,21,22.032614826649606,20.817924236483076,21.000000000000004,21,,-8.9,0
2026-01-07 1:00,617.0538649582959,484.2709045076736,329.03032463449927,293.6503610831824,379.2735291622303,72.99029440272716,132.5677493261719,1250,0,59.78271108346962,430.3576035120932,0,30.852693247914793,24.21354522538368,16.451516231724963,19.576690738878828,30.341882332978425,14.598058880545432,13.25677493261719,100,0,4.782616887,28.690506900806213,0,17,21,21,21,21,21,21,23,17,21,21,,17.04038420032421,21,21,21,21,21,21,22.179331083533743,20.911881080770936,21,21,,-8.5,0
2026-01-07 1:15,582.0933209044324,428.7431036620183,328.4207615,293.05228758364683,435.5251583415375,72.55576718920202,130.57881272655322,1250,0,56.871387124727335,429.5261528220945,0,29.10466604522162,21.437155183100916,16.42103807673775,19.53681917224312,34.842012667323004,14.511153437840402,13.057881272655322,100,0,4.549710969978187,28.63507685,0,17,20.96,21,21,21.04,21,21,22.92,17,21,21,,17,21,21,21.000000000000004,21,21,21,22.193875871770096,20.926241957990875,21,21,,-8.4,0
2026-01-07 1:30,653.2157830524507,0,604.7790088305818,170.64946664510353,1250,27.193439880852385,228.58165819927237,0,0,209.85055335509756,306.91051295764487,0,32.660789152622534,0,30.23895044152909,11.37663110967357,100,5.438687976170477,22.858165819927237,0,0,16.788044268407802,20.46070086384299,0,17,17,21,21,25,21,21,16,17,21,21,,17,20.96,21,21,21.04,21,21.000000000000004,22.214053002576215,20.922981301981768,21,21,,-7.8,0
2026-01-07 1:45,692.5169908643238,0,713.0571997290499,36.30052603033255,1250,0,380.6632981183338,0,0,447.1395588720116,172.51810388125887,0,34.625849543216184,0,35.65285999,2.4200350686888368,100,0,38.06632981183338,0,0,35.77116470976093,11.501206925417257,0,17,17,21,21,25,21,21,16,17,21,21,,17,20.61882003816921,21,21,21.713883187156377,21.044382976778813,21,20.821994293742137,20.775033575683977,21,21,,-7.3,0
2026-01-07 2:00,725.0193925238927,0,711.8911025564485,21.48310077788119,1250,0,404.3061171522368,0,0,484.1560622,157.75785990609802,0,36.25096962619464,0,35.594555127822424,1.4322067185254128,100,0,40.430611715223684,0,0,38.73248498,10.517190660406534,0,17,17,21,21,25,21,21,16,17,21,21,,17,20.571676438231236,21,21,21.83258974148193,21.118923631995823,21,20.491442169491723,20.51605045836628,21,21,,-6.8,0
2026-01-07 2:15,750.6434134755582,0,709.1679139579646,17.52854769079204,1250,0,417.9089005026872,0,0,505.5157779001638,153.8943256136845,0,37.53217067377791,0,35.45839569789823,1.1685698460528025,100,0,41.790890050268715,0,0,40.44126223,10.259621707578965,0,17,17,21,21,25,21,21,16,17,21,21,,17,20.57803748289695,21,21,21.844155903619185,21.13158787135085,21,20.446763153736427,20.45581298348959,21,21,,-6.7,0
2026-01-07 2:30,771.1291399998281,0,713.5239842732517,13.323868630941432,1250,0,424.2032489,0,0,515.4868794305439,149.7771550209327,0,38.55645699999141,0,35.676199213662585,0.8882579087294288,100,0,42.42032489,0,0,41.23895035444352,9.985143668,0,17,17,21,21,25,21,21,16,17,21,21,,17,20.573004839532626,21,21,21.851989893390265,21.13396651690176,21,20.41122289903599,20.43720366333051,21,21,,-6.6,0
2026-01-07 2:45,787.5021301757752,0,718.5806380173235,10.75872781267026,1250,0,431.6201244627555,0,0,527.2164880236924,147.27489968252485,0,39.375106508788754,0,35.92903190086618,0.717248521,100,0,43.16201244627555,0,0,42.17731904189539,9.818326645501656,0,17,17,21,21,25,21,21,16,17,21,21,,17,20.567259801720954,21,21,21.858205717871076,21.137274814191365,21,20.38765823823636,20.42226971363281,21,21,,-6.3,0
2026-01-07 3:00,802.0377459855893,0,0,0,0,0,0,0,0,0,0,0,40.10188729927946,0,0,0,0,0,0,0,0,0,0,0,17,17,17.04,17.04,17.09,17.04,17.04,16,17,17.04,17.04,,17,20.56499911308462,21,21,21.861963365653907,21.13928496817252,21,20.36876839000673,20.406638823521984,21,21,,-6.4,0
2026-01-07 3:15,813.9470224415081,0,0,0,0,0,0,0,0,0,0,0,40.69735112207541,0,0,0,0,0,0,0,0,0,0,0,17,17,17,17,17,17,17,16,17,17,17,,17,20.351177587174973,20.408633024146585,20.943408294921085,20.91060904742581,21.07878615652572,20.27830534547372,20.300104426181548,20.339851956834828,20.38695664401232,20.848989364172184,,-6.2,0
2026-01-07 3:30,2000.0000000000032,0,1058.0431580440058,310.4722669829732,1250.000000000002,104.27448140830754,470.4000490362614,0,1250.000000000002,575.3364436131476,453.3129719082309,0,100,0,52.902157902200294,20.698151132198216,100,20.854896281661507,47.04000490362614,0,100,46.02691549,30.22086479388206,0,22.930000000000035,17.00000000000003,20.96000000000004,20.96000000000004,24.91000000000004,20.96000000000004,20.96000000000004,16.00000000000002,23.92000000000004,20.96000000000004,20.96000000000004,,17,19.95917190155763,20.019533010854893,20.703367356425574,20.63887829901686,20.821017236706663,19.99512452332565,20.045620499347876,20.08552854900477,20.106727059409916,20.60691363,,-6.2,0
2026-01-07 3:45,2000,0,795.0215895418296,49.87306165897704,1249.9999999999998,0,195.40098743498976,0,1249.9999999999998,150.0361669323823,189.2109917852928,0,100,0,39.75107947709148,3.324870777265136,99.99999999999997,0,19.540098743498977,0,99.99999999999997,12.002893354590583,12.614066119019519,0,23,16.999999999999996,21,21,24.999999999999996,21,21,15.999999999999998,24,21,21,,19.148062573103942,20.319378445890138,20.93063366015047,20.96000000000004,21.583640683800592,20.98919608260777,20.9483766,20.26039661285856,21.596926068036318,20.952613547313295,20.96000000000004,,-6.3,0
2026-01-07 4:00,2000,0,756.6571898489079,0,1250,0,148.74280048506745,0,1250,80.02635670963839,136.40475070984877,0,100,0,37.832859492445394,0,100,0,14.874280048506746,0,100,6.402108536771071,9.093650047323251,0,23,17,21,21,25,21,21,16,24,21,21,,20.23709109577885,20.516526623940848,21,21,21.82494252,21.11289153,21,20.73470143237949,22.11889311464248,21,21,,-6.1,0
2026-01-07 4:15,2000,0,752.8189435873264,0,1250,0,135.52109598840343,0,1250,61.149777689593975,124.55926347454806,0,100,0,37.64094717936633,0,100,0,13.552109598840342,0,100,4.891982215167518,8.303950898303205,0,23,17,21,21,25,21,21,16,24,21,21,,20.908497514294524,20.546377535993877,21,21.00184897030981,21.872137674764836,21.152874886652874,21,20.831043227319675,22.230986885037503,21,21,,-5.9,0
2026-01-07 4:30,2000,0,749.8364768,0,1250,0,126.7861756991233,0,1250,48.74549959686374,115.4169945792346,0,100,0,37.49182383977095,0,100,0,12.67861756991233,0,100,3.899639967749099,7.694466305282306,0,23,17,21,21,25,21,21,16,24,21,21,,21.341330337642887,20.548033271968777,21,21.01035582023423,21.883544127186504,21.161844413254965,21,20.853081419506307,22.26642458,21,21,,-5.8,0
2026-01-07 4:45,2000,0,747.1349655678059,0,1250,0,120.85790679532874,0,1250,40.381001792855386,108.3168101734991,0,100,0,37.35674828,0,100,0,12.085790679532874,0,100,3.230480143428431,7.221120678233274,0,23,17,21,21,25,21,21,16,24,21,21,,21.67115294237196,20.547818278281618,21,21.01728035,21.89151719421397,21.16836165530239,21,20.865544557040383,22.289507214220368,21,21,,-5.6,0
2026-01-07 5:00,2000,0,744.2972167332919,0,1250,0,117.80888113914624,0,1250,36.516498964916536,104.40570557385216,0,100,0,37.21486083666459,0,100,0,11.780888113914623,0,100,2.921319917193323,6.960380371590143,0,23,17,21,21,25,21,21,16,24,21,21,,21.90333987041696,20.548689178455582,21,21.022677762492137,21.89799716400119,21.17349767557544,21,20.87504428476161,22.307917674926504,21,21,,-5.4,0
2026-01-07 5:15,2000,0,740.8434574514249,0,1250,0,112.78278127297015,0,1250,29.495522280532896,97.49036140595854,0,100,0,37.04217287257124,0,100,0,11.278278127297016,0,100,2.3596417824426315,6.499357427063902,0,23,17,21,21,25,21,21,16,24,21,21,,22.096534809247235,20.550181270383423,21,21.02551321757375,21.901811159203294,21.17558935895089,21,20.87988110839665,22.32010298569077,21,21,,-5.2,0
2026-01-07 5:30,2000,2000,2000,143.9197247401098,0,28.02336935,105.4322641087092,0,1250,18.789189931659347,265.3991658772182,0,100,100,100,9.594648316007321,0,5.6046738694322995,10.54322641087092,0,100,1.5031351945327478,17.69327772514788,0,23.000000000000004,24.91,24.960000000000004,21,17.09,21,21,18.97,24.000000000000004,21,21,,22.27471736245601,20.551496471908862,21,21.03010763510532,21.907452954071424,21.179805284308827,21,20.88722639038112,22.333807157308165,21,21,,-5.2,0
2026-01-07 5:45,2000,1851.382894912526,1779.2624455073735,370.6576126121036,0,130.04929669512904,107.88337710453744,0,1249.9999999999998,23.329923228049665,510.2842433984745,0,100,92.56914475,88.96312227536868,24.710507507473576,0,26.00985933902581,10.788337710453744,0,99.99999999999997,1.8663938582439732,34.01894956,0,23,24.999999999999996,24.999999999999996,21,16.999999999999996,21,21,19,24,21,21,,22.42120180058912,22.92557909024874,22.908935969294472,21.013850726654827,20.893724853336877,21.08074726948113,21,20.899007326343582,22.35118925339035,21,21.000000000000004,,-5,0
2026-01-07 6:00,2000,1485.9268738065691,1309.5317908417928,382.31257405904944,0,141.2880111493596,108.36785647843044,0,1250,24.74735834,520.9977711967585,0,100,74.29634369032846,65.47658954208964,25.487504937269964,0,28.257602229871917,10.836785647843044,0,100,1.979788667230896,34.73318474645057,0,23,25,25,21,17,21,21,19,24,21,21,,22.56376754527049,24.67433533537782,24.70780249700877,21,20.683766057256104,21,21,20.895099406871967,22.352047154374866,21,21,,-4.8,0
2026-01-07 6:15,2000,1452.2729921184873,1289.631627218434,379.5231879,0,142.26289663404168,106.70250717032104,0,1250,22.79402553188993,518.4116695360826,0,100,72.61364960592437,64.48158136,25.30154585911853,0,28.452579326808337,10.670250717032104,0,100,1.8235220425511942,34.56077796907218,0,23,25,25,21,17,21,21,19,24,21,21,,22.70692129363312,25,25,21.000000000000004,20.662767949352816,21,21,20.893680304736108,22.354923963715454,21,21.000000000000004,,-4.6,0
2026-01-07 6:30,2000,1380.301073107461,1212.9084688727453,373.4443112932422,0,141.14206639701297,105.53157598864708,0,1250,21.59052792,511.6941232736499,0,100,69.01505365537305,60.64542344363726,24.89628741954948,0,28.228413279402595,10.553157598864708,0,100,1.727242233294528,34.11294155157666,0,23,25,25,21,17,21,21,19,24,21,21,,22.84866726075561,25,25,21,20.66125149776767,21,21,20.895726566588827,22.36071152,21,21,,-4.5,0
2026-01-07 6:45,1952.8447872504055,1322.0599226555205,1152.5827020663855,368.6225285987748,0,140.65105808718727,103.27854774910884,0,1250,18.67682840228372,506.5191038151642,0,97.64223936252027,66.10299613277603,57.62913510331928,24.574835239918322,0,28.130211617437453,10.327854774910884,0,100,1.4941462721826977,33.76794025434428,0,23,25,25,21,17,21,21,19,24,21,21,,22.974168469210223,25,25,21,20.660468150994436,21,21,20.897339913210608,22.36568373567462,21,21,,-4.5,0
2026-01-07 7:00,1933.9587720719571,1286.024574762254,1110.7079346031678,363.2991505942409,0,139.5550871083287,101.31611873569818,0,1250,16.161267013012548,500.9870108775067,0,96.69793860359785,64.30122874,55.53539673015839,24.219943372949395,0,27.91101742166574,10.131611873569819,0,100,1.2929013610410038,33.399134058500444,0,23,25,25,21,17,21,21,19,24,21,21,,23,25.000000000000004,25,21,20.660241904247407,21,21,20.90038784768656,22.37178704362605,21,21,,-4.5,0
2026-01-07 7:15,1909.718997982076,1257.3642384692866,1078.4346640659714,357.99718311690594,0,138.25958906780943,98.95522731839992,0,1250,13.003581174714782,495.5395530959504,0,95.4859499,62.86821192346433,53.92173320329857,23.866478874460395,0,27.651917813561887,9.895522731839993,0,100,1.0402864939771825,33.03597020639669,0,23,25,25,21,17,21,21,19,24,21,21,,23,25,25.000000000000004,21,20.66100300049874,21,21,20.90327192051492,22.37743474312423,21,21,,-4.5,0
2026-01-07 7:30,1058.5349401352926,1233.330398975786,1047.4101542487151,0,0,184.3735457659477,94.53716238607808,0,1250.000000000002,6.637606800609199,557.0159964083534,0,52.92674700676463,61.66651994878929,52.37050771243575,0,0,36.87470915318954,9.453716238607809,0,100,0.531008544,37.134399760556896,0,21.04000000000003,25.00000000000004,25.00000000000004,16.060000000000024,17.00000000000003,21.00000000000003,21.00000000000003,19.00000000000003,24.00000000000004,21.00000000000003,21.00000000000003,,23,25,25,21,20.662177523477908,21,21,20.906676995703325,22.38338988946023,21,21,,-4.5,0
2026-01-07 7:45,1575.4347664682082,1213.4955709714704,1029.777702934378,0,0,229.72384985778623,94.04907450944484,0,1250,6.399063582794042,617.6801323553591,0,78.77173832,60.67477854857352,51.48888514671891,0,0,45.94476997155724,9.404907450944483,0,100,0.5119250866235234,41.17867549035727,0,21,25,25,16,17,21,21,19,24,21,21,,21.174256083597747,25.00000000000004,25.00000000000004,20.70711724133476,20.61660316239606,21.00000000000003,21.000000000000032,20.91345098359661,22.392543976671632,21.00000000000003,21.00000000000003,,-4.5,0
2026-01-07 8:00,1354.5129199634962,1196.660188032208,1007.173780624864,0,0,237.46782938541511,198.94570782677184,0,0,170.43055912280835,625.8516511,0,67.725646,59.8330094,50.35868903,0,0,47.49356587708302,19.89457078267718,0,0,13.634444729824667,41.723443404477734,0,21,25,25,16,17,21,21,19,16.09,21,21,,21,25.000000000000004,25,20.641077504683107,20.56804131020932,21,21,20.91440138923433,22.395578421473672,21,21,,-4.6,1
2026-01-07 8:15,1381.5001606030582,1182.4195983617938,992.6889301125592,0,0,249.4204044579801,358.9134243114722,0,0,420.32238915920425,640.4954368838189,0,69.07500803015292,59.12097991808969,49.634446505627956,0,0,49.88408089159602,35.891342431147216,0,0,33.62579113273634,42.699695792254595,0,21,25,25,16,17,21,21,19,16,21,21,,21,25,25,20.64189440241499,20.55893321783997,21,21,20.75775377918446,20.9607612,21,21,,-4.6,1
2026-01-07 8:30,1399.9581963507171,1169.5404761385798,980.5339436539216,0,0,252.4736038863084,384.5327410421305,0,0,460.9410470918083,641.8059649036586,0,69.99790981753586,58.47702380692899,49.02669718269608,0,0,50.49472077726168,38.45327410421305,0,0,36.87528376734466,42.787064326910574,0,21,25,25,16,17,21,21,19,16,21,21,,21,25,25,20.63076614340637,20.546011069375844,21,21,20.487298744558466,20.61220785921794,21,21,,-4.5,12
2026-01-07 8:45,1411.3103432694952,1158.1009265836474,967.9796097839426,0,0,257.09382956111585,400.56362141355385,0,0,486.7068778721368,645.0740474274935,0,70.56551716347475,57.90504632918237,48.39898048919713,0,0,51.41876591222317,40.056362141355386,0,0,38.936550229770944,43.004936495166234,0,21,25,25,16,17,21,21,19,16,21,21,,21,25,25.000000000000004,20.62780095880659,20.542532449743312,21,21,20.42151848745729,20.561266825923926,21,21,,-4.4,20
2026-01-07 9:00,1416.293461593059,1147.4398683292893,957.6289616020148,0,0,256.1610483229597,406.5443344053474,0,0,496.8836452258802,640.2364931,0,70.81467307965295,57.37199341646446,47.88144808010074,0,0,51.232209664591934,40.65443344053474,0,0,39.75069161807041,42.68243287659473,0,21,25,25,16,17,21,21,19,16,21,21,,21,25,25,20.62482248534535,20.538589968709733,21.000000000000004,21,20.399243614358657,20.519644021332088,21,21,,-4.3,5
2026-01-07 9:15,1418.0823045829802,1137.7536058078404,948.2192656540792,0,0,258.1919929879987,414.6090655255539,0,0,510.3391543041471,639.4624415584949,0,70.90411522914901,56.88768029039202,47.41096328270396,0,0,51.63839859759973,41.460906552555386,0,0,40.827132344331766,42.63082944,0,21,25,25,16,17,21,21,19,16,21,21,,21,25,24.999999999999996,20.626610339182363,20.54006718,21,21,20.38396562916924,20.494204841202723,21,21,,-4.3,5
2026-01-07 9:30,1417.5458651202994,0,0,339.0807756832631,1250,177.13225433457774,1000,0,0,492.4172825770377,521.5368385346155,0,70.87729325601497,0,0,22.60538504555087,100,35.426450866915545,100,0,0,39.393382606163016,34.76912256897437,0,21,21.04,21.04,20.94,24.91,21,22.98,19,16,21,21,,21,25,24.999999999999996,20.62626629799309,20.539307561197173,21,21,20.36699997764651,20.47228301790118,21,21,,-4,76
2026-01-07 9:45,1415.3269692766537,0,0,54.70832191401678,1250,0,1000,0,0,347.6341907,162.03179841756173,0,70.76634846383268,0,0,3.647221460934452,100,0,100,0,0,27.81073525847336,10.802119894504115,0,21,21,21,21,25,21,23,19,16,21,21,,21,23.831393485446227,23.95728176130157,20.94,21.519403641236657,21,21.91399936,20.37713109901808,20.478378984030485,21,21,,-3.8,72
2026-01-07 10:00,1411.042779627557,0,0,0,1250,0,1000,0,0,265.6189220120432,44.99785214503936,0,70.55213898137785,0,0,0,100,0,100,0,0,21.249513760963456,2.9998568096692906,0,21,21,21,21,25,21,23,19,16,21,21,,21,22.68634094007674,22.77312641303331,21.003598420833548,21.805908257189785,21.08052955468678,22.096873778431984,20.52517752914905,20.62461468246348,21,21,,-3.9,12
2026-01-07 10:15,1405.7664799522136,0,0,0,1250,0,1000,0,0,228.67425536065457,0.5204338931289385,0,70.28832399761069,0,0,0,100,0,100,0,0,18.293940428852366,0.034695593,0,21,21,21,21,25,21,23,19,16,21,21,,21,21.89842678627956,21.981033266508597,21.04935518698609,21.90359408419837,21.168209445433483,22.202108285002463,20.617457656962305,20.713743699239288,21,21,,-3.9,12
2026-01-07 10:30,1399.881644,0,0,0,1250,0,1000,0,0,209.90408419001324,0,0,69.99408219,0,0,0,100,0,100,0,0,16.79232673520106,0,0,21,21,21,21,25,21,23,19,16,21,21,,21,21.424443969820352,21.50187966319683,21.086112397582337,21.946387398565072,21.20512839399545,22.25779232604431,20.66098695814381,20.75390176985206,21,21.003090344562903,,-3.8,104
2026-01-07 10:45,1393.495448,33.95840284825317,0,0,1250,0,1000,0,0,200.89138076288876,0,0,69.67477241,1.6979201424126587,0,0,100,0,100,0,0,16.07131046,0,0,21,21,21,21,25,21,23,19,16,21,21,,21,21.15054341,21.22377628196736,21.105869547119436,21.96987256786568,21.223806528491718,22.289670759473992,20.682718233957075,20.772602105692904,21,21.021179813676653,,-3.6,107
2026-01-07 11:00,1388.2491950457152,237.69415208437567,116.9619948403706,0,1250,0,1000,0,0,188.17526297842775,0,0,69.41245975228577,11.884707604218784,5.848099742,0,100,0,100,0,0,15.05402103827422,0,0,21,21,21,21,25,21,23,19,16,21,21,,21,21,21.048369498939685,21.11554252277286,21.984227575108285,21.233314979350684,22.310126373698484,20.69436739906218,20.781386290093227,21,21.03275931,,-3.5,48
2026-01-07 11:15,1382.7163990244735,284.55221900620745,137.61426567922172,0,1250,0,1000,0,0,178.33483249515848,0,0,69.13581995122368,14.227610950310373,6.880713283961086,0,100,0,100,0,0,14.26678659961268,0,0,21,21,21,21,25,21,23,19,16,21,21,,21,21,21,21.13002670732166,22.003290305675232,21.248731710697804,22.33212058882927,20.708836477103212,20.79339827072724,21,21.04804930069032,,-3.5,48
2026-01-07 11:30,1376.888018080242,306.3446727795963,155.28304366004886,0,29.38070346458577,0,1000,0,115.59008590395143,0,22.83586548884826,0,68.8444009,15.317233638979815,7.764152183002443,0,2.350456277166862,0,100,0,9.247206872316115,0,1.522391032589884,0,21,21,21,21,21.04,21,23,19,20.94,19.02,21,,21,21,21,21.141198275552096,22.018388384957863,21.25979689752821,22.35105953,20.72109580074993,20.80332810558209,21,21.06038325348928,,-3.4,95
2026-01-07 11:45,1370.835496206886,318.5919693,166.8990119951668,23.53484695937368,121.04456024839963,0,1000,0,162.77102162304436,0,133.7387395263504,0,68.54177481034431,15.92959846,8.3449506,1.5689897972915787,9.68356482,0,100,0,13.021681729843548,0,8.915915968,0,21,21,21,21,21,21,23,19,21,19,21,,21,21,21,21.11937962259803,21.11461964624433,21.229540836999817,22.376241708238524,20.74059533057241,20.94,20.83237583150901,21.053998877447647,,-3.2,82
2026-01-07 12:00,1363.7713756602443,328.69338768334273,179.52400981609026,168.09918748115524,213.48242519895572,14.25571387241871,1000,0,164.84415695658026,0,265.88860311705866,0,68.18856878301222,16.434669384167137,8.976200490804512,11.206612498743683,17.078594015916458,2.851142774483742,100,0,13.18753255652642,0,17.725906874470578,0,21,21,21,21,21,21,23,19,21,19,21,,21,21,21,21,21,21.085104370553267,22.38742064859317,20.746244394751187,21,20.82285722864485,21,,-3.1,36
2026-01-07 12:15,1356.526467724212,336.6846689160957,189.99030612301797,186.1630980029004,245.06512632624435,34.03008811,1000,0,147.5367477413638,0,285.74611226194975,0,67.82632339,16.834233445804784,9.499515306150899,12.410873200193361,19.60521010609955,6.806017623,100,0,11.802939819309104,0,19.049740817463316,0,21,21,21,21,21,21,23,19,21,19,21,,21,21,21,21,21,21.000000000000004,22.39209143921329,20.74557952130356,21,20.82728437,21,,-3.1,36
2026-01-07 12:30,1348.7920302299935,342.4421195,199.02252336582023,217.86145565967308,273.8374504426065,54.54435663652839,1000,0,151.81255698742825,0,312.4534696083174,0,67.43960151149967,17.12210597,9.951126168291012,14.524097043978205,21.90699603540852,10.908871327305679,100,0,12.14500455899426,0,20.83023130722116,0,21,21,21,21,21,21,23,19,21,19,21,,21,21,21,21,21,21,22.41507725,20.764478660817723,21,20.843191067912155,21,,-2.9,96
2026-01-07 12:45,1340.7127926343928,346.2519781,206.78914042551696,211.68367562845745,265.08105765897926,50.92701212897373,1000,0,133.9128051,0,302.1139903438234,0,67.03563963171965,17.3125989,10.339457021275848,14.112245041897165,21.20648461271834,10.185402425794745,100,0,10.71302440908592,0,20.140932689588226,0,21,21,21,21,21,21,23,19,21,19,21,,21,21,21,21,21,21,22.418159020624003,20.762788780164872,21,20.837898139359503,21,,-2.6,116
2026-01-07 13:00,1330.727723317681,0,0,213.86402293373249,264.3782837925937,53.16308146075608,1000,0,134.4087234730032,0,299.5880975386499,0,66.53638616588405,0,0,14.25760153,21.1502627,10.632616292151218,100,0,10.752697877840255,0,19.97253983590999,0,21,17.04,17.04,21,21,21,23,19,21,19,21,,21,21,21,21,21,21,22.43895617117038,20.78007197,21,20.853623192402665,21,,-2.4,26
2026-01-07 13:15,1320.4126846749732,0,0,211.04055835641705,258.51338466652305,51.94016111259771,1000,0,120.0350545215224,0,291.3309888507101,0,66.02063423374865,0,0,14.069370557094471,20.681070773321846,10.388032222519541,100,0,9.602804361721791,0,19.422065923380675,0,21,17,17,21,21,21,23,19,21,19,21,,21,20.74412421372964,20.84481057068348,21,21,21,22.446134694239717,20.783219571037083,21,20.85444090521161,21,,-2.5,26
2026-01-07 13:30,2000,448.1304218083562,324.2341974114912,248.6783069983925,293.9090575970652,79.11032244580639,0,264.9046116,208.01360261969603,0,0,0,100,22.406521090417808,16.211709870574563,16.57855379989283,23.512724607765218,15.822064489161278,0,21.192368924626564,16.64108820957568,0,0,0,24.960000000000004,20.96,20.96,21,21,21,17.07,20.980000000000004,21,19,18.03,,21,20.569783854155794,20.634979749205023,21,21,21,22.46386669043719,20.797769728508463,21,20.86758826421053,21,,-2.4,76
2026-01-07 13:45,2000,369.6813534179692,245.4668497672192,303.0989121941548,346.66825572754897,118.17084492295544,0,423.3839462570268,355.86998605346344,0,0,0,100,18.48406767089846,12.27334248836096,20.206594146276988,27.73346045820392,23.63416898459109,0,33.870715700562144,28.469598884277076,0,0,0,25,21,21,21,21,21,17,21,21,19,18,,22.355103858773557,20.96,20.96,21,21,21,20.863278143452582,20.980000000000004,21,20.78172779470263,20.774483270488098,,-2.2,80
2026-01-07 14:00,2000,359.5868612451813,235.41005249111367,307.9367308633464,350.29296731551767,121.9413853394417,0,436.2664910602871,371.56491124712375,0,0,0,100,17.979343062259066,11.770502624555684,20.52911539088976,28.023437385241415,24.38827706788834,0,34.90131928482297,29.7251929,0,0,0,25,21,21,21,21,21,17,21,21,19,18,,23.02596250637541,21.000000000000004,21,21,21,21,20.61510145,21,21,20.620037412376867,20.726677519383088,,-2.1,21
2026-01-07 14:15,2000,361.88571642660463,240.1149269765156,309.1832798005962,350.62662771282703,123.12149759372188,0,439.92426576836806,376.6459266492566,0,0,0,100,18.09428582133023,12.00574634882578,20.61221865337308,28.05013021702616,24.624299518744376,0,35.19394126146945,30.131674131940528,0,0,0,25,21,21,21,21,21,17,21,21,19,18,,23.45865553711735,21,21,21,21,21,20.57088034749425,21,21,20.592933115886368,20.721181024332417,,-2.2,21
2026-01-07 14:30,2000,360.11404165334534,241.4943600026818,308.83127008243173,349.72599778265067,123.06212950569534,0,437.1957011243103,375.3683387042147,0,0,0,100,18.005702082667266,12.074718000134089,20.588751338828782,27.978079822612052,24.61242590113907,0,34.97565608994482,30.029467096337175,0,0,0,25,21,21,21,21,21,17,21,21,19,18,,23.752298010907836,21,21,21,21,21,20.554719524289204,21,21,20.58718735416089,20.721463290831355,,-2,77
2026-01-07 14:45,2000,359.6572627735259,243.54806003908016,309.0094119055211,349.66051531142875,123.32249600185604,0,438.1186816,376.7370299565919,0,0,0,100,17.982863138676294,12.177403001954008,20.600627460368074,27.97284122,24.664499200371207,0,35.04949453,30.138962396527354,0,0,0,25,21,21,21,21,21,17,21,21,19,18,,23.968417310480586,21,21,21,21,21,20.541726028650466,21,21,20.585708755403573,20.72227536020843,,-1.9,56
2026-01-07 15:00,2000,358.36644278213134,245.7864191098852,308.6968293902428,349.5275435965559,123.0869118447954,0,438.3936125415749,376.44203223837394,0,0,0,100,17.918322139106568,12.28932095549426,20.579788626016185,27.962203487724473,24.617382368959078,0,35.07148900332599,30.115362579069917,0,0,0,25,21,21,21,21,21,17,21,21,19,18,,24.144803359409902,21.000000000000004,21,21,21,21,20.52969920200399,21,21,20.582788692469112,20.72371139324706,,-2,14
2026-01-07 15:15,2000,354.0969515,247.80758408350084,308.2626733050856,349.64441350432026,122.75949352654423,0,439.3197418079617,374.95449666957575,0,0,0,100,17.704847574727502,12.390379204175042,20.55084488700571,27.971553080345622,24.551898705308847,0,35.145579344636936,29.99635973356606,0,0,0,25,21,21,21,21,21,17,21,21,19,18,,24.29839641,21,21,21,21,21,20.52036388,21,21.000000000000004,20.581717557243124,20.72690911428173,,-2.1,13
2026-01-07 15:30,2000,348.5107722748889,249.48599006452787,166.15109883659898,198.32778239786057,60.21423344432242,0,440.8163522558034,372.4543913502566,0,1500,0,100,17.425538613744443,12.474299503226394,11.076739922439932,15.866222591828846,12.042846688864483,0,35.26530818046427,29.79635130802053,0,100,0,25,21,21,21,21,21,17,21,21,19,22.94,,24.43800087734753,21.000000000000004,21,21,21,21,20.51196663822291,21,21,20.582308804029687,20.733548777742826,,-2,28
2026-01-07 15:45,2000,341.5092735969665,250.66030301134012,0,0,0,0,436.4847125026572,362.3897734988896,0,1500,0,100,17.075463679848326,12.533015150567005,0,0,0,0,34.91877700021258,28.99118187991117,0,100,0,25,21,21,21,21,21,17,21,21,19,23,,24.55472422493225,21,21,21.005741103711912,21,21.04823059253292,20.503886607207463,21,21,20.58414315189779,21.893341623162133,,-2.1,15
2026-01-07 16:00,2000,363.7254897,252.56536797253284,0,0,0,0,434.1668287441353,368.56777620582943,0,1500,0,100,18.186274483122002,12.628268398626641,0,0,0,0,34.73334629953082,29.485422096466355,0,100,0,25,21,21,21,21,21,17,21,21,19,23,,24.67976796809009,21,21,21.071076979952352,21.04196198451493,21.18344663,20.502120888025377,21,21,20.59369048,22.175655305205627,,-2,1
2026-01-07 16:15,2000,373.0410962096612,254.16054970332695,0,0,0,0,432.3119166917713,370.7718539,0,1500,0,100,18.652054810483058,12.708027485166348,0,0,0,0,34.58495334,29.66174831529992,0,100,0,25,21,21,21,21,21,17,21,21,19,23,,24.778264143486123,21,21,21.115010792225537,21.081046777006303,21.23011966693375,20.49953035454406,21,21,20.58811500016401,22.16355198426643,,-2.3,1
2026-01-07 16:30,2000,377.3121692,255.9784148722865,0,0,0,0,429.51723943937577,369.8812793323996,0,1500,0,100,18.86560846,12.798920743614325,0,0,0,0,34.36137915515006,29.590502346591965,0,100,0,25,21,21,21,21,21,17,21,21,19,23,,24.844239931605237,21,21,21.159051986006844,21.12523848416912,21.27771659561752,20.496761544293594,21,21,20.58465194,22.198553664949102,,-2.4,0
2026-01-07 16:45,2000,380.9057671054361,257.6389483848052,0,0,0,0,426.1043076900405,368.08978447022855,0,1500,0,100,19.045288355271804,12.881947419240259,0,0,0,0,34.08834461520324,29.447182757618283,0,100,0,25,21,21,21,21,21,17,21,21,19,23,,24.89802021007806,21,21,21.202239377789148,21.16790122988169,21.32411134810986,20.495542997948867,21,21,20.585412895168147,22.245529888035627,,-2.5,0
2026-01-07 17:00,1990.974247816093,383.9658551918183,258.76927193448864,0,0,0,0,422.3599441740698,367.3681927374091,0,1500,0,99.54871239080465,19.198292759590917,12.938463596724432,0,0,0,0,33.78879553392559,29.38945541899273,0,100,0,25,21,21,21,21,21,17,21,21,19,23,,24.958526719952296,21,21,21.259717576765752,21.22472989821437,21.38399048821649,20.495463066527684,21,21,20.58705784608653,22.302390520943508,,-2.2,0
2026-01-07 17:15,1968.5679276740773,386.5929199752136,260.0687653262757,0,0,0,0,418.9239226365608,365.3775474694485,0,1500,0,98.42839638370386,19.32964599876068,13.003438266313784,0,0,0,0,33.51391381092486,29.230203797555877,0,100,0,25,21,21,21,21,21,17,21,21,19,23,,25,21,21,21.29852606521385,21.263270892814123,21.423149329375704,20.49627072,21,21,20.58780534169643,22.339083802521586,,-2.4,0
2026-01-07 17:30,0,388.8972443836149,261.27676937952737,0,0,0,256.6459999984839,348.3175069266036,295.83666973911687,0,1500,0,0,19.444862219180745,13.063838468976368,0,0,0,25.664599999848388,27.86540055412829,23.66693357912935,0,100,0,16.1,21,21,21,21,21,20.96,21,21,19,23,,25,21,21,21.32545413342525,21.28954931896476,21.451158076129136,20.49696505158573,21,21,20.589699971386413,22.365235678555496,,-2.4,0
2026-01-07 17:45,0,390.8579193996488,262.1882824798935,0,0,0,247.97582792025528,312.46533705471256,260.93552028252384,0,1499.999999999999,0,0,19.54289596998244,13.109414123994673,0,0,0,24.79758279202553,24.997226964377006,20.874841622601906,0,99.99999999999994,0,15.999999999999991,20.999999999999982,20.999999999999982,20.999999999999982,20.999999999999982,20.999999999999982,20.999999999999982,20.999999999999982,20.999999999999982,18.999999999999982,22.999999999999982,,21.27752490095989,21,21,21.425424668907034,21.39191213380961,21.56170580652767,20.96,21,21,20.660872294465108,22.463939824927145,,-2.5,0
2026-01-07 18:00,0,391.9905268652277,262.5023437498021,0,0,0,238.95544417346971,304.1564863561653,253.46824917599952,0,1500,0,0,19.599526343261388,13.125117187490105,0,0,0,23.895544417346972,24.332518908493228,20.27745993407996,0,100,0,16,21,21,21,21,21,21,21,21,19,23.000000000000004,,18.998442149627376,20.999999999999982,20.999999999999982,21.54723384426515,21.51432170251997,21.69001922,20.999999999999996,20.999999999999982,20.999999999999982,20.70041950362104,22.58450694211004,,-2.2,0
2026-01-07 18:15,0,392.6484677925376,262.46611375499924,0,0,0,235.02763945839007,300.84830203716047,250.87341487665492,0,1500,0,0,19.63242338962688,13.123305687749962,0,0,0,23.502763945839007,24.06786416297284,20.069873190132395,0,100,0,16,21,21,21,21,21,21,21,21,19,23,,17.76384493233149,21,21.000000000000004,21.60839384145595,21.57398124666069,21.750456544385564,21,21,21,20.710906434628235,22.645814991091758,,-2.2,0
2026-01-07 18:30,0,393.0174878558282,262.24440434004464,0,0,0,232.43502714411895,298.6689977868064,249.30152445065505,0,1500,0,0,19.650874392791412,13.112220217002232,0,0,0,23.243502714411893,23.893519822944516,19.944121956052403,0,100,0,16,21,21,21,21,21,21,21,21,19,23,,17.091050999111253,21,21,21.634082990482487,21.598546749141047,21.775195142686112,21,21,21,20.71469976490143,22.672079707019492,,-2.3,0
2026-01-07 18:45,0,393.1972180178818,262.2731562295303,0,0,0,231.37498130060703,298.09119405442834,247.3415223029151,0,1500,0,0,19.659860900894092,13.113657811476514,0,0,0,23.137498130060703,23.847295524354266,19.78732178423321,0,100,0,16,21,21,21,21,21,21,21,21,19,23,,16.69777391509205,21,21,21.649744753758927,21.613561404575748,21.79053304375632,21,21,21,20.71708184538338,22.68827937098689,,-2.3,0
2026-01-07 19:00,0,393.4255369458952,261.62927503065293,0,0,0,229.40595745035895,296.05133457992633,247.24193947920503,0,1500,0,0,19.67127684729476,13.081463751532647,0,0,0,22.940595745035896,23.684106766394105,19.77935516,0,100,0,16,21,21,21,21,21,21,21,21,19,23,,16.43325490735531,21,21,21.659710477286072,21.621895743200746,21.800607069886865,21,21.000000000000004,21,20.719677281992983,22.700453717258547,,-2.3,0
2026-01-07 19:15,0,393.7204861164937,261.2872163356624,0,0,0,227.93383629719028,294.43613134605766,246.28417489927236,0,1500,0,0,19.686024305824684,13.064360816783118,0,0,0,22.793383629719028,23.554890507684615,19.702733991941788,0,100,0,16,21,21,21,21,21,21,21,21,19,23,,16.22074888,21,21,21.667355398780327,21.62988230586939,21.80768355279136,21,21,21,20.720435175036386,22.707268950518056,,-2.3,0
2026-01-07 19:30,58.85085036479868,394.0630386055054,260.9810265849505,0,0,0,123.35727478406696,136.2840034,107.5743425147506,1250,0,0,2.942542518239934,19.703151930275272,13.049051329247524,0,0,0,12.335727478406696,10.902720271514962,8.605947401180048,100,0,0,16,21,21,21,21,21,21,21,21,24.930000000000003,21.02,,16.038380933767172,21,21,21.67487611774304,21.63728106254992,21.815080444896022,21,21,21,20.72177666,22.714549971325308,,-2.3,0
2026-01-07 19:45,109.0235083074358,394.5923202912927,260.97288301033586,0,0,0,4.313399671611478,0,0,1250,0,0,5.451175415,19.729616014564634,13.048644150516793,0,0,0,0.4313399671611478,0,0,100,0,0,16,21,21,21,21,21,21,21,21,25,21,,16,21,21,21.55978756957633,21.51535627649276,21.681620470761064,21,21.00325104503905,21.021471668168584,22.181813033879795,21.566373074138056,,-2.4,0
2026-01-07 20:00,143.5232885307105,395.5845901544599,261.1272501826752,0,0,0,0,0,0,1250,0,0,7.176164426535524,19.779229507722995,13.05636250913376,0,0,0,0,0,0,100,0,0,16,21,21,21,21,21,21,21,21,25,21,,16,21,21,21.26539837745484,21.21655752923433,21.368762681325983,21.002384849090888,21.05604333142509,21.10646845281268,22.441956780356147,21.21485604460491,,-2.3,0
2026-01-07 20:15,177.0720619274107,397.0190899,261.7173897428765,0,0,0,0,0,0,1250,0,0,8.853603096370534,19.85095449,13.085869487143825,0,0,0,0,0,0,100,0,0,16,21,21,21,21,21,21,21,21,25,21,,15.999999999999996,21,21,21.13659844305878,21.092830366761376,21.24700965,21.01989019754112,21.085641644823784,21.138551665519657,22.473087898550823,21.099100793317056,,-2.3,0
2026-01-07 20:30,203.8716664416133,398.5731115522904,262.53417502113007,19.651694622934883,84.36713139636049,0,0,0,0,1250,101.69705406810316,0,10.193583322080665,19.92865557761452,13.126708751056503,1.3101129748623255,6.749370512,0,0,0,0,100,6.779803605,0,16,21,21,21,21,21,21,21,21,25,21,,16,21,21,21.054266309476915,21.00830774832606,21.156724238727243,21.032573506709728,21.097260907130227,21.148920460649727,22.503712703888425,21.004389218440284,,-2.4,0
2026-01-07 20:45,226.7358860763852,400.0537776947058,263.52844450283374,135.57408010949803,192.76460448043872,0,0,0,0,1250,210.91675530535213,0,11.33679430381926,20.00268888473529,13.176422225141687,9.038272007299868,15.421168358435098,0,0,0,0,100,14.061117020356809,0,16,21,21,21,21,21,21,21,21,25,21,,16,21,21,21,21,21.087097552649176,21.04567682775951,21.110770828165467,21.162661877065847,22.53120031820761,21,,-2.5,0
2026-01-07 21:00,248.0722104997203,402.89987346852286,264.8833309577494,169.0752055005578,229.5272638414572,23.58092880842014,0,0,0,1250,252.5378813482348,0,12.403610524986016,20.144993673426143,13.24416654788747,11.271680366703853,18.362181107316577,4.716185761684028,0,0,0,100,16.835858756548987,0,16,21,21,21,21,21,21,21,21,25,21,,16,21.000000000000004,21,21,21,21.00270865662749,21.056313876103737,21.122009194276256,21.173999479689748,22.55056311754249,21,,-2.3,0
2026-01-07 21:15,266.8107008511779,405.0724880012822,266.2122017186048,193.38121773863168,252.967108,38.24455860562375,0,0,0,1250,279.06085731897474,0,13.340535042558894,20.25362440006411,13.31061008593024,12.892081182575446,20.23736863737664,7.648911721,0,0,0,100,18.604057154598316,0,16,21,21,21,21,21,21,21,21,25,21,,16.000000000000004,21,21,21,21,21,21.06965366368385,21.13591374527013,21.18777079079212,22.57130636,21.000000000000004,,-2.4,0
2026-01-07 21:30,1909.0404807625816,406.8896979219962,267.64716832152817,195.21470229878705,254.9610952318734,39.018342243955374,0,0,0,1250.0000000000025,283.5796864917818,0,95.45202403812908,20.34448489609981,13.382358416076407,13.014313486585804,20.396887618549872,7.8036684487910755,0,0,0,100,18.905312432785454,0,20.94000000000004,21.00000000000004,21.00000000000004,21.00000000000004,21.00000000000004,21.00000000000004,21.00000000000004,21.00000000000004,21.00000000000004,25.00000000000004,21.00000000000004,,16,21,21,21,21,21,21.077917757576387,21.14448953659656,21.19609110663644,22.585682289960104,21,,-2.4,0
2026-01-07 21:45,2000,408.5446424331494,268.7462996097432,194.8124772,255.16332716761943,38.294211713772405,0,0,0,1249.9999999999998,285.9543312679901,0,100,20.42723212165747,13.437314980487159,12.987498477214666,20.413066173409554,7.658842342754482,0,0,0,99.99999999999997,19.06362208453267,0,21,21,21,21,21,21,21,21,21,24.999999999999996,21,,19.383893966508356,21.00000000000004,21.00000000000004,21.00000000000004,21.00000000000004,21.00000000000004,21.118016226128887,21.18611243215902,21.238013131375464,22.63330052556929,21.00000000000004,,-2.5,0
2026-01-07 22:00,1625.9775168333726,410.19735910256713,269.8695426809827,195.59848184320072,256.5569987,38.45042609572374,0,0,0,1250,289.0888873679105,0,81.29887584166863,20.509867955128357,13.493477134049135,13.039898789546715,20.52455989433496,7.690085219144748,0,0,0,100,19.272592491194033,0,21,21,21,21,21,21,21,21,21,25,21,,20.587965368115142,21,21,21,21,21,21.15539270092676,21.22458971953801,21.276467820202924,22.67635459369926,21,,-2.3,0
2026-01-07 22:15,1539.0653309890022,411.8156056792868,270.93333684905883,196.8224993237345,258.31923156128323,38.88986662721436,0,0,0,1250,292.3346880830213,0,76.95326655,20.590780283964342,13.546666842452941,13.121499954915633,20.665538524902658,7.777973325442872,0,0,0,100,19.488979205534754,0,21,21,21,21,21,21,21,21,21,25,21,,21,21,21,21,21,21,21.171060668952343,21.240492234441987,21.29210164217834,22.696073983894365,21,,-2.3,0
2026-01-07 22:30,1518.6207891620725,413.40902581382034,272.1563484,198.18341527134544,260.20509186740674,39.43394886780516,0,0,0,1250,295.518507,0,75.93103945810363,20.670451290691016,13.60781742,13.212227684756362,20.816407349392538,7.8867897735610315,0,0,0,100,19.701233797816535,0,21,21,21,21,21,21,21,21,18.03,25,21,,21,21,21,21.000000000000004,21,21,21.177450071042543,21.24703294417571,21.29845533418507,22.706119268805494,21,,-2.4,0
2026-01-07 22:45,1460.8598449442034,414.9489308434968,273.2212356927448,199.3235445430801,261.8714412574591,39.83809346516136,0,0,0,1250,298.3271443907397,0,73.04299224721018,20.74744654217484,13.66106178463724,13.288236302872006,20.949715300596726,7.967618693032271,0,0,0,100,19.888476292715982,0,21,21,21,21,21,21,21,21,18,25,21,,21,21,21,21,21,21,21.18141511741686,21.251146132909643,21.30240701,22.713447107288648,21,,-2.5,0
2026-01-07 23:00,1433.699404191886,416.3571768,274.23934,200.37582761851445,263.4488775195059,40.23120613261199,0,0,0,1250,300.9207541727992,0,71.68497020959431,20.81785884,13.711967,13.358388507900964,21.075910201560472,8.046241226522397,0,0,0,100,20.061383611519947,0,21,21,21,21,21,21,21,21,18,25,21,,21,21,21,21,21,21,21.186337769489427,21.256270108756944,21.30740526,22.72151278791655,21,,-2.2,0
2026-01-07 23:15,1413.6232200195643,417.8033871871048,275.2313251534142,201.21546541724456,264.8071400415138,40.48798135458128,0,0,0,1250,303.1891418467203,0,70.68116100097822,20.89016935935524,13.761566257670712,13.414364361149637,21.184571203321102,8.097596270916256,0,0,0,100,20.21260945644802,0,21,21,21,21,21,21,21,21,18,25,21,,21,21,21,21,21,21,21.19088820850625,21.26099746968342,21.311989964362944,22.72876462443102,21,,-2.6,0
2026-01-07 23:30,1398.5069795631075,419.259282,276.34040084727314,203.72128686197684,267.8279436177094,41.94185547123489,37.02987783615463,31.19833217626656,0,4.515077627,307.02639186270244,0,69.92534897815538,20.96296409914925,13.817020042363659,13.58141912413179,21.426235489416754,8.388371094246978,3.7029877836154634,2.495866574101325,0,0.36120621016860244,20.468426124180162,0,21,21,21,21,21,21,21,21,18,21.04,21,,21,21,21,21,21,21,21.195976380913912,21.26630070591717,21.317176044217643,22.73638323,21,,-2.7,0
2026-01-07 23:45,1386.9331111069296,420.6851222737605,277.27471905016864,219.37479787595657,283.97098585564163,52.72877466578393,191.00992113736447,235.7395439359134,0,129.14617173646548,323.9415755783484,0,69.34665555534649,21.034256113688024,13.863735952508431,14.624986525063772,22.71767886845133,10.545754933156786,19.100992113736446,18.85916351487307,0,10.331693738917238,21.596105038556562,0,21,21,21,21,21,21,21,21,18,21,21,,21,21,21,21,21,21,21.094901454386637,21.135646571450547,21.160094428716093,21.29457339864095,21,,-2.7,0
2026-01-08 0:00,1377.8295940779865,421.9077484965892,278.0990958966104,224.0548120743188,289.0204909448803,55.74497456,229.64339230103724,297.9967220651488,0,184.20792803465883,329.6198848163731,0,68.89147970389932,21.09538742482946,13.90495479483052,14.936987471621253,23.121639275590425,11.14899491,22.964339230103725,23.839737765211904,0,14.736634242772707,21.974658987758207,0,21,21,21,21,21,21,21,21,18,21,21,,21,21,21,21.000000000000004,21,21,21,21,20.80838742795989,21,21,,-2.6,0
2026-01-08 0:15,1370.6911261953846,423.0124607289108,279.04081034279807,231.20484674258117,296.50059848447927,60.51079161887901,242.62641259423617,316.8122651178128,0,219.01801324639385,337.6726924823706,0,68.53455630976923,21.15062303644554,13.952040517139903,15.413656449505412,23.72004787875834,12.102158323775802,24.262641259423617,25.344981209425022,0,17.52144105971151,22.51151283215804,0,21,21,21,21,21,21,21,21,18,21,21,,21,21,21,21,21,21.000000000000004,21,21,20.725292539297623,21,21,,-2.6,0
2026-01-08 0:30,1364.8756573561268,424.0348797350962,280.3777541114414,133.88465120480032,1250,30.22872698,190.33841306133672,235.58459305942503,0,1060.7762585156152,238.6046585954209,0,68.24378286780633,21.20174398675481,14.01888770557207,8.925643413653354,100,6.045745396,19.033841306133674,18.84676744,0,84.86210068124922,15.906977239694726,0,21,21,21,21,23.97,21,21,21,18,21.99,21,,21,21,21,21,21,21,21,21,20.706293109073066,21,21,,-2.6,0
2026-01-08 0:45,1360.263959081296,424.9311048548407,281.0449490067658,0,1250,0,97.93130015251882,91.55526051,0,895.9582192126254,65.20399153742619,0,68.01319795406481,21.246555242742037,14.05224745033829,0,100,0,9.793130015251881,7.324420841,0,71.67665753701003,4.346932769161746,0,21,21,21,21,24,21,21,21,18,22,21,,21,21,21,21,21.751142746665103,21.04196367588933,21,21,20.78338351743656,21.955887050986387,21,,-2.7,0
2026-01-08 1:00,1352.693580324949,425.0585727118596,281.42500034784825,0,1250,0,85.12402935674254,71.67851681886168,0,916.6743804038742,36.11541809602932,0,67.63467901624745,21.25292863559298,14.071250017392412,0,100,0,8.512402935674254,5.7342813455089345,0,73.33395043230993,2.4076945397352882,0,21,21,21,21,24,21,21,21,18,22,21,,21,21,21,21.027140029523853,21.91436702099446,21.143487334930256,21,21,20.937145745645186,22,21,,-2.4,0
2026-01-08 1:15,1345.8131810046723,424.89640609819617,281.44291523256106,0,1250,0,80.56218220961455,64.64393354194544,0,896.7793063144381,1.5358466164580022,0,67.29065905023361,21.24482030490981,14.072145761628054,0,100,0,8.056218220961455,5.171514683355635,0,71.74234450515505,0.10238977443053349,0,21,21,21,21,24,21,21,21,18,22,21,,21.000000000000004,21,21,21.05029089600283,21.924144662933923,21.168724021681005,21,21,20.971141472180456,22,21,,-2.4,0
2026-01-08 1:30,1339.717770038587,424.58664934762055,280.9241202209996,0,1250,0,74.20069266891005,55.00360762598211,0,886.3123402911478,0,0,66.98588850192935,21.229332467381028,14.04620601104998,0,100,0,7.420069266891005,4.400288610078569,0,70.90498722329183,0,0,21,21,21,21,24,21,21,21,18,22,21,,21,21,21,21.075263934736167,21.952477248250123,21.194698299442944,21,21,20.974532457757498,22,21,,-2.4,0
2026-01-08 1:45,1334.0989238543862,424.2073021431861,280.62320889400144,0,1250,0,73.38852310016227,53.83597102,0,883.8155396811962,0,0,66.70494619,21.210365107159305,14.031160444700072,0,100,0,7.338852310016227,4.306877681685728,0,70.70524317,0,0,21,21,21,21,24,21,21,21,18,22,21,,21,21,21,21.090705527291632,21.97260617847853,21.209935357302133,21,21,20.98308017863576,22,21.010134428794714,,-2.4,0
2026-01-08 2:00,1329.6376846378462,423.8448606,280.4247059186964,0,1250,0,71.86902593281957,51.52158817212694,0,880.2647461381857,0,0,66.48188423189231,21.19224303,14.02123529593482,0,100,0,7.186902593281957,4.121727053770155,0,70.42117969105486,0,0,21,21,21,21,24,21,21,21,18,22,21,,21,21,21,21.10738433,21.99122814696297,21.22766026,21,21,20.985495796856767,22,21.02624899114566,,-2.3,0
2026-01-08 2:15,1325.484989570563,423.5747905589051,280.24972913161764,0,1250,0,71.20125253854894,50.52999801756232,0,878.3196630045386,0,0,66.27424947852815,21.178739527945254,14.012486456580882,0,100,0,7.120125253854894,4.042399841404985,0,70.26557304,0,0,21,21,21,21,24,21,21,21,18,22,21,,21,21,21,21.12183240791066,22.00673380293762,21.242416209045366,21,21,20.98793032915268,22,21.04005983287276,,-2.3,0
2026-01-08 2:30,0,52.92104741525418,2000,0,1250,0,17.572318661818827,12.287767698204334,1250,613.3341283773148,0,0,0,2.646052370762709,100,0,100,0,1.7572318661818827,0.9830214158563467,100,49.06673027018518,0,0,17.039999999999996,21,24.960000000000004,21,24,21,21,21,24.92,22,21,,21,21,21,21.13731729159561,22.023382698086717,21.25863262794974,21,21,20.98938925636483,22,21.05496983601821,,-2.3,0
2026-01-08 2:45,213.2774557935285,0,2000,0,1250,0,0,0,1250,329.4248662362261,0,0,10.663872789676425,0,100,0,100,0,0,0,100,26.353989298898085,0,0,17,21,25,21,24.000000000000004,21,21,21,25,22,21,,18.412534664841612,21.572475106309344,22.57155802504966,21.19088826552963,22.079654148982957,21.31800465417649,21.16677714057094,21.21826700959092,22.53113328548356,22,21.10771174451622,,-2.4,0
2026-01-08 3:00,355.66369578114063,0,0,0,1250,0,0,0,1250,263.06149614892456,0,0,17.78318478905703,0,0,0,100,0,0,0,100,21.044919691913964,0,0,17,17.04,17.09,21,24,21,21,21,25,22,21,,17.200269247352445,22.321248669773134,23.354415052879048,21.27890120571729,22.16901435343849,21.410815907429537,21.432942777656685,21.50971793565423,22.884656984703927,22,21.19439215402344,,-2.6,0
2026-01-08 3:15,406.5449422274469,0,0,0,1250,0,0,0,1250,228.70431835579316,0,0,20.327247111372344,0,0,0,100,0,0,0,100,18.296345468463453,0,0,17,17,17,21,24,21,21,21,25,22,21,,17,21.996363325608144,22.074680916017417,21.340969478764865,22.230596635872114,21.47345957483647,21.51753009724672,21.596135675786535,22.98644100460753,22,21.255251502613497,,-2.6,0
2026-01-08 3:30,428.5610006044126,78.08479712432381,2000,0,1250,0,0,0,1250,200.0228030014414,0,0,21.42805003022063,3.904239856216191,100,0,100,0,0,0,100,16.00182424011531,0,0,17,20.96,24.91,21,24,21,21,21,25,22,21,,17,21.11668178550171,21.18749848798649,21.386332058294627,22.275533617686943,21.518660533856675,21.55969043167773,21.638796984430765,23.04140185309896,22,21.29994348282517,,-2.6,0
2026-01-08 3:45,448.0761274745564,0,2000,0,1250,0,0,0,1250,178.24204825331373,0,0,22.40380637372782,0,100,0,100,0,0,0,100,14.259363860265099,0,0,17,21,25,21,24,21,21,21,25,22,21,,17,21.385344456216355,22.40632444,21.429014529369923,22.31884215225432,21.56291587526829,21.593296978245263,21.672884534513077,23.08522238514585,22,21.34232970090637,,-2.6,0
2026-01-08 4:00,467.92469750271175,0,2000,0,1250,0,0,0,1250,163.71003625565754,0,0,23.39623487513559,0,100,0,100,0,0,0,100,13.096802900452603,0,0,17,21,25,21,24,21,21,21,25,22,21,,17,22.12405284114307,23.15552173311676,21.468415181881007,22.35830577735272,21.60284827373971,21.620104839384908,21.699895380994143,23.12014668415056,22,21.38120222269487,,-2.6,0
2026-01-08 4:15,495.8949934,0,2000,0,1250,0,0,0,1250,153.4293093434062,0,0,24.79474966824855,0,100,0,100,0,0,0,100,12.274344747472496,0,0,17,21,25,21,24,21,21,21,25,22,21,,17,22.52716541953039,23.559976110695523,21.497838927436057,22.38720724521174,21.631596136186616,21.639200242468355,21.71894481312711,23.14590828110081,22,21.40983445498781,,-2.6,0
2026-01-08 4:30,518.7363507159407,0,2000,0,0,0,0,0,1250,138.1940634098064,1500,0,25.936817535797037,0,100,0,0,0,0,0,100,11.055525072784512,100,0,17,21,25,21,16.09,21,21,21,25,22,24.96,,17,22.73226954912046,23.77106482,21.517789810563823,22.40634174212649,21.65022859243432,21.65301880641902,21.732601526978105,23.165240696789088,22,21.429015515252285,,-2.6,0
2026-01-08 4:45,537.8164363285214,0,2000,0,0,0,0,0,1250,124.00868202875428,1500,0,26.89082181642607,0,100,0,0,0,0,0,100,9.920694562300342,100,0,17,21,25,21,16,21,21,21,25,22,25,,17,22.946621840998205,23.99678559381613,21.558168608931684,21.55330127,21.69346760318093,21.67064910689644,21.750269377221407,23.18807476936157,22,22.50636192224841,,-2.6,0
2026-01-08 5:00,553.1399269391914,0,2000,0,0,0,0,0,1250,118.6152532296037,1500,0,27.656996346959566,0,100,0,0,0,0,0,100,9.489220258368295,100,0,17,21,25,21,16,21,21,21,25,22,25,,17,23.13439572463801,24.18798166130724,21.627856643575196,21.57281776460312,21.76459237680665,21.68827921952594,21.767828051978395,23.210026869019085,22,22.657103523910568,,-2.6,0
2026-01-08 5:15,566.0033590108505,0,2000,0,0,0,0,0,1250,110.75106585978938,1500,0,28.300167950542527,0,100,0,0,0,0,0,100,8.860085269,100,0,17,21,25,21,16,21,21,21,25,22,25,,17,23.227393100649625,24.27862337174676,21.66265433980393,21.630257826114693,21.795835744384544,21.69719399787324,21.77631779266147,23.222388314719343,22,22.651338334074403,,-2.9,0
2026-01-08 5:30,576.8110455813567,0,2000,0,0,0,0,0,1250,102.3543808374052,1500,0,28.840552279067833,0,100,0,0,0,0,0,100,8.188350466992416,100,0,17,21,25,21,16,21,21,21,25,22,25,,17,23.30584775915248,24.364817184561105,21.693484259848336,21.65379217,21.827134435042566,21.707004341315137,21.785864054527018,23.235516393683376,22,22.691593962928728,,-3.1,0
2026-01-08 5:45,585.8962713055371,0,2000,0,0,0,0,0,1250,93.48982791,1500,0,29.294813565276854,0,100,0,0,0,0,0,100,7.479186233,100,0,17,21,25,21,16,21,21,21,25,22,25,,17,23.38847655777284,24.448771357868747,21.723754300771112,21.67938498335987,21.856419022438097,21.71789253369526,21.796472710270866,23.24931401462649,22,22.72946895,,-3.3,0
2026-01-08 6:00,594.2582938076139,0,2000,0,0,0,0,0,1250,84.22309822876196,1500,0,29.712914690380693,0,100,0,0,0,0,0,100,6.737847858300956,100,0,17,21,25,21,16,21,21,21,25,22,25,,17,23.46870773534256,24.532223831838024,21.755670632999568,21.709175373226703,21.88771355804476,21.72906695165457,21.807364009575725,23.26308352220861,22,22.76352758808552,,-3.2,0
2026-01-08 6:15,601.7204761752455,0,2000,0,0,0,0,0,1250,74.77650996377633,1500,0,30.086023808762274,0,100,0,0,0,0,0,100,5.982120797102107,100,0,17,21,25,21,16,21,21,21,25,22,25,,17,23.546221652645432,24.61207634815764,21.787007768648326,21.73831781244733,21.918381224678843,21.74046524251929,21.81850555,23.27676880060796,22,22.79645619083158,,-3.2,0
2026-01-08 6:30,2000,0,0,0,0,0,1000,0,1250,15.303253567671618,0,0,100,0,0,0,0,0,100,0,100,1.2242602854137294,0,0,22.87,16.06,17.09,21,16,21,23.930000000000003,21,25,22,21.04,,17,23.620477461673797,24.689129836581063,21.81888619365649,21.76819489680795,21.949833314768025,21.75199412748213,21.82977884575573,23.29036202213991,22,22.82973459619138,,-3.1,0
2026-01-08 6:45,2000.0000000000032,0,0,0,0,0,999.8603154425072,0,1250.000000000002,0,0,0,100,0,0,0,0,0,99.98603154425071,0,100,0,0,0,23.00000000000004,16.00000000000002,17.00000000000003,21.00000000000003,16.00000000000002,21.00000000000003,24.00000000000004,21.00000000000003,25.00000000000004,22.00000000000004,21.00000000000003,,19.568258111864616,22.71569004409554,22.83139955459456,21.67124619003138,21.61051279358152,21.777226866589174,23.50868227996628,22.06860918,23.534566231175763,22.183819859260478,21.65491188082787,,-3.1,0
2026-01-08 7:00,2000,0,0,0,0,0,978.6656432805394,0,0,0,0,0,100,0,0,0,0,0,97.86656432805394,0,0,0,0,0,23,16,17,21,16,21,24,21,21.04,22,21,,20.85768181638884,21.62576723592572,21.716986249474253,21.31756911947501,21.25056331913505,21.398835392195437,23.91948322119995,22.432391492715738,23.90188991277182,22.53333201800532,21.256056703405516,,-3,0
2026-01-08 7:15,2000,0,0,0,0,0,1000,0,0,0,14.014993003136624,0,100,0,0,0,0,0,100,0,0,0,0.9343328668757749,0,23,16,17,21,16,21,24,21,21,22,21,,21.662016494669302,21.012664747673483,21.093049343745804,21.15532471460496,21.09115948363872,21.238242907183583,23.93660096368926,22.45258536261503,22.651412569386157,22.54524595952867,21.087997938276352,,-2.9,0
2026-01-08 7:30,2000,0,0,9.556429405,0,0,1000,0,0,0,100.85136354904898,0,100,0,0,0.6370952936878893,0,0,100,0,0,0,6.7234242366032655,0,23,16,17,21,16,21,24,21,21,22,21,,22.20403986382953,20.674446787201816,20.764837919565988,21.069140215069154,21.00634307457936,21.153091030296373,23.734757068047664,22.185945350696112,22.310401276207497,22.27021931481587,21.007058551355115,,-2.8,0
2026-01-08 7:45,2000,0,0,62.76941602456645,0,0,1000,0,0,0,164.47863039851654,0,100,0,0,4.184627734971097,0,0,100,0,0,0,10.96524202656777,0,23,16,17,21,16,21,24,21,21,22,21,,22.623181980560865,20.47377318341645,20.56184791262933,21.0088873,20.940000819736422,21.085014538472716,23.609733780199967,22.039496322121764,22.16558168331906,22.12167355538232,21,,-3.3,0
2026-01-08 8:00,1912.103653412325,0,0,95.14831862966456,0,0,1000,0,0,32.852155281485466,200.72328137539807,0,95.60518267061626,0,0,6.343221241977637,0,0,100,0,0,2.6281724225188374,13.381552091693205,0,23,16,17,21,16,21,24,21,21,22,21,,22.91386663965265,20.335737562059325,20.42781827311733,21,20.894626160118168,21.03968235200609,23.53582013370693,21.951063783672367,22.065494699280336,22.03084101638489,21,,-3.4,29
2026-01-08 8:15,1854.247457806676,0,0,120.77536642772613,0,2.645176009133138,1000,0,0,74.45081320865938,226.6070092515729,0,92.71237289033381,0,0,8.051691095181742,0,0.5290352018266276,100,0,0,5.956065056692751,15.10713395010486,0,23,16,17,21,16,21,24,21,21,22,21,,23,20.240544037458942,20.333342176388037,21,20.86995454,21.015063067164057,23.48610985725832,21.889452134868257,21.99421743000498,22,21,,-3.4,39
2026-01-08 8:30,1801.8045908463052,0,0,0,155.7806367181838,28.53070292663415,1000,0,0,1250,262.55006721140853,0,90.09022954231527,0,0,0,12.462450937454705,5.706140585,100,0,0,100,17.503337814093904,0,23,16,17,18.03,20.94,21,24,21,21,24.97,21,,23,20.15653229,20.24301410060844,21,20.85255527106821,21,23.45207233656657,21.84596828404015,21.94465199389638,22,21,,-3.3,44
2026-01-08 8:45,1758.7828723969817,0,0,0,227.0283182042731,26.62980867533406,1000,0,0,1250,258.1209761158534,0,87.93914361984909,0,0,0,18.162265456341846,5.325961735066812,100,0,0,100,17.208065074390227,0,23,16,17,18,21,21,24,21,21,25,21,,23,20.02111001616385,20.10307256482281,20.89014708531979,20.94,21,23.483029107230067,21.871632331821825,21.965087293007933,23.24304354,21,,-3.3,111
2026-01-08 9:00,1716.975241386221,0,0,0,206.4979606,17.399216954805524,1000,0,0,1250,241.5289167815754,0,85.84876206931105,0,0,0,16.51983684791616,3.479843390961105,100,0,0,100,16.10192778543836,0,23,16,17,18,21,21,24,21,21,25,21,,23,19.907593577973625,19.985228813746694,20.882482705063957,21,21.000000000000004,23.68720163765937,22.07698052393648,22.166626399444308,23.534314775059084,21,,-2.8,49
2026-01-08 9:15,1680.0043549734874,0,0,0,172.16679331397063,2.7181803805870004,1000,0,0,1250,210.6048488020388,0,84.00021774867436,0,0,0,13.77334346511765,0.5436360761174001,100,0,0,100,14.040323253469253,0,23,16,17,18,21,21,24,21,21,25,21,,23,19.84507539178285,19.919705384370157,20.894864311682827,21,21,23.80239770711826,22.18831147037964,22.27166522195921,23.611531016935157,21,,-2.5,53
2026-01-08 9:30,1646.185411183833,0,0,0,143.77825316890448,0,967.9255985942837,0,0,1250,185.34896815303728,0,82.30927055919165,0,0,0,11.50226025351236,0,96.79255985942837,0,0,100,12.356597876869152,0,23,16,17,18,21,21,24,21,21,25,21,,23,19.779972125035545,19.849276285734376,20.916052484970397,21,21.004168677538477,23.93146255060687,22.31530356907056,22.39278261767009,23.74383226255627,21,,-1.9,125
2026-01-08 9:45,1614.735102363431,0,0,0,115.99452033290072,0,907.5231666985492,0,0,1250,160.27250130316315,0,80.73675511817156,0,0,0,9.279561626632058,0,90.75231666985492,0,0,100,10.684833420210877,0,23,16,17,18,21,21,24,21,21,25,21,,23,19.72664879992883,19.791900375292244,20.93098598101996,21,21.015840019749614,24,22.42669513916861,22.49792532584069,23.859241678325716,21,,-1.3,237
2026-01-08 10:00,1586.7738413016575,0,0,0,89.38727825359638,0,858.9800089475921,0,0,1250,135.84168585091538,0,79.33869206508287,0,0,0,7.1509822602877104,0,85.89800089475919,0,0,100,9.056112390061026,0,23,16,17,18,21,21,24,21,21,25,21,,23,19.68297726193193,19.74392604955132,20.94559012572442,21,21.029443817644584,24,22.52119300984393,22.58594421001351,23.95583695946545,21,,-1.4,86
2026-01-08 10:15,1560.2970880333503,0,0,0,64.65052689,0,819.6398315150018,0,0,1250,112.71596163282084,0,78.01485440166752,0,0,0,5.172042151184432,0,81.96398315150017,0,0,100,7.514397442188056,0,23,16,17,18,21,21,24,21,21,25,21,,23,19.64698369069552,19.703782708614437,20.959482618044557,21,21.04204451194971,24,22.59562632495912,22.653946832562248,24.03128748477741,21,,-1.1,89
2026-01-08 10:30,731.6338892,1629.5161548351018,468.0818927867717,0,31.182606272712334,0,0,0,0,1250.000000000002,84.50618578018384,0,36.581694461427006,81.47580774175509,23.40409463933858,0,2.4946085018169866,0,0,0,0,100,5.633745718678923,0,21.02000000000003,21.93000000000003,20.96000000000004,19.980000000000032,21.00000000000003,21.00000000000003,18.070000000000025,21.00000000000003,21.00000000000003,25.00000000000004,21.00000000000003,,23,19.61781759727624,19.670403826715617,20.972038975512675,21,21.05304590880221,24,22.65709937486386,22.70914680547021,24.09296303709347,21,,-0.9,142
2026-01-08 10:45,963.5223544,1181.8577544447955,0,0,32.30366589121331,0,0,0,0,1250,88.79499164296915,0,48.17611772141305,59.09288772223978,0,0,2.584293271297065,0,0,0,0,100,5.919666109531276,0,21,22,21,20,21,21,18,21,21,25,21,,21.24881656046513,21.60065645738404,21.08784989902342,20.987651634796084,21.000000000000032,21.065140440584244,22.71481975497125,22.609797078229462,22.64952951961495,24.03772654787521,21.00000000000003,,-0.6,293
2026-01-08 11:00,996.8707758948829,21.531687145574928,8.008377746,0,25.17581294,0,0,0,0,1250,87.42125408417147,0,49.84353879474414,1.0765843572787464,0.40041888729659453,0,2.014065035,0,0,0,0,100,5.828083605611432,0,21,21.01,21,20,21,21,18,21,21,25,21,,21,22,21.482457984931656,20.97978441752534,21,21.05178657,22.477280378539813,22.444513351652752,22.472915183512125,23.86589370547217,21,,-0.6,348
2026-01-08 11:15,1017.7032674059398,295.4000684369433,250.3952737558817,0,12.03383357249307,0,0,0,0,1250,78.12741697478243,0,50.885163370296986,14.770003421847164,12.519763687794086,0,0.9627066857994456,0,0,0,0,100,5.208494464985495,0,21,21,21,20,21,21,18,21,21,25,21,,21,21.19602690527226,21.276927996438243,20.97404448517911,21,21.04175612625396,22.407398888189743,22.38356661271764,22.403529908572587,23.800970798781428,21,,-0.2,353
2026-01-08 11:30,1028.5492034720537,1319.4681814209198,62.85801667666965,0,7.237614039,0,0,0,0,1250,69.31422343511986,0,51.42746017360268,65.97340907104599,3.1429008338334823,0,0.579009123,0,0,0,0,100,4.620948229007991,0,21,21.99,21,20,21,21,18,21,21,25,21,,21,21,21,20.97274356391237,21,21.036872388324426,22.36484946493107,22.352334373422156,22.36510626681115,23.766505807989084,21,,-0.1,152
2026-01-08 11:45,1032.916652713764,899.7415601021203,0,0,4.8525882451267535,0,0,0,0,1250,58.43181797,0,51.64583264,44.987078005106014,0,0,0.3882070596101403,0,0,0,0,100,3.895454531079547,0,21,22,21,20,21,21,18,21,21,25,21,,21,21.947964932240787,21.32703358,20.97231528486283,21,21.033812375249894,22.335924989227024,22.33209752820269,22.340708172134065,23.745394788291883,21,,0.2,235
2026-01-08 12:00,1033.7332753599676,840.5206548829337,0,0,0,0,0,0,0,1250,43.55268564530343,0,51.68666376799838,42.02603274414669,0,0,0,0,0,0,0,100,2.9035123763535617,0,21,22,21,20,21,21,18,21,21,25,21,,21,22,21.57254309020709,20.97333038,21,21.03304701897247,22.319412927102697,22.322779252126534,22.329396485383207,23.73705363063339,21,,-0.2,173
2026-01-08 12:15,1031.3981111833527,803.6886782313886,0,0,0,0,0,0,0,1250,25.17513064893501,0,51.56990555916764,40.18443391156943,0,0,0,0,0,0,0,100,1.678342043262334,0,21,22,21,20,21,21,18,21,21,25,21,,21,22,21.60681709033887,20.97608854852674,20.999671827522874,21.03387423760064,22.31393637420276,22.322992067088503,22.32813145234836,23.73856444627405,21,,0,173
2026-01-08 12:30,1747.2572868087325,776.7812314033071,0,0,0,0,0,0,1249.9999999999998,0,11.73837229560498,0,87.36286434043663,38.83906157016535,0,0,0,0,0,0,99.99999999999997,0,0.782558153,0,22.98,22,21,20,21,21,18,21,23.97,21.04,21,,21,22,21.61885996,20.97909591,21.00132051,21.035545785597407,22.31121274940729,22.325361524943347,22.33084254484131,23.74391855653412,21,,0.1,163
2026-01-08 12:45,1569.7620632559683,763.1205979853621,0,0,0,0,0,0,1250,0,3.8224821796065953,0,78.48810316279842,38.156029899268106,0,0,0,0,0,0,100,0,0.25483214530710635,0,23,22,21,20,21,21,18,21,24,21,21,,22.58517533,22,21.628333537895305,20.98255891168735,21.000872634093884,21.039079724609543,22.30854047911082,22.32745050484185,23.615494113966797,22.464721121363432,21,,0.4,181
2026-01-08 13:00,0,0,0,0,0.698963517,0,0,0,1250,0,0.2755712772567575,0,0,0,0,0,0.055917081383457926,0,0,0,100,0,0.018371418483783833,0,17.129999999999995,17.059999999999995,17.039999999999996,20,20.999999999999996,20.959999999999997,17.999999999999996,20.999999999999996,23.999999999999996,20.999999999999996,20.999999999999996,,23,22,21.63455502436414,20.98515624873425,21.000089369797752,21.041408795742267,22.308605652006754,22.331766275674163,23.684604038734957,22.40520687019193,21,,0.3,69
2026-01-08 13:15,3.157615095558869,0,0,0,0.4202845410351683,0,0,0,1250.000000000001,0,0,0,0.15788075477794344,0,0,0,0.033622763,0,0,0,100,0,0,0,17.000000000000007,17.000000000000007,17.000000000000007,20.00000000000001,21.000000000000018,21.000000000000018,18.00000000000001,21.000000000000018,24.00000000000001,21.000000000000018,21.000000000000018,,20.10247801696646,21.198153616352634,21.18982450741204,20.98712363795761,20.999905957042184,21.043492099808887,22.30777466194708,22.334587573293213,23.69270676205592,22.41127979410849,21.00016987068402,,0.4,68
2026-01-08 13:30,1999.9999999999984,1205.165939373725,197.2967520399561,0,0,0,0,0,1249.9999999999989,0,0,0,99.99999999999993,60.258296968686246,9.864837601997804,0,0,0,0,0,100,0,0,0,22.92999999999998,21.939999999999984,20.959999999999983,19.999999999999982,20.99999999999998,20.99999999999998,17.999999999999982,20.99999999999998,23.99999999999998,20.99999999999998,20.99999999999998,,17.57569431912024,20.50546953564797,20.515312983962318,20.98894972755992,20.999915758979057,21.045484246344465,22.31121583092609,22.34136719292669,23.71165437621908,22.41311564652892,21.00044949944273,,0.3,143
2026-01-08 13:45,1995.804573315924,857.6533129,0,0,0,0,0,0,1250,0,0,0,99.79022866579619,42.88266564537985,0,0,0,0,0,0,100,0,0,0,23,22,21,20,21,21,18,21,24,21,21,,20.744036038319305,21.79522807132548,21.38061326248984,20.991453253055443,21.00173648648664,21.048416229930915,22.317678889171056,22.35081511594006,23.73135514387077,22.41892509159107,21.004061378943103,,0.4,137
2026-01-08 14:00,1612.0984085300188,777.6383084987197,0,0,0,0,0,0,1250,0,0,0,80.60492042650093,38.88191542493598,0,0,0,0,0,0,100,0,0,0,23,22,21,20,21,21,18,21,24,21,21,,22.37380066551977,22,21.58859295520176,20.996897133143836,21.00644704545921,21.05409042810306,22.32620644635137,22.362102589018253,23.751611961185755,22.428197823844435,21.012007087856134,,0.4,28
2026-01-08 14:15,1471.002798910502,766.2591490324667,0,0,0,0,0,0,1250,0,0,0,73.55013994552509,38.31295745162333,0,0,0,0,0,0,100,0,0,0,23,22,21,20,21,21,18,21,24,21,21,,23,22,21.63247828789029,21.00379775808173,21.01255661986112,21.060418805992324,22.334749204048748,22.373046632138823,23.770968352185108,22.438222543872136,21.023733538927864,,0.3,27
2026-01-08 14:30,1457.5305365164295,744.1140997646762,0,0,0,0,379.4211072929993,0,1250,0,0,0,72.87652682582147,37.20570498823381,0,0,0,0,37.94211072929993,0,100,0,0,0,23,22,18.04,20,16.06,21,22.94,21,24,21,21,,23.000000000000004,22.000000000000004,21.638856650310387,21.009371548939143,21.017228899041537,21.065114284715825,22.34094299683801,22.38131857808213,23.78744298539928,22.446889663260087,21.03639514640393,,0.2,78
2026-01-08 14:45,1426.2767463604432,732.1427243270482,0,0,0,0,335.16705001596347,0,1250,0,0,0,71.31383731802215,36.60713621635241,0,0,0,0,33.51670500159635,0,100,0,0,0,23,22,18,20,16,21,23,21,24,21,21,,23,22.000000000000004,21.645986732381264,21.015409494267857,21.022163990933148,21.070879468322108,22.94,22.388610731886004,23.80264147515761,22.45527904451516,21.047562574740304,,0.2,79
2026-01-08 15:00,1404.7488228876464,721.3458376160052,0,0,0,0,352.3996699952404,0,1250,0,0,0,70.23744114438232,36.067291880800255,0,0,0,0,35.23996699952404,0,100,0,0,0,23,22,18,20,16,21,23,21,24,21,21,,23,22,21.650983030840887,21.022973846477807,21.02833973649351,21.07816129114979,23,22.471894040553394,23.894141896840484,22.54262924194949,21.06155035222385,,0.2,29
2026-01-08 15:15,1388.0295494977254,713.3774466335344,0,0,0,0,302.9101697611095,0,1250,0,0,0,69.40147747488626,35.668872331676724,0,0,0,0,30.29101697611095,0,100,0,0,0,23,22,18,20,16,21,23,21,24,21,21,,23,22,21.654801937875085,21.029781513729624,21.033378896059958,21.08478408241952,23,22.484164977037683,23.914420014293043,22.557114765259477,21.07588721,,0.1,27
2026-01-08 15:30,1373.464362989955,701.2072513104831,0,0,0,0,297.95267948772926,0,1240.5548659024826,0,0,0,68.67321814949774,35.06036256552416,0,0,0,0,29.795267948772924,0,99.24438927,0,0,0,23,22,18,20,16,21,23,21,24,21,21,,23,22,21.658320905284747,21.04425586785209,21.04629949,21.10019081640424,23,22.546816350017156,23.98598322641612,22.625432931141948,21.09632505689896,,0,51
2026-01-08 15:45,1360.781276589547,690.4445986444589,0,0,0,0,265.14613750778153,0,1180.993324701325,0,0,0,68.03906382947736,34.52222993222294,0,0,0,0,26.514613750778153,0,94.47946598,0,0,0,23,22,18,20,16,21,23,21,24,21,21,,23,22,21.66141687409086,21.050276377224275,21.04967191743342,21.105543912009235,23,22.559329073269904,24,22.644040984028205,21.11583372984392,,0,39
2026-01-08 16:00,1370.5039320608266,724.7034876961625,0,0,0,0,254.845744,0,1177.355768192239,0,0,0,68.52519660304134,36.235174384808126,0,0,0,0,25.4845744,0,94.18846145537913,0,0,0,23,22,18,20,16,21,23,21,24,21,21,,23,22,21.664229239198647,21.07295778326298,21.07046564118132,21.130661755587035,23,22.606236856652437,24,22.700903092940774,21.153716204383088,,0,8
2026-01-08 16:15,1381.1345902877838,743.7974775,0,0,0,0,242.7087238719469,0,1164.178138691037,0,0,0,69.05672951438918,37.18987387,0,0,0,0,24.27087238719469,0,93.13425109528296,0,0,0,23,22,18,20,16,21,23,21,24,21,21,,23,22,21.665936261906253,21.088901829834956,21.082963517690345,21.15000255405525,23,22.625531435436187,24,22.70553175278374,21.118087523649137,,-0.3,4
2026-01-08 16:30,0,754.5977314577977,0,0,0,0,227.08477325664532,1214.0394459278991,0,0,0,0,0,37.72988657288989,0,0,0,0,22.708477325664532,97.12315567423192,0,0,0,0,17.069999999999986,21.999999999999982,17.999999999999982,19.999999999999982,15.999999999999984,20.99999999999998,22.99999999999997,23.96999999999998,17.07999999999998,20.99999999999998,20.99999999999998,,23,22,21.666292624957716,21.10353789872346,21.094599849065617,21.165527780818124,23,22.64741310245614,24,22.71904610398318,21.10841195537201,,-0.4,0
2026-01-08 16:45,0,764.5425513092023,0,0,0,0,210.51482091642103,1232.757791676467,0,0,0,0,0,38.227127565460115,0,0,0,0,21.05148209,98.62062333411735,0,0,0,0,16.999999999999975,21.99999999999997,17.99999999999997,19.99999999999997,15.999999999999975,20.999999999999968,22.999999999999964,23.999999999999968,16.999999999999975,20.999999999999968,20.999999999999968,,20.31394015061789,21.999999999999982,21.665172658469366,21.11322915186495,21.10103541747855,21.17701585900309,22.99999999999998,23.901931345415782,22.838543861815246,22.74240935285018,21.11018679392457,,-0.6,0
2026-01-08 17:00,0,774.6523832211653,0,0,0,0,208.418414,1210.5792105821856,0,0,0,0,0,38.73261916105827,0,0,0,0,20.8418414,96.84633684657484,0,0,0,0,17,22,18,20,16,21,23,24,17,21,21,,17.804273041459357,21.99999999999997,21.66379088503776,21.12353446465676,21.108847879283477,21.188250561276185,22.999999999999964,23.99922614424514,22.81151785,22.76909651976097,21.11461310608077,,0.1,0
2026-01-08 17:15,37.015869260094405,784.1694678429412,0,0,0,0,210.91326507636225,1203.1966035622518,0,0,0,0,1.8507934630047203,39.20847339214706,0,0,0,0,21.091326507636225,96.25572828498015,0,0,0,0,17,22,18,20,16,21,23,24,17,21,21,,17.251641446112224,22,21.661939565567003,21.124107165436584,21.106615262935797,21.18990087045104,23,24,22.80287613178535,22.77224660268565,21.10951322543669,,-0.4,0
2026-01-08 17:30,102.90759078515656,793.2415078118029,0,0,0,0,214.1612980833997,1199.3580740750094,0,0,0,0,5.145379539257828,39.66207539059015,0,0,0,0,21.41612980833997,95.94864592600076,0,0,0,0,17,22,18,20,16,21,23,24,17,21,21,,17.016557043593064,22,21.65997243,21.11980693249903,21.099483726973105,21.186632810177837,23,24,22.790959854387157,22.767609239624846,21.10021358440305,,-0.5,0
2026-01-08 17:45,174.06694060605423,801.8005115966407,0,0,0,0,218.0236414116844,1198.2736436535251,0,0,0,0,8.703347030302712,40.09002557983204,0,0,0,0,21.80236414116844,95.86189149228201,0,0,0,0,17,22,18,20,16,21,23,24,17,21,21,,17,22,21.65797583,21.112899743536552,21.08989826661555,21.180727090321888,23,24,22.779695959835657,22.76177112063648,21.08891219160421,,-0.4,0
2026-01-08 18:00,228.6084222,809.8708126536912,0,0,0,0,222.1287935,1198.8390106600673,0,0,0,0,11.430421107727902,40.493540632684564,0,0,0,0,22.21287935,95.90712085280538,0,0,0,0,17,22,18,20,16,21,23,24,17,21,21,,17,22,21.65595238520036,21.10344757553064,21.077726892462707,21.172118484397235,23,24,22.76861864506626,22.755186845082097,21.075322347011628,,0.2,0
2026-01-08 18:15,276.1991717262563,817.6721882201273,0,0,0,0,226.4901154658819,1200.707633877097,0,0,0,0,13.809958586312813,40.88360941100636,0,0,0,0,22.64901154658819,96.05661071016776,0,0,0,0,17,22,18,20,16,21,23,24,17,21,21,,17,22,21.653926902568383,21.091871631149008,21.063728121801844,21.16124712932738,23,24,22.75794259657776,22.748197562414862,21.060101693380183,,-0.2,0
2026-01-08 18:30,318.7359017466064,0,2000,0,1250,0,0,0,0,0,0,0,15.936795087330317,0,100,0,100,0,0,0,0,0,0,0,17,21.010000000000005,23.930000000000003,20.99,24.9,21,21.02,16.09,17,21,21,,17,22,21.65186265281252,21.078588060244208,21.048117576131403,21.148625269282626,23,24,22.747490463694472,22.740870515430277,21.04344371758878,,-0.3,0
2026-01-08 18:45,357.3452500384034,0,2000,0,1250,0,0,0,0,0,0,0,17.86726250192017,0,100,0,100,0,0,0,0,0,0,0,17,21,24,21,25,21,21,16,17,21,21,,17,22.05640983,23.070774506767197,21.17066409,22.040681113328663,21.25600667,22.48046050958837,22.616712373437597,22.55948384215189,22.55280650856381,21.131498732074583,,-0.4,0
2026-01-08 19:00,365.9831771438157,0,1900.705798454128,0,1250,0,0,0,0,0,0,0,18.299158857190786,0,95.03528992270641,0,100,0,0,0,0,0,0,0,17,21,24,21,25,21,21,16,17,21,21,,16.999999999999996,22.72498347466498,23.716869422892813,21.410571750629455,22.30292358073875,21.51035796,22.051221064398856,22.12785520498891,22.132228386109684,22.125544085272622,21.36459249878333,,0.3,0
2026-01-08 19:15,370.5356933369858,0,1644.6868588797588,0,1250,0,0,0,0,0,0,0,18.526784666849288,0,82.23434294398794,0,100,0,0,0,0,0,0,0,17,21,24,21,25,21,21,16,17,21,21,,17,23.054651647268948,23.99613162028113,21.53143050121828,22.422494478404108,21.62949961387592,21.82861552,21.89922392986444,21.905760759714084,21.901298002750963,21.48225698097779,,-0.3,0
2026-01-08 19:30,371.8702799636958,0,1611.320418482588,0,1250,0,0,0,0,0,0,0,18.59351399818479,0,80.56602092412939,0,100,0,0,0,0,0,0,0,17,21,24,21,25,21,21,16,17,21,21,,17,23.14936194315425,24,21.596493773999384,22.48836289722287,21.69452180178013,21.70713987078327,21.77399271551867,21.78263115895556,21.77972979837707,21.545319627094315,,-0.4,0
2026-01-08 19:45,370.2731872,0,1561.1433565864863,0,1250,0,0,0,0,0,0,0,18.513659361301603,0,78.05716782932431,0,100,0,0,0,0,0,0,0,17,21,24,21,25,21,21,16,17,21,21,,17,23.16417623660013,24,21.63143941034408,22.52375862480909,21.727554356420928,21.64487507369383,21.708535086499506,21.72076510497396,21.719454772061056,21.57870043964381,,-0.4,0
2026-01-08 20:00,386.77601928516015,0,1529.3296357330764,0,1250,0,0,0,0,0,0,0,19.338800964258006,0,76.46648178665382,0,100,0,0,0,0,0,0,0,17,21,24,21,25,21,21,16,17,21,21,,17,23.176151278732096,24,21.67154485,22.564638707307367,21.76796975278233,21.56219516281235,21.622406393376504,21.63620679179301,21.63575942335677,21.61743521014707,,0.2,0
2026-01-08 20:15,407.0939781810284,0,1503.123968889151,0,1250,0,0,0,0,0,0,0,20.354698909051418,0,75.15619844445754,0,100,0,0,0,0,0,0,0,17,21,24,21,25,21,21,16,17,21,21,,17,23.18726021,24,21.70592909177189,22.59795094327669,21.802048104404523,21.499211809248383,21.55787302095941,21.57351687850332,21.574504684146365,21.64962499506439,,0,0
2026-01-08 20:30,1882.1905537736648,0,1476.5174407239672,0,1250,0,0,0,0,0,0,0,94.10952768868324,0,73.82587203619836,0,100,0,0,0,0,0,0,0,20.96,21.000000000000004,24,21.000000000000004,25,21.000000000000004,21.000000000000004,15.999999999999998,20.96,21.000000000000004,21.000000000000004,,17.000000000000004,23.194689118351903,24,21.739929550456573,22.631065243318705,21.837048496542845,21.421626033738395,21.478053789806854,21.49489801744259,21.49664977257902,21.68123305580724,,-0.1,0
2026-01-08 20:45,1723.4310953764889,0,1461.8063938487248,0,1250,0,9.982380924867355,0,0,0,0,0,86.17155476882444,0,73.09031969243624,0,100,0,0.9982380924867355,0,0,0,0,0,21,21,24,21,25,21,21,16,21,21,21,,19.85736572375056,23.20026083,24,21.848325125933005,22.74141478618669,21.95530151349888,21.199165334549164,21.248304603608577,21.264380360697476,21.264958328488728,21.786689052337746,,-0.3,0
2026-01-08 21:00,1462.7825720334768,0,1451.6924631798029,0,1250,0,42.36113796,0,0,0,0,0,73.13912860167385,0,72.58462315899014,0,100,0,4.236113796,0,0,0,0,0,21,21,24,21,25,21,21,16,21,21,21,,20.90378502855352,23.20514267,24,21.93482589112623,22.826242816178954,22.04291348237059,21.014929475174107,21.046334451476632,21.06305518055828,21.06423801850351,21.87035648797261,,-0.1,0
2026-01-08 21:15,1447.204476602754,0,1438.3648244049546,0,1250,0,55.81041615775212,0,26.11130963,22.107013028777143,0,0,72.36022383013771,0,71.91824122024772,0,100,0,5.581041615775212,0,2.0889047707448483,1.7685610423021714,0,0,21,21,24,21,25,21,21,16,21,21,21,,21,23.209621857017808,24,21.957769707748984,22.84656184824723,22.06164792466315,21,20.98055574853633,20.999266671674985,21.002298874942174,21.891450025780895,,-0.1,0
2026-01-08 21:30,1371.7105559677748,0,1427.3807756196477,0,1250,0,71.52052775372795,0,45.90752814,41.51435353033958,0,0,68.58552779838874,0,71.36903878,0,100,0,7.152052775372795,0,3.6726022508990717,3.321148282427166,0,0,21,21,24,21,25,21,21,16,21,21,21,,21,23.21355112242329,24,21.966300974343472,22.85476481986812,22.070564028057404,21,20.954067273414527,21,21,21.89838665779908,,-0.3,0
2026-01-08 21:45,1335.898091618128,0,1418.0402491262212,0,1250,0,81.16809223637028,0,58.10299878,52.644389376022446,0,0,66.79490458090642,0,70.90201245631106,0,100,0,8.116809223637029,0,4.6482399026487835,4.211551150081796,0,0,21,21,24,21,25,21,21,16,21,21,21,,21,23.216939571602484,24.000000000000004,21.97412948143869,22.86194875916538,22.07781331199374,21,20.93016211,21,21,21.90475894595293,,-0.4,0
2026-01-08 22:00,1317.1098779904369,0,0,0,1250,0,91.62800472002527,0,72.60909545924915,66.47343651017582,0,0,65.85549389952185,0,0,0,100,0,9.162800472002527,0,5.808727636739932,5.317874920814066,0,0,21,21,21.03,21,25,21,21,16,21,21,21,,21,23.21985845402657,24,21.98116275180401,22.86716401712388,22.084831079100265,21,20.913567106677565,21,21,21.91220670955488,,-0.3,0
2026-01-08 22:15,1304.501802793739,0,0,0,1250,0,97.90859050109673,0,81.02264797665339,74.24953283294356,0,0,65.22509013968696,0,0,0,100,0,9.790859050109674,0,6.481811838132271,5.939962626635484,0,0,21,21,21,21,25,21,21,16,21,21,21,,21,22.724756794285945,22.81614703174736,21.994271964980875,22.879689683466506,22.09893595008051,21,20.89646467884556,21,21,21.92419404352152,,-0.3,0
2026-01-08 22:30,1296.1735006982956,0,0,0,0,0,40.9849606,1250,34.71631181451812,31.78067434507757,0,0,64.80867503491477,0,0,0,0,0,4.09849606,100,2.7773049451614495,2.542453947606206,0,0,21,21,21,21,21.04,21,21,24.9,21,21,21,,21,21.926404711734545,22.01060182084452,22.00871711073987,22.89389216681192,22.11420604316437,21,20.88545096801032,21,21,21.93738025047615,,-0.3,0
2026-01-08 22:45,1290.9150145301728,91.38167827,29.02561114180935,0,0,0,0,1250,0,0,0,0,64.54575072650864,4.569083913709255,1.4512805570904674,0,0,0,0,100,0,0,0,0,21,21,21,21,21,21,21,25,21,21,21,,21,21.359734652442217,21.433286124775933,21.90306040799821,21.89371504272521,21.993308879545367,21.056317992161546,22.30383267294424,21.10387984603068,21.110171117612783,21.832040631123306,,-0.5,0
2026-01-08 23:00,1284.6431811094153,264.7439717754569,109.38022401415584,0,0,0,0,1250,0,0,0,0,64.23215905547076,13.237198588772845,5.469011200707793,0,0,0,0,100,0,0,0,0,21,21,21,21,21,21,21,25,21,21,21,,21,21.018371021168804,21.051116236739432,21.65025487,21.60581945897257,21.72722316,21.26824494837049,22.650560408813146,21.358130168842298,21.37015392,21.581055122899265,,-0.4,0
2026-01-08 23:15,1279.9270760999552,249.99821032067848,107.6507243306587,0,0,0,0,1250,0,0,0,0,63.99635380499777,12.499910516033925,5.382536216532936,0,0,0,0,100,0,0,0,0,21,21,21,21,21,21,21,25,21,21,21,,21,21,21,21.543711337707578,21.51214626770725,21.62895229,21.35989154927212,22.73387487578121,21.45323233,21.4649822,21.47452753861589,,-0.4,0
2026-01-08 23:30,1276.4200982127609,277.4495464564546,127.3571907,0,0,0,1000,1249.9999999999998,0,0,0,0,63.821004910638045,13.87247732282273,6.367859537213249,0,0,0,100,99.99999999999997,0,0,0,0,21,21,21,21,21,21,24.96,24.999999999999996,21,21,21,,21,21,21,21.47137026970394,21.43016717624698,21.55116753050361,21.414633998350133,22.810621806036995,21.51008991,21.52283027,21.40208047734106,,-0.4,0
2026-01-08 23:45,1273.8824997040883,290.7286103384831,137.02846701396265,0,0,0,1000,1250,0,0,0,0,63.69412498520441,14.536430516924156,6.851423350698132,0,0,0,100,100,0,0,0,0,21,21,21,21,21,21,25,25,21,21,21,,21,21,21,21.29792460511068,21.25035012017508,21.36426247256814,23.205648847891045,23.09485689676721,21.788129268871074,21.80516913246589,21.229731053128784,,-0.3,0
2026-01-09 0:00,1265.387776026817,301.44609927092097,145.5700513,0,0,0,1000,1250,0,0,0,0,63.269388801340845,15.072304963546049,7.278502564,0,0,0,100,100,0,0,0,0,21,21,21,21,21,21,25,25,21,21,21,,21,21,21,21.14417896,21.097133181601283,21.209917438553965,23.674992714067432,23.50682797,22.196695245072423,22.216568317173333,21.07691678168476,,-0.2,0
2026-01-09 0:15,1257.2786134272792,310.7566084419741,156.43961689367643,0,0,0,1000,1250,0,0,0,0,62.86393067136396,15.537830422098704,7.8219808446838215,0,0,0,100,100,0,0,0,0,21,21,21,21,21,21,25,25,21,21,21,,21,21,21,21.100134972932437,21.055672644158754,21.172427278378645,23.78583842,23.636528144441108,22.318665798014933,22.33695232427808,21.03268085937577,,-0.2,0
2026-01-09 0:30,1249.5781660934936,319.0715722114837,165.86325818160185,0,0,0,1000,1250,0,0,22.33728881152274,0,62.47890830467468,15.953578610574187,8.293162909080092,0,0,0,100,100,0,0,1.4891525874348492,0,21,21,21,21,21,21,25,25,21,21,21,,21,21,21,21.07403088957728,21.028524609092276,21.145144800878665,23.901252205977823,23.726922653667312,22.40424337,22.42378395513686,21.006535193098006,,-0.2,0
2026-01-09 0:45,1242.2441326399494,326.3212643877632,174.5356945,0,16.39918851166658,0,1000,1250,0,0,47.84384418669288,0,62.112206631997466,16.316063219388163,8.726784724686151,0,1.3119350809333263,0,100,100,0,0,3.1895896124461918,0,21,21,21,21,21,21,25,25,21,21,21,,21,21,21.000000000000004,21.05252508224205,21.007218674477084,21.12550863518333,23.97113335322211,23.78316759511204,22.45543932047748,22.47493413252472,21,,-0.2,0
2026-01-09 1:00,1237.807385821052,333.1857934813961,182.7185390476152,0,39.00257946858619,0,1000,1250,0,0,70.60394396754782,0,61.89036929105261,16.659289674069804,9.135926952,0,3.1202063574868952,0,100,100,0,0,4.706929597836521,0,21,21,21,21,21,21,25,25,21,21,21,,21,21,21,21.033682128645847,21,21.107995951865064,24.05498669243841,23.862300125213363,22.530757721998388,22.550765102770846,21,,-0.3,0
2026-01-09 1:15,1233.7166848533288,339.17193901824066,189.95768067765312,0,45.86279380558335,0,1000,1250,0,0,77.68430760064803,0,61.685834242666445,16.958596950912032,9.497884033882656,0,3.669023504446668,0,100,100,0,0,5.178953840043202,0,21,21,21,21,21,21,25,25,21,21,21,,21,21,21,21.017135503476105,21,21.092605756100728,24.11004437757304,23.91208640647735,22.57676150538429,22.59662176140753,21,,-0.2,0
2026-01-09 1:30,1229.8795320271402,344.45695921080187,197.10848189645367,0,27.382579271195937,0,1000,1250,0,0,1500,0,61.493976601357005,17.222847960540093,9.855424094822684,0,2.190606341695675,0,100,100,0,0,100,0,21,21,21,21,21,21,25,25,17.04,21,24.96,,21,21,21,21.011403581946208,21,21.088954128497203,24.179621460559662,23.978091563636056,22.64003945240156,22.66038888684871,21,,-0.3,0
2026-01-09 1:45,1226.2158439239938,348.95948603418583,202.33957078479943,0,0,0,1000,1250,0,0,1500,0,61.31079219619969,17.44797430170929,10.116978539239971,0,0,0,100,100,0,0,100,0,21,21,21,21,21,21,25,25,17,21,25,,21,21,21,21.09169429454506,21.07195142,21.18400284,24.27871168919001,24.07562782308973,22.73545664357608,22.75661940344782,22.063520780928798,,-0.2,0
2026-01-09 2:00,1219.3588127643015,351.7765402121586,206.42594375762565,0,0,0,1000,1250,0,0,1500,0,60.967940638215076,17.58882701060793,10.321297187881282,0,0,0,100,100,0,0,100,0,21,21,21,21,21,21,25,25,17,21,25,,21,21,21,21.35619193608906,21.31948207851332,21.46700925350801,24.40369499205847,24.200406033214776,22.85831362293509,22.880135443072152,22.368173920765837,,-0.2,0
2026-01-09 2:15,1212.469500827472,353.64868889877107,209.9750784378848,0,0,0,1000,1250,0,0,1500,0,60.62347504,17.682434444938554,10.49875392189424,0,0,0,100,100,0,0,100,0,21,21,21,21,21,21,25,25,17,21,25,,21,21,21,21.48982879867095,21.44797208842713,21.596954339551008,24.48213356490762,24.27661679722199,22.931997622378727,22.953612564196693,22.48894110660266,,-0.2,0
2026-01-09 2:30,1205.587814316319,354.96729106039857,212.7772530026377,0,0,0,1000,0,0,0,1500,0,60.27939071581596,17.74836455301993,10.638862650131886,0,0,0,100,0,0,0,100,0,21,21,21,21,21,21,25,21.04,17,21,25,,21,21,21,21.56081536036779,21.520670730960656,21.673762629425465,24.53397398439896,24.325977553759493,22.97915057399733,23.00075781772362,22.57358252664616,,-0.2,0
2026-01-09 2:45,1198.705781803419,355.7857637011657,214.56123445837147,0,0,0,1000,0,0,0,1500,0,59.935289090170954,17.789288185058286,10.728061722918573,0,0,0,100,0,0,0,100,0,21,21,21,21,21,21,25,21,17,21,25,,21,21,21,21.72357106666184,21.68785198161496,21.85217099398838,24.549323753520984,23.08353100597856,22.987501208791404,23.008106046853385,22.74070442056232,,-0.1,0
2026-01-09 3:00,1201.5905190200865,0,0,0,0,0,1000,0,0,0,1500,0,60.07952595100433,0,0,0,0,0,100,0,0,0,100,0,21,17.04,17.04,21,21,21,25,21,17,21,25,,21,21.000000000000004,21,21.86713556025392,21.83012817797891,21.997229037075705,24.402537187756824,22.807379576421635,22.827689676774856,22.846128502613897,22.88642034926687,,0.2,0
2026-01-09 3:15,1204.7905166002474,0,0,0,0,0,1000,0,0,0,1500,0,60.23952583001237,0,0,0,0,0,100,0,0,0,100,0,21,17,17,21,21,21,25,21,17,21,25,,21,20.74108896064871,20.844370811562516,21.92683587853657,21.88756833687457,22.05529505088989,24.350195933280773,22.80102558468734,22.77124548779147,22.790310445136587,22.948551165754008,,0.1,0
2026-01-09 3:30,0,175.28037703244718,1809.803093279722,0,0,0,0,0,0,0,1500,0,0,8.764018851622358,90.49015466398609,0,0,0,0,0,0,0,100,0,16.06,20.960000000000004,22.930000000000003,21,21,21,17.09,21,17,21,25,,21,20.564375434565783,20.63252087694524,21.964325234317847,21.925005512587354,22.095395110011854,24.3037441,22.73465369,22.71833763103917,22.736351438369613,22.98807438609867,,0.2,0
2026-01-09 3:45,0,0,1515.5626543015774,0,0,0,0,0,0,0,1500.0000000000025,0,0,0,75.77813271507887,0,0,0,0,0,0,0,100,0,16.00000000000002,21.00000000000003,23.00000000000004,21.00000000000003,21.00000000000003,21.00000000000003,17.00000000000003,21.00000000000003,17.00000000000003,21.00000000000003,25.00000000000004,,18.63151267335171,21.62049562457044,22.481624474217742,22.10402608407045,22.068077782689777,22.248394842974704,22.481858785596483,22.39230566097561,22.385071977957605,22.398011586991327,23.12815224,,0.2,0
2026-01-09 4:00,0,0,1340.438072961539,0,0,0,0,0,0,0,1500,0,0,0,67.02190364807696,0,0,0,0,0,0,0,100,0,16,21,23,21,21,21,17,21,17,21,25,,17.234982627204097,22.184598919940434,23.00000000000004,22.23199130514432,22.195365566075708,22.380337973398493,21.83022172645682,21.81248624300704,21.80876276074802,21.817049295368264,23.256266030177027,,0.4,0
2026-01-09 4:15,0,0,1306.256362771339,0,0,0,0,0,0,0,1500,0,0,0,65.31281813856694,0,0,0,0,0,0,0,100,0,16,21,23,21,21,21,17,21,17,21,25,,16.55663054715298,22.278638078138528,23,22.278841594706115,22.238909503605115,22.42328020791088,21.52644500533203,21.52029297030713,21.52221192470697,21.530917486577167,23.30424162418238,,-0.2,0
2026-01-09 4:30,11.57691336296375,0,1277.3052903371429,0,0,0,0,0,0,0,1500,0,0.5788456681481875,0,63.865264516857145,0,0,0,0,0,0,0,100,0,16,21,23,21,21,21,17,21,17,21,25,,16.19190094309708,22.29496807989766,23,22.294085681037878,22.25188648796766,22.436073339308507,21.38739584902013,21.38906044207401,21.395365895007554,21.40442772204609,23.32068469863426,,-0.7,0
2026-01-09 4:45,95.43352528019386,0,1249.1724437498924,0,0,0,0,0,0,0,1500,0,4.7716762640096935,0,62.45862218749462,0,0,0,0,0,0,0,100,0,16,21,23,21,21,21,17,21,17,21,25,,16,22.303557444150197,23,22.301100911274773,22.257287497254637,22.441702883528983,21.30331832499388,21.31020093885344,21.319796667934757,21.32872845,23.328685912506483,,-1.1,0
2026-01-09 5:00,109.83950012036804,0,1223.466943614294,0,0,0,0,0,0,0,1500,0,5.491975006018403,0,61.17334718,0,0,0,0,0,0,0,100,0,16,21,23,21,21,21,17,21,17,21,25,,16,22.315010377060144,23.000000000000004,22.30725285166892,22.261895558007534,22.44647034932663,21.262787257783764,21.27479141726864,21.28778773338292,21.297122409942435,23.33563733184529,,-0.8,0
2026-01-09 5:15,152.8391931834376,0,1202.238943,0,0,0,0,0,0,0,1500,0,7.641959659,0,60.111947131758996,0,0,0,0,0,0,0,100,0,16,21,23,21,21,21,17,21,17,21,25,,16,22.324387634218706,23,22.310350551648693,22.263551029908413,22.44813792834322,21.20082540883364,21.215884407064586,21.231401162389364,21.24042060595097,23.33948944093312,,-1.1,0
2026-01-09 5:30,180.70819016953465,0,1180.0559535414268,0,1250,0,0,1250,1233.8647866458723,0,0,0,9.035409508476732,0,59.00279767707134,0,100,0,0,100,98.70918293166977,0,0,0,16,21,23,21,24.96,21,17,22.98,22.93,21,18.08,,16,22.331380895731325,23,22.31734635937632,22.269574801479315,22.45471448730078,21.160802308412133,21.17918413601991,21.197472307822164,21.20678336079927,23.347058906305055,,-1.6,0
2026-01-09 5:45,204.5352736795603,0,1168.0988637135088,0,1250,0,0,1007.2588786200467,973.4667019129574,0,0,0,10.226763683978016,0,58.404943185675435,0,100,0,0,80.58071028960374,77.87733615,0,0,0,16,21,23,21,25,21,17,23,23,21,18,,16,22.33732678885141,23,22.310750954317903,23.15463254711994,22.445144162354215,21.28328566335244,22.58528936910732,22.60794226053718,21.347204973125443,22.31142136,,-1.9,0
2026-01-09 6:00,227.48555239999587,0,1158.4022444455732,0,1250,0,0,821.9167510949555,789.4956459748064,0,0,0,11.374277619999793,0,57.92011222227866,0,100,0,0,65.75334008759644,63.15965167798451,0,0,0,16,21,23,21,25,21,17,23,23,21,18,,16,22.342353932503283,23,22.300019765953145,23.169241917738237,22.43366004122062,21.858478020417497,23,23,21.953294988708496,22.24422143205984,,-2,0
2026-01-09 6:15,247.83790840889745,0,1149.3424290833646,0,1250,0,0,734.6234221473896,699.2944892190208,0,0,0,12.391895420444873,0,57.46712145416823,0,100,0,0,58.76987377179117,55.94355913752166,0,0,0,16,21,23,21,25,21,17,23,23,21,18,,16,22.346034559615184,23,22.30804548620924,23.170912691253307,22.44294996969593,22.079513801309343,23,23,22.175141517042157,22.26377959035354,,-2.2,0
2026-01-09 6:30,265.90599100480904,0,1141.6985957581892,0,1250,0,0,689.5195948598302,653.9029578010704,0,0,0,13.295299550240452,0,57.08492978790946,0,100,0,0,55.16156758878642,52.312236624085635,0,0,0,16,21,23,21,25,21,17,23,23,21,18,,16,22.348792683179187,23.000000000000004,22.311135507527272,23.18237916104757,22.44470079083207,22.152577145580352,23,23,22.255700849277247,22.252879366997348,,-2.5,0
2026-01-09 6:45,281.9403098156181,0,1135.230868942137,0,1250,0,0,656.2393485190441,619.5266472,0,0,0,14.097015490780905,0,56.76154344710685,0,100,0,0,52.499147881523534,49.56213177415688,0,0,0,16,21,23,21,25,21,17,23,23,21,18,,16,22.35100984288715,23,22.323806137010298,23.198419895640253,22.458463515215453,22.18781135,23,23,22.29523781366528,22.25875824985824,,-2.7,0
2026-01-09 7:00,290.1201577230713,0,1129.265926630076,0,1250,0,0,637.8099221294688,600.1260150054404,0,0,0,14.506007886153565,0,56.46329633150379,0,100,0,0,51.02479377,48.01008120043523,0,0,0,16,21,23,21,25,21,17,23,23,21,18,,16,22.35279935081776,23,22.32936363543357,23.204858463639763,22.46306084745901,22.218862743317583,23,23,22.32921592,22.26158281906602,,-2.2,0
2026-01-09 7:15,297.37899336564897,0,1123.095102,0,1250,0,0,622.2796692089287,583.6850639,0,0,0,14.868949668282449,0,56.15475511,0,100,0,0,49.782373536714296,46.69480510852736,0,0,0,16,21,23,21,25,21,17,23,23,21,18,,16,22.355174235603428,23,22.341650116017103,23.21865841637091,22.47590204292113,22.23664765683216,23,23,22.348969238539414,22.271635839539147,,-2.2,0
2026-01-09 7:30,2000.0000000000036,2000.0000000000036,0,0,1250.0000000000025,0,0,0,724.8159910239484,0,0,0,100,100,0,0,100,0,0,0,57.98527928191587,0,0,0,24.900000000000045,24.960000000000043,17.070000000000036,21.00000000000004,25.00000000000004,21.00000000000004,20.96000000000004,17.070000000000036,23.00000000000005,21.00000000000004,18.000000000000036,,16,22.35763715853347,23,22.349051801269365,23.226914190306942,22.482277907730897,22.25013386068912,23,23,22.364557666644533,22.27723057831271,,-2.2,0
2026-01-09 7:45,2000.0000000000032,2000.0000000000032,0,0,1250.000000000002,0,0,0,857.0849441,0,0,0,100,100,0,0,100,0,0,0,68.56679552820721,0,0,0,25.00000000000004,25.00000000000004,17.00000000000003,21.00000000000003,25.00000000000004,21.00000000000003,21.00000000000003,17.00000000000003,23.00000000000004,21.00000000000003,18.000000000000025,,19.44287275048464,23.841902611592488,23.00388868171036,22.385801398346675,23.26576927792396,22.52212411888557,22.116331992999505,22.23644233760765,23.00000000000005,22.223156417812447,22.31230106833809,,-2.3,0
2026-01-09 8:00,2000,2000,0,0,1250,0,0,0,874.5623300501646,0,0,0,100,100,0,0,100,0,0,0,69.96498640401317,0,0,0,25,25,17,21,25,21,21,17,23,21,18,,20.703451189632972,24.37903596750762,23.526221342521836,22.414292725066087,23.29454902750567,22.550089635497937,21.97270156783556,22.058700521014863,23.00000000000004,22.075861931116837,22.33908424,,-1.8,1
2026-01-09 8:15,2000,2000,0,0,1250,0,0,0,880.2080326990617,0,0,0,100,100,0,0,100,0,0,0,70.41664261592494,0,0,0,25,25,17,21,25,21,21,17,23,21,18,,21.632333654516323,24.631894321388277,23.757330461758247,22.4283281,23.30889209289525,22.56213112957795,21.94122943682529,22.021647821125644,23,22.047162032479115,22.352292701580964,,-1.7,1
2026-01-09 8:30,2000,2000,0,0,1250,0,0,0,882.5967449,0,0,0,100,100,0,0,100,0,0,0,70.60773959501152,0,0,0,25,25,17,21,25,21,21,17,23,21,18,,22.32531521494306,24.779292465345968,23.896742636528483,22.439318010231585,23.320588498349416,22.571646265191525,21.930357007035692,22.007114209302596,23,22.03770421,22.36296092639648,,-1.4,37
2026-01-09 8:45,2000,2000,0,0,1250,0,0,0,882.915532,0,0,0,100,100,0,0,100,0,0,0,70.63324256,0,0,0,25,25,17,21,25,21,21,17,23,21,18,,22.70507607376564,24.889759548301893,23.998114042107247,22.450096485528174,23.332169707443946,22.580729635542447,21.92338512256612,21.997321739099363,23,22.0320631,22.37383231240659,,-0.9,43
2026-01-09 9:00,2000,1962.939997179863,0,0,1250,0,0,0,881.4861697113884,0,0,0,100,98.14699985899315,0,0,100,0,0,0,70.51889357691107,0,0,0,25,25,17,21,25,21,21,17,23,21,18,,23.003042012186096,24.968723228980203,24.06714172263306,22.45924180457546,23.34211859677763,22.588004030910813,21.91932448,21.991192981096187,23,22.02910794267574,22.383304458566688,,-0.7,2
2026-01-09 9:15,2000,1888.7158124884809,0,0,1250,0,0,0,880.6661807544333,0,0,0,100,94.43579062442404,0,0,100,0,0,0,70.45329446035467,0,0,0,25,25,17,21,25,21,21,17,23,21,18,,23.286983631598822,25,24.123379332868552,22.466280108214143,23.350299943118834,22.59316290751862,21.917136312316632,21.98737379510093,23,22.02796730530306,22.39077653388941,,-0.5,2
2026-01-09 9:30,2000,1823.393074013506,0,0,0,0,0,0,0,0,0,0,100,91.16965370067531,0,0,0,0,0,0,0,0,0,0,25,25,17,16.06,18.08,21,21,17,21.02,21,18,,23.54367222,25,24.161512036664632,22.475178602399744,23.360517704433647,22.600569233462963,21.91485481693559,21.983704797669763,23,22.02654041836768,22.400154888776747,,0.1,137
2026-01-09 9:45,2000,1791.7048487868597,0,0,0,0,0,0,0,0,0,0,100,89.58524243934298,0,0,0,0,0,0,0,0,0,0,25,25,17,16,18,21,21,17,21,21,18,,23.745659585887296,25,24.18550897690318,22.44485354434332,22.431413856785056,22.55877985401049,21.870266762261544,21.935727650080985,22.05253821167344,21.97827996693381,22.371293750147903,,0.4,190
2026-01-09 10:00,2000,1770.645823458217,0,0,0,0,0,0,0,0,0,0,100,88.53229117291085,0,0,0,0,0,0,0,0,0,0,25,25,17,16,18,21,21,17,21,21,18,,23.95170535224101,25,24.198191494313683,22.304955244272843,22.24223225228233,22.408293630435995,21.711813317489373,21.771625584901003,21.812424961728865,21.813015318896795,22.23464999003293,,0.4,10
2026-01-09 10:15,2000,1750.010327593096,0,0,0,0,0,0,0,0,0,0,100,87.50051638,0,0,0,0,0,0,0,0,0,0,25,25,17,16,18,21,21,17,21,21,18,,24.15701306972665,25,24.20702781000368,22.180080234933232,22.144684406953424,22.278955310948632,21.586008217291702,21.642620125677595,21.72065511623074,21.684742949868312,22.11260659885913,,0.2,10
2026-01-09 10:30,2000,1729.390812186015,0,0,0,0,0,0,0,0,0,0,100,86.46954060930075,0,0,0,0,0,0,0,0,0,0,25,25,17,16,18,21,21,17,21,21,18,,24.343302384036694,25.000000000000007,24.215304562784183,22.13334169939577,22.09389847208842,22.23118668563572,21.52605923731413,21.580752724184592,21.650827738195005,21.62351010908673,22.06798947045809,,0.9,229
2026-01-09 10:45,2000,1705.383068498344,0,0,0,0,0,0,0,0,0,0,100,85.26915342491719,0,0,0,0,0,0,0,0,0,0,25,25,17,16,18,21,21,17,21,21,18,,24.514281466689138,25,24.223458024534523,22.029917962023937,21.986119801213487,22.114299394702552,21.42292807329078,21.473607270753288,21.534565135602875,21.514172413397343,21.968589189501103,,1.1,148
2026-01-09 11:00,2000,0,0,0,0,0,0,0,0,0,0,0,100,0,0,0,0,0,0,0,0,0,0,0,25,21.04,20.96,16,18,21,21,17,21,21,18,,24.66762528502753,25,24.23182360075741,21.944521774618035,21.902647171003963,22.022260323592885,21.32973951279401,21.377152203169373,21.43367797992852,21.41566452147687,21.88765907536292,,1.2,113
2026-01-09 11:15,1977.6597503559517,0,0,0,0,0,52.43784592717657,0,21.947009023757342,29.94865771948844,0,0,98.88298751779759,0,0,0,0,0,5.243784592717657,0,1.7557607219005873,2.3958926175590753,0,0,25,21,21,16,18,21,21,17,21,21,18,,24.827751598168334,23.47800067,23.539764207407416,21.752804919535397,21.71039145156512,21.812693915857043,21.1341914,21.175055074036745,21.22518709156917,21.208387987728443,21.70214002,,1.3,115
2026-01-09 11:30,369.9084283475183,0,0,0,0,0,19.052503384157298,1250.0000000000025,1250.0000000000025,17.565756110836276,1479.6815597520415,0,18.495421417375915,0,0,0,0,0,1.9052503384157298,100,100,1.405260488866902,98.64543731680276,0,21.04000000000004,18.030000000000037,21.00000000000004,16.000000000000032,18.990000000000038,21.00000000000004,21.00000000000004,23.92000000000004,24.960000000000043,21.00000000000004,22.94000000000004,,24.972165353002453,22.48771497790316,22.53500542222007,21.5400453,21.49800255640836,21.58566524927397,21.00185745828716,20.95988384982833,21.023960739779408,21.017524091465983,21.49305312126629,,2.1,353
2026-01-09 11:45,669.2013382589348,0,0,0,0,0,0,1193.402298157877,1250,0,1262.4334207803386,0,33.46006691294674,0,0,0,0,0,0,95.47218385263017,100,0,84.16222805202257,0,21,18,21,16,19,21,21,24,25,21,23,,21.848036540020715,21.797602149065455,21.83238694868279,21.673392919861023,21.64932017,21.753113975017506,21.59453458556981,22.90781803230304,22.982494078661183,21.69132833782444,22.656845791563093,,2.6,359
2026-01-09 12:00,866.9817240924167,0,0,0,0,0,0,955.5987819326584,1250,0,1048.8983210936058,0,43.34908620462083,0,0,0,0,0,0,76.44790255461268,100,0,69.92655473957372,0,21,18,21,16,19,21,21,24,25,21,23,,21,21.32225651436338,21.359905809078565,22.11465871956794,22.10173774211049,22.223530444413377,22.56512843,23.92543140806353,24.042990531607597,22.713886352368892,23,,2.3,41
2026-01-09 12:15,877.2403388368039,0,43.00295806924623,0,0,0,0,822.5032097939547,1250,0,951.1493581945616,0,43.862016941840196,0,2.1501479034623117,0,0,0,0,65.80025678351637,100,0,63.409957212970774,0,21,18,21,16,19,21,21,24,25,21,23,,21,21.07073068533679,21.12322786063461,22.264713518051128,22.249961281778376,22.36542267579413,22.87105432,24,24.359511905431148,23.01568733810052,23,,1.8,41
2026-01-09 12:30,903.2744828672348,0,169.12162745258863,0,0,0,0,718.4576928,1250,0,874.4515791510421,0,45.16372414336175,0,8.456081373,0,0,0,0,57.47661542359376,100,0,58.29677194340281,0,21,18,21,16,19,21,21,24,25,21,23,,21,20.92845589484925,21.00279145142701,22.33138204634477,22.31978771185066,22.433712877776657,23.008449354259845,24,24.507845318451587,23.153471960337413,23,,2.4,260
2026-01-09 12:45,918.7174414,0,207.32028190973324,0,0,0,0,638.5672265861449,1250,0,815.2298663871225,0,45.935872068542395,0,10.366014095486662,0,0,0,0,51.08537812689159,100,0,54.348657759141496,0,21,18,21,16,19,21,21,24,25,21,23,,21,20.862092865920665,21,22.385218374794725,22.374930782951687,22.48818152,23.11499074,24,24.62402908604961,23.260106773043308,23,,2.6,196
2026-01-09 13:00,937.8383167047996,0,0,0,0,0,0,588.6550227,1250,0,783.5246407735249,0,46.891915835239985,0,0,0,0,0,0,47.092401814518965,100,0,52.234976051568324,0,21,17.01,17.04,16,19,21,21,24,25,21,23,,21,20.849249283390208,21,22.42692495,22.41769187042268,22.53134633294046,23.19658035,24,24.713912576874527,23.342320011594595,23,,2.4,1
2026-01-09 13:15,952.1393730987638,0,0,0,0,0,0,556.3035286762497,1250,0,759.3107767,0,47.606968654938186,0,0,0,0,0,0,44.50428229409997,100,0,50.62071844543873,0,21,17,17,16,19,21,21,24,25,21,23,,21,20.836418543960768,20.82403911768672,22.450729502146125,22.441432781113505,22.555861207483417,23.24938396651191,24,24.77348184403761,23.39495748768461,23,,1.7,1
2026-01-09 13:30,1693.828173763142,0,342.48779424051827,491.42128462383255,0,0,0,494.9800167391781,1250.000000000002,0,633.1444908670258,0,84.69140869,0,17.124389712025913,32.76141897492217,0,0,0,39.59840133913425,100,0,42.209632724468385,0,22.980000000000032,17.990000000000027,20.96000000000004,22.92000000000003,19.00000000000003,21.00000000000003,19.020000000000028,24.00000000000004,25.00000000000004,21.00000000000003,23.00000000000004,,21,20.699697054531523,20.778044984143868,22.468999509262854,22.4595884,22.575509965959327,23.283931295203608,24,24.813653142593587,23.428932084140868,23,,1.4,32
2026-01-09 13:45,1532.6031248829513,0,338.78650241506875,463.0034723256613,0,0,0,445.16184345629154,1250,0,530.1820410265536,0,76.63015624414757,0,16.939325120753438,30.866898155044087,0,0,0,35.61294747650332,100,0,35.345469401770245,0,23,18,21,23,19,21,19,24,25,21,23,,22.61378003223352,20.734978929513854,20.96000000000004,22.92000000000004,22.55263975032892,22.693701172405756,23.34274553157413,24.00000000000004,24.88363807826993,23.494702565640697,23.00000000000004,,1.5,65
2026-01-09 14:00,1518.8630099327238,0,322.0686261151968,430.1029076571722,0,0,0,425.6777302132996,1250,0,501.3949273532853,0,75.94315049663619,0,16.10343130575984,28.673527177144813,0,0,0,34.054218417063964,100,0,33.42632849021902,0,23,18,21,23,19,21,19,24,25,21,23,,23,20.767506481659066,21,23,22.633850157277976,22.78326708238349,23.396943555822787,24,24.94455412598644,23.55128688476064,23,,1.5,1
2026-01-09 14:15,1465.1828385024855,0,333.2750573602734,409.8445074226147,0,0,0,406.1293695656659,1249.100224767535,0,490.0861867234562,0,73.25914192512428,0,16.66375286801367,27.322967161507645,0,0,0,32.490349565253275,99.92801798,0,32.67241244823041,0,23,18,21,23,19,21,19,24,25,21,23,,23,20.78273342505421,21,23,22.657481292667875,22.809668104381014,23.419989714258456,24,24.971111360383684,23.57367256077012,23,,1.6,1
2026-01-09 14:30,1441.5797486356114,0,343.46759147323974,400.5816094891852,0,0,0,390.1008636,1231.3571362984148,0,485.5072634063763,0,72.07898743178056,0,17.173379573661986,26.705440632612348,0,0,0,31.20806909,98.50857090387319,0,32.36715089375842,0,23,18,21,23,19,21,19,24,25,21,23,,23,20.77132870958908,21,23,22.66780653395736,22.82276966850656,23.442436654652703,24,24.99642176216863,23.596084879695372,23,,1.7,20
2026-01-09 14:45,1424.8283735485566,0,355.57536748923667,396.89952148427983,0,0,0,381.3224502,1219.859729284959,0,485.0930621905864,0,71.24141867742783,0,17.778768374461833,26.45996809895199,0,0,0,30.505796019359842,97.58877834279673,0,32.33953747937243,0,23,18,21,23,19,21,19,24,25,21,23,,23,20.76277950533539,21,23,22.671968608034557,22.82894729757237,23.460876762813356,24,25,23.614046071505104,23,,1.7,22
2026-01-09 15:00,1411.2530303030217,0,365.2711958524633,392.0989836955341,0,0,0,371.3135952658959,1206.8787644949844,0,482.84997464319895,0,70.56265151515109,0,18.263559792623163,26.13993224636894,0,0,0,29.705087621271673,96.55030115959875,0,32.189998309546596,0,23,18,21,23,19,21,19,24,25,21,23,,23,20.756840387866383,21,23,22.67265336538313,22.83108186214645,23.472122076079376,24,25,23.62426489147166,23,,1.8,1
2026-01-09 15:15,1400.8858658874815,0,374.7266333896514,389.88221563944535,0,0,0,363.79824740511685,1196.8789849684326,0,482.7462877412254,0,70.04429329437407,0,18.73633166948257,25.992147709296358,0,0,0,29.10385979240935,95.7503188,0,32.18308584941503,0,23,18,21,23,19,21,19,24,25,21,23,,23,20.750866729556307,21,23,22.67422106032674,22.83416285018153,23.48373665400682,24,25,23.635070362198224,23,,1.8,1
2026-01-09 15:30,1392.8876242153883,2000,0,1500,0,0,0,0,0,0,0,0,69.64438121076941,100,0,100,0,0,0,0,0,0,0,0,23.000000000000004,24.920000000000005,18.03,24.980000000000004,19,21,19,21.03,18.08,21,21.02,,23,20.74510385,21,23,22.674277517882885,22.83545080120135,23.49339286249418,24,25,23.643733593341693,23,,1.7,7
2026-01-09 15:45,1386.5496968560028,2000,0,1500,0,0,0,0,0,0,0,0,69.32748484280015,100,0,100,0,0,0,0,0,0,0,0,23,25,18,25,19,21,19,21,18,21,21,,23,22.489577700407864,21.516386149487204,23.84211214618177,22.73604224912984,22.904150765426728,23.319994881814395,23.447025533429247,23.586631141888414,23.45562922626704,22.72221831627187,,1.7,5
2026-01-09 16:00,1381.430335264511,2000,0,1500,0,0,0,0,0,0,0,0,69.07151676322555,100,0,100,0,0,0,0,0,0,0,0,23,25,18,25,19,21,19,21,18,21,21,,23,23.425383913335267,22.52129352784062,24.01919574653444,22.88118551243066,23.05812065937696,22.819615698065306,22.909659975666536,22.99948187811948,22.93040803214731,22.849564454599125,,1.8,0
2026-01-09 16:15,1377.6269689987255,2000,0,1500,0,0,0,0,0,0,0,0,68.88134844993627,100,0,100,0,0,0,0,0,0,0,0,23,25,18,25,19,21,19,21,18,21,21,,23,23.91553393169201,22.996587216647224,24.094938915211586,22.94765740194876,23.126100872342185,22.52726839855888,22.60698611117684,22.68941582,22.631427757973825,22.91470487510606,,1.6,0
2026-01-09 16:30,1374.3933529851947,2000,0,1500,0,0,0,0,0,0,0,0,68.71966764925973,100,0,100,0,0,0,0,0,0,0,0,23,25,18,25,19,21,19,21,18,21,21,,23,24.140976381214365,23.215852357507504,24.127809753905744,22.973080463121203,23.15363027136056,22.399166218899023,22.47456496991125,22.55348722144262,22.502961002289418,22.93944607726271,,1.6,0
2026-01-09 16:45,1371.6589682968042,2000,0,1500,0,0,0,0,0,0,0,0,68.58294841484022,100,0,100,0,0,0,0,0,0,0,0,23,25,18,25,19,21,19,21,18,21,21,,23,24.28102347265775,23.34883256879552,24.15189691126824,22.99094386625586,23.17334334520011,22.307454363672715,22.378334249595483,22.45305605169297,22.40906219,22.956703320485644,,1.6,0
2026-01-09 17:00,1366.3490217497092,2000,0,1500,0,0,0,0,0,0,0,0,68.31745108748547,100,0,100,0,0,0,0,0,0,0,0,23,25,18,25,19,21,19,21,18,21,21,,23,24.40995101802174,23.478989463296056,24.16967595167204,23.003422294889123,23.186811912340424,22.240249304179823,22.30808596943281,22.38006985812628,22.34134458505736,22.96954001740181,,1.8,0
2026-01-09 17:15,1361.3509094058354,2000,0,1500,0,0,0,0,0,0,0,0,68.06754547029178,100,0,100,0,0,0,0,0,0,0,0,23,25,18,25,19,21,19,21,18,21,21,,23,24.535358118806595,23.601864421984423,24.18762925934181,23.017234666216225,23.201740279520106,22.160949828665597,22.22539738690054,22.294731278287045,22.259969213156083,22.983678372820663,,1.7,0
2026-01-09 17:30,0,1977.120899097269,0,1499.9999999999986,0,0,0,0,0,1248.888664466031,0,0,0,98.85604495486345,0,100,0,0,0,0,0,99.91109315728248,0,0,16.07999999999998,24.99999999999998,17.999999999999982,24.99999999999998,18.99999999999998,20.99999999999998,18.99999999999998,20.99999999999998,17.999999999999982,23.96999999999998,20.99999999999998,,23,24.65195579174457,23.71942934,24.202582366503087,23.028349062147488,23.21353699,22.10000177166508,22.162111418662384,22.22954811824532,22.198491785691427,22.995369401887597,,1.7,0
2026-01-09 17:45,0,1839.2167518662925,0,1499.999999999998,0,0,0,0,0,1117.0561912419096,0,0,0,91.96083759331464,0,99.99999999999986,0,0,0,0,0,89.36449529935277,0,0,15.999999999999975,24.999999999999968,17.99999999999997,24.999999999999968,18.999999999999968,20.999999999999968,18.999999999999968,20.999999999999968,17.99999999999997,23.999999999999968,20.999999999999968,,20.365079014702832,24.898093406428615,23.988133425389577,24.26075383927896,23.095457508074496,23.270316004467645,22.238526153757576,22.304285352074807,22.37153362,23.663235891047137,23.061571219166744,,1.7,0
2026-01-09 18:00,0,1793.3057150795794,0,1500,0,0,0,0,0,1009.7377477623132,0,0,0,89.66528575397896,0,100,0,0,0,0,0,80.77901982098506,0,0,16,25,18,25,19,21,19,21,18,24,21,,17.89227127026462,24.999999999999964,24.159544761253624,24.39613256545435,23.23226303113669,23.41082511212731,22.657838077221108,22.733517934609395,22.803001804314736,23.99999999999997,23.196249310362333,,1.7,0
2026-01-09 18:15,0,1771.7029612036713,0,1500,0,0,0,0,0,987.7332712066128,0,0,0,88.58514806018357,0,100,0,0,0,0,0,79.01866169652902,0,0,16,25,18,25,19,21,19,21,18,24,21,,17.407391224567263,25,24.18233291,24.487621730783538,23.32131080128194,23.501940254577505,22.76093881246323,22.837008634316632,22.904925590681557,24,23.28556950979152,,1.7,0
2026-01-09 18:30,0,1741.327945035875,0,1500,0,0,0,0,0,974.3334477309544,0,0,0,87.06639725179375,0,100,0,0,0,0,0,77.94667581847635,0,0,16,25,18,25,19,21,19,21,18,24,21,,17.316925455986624,25,24.193842004302205,24.528343333901898,23.358628696586276,23.53852036209864,22.782008954965185,22.85679061,22.923173313540023,24.000000000000004,23.3246406,,1.7,0
2026-01-09 18:45,0,1712.4535957800836,0,1500,0,0,0,0,0,958.0166266978376,0,0,0,85.62267978900418,0,100,0,0,0,0,0,76.64133014,0,0,16,25,18,25,19,21,19,21,18,24,21,,17.130820808574807,25,24.210104936108163,24.542491757599787,23.37004859249121,23.549179306401985,22.788522524843003,22.861725298150063,22.926648049814425,24,23.337324983104285,,1.6,0
2026-01-09 19:00,0,1687.793227835522,0,1500,0,0,0,0,0,949.6405497,0,0,0,84.38966139,0,100,0,0,0,0,0,75.97124397847247,0,0,16,25,18,25,19,21,19,21,18,24,21,,16.909287791062123,25,24.22473662113243,24.57004066824488,23.39605429071821,23.57598000479031,22.801365387298805,22.87352605849804,22.937363048377403,24.000000000000004,23.363385815902028,,1.8,0
2026-01-09 19:15,0,1666.7931893948407,0,1500,0,0,0,0,0,936.4012645581496,0,0,0,83.33965946974203,0,100,0,0,0,0,0,74.91210116465197,0,0,16,25,18,25,19,21,19,21,18,24,21,,16.73233256692009,25,24.237241183710847,24.58635718,23.409548424152405,23.588778212338138,22.807587159258745,22.87871743017697,22.94159416690083,24,23.37811634555893,,1.8,0
2026-01-09 19:30,0,0,0,0,0,0,0,0,0,921.5234844707984,0,0,0,0,0,0,0,0,0,0,0,73.72187875766387,0,0,16,21.04,22.94,18.08,20.98,21,19,21,20.97,24,21,,16.59843193458874,25,24.24791727432333,24.614181249797863,23.43590870714632,23.61660581259417,22.817401493097044,22.88790667856394,22.950129848776864,24,23.404234032045945,,1.7,0
2026-01-09 19:45,0,0,532.5476252222652,0,0,0,0,0,0,919.5733876997384,0,0,0,0,26.62738126111326,0,0,0,0,0,0,73.56587101597907,0,0,16,21,23,18,21,21,19,21,21,24,21,,16.492039648409005,23.57329516962895,23.66468803088737,23.501515381095963,23.375181004913586,23.54801839492329,22.82984978261669,22.89987414,22.96154976526201,24,23.349538889114623,,1.6,0
2026-01-09 20:00,0,0,764.3446105356197,0,0,0,0,0,0,924.6731249,0,0,0,0,38.21723052678099,0,0,0,0,0,0,73.97384999066415,0,0,16,21,23,18,21,21,19,21,21,24,21,,16.37059621203213,22.65516117905794,23,23.122129887334417,23.037036308694866,23.19167105924333,22.831157061444756,22.900300304297783,22.961254387200704,24,23.020157641232966,,1.9,0
2026-01-09 20:15,0,0,777.0795747642842,0,0,0,0,0,0,926.2217059682188,0,0,0,0,38.85397873821421,0,0,0,0,0,0,74.09773648,0,0,16,21,23,18,21,21,19,21,21,24,21,,16.272775952341558,22.53185161427209,23,22.92660619086167,22.842398990177877,22.99325750736174,22.823971217872163,22.89208261551016,22.952200973786184,24,22.824752703532905,,2.2,0
2026-01-09 20:30,0,0,785.6466481,0,0,0,0,0,0,0,0,0,0,0,39.282332405067706,0,0,0,0,0,0,0,0,0,16,21,23,18,21,21,19,21,21,16.09,21,,16.196258473578443,22.55955277427517,23,22.84180082532963,22.772851306424624,22.92100312906412,22.82007227728508,22.887399041034648,22.946709338363963,24,22.75514323267042,,2.1,0
2026-01-09 20:45,0,0,810.6087187894809,0,0,0,0,0,0,0,0,0,0,0,40.530435939474046,0,0,0,0,0,0,0,0,0,16,21,23,18,21,21,19,21,21,16,21,,16.13894912083559,22.53173688676368,23,22.68346642730472,22.61498892630211,22.75184369918078,22.72434152964856,22.78690263598741,22.84348002762532,22.925799239740837,22.602833819573977,,2.2,0
2026-01-09 21:00,0,0,825.2167667585854,0,0,0,0,0,0,0,0,0,0,0,41.26083833792927,0,0,0,0,0,0,0,0,0,16,21,23,18,21,21,19,21,21,16,21,,16.082989487587152,22.515799074676057,23,22.504368759438645,22.43848420768976,22.56850766146772,22.446119122002163,22.499957127475877,22.552760891848315,22.58366012099362,22.42768475691276,,2.5,0
2026-01-09 21:15,17.00544141325372,0,841.0367096640075,0,0,0,0,0,0,0,0,0,0.8502720706626861,0,42.05183548320038,0,0,0,0,0,0,0,0,0,16,21,23,18,21,21,19,21,21,16,21,,16.024296798881213,22.50434858,23.000000000000004,22.41249568624768,22.351267856019064,22.48122738,22.30486855524833,22.356855325044947,22.40914023360992,22.452230745016788,22.33774962615917,,2.4,0
2026-01-09 21:30,1806.130544928272,0,863.3529089587124,0,0,0,0,0,0,0,0,0,90.30652724641361,0,43.16764544793562,0,0,0,0,0,0,0,0,0,20.94000000000001,21,23,18,21,21,20.980000000000004,21,21,16,21,,16,22.494593444330103,23,22.347318329788763,22.287224245377622,22.41432257724423,22.210296774047105,22.25970481798705,22.30951865344547,22.339455669621618,22.272587550899065,,2.2,0
2026-01-09 21:45,1782.9424108604508,0,874.5837119962423,0,0,0,0,0,0,0,0,0,89.14712054302254,0,43.72918559981212,0,0,0,0,0,0,0,0,0,21,21,23.000000000000004,18,21,21,21,21,21,16,21,,19.62940484234029,22.48632306295992,23.000000000000004,22.07859700190791,22.01394373,22.119162493525643,21.86526281375969,21.903049782185523,21.94547663334513,21.965267173830785,22.00694202520725,,2.1,0
2026-01-09 22:00,1313.6558464124305,0,0,0,0,0,0,0,0,0,0,0,65.68279232062152,0,0,0,0,0,0,0,0,0,0,0,21,21,21.02,18,21,21,21,21,21,16,21,,20.859179124159184,22.47914828223097,23.000000000000004,21.78039249315448,21.71706119565041,21.813523202586147,21.511502351586355,21.54115836164136,21.579276453274165,21.594122938887296,21.711927983479303,,2.2,0
2026-01-09 22:15,1238.014499380417,0,0,0,0,0,0,0,0,0,0,0,61.90072496902085,0,0,0,0,0,0,0,0,0,0,0,21,21,21,18,21,21,21,21,21,16,21,,21,22.21562159198679,22.279201732023093,21.64179519395244,21.57965792,21.67739897330467,21.346513201529387,21.37494649215464,21.41228197350784,21.426054622829646,21.57122477836145,,2.2,0
2026-01-09 22:30,1186.2370935264944,0,1517.0695269025164,0,0,0,0,0,0,0,0,0,59.31185467632472,0,75.85347634512581,0,0,0,0,0,0,0,0,0,21,21,22.98,18,21,21,21,21,21,16,21,,21,21.733794003112724,21.80019749765419,21.55635573818645,21.49558572988428,21.59272736263533,21.244655957418388,21.27226331602896,21.308934262197557,21.321696759856074,21.485689425584063,,2.3,0
2026-01-09 22:45,1143.7658051123926,0,964.1080957,0,0,0,0,0,0,0,0,0,57.188290255619634,0,48.20540478,0,0,0,0,0,0,0,0,0,21,21,23,18,21,21,21,21,21,16,21,,21,22.065276282854786,22.921602879775246,21.46160677968568,21.400520766358003,21.49410390840115,21.137201293314128,21.162978589022018,21.19836885166573,21.21049826508699,21.39142643840617,,2.7,0
2026-01-09 23:00,1107.2287279446518,0,973.7350173481028,0,0,0,14.656677672357546,0,0,0,0,0,55.361436397232595,0,48.686750867405145,0,0,0,1.4656677672357545,0,0,0,0,0,21,21,23,18,21,21,21,21,21,16,21,,21,22.39538855383836,23,21.36901004230609,21.30871217441635,21.401009229735656,21.033810410893658,21.05831373137898,21.09270023184488,21.10575415994975,21.29883263982624,,3.5,0
2026-01-09 23:15,1077.099743,0,948.4585881984822,0,0,0,39.90793848090834,38.911910231399816,4.932779988,0,0,0,53.85498713077549,0,47.42292940992411,0,0,0,3.990793848090834,3.1129528185119852,0.394622399,0,0,0,21,21,23,18,21,21,21,21,21,16,21,,21,22.45650566118552,23,21.318396614526623,21.26083629771549,21.353459834947248,21,21.002353902099028,21.03669968,21.04873992535455,21.24907377643348,,4.1,0
2026-01-09 23:30,1051.4102905407235,0,0,0,0,0,70.73798288859871,85.49418298,53.83613055062112,0,0,0,52.570514527036174,0,0,0,0,0,7.073798288859871,6.839534638338664,4.306890444,0,0,0,21,21,21.02,20.97,21,21,21,21,21,16,21,,21,22.43795987206176,23,21.28185437661171,21.22590988214189,21.31751082781655,21,21,21,21.005031581618237,21.213843460620048,,4.4,0
2026-01-09 23:45,1028.8975589352583,0,0,0,0,0,87.60130190445761,111.23065183055768,79.54618670325544,0,0,0,51.444877946762915,0,0,0,0,0,8.76013019,8.898452146444614,6.363694936260435,0,0,0,21,21,21,21,21,21,21,21,21,16,21,,21,22.160723917370184,22.222781918818274,21.22032241013341,21.163798101343534,21.252937192082868,21,21,21,20.952528466960583,21.15277609993768,,3.6,0
2026-01-10 0:00,1030.8104709104646,0,0,0,0,0,96.70955573,124.62712010468022,92.83029778092896,0,0,0,51.540523545523236,0,0,0,0,0,9.670955572946061,9.970169608374418,7.426423822474317,0,0,0,21,21,21,21,21,21,21,21,21,16,21,,21,21.65147561795441,21.719137804386875,21.1440377,21.08729850197941,21.174768119285176,21,21,21,20.921336134141335,21.07659743462925,,3.2,0
2026-01-10 0:15,1035.402521284208,30.209130136827294,0,0,51.15016983127498,0,104.50288722344794,135.9620035212156,104.0384457658929,0,70.14367519612824,0,51.77012606,1.5104565068413647,0,0,4.092013586501999,0,10.450288722344794,10.876960281697247,8.323075661271432,0,4.676245013075216,0,21,21,21,21,21,21,21,21,21,16,21,,21,21.29763471,21.37021175,21.081744037302947,21.02580571253477,21.113992662557663,21,21,21,20.907286027681053,21.01429462,,2.7,0
2026-01-10 0:30,1041.8306369710308,216.2519240837748,85.86828379,48.664012293440464,118.30083150261636,1.5633950677554822,0,58.47294867,45.65691548594332,1250,139.15397418654177,0,52.09153184855154,10.81259620418874,4.293414189596006,3.244267486229364,9.46406652,0.31267901355109645,0,4.677835893783544,3.6525532388754653,100,9.276931612436119,0,21,21,21,21,21,21,18.03,21,21,22.92,21,,21,21.042468567052225,21.09107108226972,21.01867430610917,21,21.052290290525896,21,21,21,20.89439149020012,21,,1.8,0
2026-01-10 0:45,1050.061072325705,242.95405833048065,107.3540811321127,59.86875528113888,124.44692969700372,0,0,0,0,1250,146.97116231975633,0,52.50305361628525,12.147702916524032,5.367704056605635,3.9912503520759257,9.955754375760298,0,0,0,0,100,9.798077487983756,0,21,21,21,21,21,21,18,21,21,23,21,,21,21,21,21,21,21.004578103269747,20.977932541069656,21.07002663054408,21.09117289448148,22.37697494928215,21,,1.3,0
2026-01-10 1:00,1047.7880174402308,253.51832347336315,111.92295919794924,65.17501183761487,126.9835206745738,0,0,0,0,1250,151.1926729014267,0,52.389400872011535,12.675916173668158,5.596147959897462,4.345000789174325,10.158681653965903,0,0,0,0,100,10.079511526761781,0,21,21,21,21,21,21,18,21,21,23,21,,21,21,21,21,21,21.00025474,21.264366657857927,21.30786128671905,21.346246472762743,22.726192412496808,21,,2.3,0
2026-01-10 1:15,1045.7418573901468,266.9711798576209,123.93864479325202,65.498167,127.3230377446198,0,0,0,0,1250,153.0696556892326,0,52.28709286950734,13.348558992881044,6.196932239662601,4.366544466860554,10.185843019569583,0,0,0,0,100,10.204643712615507,0,21,21,21,21,21,21,18,21,21,23,21,,21,21,21,21,21,20.999891494666844,21.368305146695626,21.404346229484293,21.44293597579754,22.80959086,21,,1.3,0
2026-01-10 1:30,1044.2273815613826,277.34215646371376,134.91525803204422,71.12106155332731,132.30018520499652,1.306180630792369,0,0,0,1250,159.37751373036735,0,52.211369078069126,13.867107823185687,6.745762901602211,4.741404103555154,10.584014816399723,0.2612361261584738,0,0,0,100,10.62516758202449,0,21,21,21,21,21,21,18,21,21,23,21,,21.000000000000004,21,21,21,21,21.00085211890032,21.42785572033276,21.47045527265984,21.50903783568605,22.894585827820706,21,,0.8,0
2026-01-10 1:45,1043.280424492681,286.45880193290213,144.82709169988811,70.82697641518826,131.4210721,0,0,0,0,1246.9114611451369,159.6494721010822,0,52.164021224634055,14.322940096645107,7.241354584994406,4.721798427679217,10.513685766749841,0,0,0,0,99.75291689161095,10.643298140072147,0,21,21,21,21,21,21,18,21,21,23,21,,21.000000000000004,21,21,21,21,21,21.464642107929954,21.508701219341877,21.547233503741055,22.94224437,21,,0.2,0
2026-01-10 2:00,1051.5231559427905,295.9752080565231,154.6503572,76.31999910054583,136.76581585429085,0,0,0,0,1211.483028221799,166.23978944321425,0,52.57615779713952,14.798760402826156,7.732517862,5.087999940036388,10.941265268343267,0,0,0,0,96.91864225774393,11.082652629547617,0,21,21,21,21,21,21,18,21,21,23,21,,21,21,21,21.000000000000004,21,21.00082863184637,21.51911762271024,21.56465964197063,21.603456811214983,23,21,,1.2,0
2026-01-10 2:15,1060.5775316069466,304.6651954346344,163.85949612504555,76.51357331723557,136.9817112286437,0,0,0,0,1167.779631342244,167.61277671468997,0,53.02887658034734,15.233259771731722,8.192974806252277,5.100904887815704,10.958536898291495,0,0,0,0,93.42237050737953,11.174185114312666,0,21,21,21,21,21,21,18,21,21,23,21,,21,21,21,21,21,20.99926312879121,21.55056897078768,21.597051947981985,21.635664004778143,23,21,,0.3,0
2026-01-10 2:30,1070.2275778500662,312.70599989361045,173.21389485656132,26.578497461107567,1249.9999999999998,0,1000,0,0,956.4349197873496,57.33791892269801,0,53.51137889250331,15.635299994680523,8.660694742828065,1.7718998307405045,99.99999999999997,0,100,0,0,76.51479358298798,3.822527928179867,0,21,21,21,21,22.98,21,24.92,21,21,23,21,,21,21,21,21,21,21.00146094364943,21.59262040939218,21.64083225609218,21.67973321046389,23,21,,-0.4,0
2026-01-10 2:45,1080.3579410988705,320.03292495591813,180.36966171697716,0,1250,0,1000,0,0,684.9895299595719,0,0,54.017897054943525,16.001646247795907,9.018483085848858,0,100,0,100,0,0,54.79916239676576,0,0,21,21,21,21,23,21,25,21,21,23,21,,21,21,21,21.10094326099617,21.946570068591253,21.15659154979361,23.33277315524999,21.84570110689219,21.887342146423283,23,21.057361669843885,,-1,0
2026-01-10 3:00,1088.4914299482643,0,0,0,1250,0,1000,0,0,635.8658789820729,0,0,54.42457149741321,0,0,0,100,0,100,0,0,50.86927031856583,0,0,21,17.04,17.04,21,23,21,25,21,21,23,21,,21,21,21,21.327672991870585,22.21707801672868,21.420258422726523,23.69381943201151,22.13929029394921,22.182603474491422,23,21.25641937454282,,0.1,0
2026-01-10 3:15,1097.049368508884,0,0,0,1250,0,1000,0,0,586.4676222,0,0,54.85246843,0,0,0,100,0,100,0,0,46.91740977719368,0,0,21,17,17,21,23,21,25,21,21,23,21,,21,20.761486243200597,20.864001659164938,21.41291641856175,22.29113376441908,21.500896897132694,23.75496829841985,22.21367143,22.255693716319502,23,21.33896612635427,,-0.8,0
2026-01-10 3:30,1105.9967456428503,494.2379037278333,401.1926208086316,0,1250,0,1000,0,0,549.6854008794671,0,0,55.29983728214251,24.711895186391665,20.05963104043158,0,100,0,100,0,0,43.97483207035737,0,0,21,20.96,20.96,21,23,21,25,21,21,23,21,,21,20.60096728598917,20.667832794020924,21.47142970471545,22.358496056221835,21.567686146438465,23.83058715823344,22.25849912400374,22.301213656961064,23,21.39678677586824,,-1.6,0
2026-01-10 3:45,1115.3030828123992,337.10120739653576,219.4321371545157,0,1250,0,1000,0,0,515.8511612730035,0,0,55.76515414061996,16.855060369826788,10.971606857725785,0,100,0,100,0,0,41.268092901840284,0,0,21,21,21,21,23,21,25,21,21,23,21,,21.000000000000004,20.96,20.96,21.534901882171468,22.42483993245477,21.636637542571144,23.88890883747422,22.30055840517873,22.34359024564841,23,21.458652543228386,,-2.2,0
2026-01-10 4:00,1127.2274755041035,361.82493321395305,225.05635979412543,0,1250,0,1000,0,0,487.7283620148664,0,0,56.36137377520517,18.091246660697653,11.252817989706271,0,100,0,100,0,0,39.01826896118931,0,0,21,21,21,21,23,21,25,21,21,23,21,,21,21,21,21.59596430595887,22.486031023231988,21.700076817124856,23.93753717512145,22.33986650235287,22.383143051524534,23,21.518369560403965,,-1,0
2026-01-10 4:15,1139.5255771851917,356.8473813497403,210.8988108148733,0,1250,0,1000,0,0,475.0456973716173,0,0,56.97627885925958,17.842369067487017,10.544940540743664,0,100,0,100,0,0,38.00365578972938,0,0,21,21,21,21,23,21,25,21,21,23,21,,21,21,21,21.64864942696897,22.53900928465767,21.755736281111066,23.97790166389631,22.37210173790293,22.415719048482647,23,21.569818660258637,,-1.8,0
2026-01-10 4:30,1152.1586347490893,2000,54.33858014204088,0,1250,0,1000,0,0,0,0,0,57.607931737454464,100,2.716929007102044,0,100,0,100,0,0,0,0,0,21,23.97,21,20.01,23,21,25,21,21,21.02,21,,21,21,21,21.67693017484165,22.56697108793839,21.784880255308877,24.001181862940957,22.38805228104131,22.43193333,23,21.59709707154659,,-2.3,0
2026-01-10 4:45,1165.0976635764212,2000,0,0,1250,0,1000,0,0,0,0,0,58.25488317882106,100,0,0,100,0,100,0,0,0,0,0,21,24,21,20,23,21,25,21,21,21,21,,21,22.41158385619149,21.47191363611458,21.76250894842422,22.654923398075432,21.87989904393735,24.012559794798445,22.392650099146536,22.436620197295756,22.511006629771785,21.681024817224262,,-2.7,0
2026-01-10 5:00,1178.336896386474,2000,0,0,1250,0,1000,0,0,0,0,0,58.91684481932371,100,0,0,100,0,100,0,0,0,0,0,21,24,21,20,23,21,25,21,21,21,21,,21,23.168152718109127,22.253012489094733,21.85487638626474,22.747182924086285,21.976450196437924,23.93767476,22.309021599097115,22.35249512514608,22.403042801429216,21.77162078685239,,-1.8,0
2026-01-10 5:15,1191.8428132480767,2000,0,0,1250,0,1000,0,0,0,0,0,59.592140662403835,100,0,0,100,0,100,0,0,0,0,0,21,24,21,20,23,21,25,21,21,21,21,,21,23.586073660164967,22.668608322659846,21.91168080559185,22.80271049,22.03365600433904,23.896236091464072,22.26158350685274,22.305317219816573,22.35156675221367,21.82732836284367,,-1.7,0
2026-01-10 5:30,1205.6446946851183,1910.4519239200672,0,0,1250,0,1000,0,0,0,0,0,60.282234734255915,95.52259619600336,0,0,100,0,100,0,0,0,0,0,21,24,21,20,23,21,25,21,21,21,21,,21,23.846532160017645,22.930089004924536,21.950472877472336,22.840596027789125,22.07333501632099,23.87324848014085,22.23411227945765,22.278155636077425,22.32018829,21.865353597951614,,-2.2,0
2026-01-10 5:45,1219.735829022953,1736.5899403964686,0,0,1250,0,1000,0,0,0,0,0,60.98679145114765,86.82949701982344,0,0,100,0,100,0,0,0,0,0,21,24,21,20,23,21,25,21,21,21,21,,21,24,23.13596748909482,21.986487554670735,22.87545916,22.10969347333754,23.85433007204686,22.211308968426454,22.25573311707549,22.29412344311392,21.900629059475087,,-2.5,0
2026-01-10 6:00,1237.5389871505004,1669.1999323351265,0,0,1250,0,1000,0,0,0,0,0,61.876949357525014,83.45999661675633,0,0,100,0,100,0,0,0,0,0,21,24,21,20,23,21,25,21,21,21,21,,21,24,23.226408716321814,22.020451382188227,22.908222537168697,22.14410867,23.838186547891148,22.19186167,22.236696651314368,22.272137263605064,21.93381854279847,,-2.1,0
2026-01-10 6:15,1255.840883034627,1632.8930419964272,0,0,1250,0,1000,0,0,0,0,0,62.79204415173135,81.64465209982137,0,0,100,0,100,0,0,0,0,0,21,24,21,20,23,21,25,21,21,21,21,,21,24,23.25455219822021,22.05163528552415,22.937888147302424,22.175775812560403,23.823327195680925,22.174110776986048,22.219517399602065,22.25249035512324,21.963938635026963,,-3.6,0
2026-01-10 6:30,1274.4851746967674,1599.9924002409723,0,0,0,0,0,0,0,0,1500,0,63.72425873483837,79.99962001204862,0,0,0,0,0,0,0,0,100,0,21,24.000000000000004,21,20,17.07,21,18.08,21,17.04,21,24.960000000000004,,21,24,23.272155260528343,22.07999004825737,22.964646398503987,22.20458301886059,23.81004828688056,22.15835244226872,22.20439178633536,22.235257986193307,21.991134462062007,,-3.9,0
2026-01-10 6:45,1293.4038861168765,1581.323151595829,0,0,0,0,0,0,0,0,1500,0,64.67019430584382,79.06615757979144,0,0,0,0,0,0,0,0,100,0,21,24,21,20,17,21,18,21,17,21,25,,21,24.000000000000004,23.287797969136577,22.13398172325841,22.127662797195363,22.26333226204285,22.15473763373991,22.010786999093227,22.05523075995567,22.08172025312848,23.07730498742244,,-4.3,0
2026-01-10 7:00,1304.3361369574277,1561.612160111068,0,0,0,0,0,0,0,0,1500,0,65.21680684787138,78.08060801,0,0,0,0,0,0,0,0,100,0,21,24,21,20,17,21,18,21,17,21,25,,21,24,23.29849090441614,22.20881616703912,22.170272837839853,22.340733126817224,21.72814010364745,21.687135062533105,21.72969434913284,21.75192008242437,23.200919794550494,,-3.7,0
2026-01-10 7:15,1314.1909948558296,1545.265418173658,0,0,0,0,0,0,0,0,1500,0,65.70954974279148,77.26327091,0,0,0,0,0,0,0,0,100,0,21,24,21,20,17,21,18,21,17,21,25,,21,24,23.30837275,22.24303943177032,22.204790383238997,22.37395544053877,21.57004583833596,21.522237462307533,21.565185927492816,21.586160671118527,23.23161592822868,,-3.9,0
2026-01-10 7:30,1324.2194200195736,1529.8838310795472,0,0,0,0,0,0,0,0,1500,0,66.21097100097867,76.49419155397736,0,0,0,0,0,0,0,0,100,0,21,24,21,20,17,21,18,21,17,21,25,,21,24,23.31740336192188,22.268057047608337,22.225383225122656,22.39860531022974,21.41525746941104,21.383270987163076,21.425961506372676,21.44517262623404,23.264172690734064,,-4,0
2026-01-10 7:45,1334.249057439003,1518.3843469577405,0,0,0,0,0,0,0,0,1500,0,66.71245287195015,75.91921734788703,0,0,0,0,0,0,0,0,100,0,21,24,21,20,17,21,18,21,17,21,25,,21,24,23.325280952459373,22.286319083858025,22.24131349,22.416565169222984,21.288015711788734,21.263356548030465,21.305943459373616,21.323712329383103,23.28599735757172,,-4.3,0
2026-01-10 8:00,1322.1994122957767,1505.1831507383467,0,0,0,0,0,0,0,0,1500,0,66.10997061478884,75.25915753691734,0,0,0,0,0,0,0,0,100,0,21,24,21,20,17,21,18,21,17,21,25,,21,24,23.33146021108648,22.297573734585203,22.25075555167816,22.427247263254586,21.198232802328253,21.18020406502907,21.223096022825672,21.239980257890487,23.30014199391892,,-4.2,40
2026-01-10 8:15,1309.9294033190529,1490.8016414532358,0,0,0,0,0,0,0,0,1500,0,65.49647016595264,74.54008207266178,0,0,0,0,0,0,0,0,100,0,21,24,21,20,17,21,18,21,17,21,25,,21,24,23.33837785606905,22.30205994955406,22.253779377235325,22.430173717835533,21.14176537087881,21.129589543083583,21.17287013668601,21.189063371712777,23.307468088952053,,-4.6,53
2026-01-10 8:30,1296.2193358525185,0,1400.9399449360662,0,0,0,0,0,1250,0,1500,0,64.81096679262593,0,70.04699724680331,0,0,0,0,0,100,0,100,0,21,16.09,23.97,20,17.99,21,18,21,22.93,21,25,,21,24,23.34525177474838,22.30928737179587,22.260198737040778,22.43667692935257,21.08830991832073,21.08068894051929,21.124127186755427,21.139499900308927,23.317163932890555,,-4.9,87
2026-01-10 8:45,1282.0644226314998,0,1451.7377777581569,0,0,0,0,0,1250,0,1500,0,64.10322113157498,0,72.58688888790785,0,0,0,0,0,100,0,100,0,21,16,24,20,18,21,18,21,23,21,25,,21,23.191142804322567,23.97,22.32289238236844,22.28197793746117,22.44486741553956,21.11441775365106,21.11207785145214,22.430644509353627,21.16281937505828,23.331818839067655,,-4.9,122
2026-01-10 9:00,1277.3032533420735,0,1371.8912886494472,0,0,0,0,0,1250,0,1500,0,63.865162667103675,0,68.59456443247237,0,0,0,0,0,100,0,100,0,21,16,24,20,18,21,18,21,23,21,25,,21,23.22686860906265,24,22.35669537868449,22.33039244048562,22.471779285607788,21.372094406572774,21.37789074309977,22.735088756917868,21.416116197264355,23.366865620887737,,-5,54
2026-01-10 9:15,1272.083639967742,0,1344.8180713456204,0,0,0,0,0,1216.5705210208507,0,1500,0,63.604181998387105,0,67.24090356728102,0,0,0,0,0,97.32564168166806,0,100,0,21,16,24,20,18,21,18,21,23,21,25,,21,23.29095150096145,24,22.40171450191632,22.39056194,22.51099427570968,21.53601413263057,21.545711554198625,22.882643136728014,21.56652733473669,23.413445814997257,,-4.5,58
2026-01-10 9:30,1266.3220816773082,0,1310.6440787434767,0,0,0,0,0,1098.6490664361154,0,1500,0,63.31610408386542,0,65.53220393717383,0,0,0,0,0,87.89192531488924,0,100,0,21,16,24,20,18,21,18,21,23,21,25,,21,23.29625249,24,22.45996563548467,22.48879196776552,22.563572356901773,21.682187490645557,21.696492144198537,22.99883039715112,21.700385,23.47419751576703,,-3.6,182
2026-01-10 9:45,1259.972381119952,0,1275.7308955537264,0,0,0,0,0,1010.6947789789428,0,1500,0,62.998619055997594,0,63.78654477768632,0,0,0,0,0,80.85558231831543,0,100,0,21,16,24,20,18,21,18,21,23,21,25,,21,23.31685009658972,24,22.53374156509653,22.58770428131557,22.63337588974121,21.81289295912813,21.83117818767857,23,21.819769194358777,23.551983704145226,,-2.7,199
2026-01-10 10:00,1254.1756041520002,0,1241.6197937838806,0,0,0,0,0,943.7500549038814,0,1500,0,62.70878020760001,0,62.08098968919403,0,0,0,0,0,75.50000439231052,0,100,0,21,16,24,20,18,21,18,21,23,21,25,,21,23.337157498662027,24,22.617819948175004,22.69330670471946,22.71404974208057,21.91079718275795,21.932151517420472,23,21.906402991245457,23.64138742647768,,-2.3,296
2026-01-10 10:15,1248.068556159922,0,1208.1142882526874,0,0,0,0,0,888.3785415495622,0,1500,0,62.40342780799611,0,60.40571441263437,0,0,0,0,0,71.07028332396497,0,100,0,21,16,24,20,18,21,18,21,23,21,25,,21,23.358215796792944,24,22.708660286902145,22.802187378735056,22.802179164397455,21.988657460027248,22.01248587523648,23,21.97376812,23.738419714448497,,-1.4,306
2026-01-10 10:30,1242.6952519187116,0,1166.5415828259956,0,0,0,0,0,821.0721235302035,0,0,0,62.13476259593558,0,58.32707914129978,0,0,0,0,0,65.68576988241628,0,0,0,21,16,24,20,18,21,20.97,21,23,21,16.1,,21,23.379951555463062,24,22.80404714379669,22.91229218399728,22.89535034301732,22.056736818074807,22.083851543327818,23,22.029856178208497,23.841154819598085,,-1.2,226
2026-01-10 10:45,1237.0680168824892,0,1135.8686428622968,0,0,0,0,0,780.6981908422695,0,0,0,61.853400844124465,0,56.79343214311484,0,0,0,0,0,62.45585526738155,0,0,0,21,16,24,20,18,21,21,21,23,21,16,,21,23.404817308782263,24,22.849983400434105,22.977055105343968,22.929695107295903,22.138376654154264,22.168266246559284,23,22.097483849148965,22.86344065386915,,-1.1,331
2026-01-10 11:00,1232.7574344237985,0,1097.7950453660817,0,0,0,0,0,759.5902349872722,0,0,0,61.637871721189924,0,54.889752268304086,0,0,0,0,0,60.76721879898177,0,0,0,21,16,24,20,18,21,21,21,23,21,16,,21,23.43285593161536,24,22.69713091,22.844556910060582,22.75553924,22.19917916602656,22.23052695732172,23,22.14128016555669,22.66161483667298,,-0.9,367
2026-01-10 11:15,1227.5609438684478,0,1056.951103439421,0,0,0,0,0,734.9272638637995,0,0,0,61.37804719342239,0,52.84755517197106,0,0,0,0,0,58.79418110910396,0,0,0,21,16,24,20,18,21,21,21,23,21,16,,21,23.460103963307414,24.000000000000004,22.61126285523437,22.775039439493582,22.66341031949007,22.23416516718994,22.266677683435876,23,22.163309468409587,22.601626090354895,,-0.8,372
2026-01-10 11:30,1222.3727340805965,0,1026.6040044530746,0,0,0,0,0,712.7772799014916,0,0,0,61.118636704029825,0,51.33020022265373,0,0,0,0,0,57.022182392119326,0,0,0,21,16,24,20,18,21,21,21,23,21,16,,21,23.49025501842921,24,22.54365879526821,22.731608458895277,22.58615000542307,22.26509222716568,22.299278950820216,23,22.18848766847694,22.549741029421146,,-0.7,385
2026-01-10 11:45,1216.5992500329194,0,1004.1305341348829,0,0,0,0,0,699.4270485519482,0,0,0,60.829962501645966,0,50.20652670674414,0,0,0,0,0,55.95416388415586,0,0,0,21,16,24,20,18,21,21,21,23,21,16,,21,23.513221481009168,24,22.482324079524677,22.668299939573984,22.52049857083037,22.28179094865417,22.318217404180256,23,22.212157291329863,22.504456728085017,,-0.7,391
2026-01-10 12:00,1208.9150051376685,0,0,0,0,0,0,0,693.2919092811837,0,0,0,60.44575025688342,0,0,0,0,0,0,0,55.46335274,0,0,0,21,20.94,21.03,20,18,21,21,21,23,21,16,,21,23.530969678055627,24,22.43644459934532,22.60938423301809,22.474637566335304,22.28261198638012,22.32088494606245,23,22.226379765335796,22.475181682358432,,-0.6,386
2026-01-10 12:15,1201.0260003584262,0,0,0,0,0,0,0,690.5814215826886,0,0,0,60.051300017921314,0,0,0,0,0,0,0,55.24651372661509,0,0,0,21,21,21,20,18,21,21,21,23,21,16,,21,23.261679389380888,23.217004722071756,22.396741416610475,22.55113009893531,22.435751847102463,22.27337557895317,22.31287899873699,23,22.23307677067323,22.45124713452084,,-0.5,386
2026-01-10 12:30,1193.465052043437,0,0,1500,1250,0,0,0,0,712.6833766356622,0,0,59.67325260217185,0,0,100,100,0,0,0,0,57.01467013085297,0,0,21,19.02,17.04,24.94,23.93,21,21,21,17.07,22.98,16.99,,21,22.73765379501172,22.703995508825457,22.36534136984822,22.49903963,22.40688021526151,22.260352444146772,22.300043255245946,23,22.236151513878724,22.43492601633151,,-0.5,389
2026-01-10 12:45,1186.0582431706962,0,0,1500,1193.1801895339122,0,0,0,0,685.1892652,0,0,59.30291215853481,0,0,100,95.45441516271298,0,0,0,0,54.815141218293284,0,0,21,19,17,25,24,21,21,21,17,23,17,,21,22.32693685019836,22.30547083723964,23.557308670546387,23.45285747013752,22.57721748836022,22.257460828631096,22.297437751198384,22.30503163106486,22.98,22.58754238,,-0.4,382
2026-01-10 13:00,1171.0776436347496,0,0,1500,829.3259319011777,0,0,0,0,654.9016472,0,0,58.553882181737485,0,0,100,66.34607455209421,0,0,0,0,52.392131775021845,0,0,21,19,17,25,24,21,21,21,17,23,17,,21,21.99975740216545,21.98523277784304,24.11066401730447,23.96418687,23.11561290024123,22.25885937,22.301261727168374,22.28152611268129,23,23.08589000753853,,-0.1,364
2026-01-10 13:15,1153.8208410446096,0,0,1500,541.6325484530935,0,0,0,0,609.2599732029776,0,0,57.69104205223048,0,0,100,43.33060387624748,0,0,0,0,48.74079786,0,0,21,19,17,25,24,21,21,21,17,23,17,,21,21.793828837410167,21.77330792762029,24.41085112798652,24,23.427989853198035,22.27590035350136,22.320887431555647,22.31231644,23,23.394295600627643,,-0.1,358
2026-01-10 13:30,1134.3690077458286,0,0,1500,342.5179088882724,0,0,0,0,561.6982621006155,0,0,56.71845038729143,0,0,100,27.401432711061794,0,0,0,0,44.93586096804924,0,0,21,19,17,25,24,21,21,21,17,23,17,,21,21.64365699434448,21.607492192223305,24.63088463875254,24,23.64639242894513,22.30914826689196,22.35654470482661,22.347649735613487,23,23.61304664249629,,0,335
2026-01-10 13:45,1113.8105780497372,0,0,1500,197.98799484795745,0,0,0,0,514.7011319664052,0,0,55.690528902486854,0,0,100,15.839039587836597,0,0,0,0,41.17609055731242,0,0,21,19,17,25,24,21,21,21,17,23,17,,21,21.525104177622797,21.48000590623337,24.78380011696924,24,23.79952866,22.345257174952824,22.395103268105903,22.38967268,23,23.77349930668912,,0,319
2026-01-10 14:00,1104.123425752483,0,0,1500,89.49139561899574,0,0,0,0,470.4804076492219,0,0,55.20617128762415,0,0,100,7.159311649519659,0,0,0,0,37.63843261193775,0,0,21,19,17,25,24,21,21,21,17,23,17,,21,21.432274442755634,21.38335428751767,24.896272435705825,24,23.911124576365225,22.380805399269093,22.43313429297043,22.43294179,23,23.89880095487285,,0.4,284
2026-01-10 14:15,1094.983372001916,0,0,1424.1601889831943,9.325952822004185,0,0,0,0,428.8598095967845,0,0,54.7491686,0,0,94.94401259887961,0.7460762257603348,0,0,0,0,34.30878476774276,0,0,21,19,17,25,24,21,21,21,17,23,17,,21,21.35886518299704,21.305875008998694,24.982409193369424,24,23.99682028033532,22.412585016181318,22.467600132110874,22.47464975014252,23,24.001565855331634,,0.2,273
2026-01-10 14:30,0,0,0,0,169.28224849578405,0,0,356.74340910370404,0,301.6140751460932,0,0,0,0,0,0,13.542579879662723,0,0,28.53947272829632,0,24.129126011687458,0,0,16.060000000000024,19.00000000000003,17.00000000000003,16.100000000000026,24.00000000000004,21.00000000000003,21.00000000000003,22.980000000000032,17.00000000000003,23.00000000000004,17.00000000000003,,21,21.29696364299382,21.24199721683238,25,24.004205466610436,24.06582981,22.440991488001963,22.49873643138462,22.514584707764502,23,24.091224246419834,,0,244
2026-01-10 14:45,0,0,0,0,466.0705755043234,0,0,303.8810424576269,0,234.3272835438748,0,0,0,0,0,0,37.285646040345874,0,0,24.310483396610152,0,18.746182683509986,0,0,16.00000000000002,19.00000000000003,17.00000000000003,16.00000000000002,24.00000000000004,21.00000000000003,21.00000000000003,23.00000000000004,17.00000000000003,23.00000000000004,17.00000000000003,,18.84487264,21.22558884160006,21.167405913196028,23.918250034656573,24.010204994496647,23.955046074110665,22.550226710228035,22.980000000000032,22.640654343416337,23.00000000000004,24.02611950787238,,-0.1,213
2026-01-10 15:00,0,0,0,0,520.791145,0,0,297.19338402871654,0,220.5717204426492,0,0,0,0,0,0,41.663291599637596,0,0,23.775470722297324,0,17.645737635411937,0,0,16,19,17,16,24,21,21,23,17,23,17,,17.016984904494482,21.14755467869614,21.088380116078213,23.643308725048804,24.00000000000004,23.717517657305372,22.611854876826023,23.00000000000004,22.716506350357925,23.00000000000004,23.82797143522548,,-0.2,161
2026-01-10 15:15,0,0,0,0,522.2132324903541,0,0,289.68425557413866,0,198.06446625260105,0,0,0,0,0,0,41.77705859922833,0,0,23.174740445931093,0,15.845157300208085,0,0,16,19,17,16,24,21,21,23,17,23,17,,16.617622226350747,21.10716448380476,21.04962691809385,23.591457465110157,24,23.676480293801973,22.61306366360976,23,22.731139216596453,23,23.821476682049845,,-0.7,148
2026-01-10 15:30,0,0,0,0,512.9501527788998,0,0,280.2304633192998,0,175.63681971753977,0,0,0,0,0,0,41.03601222231198,0,0,22.418437065543984,0,14.050945577403182,0,0,16,19,17,16,24,21,21,23,17,23,17,,16.58190592298357,21.078451654843036,21.02277290462745,23.58934424500261,24,23.67799634666104,22.615017807369483,23,22.75354287894838,23,23.849489524054835,,-1.3,113
2026-01-10 15:45,0,0,0,0,506.9689723977208,0,0,272.73884292483854,0,154.86027250544794,0,0,0,0,0,0,40.557517791817666,0,0,21.81910743398708,0,12.388821800435835,0,0,16,19,17,16,24,21,21,23,17,23,17,,16.43078142286818,21.039155309189617,20.99138897964522,23.594206531641696,24,23.687745449562964,22.62060736360292,23,22.774749828228902,23,23.865561800338288,,-1.9,77
2026-01-10 16:00,0,0,0,0,523.955031,0,0,270.5122265219118,0,195.0161592327907,0,0,0,0,0,0,41.91640248,0,0,21.640978121752948,0,15.601292738623256,0,0,16,19,17,16,24,21,21,23,17,23,17,,16.27795860242012,20.995438230107148,20.952486212431214,23.60038171009878,24,23.697946498858023,22.624410157640924,23,22.794986429189887,23,23.879975487789807,,-2,24
2026-01-10 16:15,61.64605155668323,0,0,0,607.7649693164312,0,0,284.1586563567625,0,220.4074599857095,0,0,3.0823025778341617,0,0,0,48.62119755,0,0,22.73269251,0,17.63259679885676,0,0,16,19,17,16,24,21,21,23,17,23,17,,16.091358375931783,20.89867408842727,20.88715211475532,23.59198497,24,23.693366091459765,22.62319747,23,22.75447338494562,23,23.74040957964585,,-2.7,14
2026-01-10 16:30,1374.151324883654,0,0,0,0,0,0,365.9035140274879,0,0,673.5183622159129,0,68.70756624,0,0,0,0,0,0,29.272281122199033,0,0,44.901224147727525,0,18.97,19,17.99,15.999999999999998,21.030000000000005,21.000000000000004,21.000000000000004,23.000000000000004,20.96,17.070000000000004,23.92,,16.001392900317242,20.78456352062101,20.78322747,23.53560843045605,24,23.637091389402336,22.606001069418834,23,22.724808870661636,23,23.61204788,,-3.5,0
2026-01-10 16:45,1175.546811947426,0,0,0,0,0,0,441.0809303,0,0,862.2165691972682,0,58.7773406,0,0,0,0,0,0,35.28647442,0,0,57.48110461315122,0,19,19,18,16,21,21,21,23.000000000000004,21,17,24.000000000000004,,18.51492216088541,20.65126154137447,20.653185835033064,23.42494563236026,23.448202492230603,23.52170295192847,22.523993704697435,23.000000000000004,22.636242932293666,22.68391053666768,23.92,,-4.2,0
2026-01-10 17:00,1039.5847330833503,0,0,0,0,0,0,460.9133440428577,0,0,882.9483560397748,0,51.979236654167515,0,0,0,0,0,0,36.87306752342862,0,0,58.86322373598499,0,19,19,18,16,21,21,21,23,21,17,24,,19,20.539683861005333,20.547886787544407,23.34551329878369,23.35392562868853,23.44560873911088,22.439739105809764,23.000000000000004,22.54763115015053,22.586796935695062,24.000000000000004,,-3.7,0
2026-01-10 17:15,1044.2475106259358,0,0,0,0,0,0,472.3058000703446,0,0,910.6231400542456,0,52.21237553129679,0,0,0,0,0,0,37.78446400562757,0,0,60.70820933694971,0,19,19,18,16,21,21,21,23,21,17,24,,19,20.45352294389694,20.467380914033047,23.331921905360343,23.339133688789147,23.437523650864744,22.410816661023077,23,22.51743787833535,22.557174987888256,24.000000000000004,,-4,0
2026-01-10 17:30,1046.534424128725,0,0,0,0,0,0,482.44789389247546,0,0,938.555247,0,52.326721206436254,0,0,0,0,0,0,38.59583151139804,0,0,62.5703498,0,19,19,18,16,21,21,21,23,21,17,24,,19,20.37814024483079,20.39711394871111,23.31792359687767,23.32316234,23.426318815252607,22.39391521741973,23,22.499663861965157,22.539919107703074,24,,-4.6,0
2026-01-10 17:45,1053.4762855843337,0,0,0,0,0,0,491.1707414877201,0,0,964.1947615,0,52.673814279216685,0,0,0,0,0,0,39.29365931901761,0,0,64.27965076973827,0,19,19,18,16,21,21,21,23,21,17,24,,19,20.30463302268506,20.32806883006138,23.302608724077388,23.306198909579244,23.413835957760675,22.379111971338617,23,22.484362007482808,22.52520568649119,24,,-5.1,0
2026-01-10 18:00,1054.9235488860968,0,0,0,0,0,0,499.2926897803536,0,0,987.7949840974106,0,52.74617744430484,0,0,0,0,0,0,39.94341518242829,0,0,65.85299893982737,0,19,19,18,16,21,21,21,23,21,17,24,,19,20.24299633389015,20.27176979023097,23.288485619060644,23.290566486667743,23.40261530625795,22.36606150682222,23,22.47119425333156,22.51271575,23.999999999999996,,-4.4,0
2026-01-10 18:15,1058.6295464894438,0,0,0,0,0,0,508.2292533383534,0,0,1011.5588327402074,0,52.93147732447219,0,0,0,0,0,0,40.65834026706827,0,0,67.43725551601383,0,19,19,18,16,21,21,21,23,21,17,24,,19,20.186641833601485,20.21830426253242,23.27560575556175,23.27640579954693,23.39215239771495,22.354398354605696,23,22.45940256022569,22.501539153841023,24,,-4.8,0
2026-01-10 18:30,1063.930048,0,0,0,0,0,0,0,0,0,1035.176428,0,53.19650241,0,0,0,0,0,0,0,0,0,69.01176183802333,0,19,19,18,20.94,21,21,21,18.06,21,17,24,,19,20.13049975605561,20.16520888575443,23.262249135854177,23.261769793932444,23.381129247287586,22.342212289690973,23,22.44721070326332,22.48992209263505,24,,-5.2,0
2026-01-10 18:45,1070.3792920061603,0,0,0,0,0,0,0,0,0,1056.254662861029,0,53.51896460030801,0,0,0,0,0,0,0,0,0,70.41697752,0,19,19,18,21,21,21,21,18,21,17,24,,19,20.07524122330803,20.11255016063027,23.248776755845377,23.24699378086393,23.369897033054087,22.32968543300717,22.471984762000623,22.434819782376763,22.47803406236305,24,,-5.6,0
2026-01-10 19:00,1069.7873322056166,0,0,0,0,0,0,0,0,0,1069.2624171775387,0,53.48936661028083,0,0,0,0,0,0,0,0,0,71.28416114516925,0,19,19,18,21,21,21,21,18,21,17,24,,19,20.029881701881056,20.07189101347541,23.236821705150813,23.233790400807337,23.360337535201253,22.226576164628767,22.318294302979155,22.327488166352623,22.36935595428005,24.000000000000004,,-5.3,0
2026-01-10 19:15,1069.589770430057,0,0,0,0,0,0,0,0,0,1097.754809754857,0,53.47948852150285,0,0,0,0,0,0,0,0,0,73.18365398365714,0,19,19,18,21,21,21,21,18,21,17,24,,19,19.99533753427276,20.038095102931237,23.22975638951662,23.22566607,23.35582141801724,22.18774274704415,22.30326376981921,22.289657425778323,22.332289801503475,24,,-5.4,0
2026-01-10 19:30,1069.7302385942785,0,0,0,0,0,0,0,0,0,1109.442083547459,0,53.48651192971393,0,0,0,0,0,0,0,0,0,73.96280557,0,19,19,18,21,21,21,21,18,17.04,17,24,,19,19.959732496421672,20.004484693544164,23.212456765811865,23.20672548901941,23.33942128116355,22.104619894188964,22.21362811328084,22.20345273072185,22.24497102982174,24.000000000000004,,-5.4,0
2026-01-10 19:45,1070.1279603752828,0,0,0,0,0,0,0,0,0,1144.1267131681016,0,53.506398018764145,0,0,0,0,0,0,0,0,0,76.27511421120677,0,19,19,18,21,21,21,21,18,17,17,24,,19,19.923671938933207,19.96984638328243,23.20504545409409,23.198539945954955,23.335159199971407,22.07110683319265,22.176109990371263,22.17097171406424,22.213073276642707,24,,-5.4,0
2026-01-10 20:00,1063.1148988693858,0,0,0,0,0,0,0,0,0,1153.4647121490052,0,53.15574494346929,0,0,0,0,0,0,0,0,0,76.89764747660034,0,19,19,18,21,21,21,21,18,17,17,24,,19,19.888013047866767,19.935218344586104,23.183590138290317,23.175181015641787,23.313817344153144,21.99787312658873,22.09947419,22.095570887717507,22.13673926369267,24.000000000000004,,-4.8,0
2026-01-10 20:15,1055.9308573761864,0,0,0,0,0,0,0,0,0,1189.5976118293763,0,52.796542868809325,0,0,0,0,0,0,0,0,0,79.30650745529175,0,19,19,18,21,21,21,21,18,17,17,24,,19,19.853919935444395,19.90175875362841,23.17657512193443,23.16797584,23.309970536553152,21.964011449383296,22.06447932199554,22.06247245063425,22.10397936,24,,-4.5,0
2026-01-10 20:30,1048.652242880468,479.5877738959971,2000,0,0,0,0,0,0,0,0,0,52.43261214402341,23.979388694799855,100,0,0,0,0,0,0,0,0,0,19,20.980000000000004,22.94,21,21,21,21,18,17,20.96,21.03,,19,19.82139804243452,19.869747957118893,23.15365302066516,23.14353634822448,23.286261426015084,21.89905660857244,21.996371448550367,21.99556708448952,22.036182144574084,24.000000000000007,,-4.4,0
2026-01-10 20:45,1041.2928865685171,0,1885.2292326788336,0,0,0,0,0,0,0,0,0,52.06464432842586,0,94.26146163394168,0,0,0,0,0,0,0,0,0,19,21,23,21,21,21,21,18,17,21,21,,19,21.081391921362982,21.82380601,23.014774981030573,22.997473749872448,23.13098508968101,21.795418918829945,21.88829057558793,21.88852650394313,21.927666192201546,23.039290777173026,,-4.4,0
2026-01-10 21:00,1038.9289070116238,0,1350.297661505865,0,0,0,0,0,0,0,0,0,51.94644535058119,0,67.51488307529326,0,0,0,0,0,0,0,0,0,19,21,23,21,21,21,21,18,17,21,21,,19,21.934815760280024,22.844720453959056,22.649983348872475,22.624447124725528,22.741303406016627,21.62912886898731,21.715805601817006,21.71702880866287,21.754008399449283,22.632727686440887,,-3.8,0
2026-01-10 21:15,1036.571086567983,0,1261.6546939232212,0,0,0,0,0,0,0,0,0,51.82855432839915,0,63.08273469616106,0,0,0,0,0,0,0,0,0,19,21,23,21,21,21,21,18,17,21,21,,19,22.28902929063744,23,22.41980204004087,22.394692487951374,22.51061177363474,21.503241813172984,21.58631975928344,21.589188625914232,21.62530194796529,22.39703258,,-3.6,0
2026-01-10 21:30,1034.0836490562142,0,1225.8242490911143,0,0,0,0,0,0,0,0,0,51.70418245281071,0,61.29121245455572,0,0,0,0,0,0,0,0,0,19,21,23,21,21,21,21,18,17,20.01,21,,19,22.330462640060137,23,22.314594175460613,22.29025120217708,22.408344647197573,21.43717842330597,21.51900825180781,21.52363920542278,21.55984312017834,22.28777391012214,,-3.3,0
2026-01-10 21:45,1031.414248,0,1199.362918310566,0,0,0,0,0,0,0,0,0,51.57071239,0,59.96814591552831,0,0,0,0,0,0,0,0,0,19,21,23,21,21,21,21,18,17,20,21,,19,22.332745045234383,23,22.22587042429933,22.198811342999427,22.315527492332308,21.375157017952027,21.455128972260617,21.46097313320496,21.496700722776797,22.19486291453692,,-3.2,0
2026-01-10 22:00,1028.484108019515,0,1168.445055237211,0,0,0,0,0,0,0,0,0,51.42420540097575,0,58.42225276186055,0,0,0,0,0,0,0,0,0,19,21,23,21,21,21,21,18,17,20,21,,19,22.34747854369664,23,22.169147625280345,22.141531238006703,22.260713186282587,21.334902592896974,21.41390228166824,21.42130785389715,21.457060434454988,22.13470037511521,,-3,0
2026-01-10 22:15,1025.3801094356295,0,1146.1820766214914,0,0,0,0,0,0,0,0,0,51.269005471781476,0,57.30910383107457,0,0,0,0,0,0,0,0,0,19,21,23,21,21,21,21,18,17,20,21,,19,22.35907810988893,23,22.08297399078781,22.0522252,22.169722808058168,21.269969844096995,21.34676147550888,21.35533405099985,21.39032973024984,22.04572356457533,,-2.8,0
2026-01-10 22:30,1022.0844517019776,0,1127.177794847803,0,0,0,0,1250,0,0,0,0,51.10422258509888,0,56.358889742390154,0,0,0,0,100,0,0,0,0,19,21,23,21,21,21,21,23.93,17,20,21,,19,22.36521459578257,23,22.02645459984203,21.99521958596904,22.115554374412916,21.226519435090943,21.302287977669707,21.31254326220837,21.34746549030716,21.986391504505303,,-2.6,0
2026-01-10 22:45,1018.6034883214252,0,1119.1348286007124,0,0,0,0,1250,0,0,0,0,50.93017441607125,0,55.95674143003562,0,0,0,0,100,0,0,0,0,19,21,23,21,21,21,21,24,17,20,21,,19,22.36961708670167,23,21.86656676081926,21.829071647210423,21.94119287776049,21.21529239325551,22.578786769429065,21.30418916611882,21.33988204688063,21.824762330547088,,-2.4,0
2026-01-10 23:00,1015.8125578374512,0,1110.168075210444,0,0,0,0,1250,0,0,0,0,50.79062789187256,0,55.50840376,0,0,0,0,100,0,0,0,0,19,21,23,21,21,21,21,24,17,20,21,,19,22.37293423775809,23,21.720108317765018,21.682394745376502,21.795181324744775,21.39538360166077,22.866660590489342,21.493569131904785,21.532046570245026,21.67664622934002,,-2.1,0
2026-01-10 23:15,1012.8412713393354,0,1103.4759840557565,0,0,0,0,1250,0,0,0,0,50.64206356696677,0,55.173799202787826,0,0,0,0,100,0,0,0,0,19,21,23,21,21,21,21,24,17,20,21,,19.000000000000004,22.375334159326357,23,21.66123775905889,21.62415793362874,21.74018212117023,21.478988545311584,22.89608207942864,21.578048859452824,21.615739940512363,21.61556067466625,,-2,0
2026-01-10 23:30,1009.6864926877586,0,1097.3575376108638,0,0,0,0,1250,1250,0,0,0,50.48432463438793,0,54.86787688054319,0,0,0,0,100,100,0,0,0,19,21,23.000000000000004,21,21,21,21,24.000000000000004,23.92,20,21,,19,22.37697427150964,23,21.607798036686013,21.568251328149238,21.683889383593822,21.534061317851183,22.967972097846463,21.636474550890263,21.674650043361996,21.560173897758624,,-2,0
2026-01-10 23:45,1006.3602994015164,0,1094.0214772675245,0,0,0,0,1250,1250,0,0,0,50.31801497007582,0,54.70107386337622,0,0,0,0,100,100,0,0,0,19,21,23,21,21,21,21,24,24,20,21,,19,22.378134567823597,23.000000000000004,21.47405398,21.430412086370517,21.541369090925823,21.813096574978168,23.268946231504607,23.219873097608964,21.973587201913755,21.425311400443476,,-2.1,0
2026-01-11 0:00,1008.7092909779494,0,1092.097990356364,0,0,0,0,1250,1250,0,0,0,50.43546454889747,0,54.60489951781821,0,0,0,0,100,100,0,0,0,19,21,23,21,21,21,21,24,24,20,21,,19,22.378865415028866,23,21.35931455372468,21.31563453662047,21.427673629741555,22.281941025662498,23.756804337279025,23.76080902528146,22.463053120160428,21.30943531869375,,-2.3,0
2026-01-11 0:15,1011.0814622298112,0,1091.5559629304917,0,0,0,0,1198.125497482244,1192.9993734055934,0,0,0,50.55407311149057,0,54.577798146524586,0,0,0,0,95.85003979857953,95.43994987244747,0,0,0,19,21,23,21,21,21,21,24,24,20,21,,19,22.37857640002611,23.000000000000004,21.32430519300899,21.281408783405205,21.39757436148202,22.45125901,23.93177139116156,23.917664900747496,22.62901016728519,21.27232696132716,,-2.5,0
2026-01-11 0:30,1718.6242946655946,0,0,0,0,0,0,1037.5302116646922,1025.370352198816,0,0,0,85.93121473327973,0,0,0,0,0,0,83.00241693317537,82.02962817590527,0,0,0,20.980000000000032,21.00000000000003,21.02000000000003,21.00000000000003,21.00000000000003,21.00000000000003,21.00000000000003,24.00000000000004,24.00000000000004,20.00000000000003,21.00000000000003,,19.000000000000004,22.377764386799328,23,21.30875486092868,21.264092188231576,21.38208253388805,22.56231928922964,24,24,22.74487358,21.25463597690804,,-2.5,0
2026-01-11 0:45,1595.163544389412,41.13744118046937,0,0,0,0,0,997.9031372457804,979.3853323856408,0,0,0,79.75817722,2.0568720590234686,0,0,0,0,0,79.83225097966243,78.35082659085127,0,0,0,21,21,21,21,21,21,21,24,24,20,21,,20.596022921225583,21.80650880810873,21.886897486447392,21.27708701951299,21.23074095352711,21.350353828512983,22.71882900945598,24.00000000000004,24.00000000000004,22.90716149870028,21.22112946158184,,-2.6,0
2026-01-11 1:00,1499.8377962330642,281.8096300109755,121.11897136917104,0,0,0,0,995.7456881037468,973.3515424204106,0,0,0,74.99188981165321,14.090481500548776,6.055948568458551,0,0,0,0,79.65965504829974,77.86812339363284,0,0,0,21,21,21,21,21,21,21,24,24,20,21,,21,21.12486612716341,21.181850972765467,21.24985442520341,21.191201543144693,21.32894795714336,22.765631285053587,24,24,22.95580765,21.17868480996136,,-2.6,0
2026-01-11 1:15,1495.993403894041,288.4220235955836,145.91206081417113,0,0,0,0,991.6321925610828,966.3683605001896,0,0,0,74.79967019470205,14.42110117977918,7.295603040708556,0,0,0,0,79.33057540488662,77.30946884001517,0,0,0,21,21,21,21,21,21,21,24,24,20,21,,21,21,21,21.22517491128123,21.162339383134174,21.306903454694456,22.770316774586007,24,24,22.95877834898518,21.147880274122404,,-2.5,0
2026-01-11 1:30,1447.8568880569564,308.39177721368105,144.8316991135507,0,0,0,0,991.1945125760104,963.4510487371226,0,0,0,72.39284440284783,15.419588860684053,7.241584955677536,0,0,0,0,79.29556100608083,77.07608389896981,0,0,0,21,21,21,21,21,21,18.03,24,24,20,21,,21,21,21,21.20615805411082,21.142524077643245,21.289729839315527,22.773316824700565,24,24,22.96037667,21.126862384886856,,-2.3,0
2026-01-11 1:45,1427.537240997146,325.8366949,160.5485240894086,0,0,0,0,987.5924207954812,957.7224678564852,0,0,0,71.37686205,16.291834743668552,8.027426204,0,0,0,0,79.00739366,76.61779742851881,0,0,0,21,21,21,21,21,21,18,24,24,20,21,,21,21,21,21.191367571784085,21.12689782355141,21.277039699529688,22.774405455575614,24,24,22.95983779933067,21.110259901019745,,-2.2,0
2026-01-11 2:00,1410.900484111773,336.3418144465468,173.12021879933673,0,0,0,0,987.1690202,955.4601676711792,0,0,0,70.54502420558865,16.81709072232734,8.656010939966837,0,0,0,0,78.97352161508111,76.43681341369434,0,0,0,21,21,21,21,21,21,18,24,24,20,21,,21,21,21,21.17607870831865,21.110712315318164,21.263363476116936,22.777575270434617,24,24,22.96184062760722,21.093331285848464,,-2.9,0
2026-01-11 2:15,1397.7039647005786,345.38121444332137,183.03712499012545,0,0,0,0,985.4613152299172,952.1044949975404,0,0,0,69.88519823502894,17.269060722166067,9.151856249506272,0,0,0,0,78.83690521839338,76.16835959980324,0,0,0,21,21,21,21,21,21,18,24,24,20,21,,21,21,21,21.15895616338357,21.09276727074925,21.247647292382165,22.778365972223398,24,24,22.961340241045548,21.07483464342417,,-2.8,0
2026-01-11 2:30,1386.9326274295163,353.48989489859923,192.6506987,0,0,0,0,0,1041.3283823687725,0,0.4473218753282708,0,69.34663137147581,17.674494744929962,9.632534937,0,0,0,0,0,83.30627059,0,0.029821458,0,21,21,21,21,21,21,18,21.03,24,20,21,,21,21,21,21.14241715490253,21.07549511182195,21.23271819554696,22.779851807749942,24.000000000000004,24,22.961786735795616,21.057075903339207,,-2.8,0
2026-01-11 2:45,1377.9271085965174,360.6391415943544,199.3231182780437,0,20.663890065115996,0,0,0,1224.603162290874,0,47.188241976491554,0,68.89635542982587,18.031957079717717,9.966155913902185,0,1.6531112052092798,0,0,0,97.96825298326992,0,3.1458827984327704,0,21,21,21,21,21,21,18,21,24,20,21,,21,21,21,21.105449536826384,21.036940460830127,21.194426133013398,22.69886465992609,22.91443157341269,24,22.872849528806437,21.01949934170212,,-2.8,0
2026-01-11 3:00,1375.281072964799,367.9539128,207.56997876194143,0,47.44851508401917,0,0,0,1250,0,73.3648208,0,68.76405364823995,18.39769564,10.37849893809707,0,3.7958812067215337,0,0,0,100,0,4.890988053,0,21,21,21,21,21,21,18,21,24,20,21,,21,21,21,21.054793109981848,21,21.14317187619783,22.50814781704244,22.622597011632998,24,22.67236142601227,21,,-3.7,0
2026-01-11 3:15,1373.9054141621764,374.8245005494428,214.69152408771333,0,83.00121394277085,0,0,0,1250,0,110.2383628,0,68.69527070810882,18.74122502747214,10.734576204385666,0,6.640097115421668,0,0,0,100,0,7.349224188666267,0,21,21,21,21,21,21,18,21,24,20,21,,21.000000000000004,21,21,21.034678085784485,21,21.126517438712355,22.443694641146347,22.59821841565977,23.984437943304627,22.609288811084152,21,,-3.7,0
2026-01-11 3:30,1373.4039440180468,381.2482308,222.0290309559816,0,135.4358274151935,0,0,0,0,0,163.32133938699553,0,68.67019720090235,19.06241154,11.10145154779908,0,10.83486619321548,0,0,0,0,0,10.888089292466368,0,21,21,21,18.03,21,21,18,21,21.03,20,21,,21,21,21,21.010171488240005,21,21.10162741,22.39563070810932,22.53676743685317,23.93342894,22.557977537453663,21,,-3.8,0
2026-01-11 3:45,1373.5876123436135,387.2127312,227.72885247840168,0,206.25349497484603,0,0,0,0,0,234.8383566917801,0,68.67938061718068,19.36063656184415,11.386442623920084,0,16.50027959798768,0,0,0,0,0,15.655890446118674,0,21,21,21,18,21,21,18,21,21,20,21,,21,21,21,20.973993809643844,21,21.06463520946739,22.14943226544424,22.270239737026728,22.398290027556055,22.29487988609593,21,,-3.8,0
2026-01-11 4:00,1372.6600015935692,0,0,0,239.49797962693992,10.840444797391685,0,0,0,0,268.7343684530206,0,68.63300007967845,0,0,0,19.159838370155192,2.1680889594783372,0,0,0,0,17.915624563534706,0,21,17.04,17.04,18,21,21,18,21,21,20,21,,21,21,21,20.921904834947973,21,21.01220451134305,21.70187073144436,21.803552871382973,21.85801997931984,21.827935386062247,21,,-4.2,0
2026-01-11 4:15,1372.160513577821,0,0,0,267.68486563858096,28.26098438585541,0,0,0,0,297.6054034459157,0,68.60802567889105,0,0,0,21.414789251086475,5.6521968771710815,0,0,0,0,19.840360229727715,0,21,17,17,18,21,21,18,21,21,20,21,,21,20.71260112900195,20.830933692887307,20.89529685,21,21,21.515778898695395,21.612597530027564,21.68795653117684,21.643957009150505,21,,-4,0
2026-01-11 4:30,1372.065225525197,599.4407859417042,499.8733560997007,0,293.24046797803385,44.14265963,0,0,0,0,323.9421165146232,0,68.60326127625986,29.97203929708521,24.993667804985034,0,23.45923743824271,8.828531926,0,0,0,0,21.59614110097488,0,21,20.96,20.96,18,21,21,18,21,21,20,21,,21,20.517241925079333,20.59379316007873,20.87558350664661,21,21,21.390806134698025,21.48148218537596,21.54191811432572,21.51411955579197,21,,-4.1,0
2026-01-11 4:45,1372.3284331312934,391.6803879,256.9364316664869,0,314.90137151693125,57.23883988842863,0,0,0,0,346.46765512562706,0,68.61642165656467,19.58401939264495,12.846821583324346,0,25.192109721354498,11.447767977685725,0,0,0,0,23.097843675041805,0,21,21,21,18,21,21,18,21,21,20,21,,21,20.96,20.96,20.857124492460464,21,21,21.248317661721053,21.33280302534304,21.386978805851264,21.36658904771503,21.000000000000004,,-4,0
2026-01-11 5:00,1371.201323530349,431.8373625469321,275.0149631082386,0,331.9692834547386,67.30714451025051,0,0,0,0,364.3042826984784,0,68.56006617651745,21.591868127346608,13.75074815541193,0,26.55754267637909,13.461428902050102,0,0,0,0,24.28695217989856,0,21,21,21,18,21,21,18,21,21,20,21,,21,21,21,20.840836142487174,21,21,21.104600796145647,21.184195760855577,21.23645518133188,21.219945969032896,21,,-4.3,0
2026-01-11 5:15,1370.2663810030754,422.42567429101473,256.50399049274347,0,343.3617299286416,73.47761717215326,0,14.716507350280152,0,0,376.3555811899714,0,68.51331905015378,21.121283714550735,12.825199524637174,0,27.468938394291328,14.695523434430651,0,1.177320588022412,0,0,25.090372079331427,0,21,21,21,18,21,21,18,21,21,20,21,,21,21,21,20.82812172136142,21,21,20.99670188095817,21.07298531471579,21.12417499011875,21.110915491498297,21,,-4.1,0
2026-01-11 5:30,1369.5249449630296,0,496.8407197,0,1250,33.506513718687344,1000,71.61300628639366,42.13683093743748,41.17272161864676,271.3780222412272,0,68.47624724815148,0,24.84203598,0,100,6.701302743737468,100,5.729040502911492,3.3709464749949984,3.293817729491741,18.091868149415145,0,21,16.06,21,18,24.960000000000004,21,23.930000000000003,21,21,20.99,21,,21,21,21,20.81964100479141,21,21,20.911968797661565,21,21.03568000867591,21.02496172289328,21,,-4.1,0
2026-01-11 5:45,1368.9475590170096,0,599.3483276180123,0,1250,0,1000,0,0,0,89.74547516707753,0,68.44737795085048,0,29.967416380900612,0,100,0,100,0,0,0,5.983031677805169,0,21,16,21,18,25,21,24,21,21,21,21,,21,20.668890982779487,21,20.88966072,21.72906231420018,21.03919815447389,22.408472259449585,21.003901704008317,21.02201096,21.01314269370097,21,,-4,0
2026-01-11 6:00,1367.6697287053155,0,630.8792327836563,0,1250,0,1000,0,0,0,56.290534995689086,0,68.38348643526578,0,31.543961639182818,0,100,0,100,0,0,0,3.752702333045939,0,21,16,21,18,25,21,24,21,21,21,21,,21,20.599254217273828,21,21.02442245818847,21.89835703192078,21.146138974647364,22.645795006099924,21.037857441937557,21.086278417216345,21.08105513161441,21,,-4.4,0
2026-01-11 6:15,1366.4736452221514,0,614.8967469012277,0,1250,0,1000,0,0,0,24.04492155597836,0,68.32368226110758,0,30.744837345061388,0,100,0,100,0,0,0,1.6029947703985572,0,21,16,21,18,25,21,24,21,21,21,21,,21.000000000000004,20.61971616833254,21,21.06036985158945,21.912974468509287,21.176857766289498,22.610297120445416,21.054414756810942,21.107595186439717,21.10405203386796,21,,-4.4,0
2026-01-11 6:30,1365.4027592925922,0,616.6222238497867,0,1250,0,1000,0,0,0,2.384993820141972,0,68.27013796462961,0,30.831111192489335,0,100,0,100,0,0,0,0.1589995880094648,0,21,16,21,18,25,21,24,21,21,21,21,,21,20.620112347240724,21,21.081099901340423,21.94024890932135,21.20304903360856,22.64265677048617,21.068804107948875,21.12083347697033,21.11917388328134,21,,-4.4,0
2026-01-11 6:45,1364.453393,0,626.0894148077641,0,1250,0,1000,0,0,0,0,0,68.22266963887849,0,31.304470740388204,0,100,0,100,0,0,0,0,0,21,16,21,18,25,21,24,21,21,21,21,,21,20.61183715534381,21,21.099299210551067,21.96118146827769,21.222352256661797,22.66813939466332,21.073387653748156,21.125589024675023,21.125381739097552,21,,-4.5,0
2026-01-11 7:00,1370.5251257469115,0,632.8305117987729,0,1250,0,1000,0,0,0,0,0,68.52625628734557,0,31.641525589938645,0,100,0,100,0,0,0,0,0,21,16,21,18,25,21,24,21,21,21,21,,21,20.60724502426419,21,21.114429507773643,21.977147836044196,21.23862359334861,22.68633621440621,21.081413719063374,21.13411362270498,21.13524660549252,21.01081255022395,,-4.6,0
2026-01-11 7:15,1376.9936971312927,0,638.5412859036333,0,1250,0,1000,0,0,0,0,0,68.84968485656464,0,31.927064295181662,0,100,0,100,0,0,0,0,0,21,16,21,18,25,21,24,21,21,21,21,,21,20.603697098035013,21,21.125927688440225,21.989176835947944,21.25160728830181,22.696972072753542,21.083703366317327,21.13676075682228,21.138960005464096,21.020996597934563,,-4.7,0
2026-01-11 7:30,58.601801535341735,0,647.4253975717997,1499.9999999999986,1249.9999999999989,0,999.9999999999992,0,0,0,0,0,2.9300900767670868,0,32.37126987858999,100,100,0,99.99999999999993,0,0,0,0,0,17.039999999999985,15.999999999999984,20.99999999999998,24.919999999999977,24.99999999999998,20.99999999999998,23.99999999999998,20.99999999999998,20.99999999999998,17.039999999999985,20.99999999999998,,21,20.599923034242213,21,21.13731214,22.00089582914241,21.26474812,22.70746158,21.086646480780058,21.14018951481431,21.14339886355196,21.03062094488053,,-4.7,0
2026-01-11 7:45,268.4928570974953,0,651.6357097927946,1500,1250,0,1000,0,0,0,0,0,13.424642854874765,0,32.58178548963973,100,100,0,100,0,0,0,0,0,17,16,21,25,25,21,24.000000000000004,21,21,17,21,,18.296945884822367,20.59634916288845,20.99999999999998,22.52403580176281,22.341698939939477,21.636394306220424,22.727236345510075,21.100421896156067,21.154682443043917,21.15896595,21.35259480606663,,-4.7,0
2026-01-11 8:00,442.3409384545212,0,651.8836285624566,1500,1250,0,1000,0,0,0,0,0,22.11704692272606,0,32.59418142812283,100,100,0,100,0,0,0,0,0,17,16,21,25,25,21,24,21,21,17,21,,17.139741309325192,20.593228738508063,21,23.115358821969323,22.899854857887437,22.224296131648337,22.78744848,21.15698589347018,21.212408233711194,21.21796366434123,21.89975700388416,,-4.7,1
2026-01-11 8:15,412.1562787420644,0,646.4820717268776,1500,1250,0,1000,0,0,0,0,0,20.60781393710322,0,32.32410358634388,100,100,0,100,0,0,0,0,0,17,16,21,25,25,21,24,21,21,17,21,,17,20.59177756474045,21,23.339839371923823,23.11761614771697,22.437727372563643,22.838391241795488,21.20386366981533,21.25999252712321,21.266185182527483,22.125707931453388,,-4.7,1
2026-01-11 8:30,464.7541664626224,0,633.2511790305653,1500,1250,0,1000,0,0,0,0,0,23.23770832313112,0,31.66255895152826,100,100,0,100,0,0,0,0,0,17,16,21,25,25,21,24,21,21,17,21,,16.999999999999996,20.60332150768149,21,23.40415744078345,23.17936982865005,22.48077789157224,22.86791863966405,21.22577907712316,21.280295222631832,21.28685852116988,22.18884920771185,,-4.7,10
2026-01-11 8:45,490.8304305803831,0,626.5205988838206,1500,1250,0,1000,0,0,0,0,0,24.541521529019157,0,31.32602994419103,100,100,0,100,0,0,0,0,0,17,16,21,25,25,21,24,21,21,17,21,,17,20.607660587336103,21,23.49405201025998,23.26897448504432,22.571069824457897,22.896849310607497,21.24991015523957,21.304433438093422,21.311567689628863,22.27496294898953,,-4.7,11
2026-01-11 9:00,507.5226424343418,0,622.5637608843936,1500,1250,0,1000,0,0,0,0,0,25.376132121717088,0,31.128188044219677,100,100,0,100,0,0,0,0,0,17,16,21,25,25,21,24,21,21,17,21,,17,20.608446862365067,21,23.55329937905913,23.32409793036325,22.623418055291857,22.91892045896018,21.26791089130844,21.322929962637613,21.33031562,22.33128837,,-4.4,3
2026-01-11 9:15,530.6459205468436,0,617.5026070870481,1500,1250,0,1000,0,0,0,0,0,26.53229602734218,0,30.875130354352404,100,100,0,100,0,0,0,0,0,17,16,21,25,25,21,24,21,21,17,21,,17,20.61040936,21,23.63984582914656,23.411175212655973,22.712396180698605,22.95089459052601,21.296506838743785,21.352144613568665,21.35993295,22.41593910005681,,-4.5,4
2026-01-11 9:30,1999.9999999999984,1589.3854660767263,1570.5717840507136,1499.9999999999986,0,0,0,7.144246317,0,0,0,0,99.99999999999993,79.4692733,78.52858920253568,100,0,0,0,0.5715397053775241,0,0,0,0,24.90999999999997,23.90999999999997,23.96999999999998,24.99999999999998,18.079999999999984,20.99999999999998,20.039999999999974,20.99999999999998,20.99999999999998,16.999999999999982,20.99999999999998,,17,20.612957069737405,21,23.69508778470315,23.46465864035517,22.76286950424993,22.97283281570432,21.314817653609264,21.37078657902648,21.37866411787173,22.469993761283437,,-4.4,20
2026-01-11 9:45,2000.0000000000032,1294.169321338302,1118.948430453912,1500.0000000000025,0,0,0,134.57518899034474,89.96943472081031,0,0,0,100,64.70846606691511,55.94742152269559,100,0,0,0,10.76601511922758,7.197554777664825,0,0,0,25.00000000000004,24.00000000000004,24.00000000000004,25.00000000000004,18.000000000000025,21.00000000000003,20.00000000000003,21.00000000000003,21.00000000000003,17.00000000000003,21.00000000000003,,19.684690324656835,23.192815127750613,23.244301334892683,23.69842211497683,22.564009587627627,22.755987265045576,21.310103035420084,21.177479828260424,21.22676934966041,21.232240920416917,22.473445156309037,,-4.4,21
2026-01-11 10:00,2000,1127.1182387048466,946.4483440596838,1500,0,0,0,196.39435729981653,147.18851037509617,0,0,0,100,56.35591193524233,47.322417202984184,100,0,0,0,15.711548583985325,11.775080830007694,0,0,0,25,24,24,25,18,21,20,21,21,17,21,,20.93662826505076,23.986284417203013,24.00000000000004,23.495803251198595,22.331477883570138,22.52933304714752,20.918276459679635,21.000089856869693,21.006765893739864,20.91896443533948,22.27263652893652,,-4.2,19
2026-01-11 10:15,2000,1083.8391087814634,909.0687665347214,1500,0,0,0,208.1010981082964,159.64021263744326,0,0,0,100,54.19195543907317,45.45343832673607,100,0,0,0,16.648087848663714,12.77121701099546,0,0,0,25,24,24,25,18,21,20,21,21,17,21,,21.79789545072141,24,24,23.39289084988598,22.224131752306377,22.42091136443726,20.826611641844934,21,21,20.847848450095867,22.171525968450624,,-4.5,19
2026-01-11 10:30,2000,1040.2536974999057,866.3706397991846,1500,0,0,0,216.94834371812067,168.90377288876698,0,0,0,100,52.01268487499529,43.318531989959226,100,0,0,0,17.355867497449655,13.51230183110136,0,0,0,25,24,24,25,18,21,20,21,21,17,21,,22.35069738919184,24,24,23.35627518984775,22.185119526715027,22.379709004030826,20.79716776786289,21,21,20.83082974155612,22.13687869886565,,-4.5,60
2026-01-11 10:45,2000,1006.3796539085124,831.6874047215497,1500,0,0,0,223.54954112155428,175.95122689218806,0,0,0,100,50.31898269542562,41.58437023607748,100,0,0,0,17.883963289724342,14.076098151375044,0,0,0,25,24,24,25,18,21,20,21,21,17,21,,22.771811066436825,24,24,23.338753726916117,22.16516550087534,22.356552819424984,20.77803576830062,21,21,20.82038294354427,22.12074401505133,,-4.6,44
2026-01-11 11:00,2000,977.9241677329228,806.1010760904683,1500,0,0,0,227.80719877076265,180.6787968722965,0,0,0,100,48.89620838664614,40.30505380452341,100,0,0,0,18.224575901661012,14.454303749783719,0,0,0,25,24,24,25,18,21,20,21,21,17,21,,23.05690659186189,24.000000000000007,24,23.327279655858312,22.15214226953804,22.340699886263412,20.761874685594044,21,21,20.811695777624003,22.11042787603348,,-3.6,37
2026-01-11 11:15,2000,954.4496173183215,780.5985024150796,1500,0,0,0,227.92886270504096,181.27822107374232,0,0,0,100,47.722480865916076,39.02992512075398,100,0,0,0,18.234309016403277,14.502257685899385,0,0,0,25,24,24,25,18,21,20,21,21,17,21,,23.30927329200352,24,24,23.32273532801023,22.146310748721604,22.33192244558271,20.749806221005493,21,20.999999999999996,20.80557839259277,22.10677189718864,,-3.6,38
2026-01-11 11:30,2000,932.7809826600264,757.1153677866344,0,0,0,0,99.11522653534048,73.41778517073908,1250,1239.5822825938128,0,100,46.63904913300132,37.855768389331715,0,0,0,0,7.929218122827239,5.873422813659126,100,82.63881883958753,0,25,24.000000000000004,24.000000000000004,21.04,18,21,20,21,21,22.93,22.98,,23.549026699978405,24,24.000000000000004,23.325007230970986,22.147721366954933,22.330488360561915,20.74320944922316,21,21,20.803960347618577,22.10987710084686,,-3.6,69
2026-01-11 11:45,2000,910.2619079841317,739.9285153514975,0,0,0,0,0,0,1250,1261.7605972355195,0,100,45.513095399206584,36.99642576757488,0,0,0,0,0,0,100,84.11737314903463,0,25,24,24,21,18,21,20,21,21,23,23,,23.745976929579093,24.000000000000004,24.000000000000004,22.25721941786535,22.13332232092175,22.308754630449283,20.88706960513627,21.026293601090693,21.045744855558453,22.27217518869204,22.96502925384591,,-3.6,41
2026-01-11 12:00,2000,0,0,0,0,0,0,0,0,1250,1235.724798771897,0,100,0,0,0,0,0,0,0,0,100,82.38165325145981,0,25,21.03,21.03,21,18,21,20,21,21,23,23,,23.949396250448544,24,24,22.16910927966517,22.107570530763144,22.274732272139428,21.146983718953248,21.183950095264343,21.231962951490218,22.59611911769766,23,,-2.3,61
2026-01-11 12:15,2000,0,0,0,0,0,0,0,0,1250,1182.5477414359386,0,100,0,0,0,0,0,0,0,0,100,78.83651609572924,0,25,21,21,21,18,21,20,21,21,23,23,,24.17057260607769,23.076249557659885,23.178689417598044,22.17952819181818,22.12081406540923,22.28070777091152,21.27413589776408,21.30906495423826,21.357203352532128,22.72908315000403,23,,-2.2,61
2026-01-11 12:30,2000,1376.2779984685712,1414.7849689155792,0,0,0,0,0,0,1227.9892109346092,1124.9492636683462,0,100,68.81389992342856,70.73924844577895,0,0,0,0,0,0,98.23913687476875,74.99661757788975,0,25,23.97,23.97,21,18,21,20,21,21,23,23,,24.428632631077438,22.14568619343213,22.217320589124757,22.19952839863241,22.15018679439068,22.301799123022747,21.40471742538576,21.44358831202394,21.48965355243037,22.872851879721537,23,,-1.8,144
2026-01-11 12:45,2000,880.2862434571239,759.2708502818907,0,0,0,0,0,0,1140.0852303157758,1066.735894009386,0,100,44.014312172856194,37.963542514094534,0,0,0,0,0,0,91.20681842526207,71.11572627,0,25,24,24,21,18,21,20,21,21,23,23,,24.63598990542577,23.65337469212045,23.66690710823257,22.224244665267925,22.183151108089945,22.327599772999942,21.526954155876226,21.569450540651204,21.614244859691198,22.98681916305435,23,,-1.4,92
2026-01-11 13:00,1967.6741180567917,808.2272709599346,714.4680967610984,0,0,0,0,0,0,1083.8100833554272,1018.2903495615028,0,98.3837059,40.41136354799673,35.72340483805492,0,0,0,0,0,0,86.70480666843417,67.88602330410019,0,25,24,24,21,18,21,20,21,21,23,23,,24.851046381219938,24,24,22.249753907654465,22.215030972030632,22.352818749481536,21.62463223002101,21.669592053975737,21.713373734228675,23,23,,-0.2,192
2026-01-11 13:15,1920.3369177014624,767.6500920312974,696.7137103978603,0,0,0,0,0,0,1045.0231743265151,972.8446759399568,0,96.01684588507312,38.38250460156487,34.83568551989301,0,0,0,0,0,0,83.60185394612121,64.85631172933046,0,25,24,24,21,18,21,20,21,21,23,23,,25,24,24,22.27058558988985,22.239098624310238,22.37375811180199,21.67923069166081,21.72594255765465,21.77025046,23,23,,-0.4,188
2026-01-11 13:30,0,1162.8991028159908,0,1500,0,0,0,1250,0,621.3175413683415,439.8442972998303,0,0,58.14495514079954,0,100,0,0,0,100,0,49.70540330946732,29.32295315332202,0,17.09,24,18.07,24.959999999999997,20.97,21,20,23.969999999999995,21,23,23,,25,24,24,22.28851276495419,22.25975836,22.39103487,21.71553311039099,21.763599865383757,21.80901821,23,23,,-0.2,246
2026-01-11 13:45,0,1224.047562547608,0,1500,0,0,0,1250,0,238.94469618522635,0,0,0,61.202378127380406,0,100,0,0,0,100,0,19.11557569481811,0,0,16.999999999999996,24,18,24.99999999999999,21,21,20,24,21,23,23,,21.40663495026743,24,23.46868960920193,23.710044894692636,22.631858699548783,22.78521072709936,22.120761829600788,23.465894086252053,22.233337303013855,23,23,,-0.2,220
2026-01-11 14:00,0,1193.186750419456,0,1500,0,0,0,1214.1992742058346,0,178.0109845428315,0,0,0,59.659337520972805,0,100,0,0,0,97.13594193646678,0,14.24087876342652,0,0,17,24,18,25,21,21,20,24,21,23,23,,18.189254047715675,24,23.417626878433115,24.16561491427207,23.05310190205457,23.21398669018807,22.54103575774913,23.94355651560866,22.66801235048277,23.000000000000004,23.086302113726653,,0.1,286
2026-01-11 14:15,0,1164.2084978453058,0,1500,0,0,0,1180.9293119708746,0,152.57991663852226,0,0,0,58.210424892265294,0,100,0,0,0,94.47434495766997,0,12.206393331081781,0,0,17,24,18,25,21,21,20,24,21,23,23,,17.440409771424086,24,23.41918051,24.30163131240093,23.17894776656929,23.338926694179467,22.61237935383516,24,22.745444387700516,23,23.221776542571494,,-0.1,275
2026-01-11 14:30,0,1147.1558210521653,0,1500,0,0,0,1153.5693864196985,0,136.9120311561237,0,0,0,57.35779105260826,0,100,0,0,0,92.28555091357589,0,10.952962492489895,0,0,17,24,18,25,21,21,20,24,21,23,23,,17.29333855530304,24,23.423454245788456,24.359181135837755,23.23011308588209,23.38798365302905,22.634786441986154,24,22.77621124688753,23,23.298885285351076,,-0.3,247
2026-01-11 14:45,110.98459683512556,1133.6441031906434,0,1500,0,0,0,1128.2454622895093,0,118.23079811093704,0,0,5.5492298417562775,56.68220515953217,0,100,0,0,0,90.25963698316075,0,9.458463848874963,0,0,17,24,18,25,21,21,20,24,21,23,23,,17.072710866007824,24,23.42755260780417,24.396834319015685,23.262636520519376,23.417711403750896,22.65399498237962,24,22.80127493361328,23,23.349340853838537,,-0.6,217
2026-01-11 15:00,148.45014683975205,1125.670675230329,0,1500,0,0,0,1104.2101549172185,0,98.17522151,0,0,7.422507341987602,56.283533761516445,0,100,0,0,0,88.33681239337747,0,7.854017720569392,0,0,17,24,18,25,21,21,20,24,21,23,23,,17,24,23.432537199476048,24.43376147,23.29612727138357,23.450039266817697,22.672836751626598,24,22.82567775308489,23,23.387899570404883,,-0.6,123
2026-01-11 15:15,182.82589435605587,1110.9126234675932,0,1500,0,0,0,1083.3725163918425,0,75.95278548773422,0,0,9.141294717802793,55.54563117337966,0,100,0,0,0,86.66980131,0,6.076222839018738,0,0,17,24,18,25,21,21,20,24,21,23,23,,16.999999999999996,24,23.43805456227595,24.47756607980565,23.33745199,23.491261314371272,22.692204302434103,24,22.85052652802067,23,23.42813272898821,,-1.1,112
2026-01-11 15:30,216.98501412686528,1088.5058311003522,0,1500,0,0,0,1063.5183094104614,0,0,0,0,10.849250706343264,54.42529155501761,0,100,0,0,0,85.08146475283691,0,0,0,0,17,24,18,25,17.04,21,20,24,20.01,21.02,16.08,,17.000000000000004,24,23.44321107,24.51801991288755,23.37454905424127,23.529086022104813,22.709465353563903,24,22.87719521229085,23,23.47102082067899,,-1.3,84
2026-01-11 15:45,240.6186353184385,1071.087830962042,0,1500,0,0,0,1045.5535163170025,0,0,0,0,12.030931765921926,53.55439155,0,100,0,0,0,83.64428131,0,0,0,0,17,24,18,25,17,21,20,24,20,21,16,,17,24,23.448084141069103,24.56365030853342,23.41698622267658,23.57370057127359,22.72608820563036,24,22.91012785969742,22.951493157200968,23.53964916076154,,-1.9,69
2026-01-11 16:00,270.9659499021945,1071.8033249382606,0,1500,0,0,0,1037.230251789773,0,0,0,0,13.548297495109724,53.59016624691303,0,100,0,0,0,82.97842014318184,0,0,0,0,17,24,18,25,17,21,20,24,20,21,16,,17,24,23.45312899726763,24.608049011278943,23.45769397165946,23.61689244356606,22.741395222965007,24,22.942328037387774,22.97412491525538,23.609524248699017,,-1.6,26
2026-01-11 16:15,312.4297077516767,1116.6708600105376,0,1500,0,0,0,1012.2302687230004,0,0,0,0,15.621485387583835,55.83354300052688,0,100,0,0,0,80.97842149784003,0,0,0,0,17,24,18,25,17,21,20,24,20,21,16,,17,24,23.45802306359732,24.659947556389696,23.50669912,23.67003184740616,22.747607192647603,24,22.955378521288388,22.98797748427461,23.66429836482554,,-2.3,16
2026-01-11 16:30,345.75275267881807,1140.4955149595337,0,1500,0,0,0,996.4717716071682,0,0,0,0,17.287637633940903,57.02477574797669,0,100,0,0,0,79.71774172857346,0,0,0,0,17,24,18,25,17,21,20,24,20,21,16,,17,24,23.46221324536105,24.723931362860824,23.568296275976365,23.73913628222003,22.768955524177287,24,22.953664202653723,22.984538591512937,23.63962522,,-2.9,0
2026-01-11 16:45,373.60228186237873,1156.993813129644,0,1500,0,0,0,984.0969733780256,0,0,0,0,18.680114093118938,57.849690656482196,0,100,0,0,0,78.72775787024204,0,0,0,0,17,24,18,25,17,21,20,24,20,21,16,,17,24,23.463540902898163,24.78405924622617,23.62514250862586,23.799962123649223,22.783667553631755,24,22.955669037647823,22.985539843728933,23.668107760238293,,-3.5,0
2026-01-11 17:00,390.28021599570457,1171.1042709671128,0,1500,0,0,0,970.9952519467934,0,0,0,0,19.51401079978523,58.55521354835564,0,100,0,0,0,77.67962015574346,0,0,0,0,17,24,18,25,17,21,20,24,20,21,16,,17,24,23.462804212643142,24.83572408,23.67438083940716,23.853174121909664,22.794519050002613,24,22.960827393503436,22.98995716985612,23.702201402393364,,-2.3,0
2026-01-11 17:15,404.87984241967206,1182.4048350268931,0,1500,0,0,0,959.8392472557534,0,0,0,0,20.243992120983602,59.12024175134466,0,100,0,0,0,76.78713978046028,0,0,0,0,17,24,18,25,17,21,20,24,20,21,16,,17,24,23.4619882,24.88021351184285,23.71656649819885,23.89725824583617,22.806360564246063,24,22.968144017153094,22.99666780741676,23.73411573946457,,-2.6,0
2026-01-11 17:30,1820.653361728494,0,0,0,0,0,0,0,0,0,0,0,91.03266809,0,0,0,0,0,0,0,0,0,0,0,20.96,18.07,17.01,16.099999999999998,16.999999999999996,21.000000000000004,20.99,17.08,20,21.000000000000004,17.980000000000004,,17,24,23.461265650631013,24.90985737527015,23.744209418272018,23.926087941899603,22.81629845306803,24,22.97442152461819,23.002469246262105,23.75425298200134,,-2.9,0
2026-01-11 17:45,1724.0351042646907,0,0,0,0,0,0,0,0,0,0,0,86.20175521323455,0,0,0,0,0,0,0,0,0,0,0,21,18,17,16,17,21,21,17,20,21,18,,19.92853586711152,22.699948898412025,22.71585415810664,23.577930956381227,23.454394276485065,23.61062023898229,22.56077092441326,22.75323698789863,22.700614122923184,22.723604388515795,23.473915383031816,,-2.9,0
2026-01-11 18:00,1449.9101073205766,0,0,0,0,0,0,0,0,0,0,0,72.49550536602882,0,0,0,0,0,0,0,0,0,0,0,21,18,17,16,17,21,21,17,20,21,18,,20.919381527380292,21.89643820638245,21.938871115481295,23.014205580457403,22.93926258195652,23.07166367796853,22.120552707766173,22.24368585,22.24041396918169,22.25936081216577,22.962537155991654,,-1.6,0
2026-01-11 18:15,1448.7853937529508,0,0,0,0,0,0,0,0,0,0,0,72.43926968764754,0,0,0,0,0,0,0,0,0,0,0,21,18,17,16,17,21,21,17,20,21,18,,21,21.49877959363378,21.553069434797514,22.791218211032124,22.72766781383111,22.860845275654484,21.933816950428785,22.04616630111627,22.049362839731764,22.068649314091083,22.741717040750927,,-1.9,0
2026-01-11 18:30,1373.2857344634504,0,0,0,0,0,0,0,0,0,0,0,68.66428672317252,0,0,0,0,0,0,0,0,0,0,0,21,18,17,16,17,21,21,17,20,21,18,,21,21.300623052282184,21.35361632206278,22.69452461430804,22.63555670832286,22.76834066096587,21.85359794,21.96024480727548,21.966999052092287,21.986439577413798,22.64441785068879,,-2.5,0
2026-01-11 18:45,1338.4186417151486,0,0,0,0,0,0,0,0,0,0,0,66.92093208575743,0,0,0,0,0,0,0,0,0,0,0,21,18,17,16,17,21,21,17,20,21,18,,21,21.17080833946741,21.23121560902464,22.59475338224797,22.53840869962036,22.66838232973473,21.769346,21.869030672127145,21.879208165899684,21.898224702661256,22.544780526120284,,-2.8,0
2026-01-11 19:00,1322.2879962188108,0,0,0,0,0,0,0,0,0,0,0,66.11439981094054,0,0,0,0,0,0,0,0,0,0,0,21,18,17,16,17,21,21,17,20,21,18,,21,21.05098779054207,21.110793561462188,22.54425352038244,22.492214088682207,22.624753100890555,21.728980234677724,21.82505595233888,21.838153764622056,21.85772546,22.49309446,,-1.7,0
2026-01-11 19:15,1312.4523737228992,0,0,0,0,0,0,0,0,0,0,0,65.62261868614497,0,0,0,0,0,0,0,0,0,0,0,21,18,17,16,17,21,21,17,20,21,18,,21,20.93369917026404,20.996679104347177,22.44728755089116,22.39467986622829,22.52327546744172,21.645703941130304,21.736648769628346,21.751101974773995,21.769982278475396,22.39481887,,-1.9,0
2026-01-11 19:30,1307.0084422111552,0,0,0,1250,0,0,0,0,0,0,0,65.35042211055776,0,0,0,100,0,0,0,0,0,0,0,21,18,17,16,24.91,21,21,17,20,21,18,,21,20.82309223430902,20.886205840325744,22.395089168793035,22.345583959729407,22.477688997436918,21.602794490619125,21.69129976040356,21.70783650141356,21.72726358436429,22.340682538602813,,-2.3,0
2026-01-11 19:45,1304.727570771178,0,0,0,1250,0,0,0,0,0,0,0,65.23637853855891,0,0,0,100,0,0,0,0,0,0,0,21,18,17,16,25,21,21,17,20,21,18,,21,20.664874269534955,20.72384523211727,22.297577680097724,23.16768183848422,22.37998254055504,21.480522831469248,21.563065199029825,21.579938241238267,21.59799784168084,22.24167264002346,,-2.5,0
2026-01-11 20:00,1298.8036875483067,0,0,0,1250,0,0,0,0,0,0,0,64.94018437741533,0,0,0,100,0,0,0,0,0,0,0,21,18,17,16,25,21,21,17,20,21,18,,21,20.513482038484167,20.57646765472553,22.326020422562443,23.243379694653783,22.41907994960476,21.37123902559547,21.449836184529552,21.46793463370759,21.48588657,22.26753686979036,,-1.9,0
2026-01-11 20:15,1294.3140973640093,0,0,0,1250,0,0,0,0,0,0,0,64.71570486820046,0,0,0,100,0,0,0,0,0,0,0,21,18,17,16,25,21,21,17,20,21,18,,21,20.428380820567305,20.49521842795946,22.38355691458699,23.274804808438727,22.481024304181062,21.320970637027216,21.39790085656715,21.417373233659685,21.435728656062714,22.322520727455466,,-2.4,0
2026-01-11 20:30,1291.0238840807124,0,0,0,1250,0,0,0,0,0,0,0,64.55119420403562,0,0,0,100,0,0,0,0,0,0,0,21,18,17,16,25,21,21,17,20,21,18,,21,20.35447505,20.41773453851673,22.372945828575205,23.270599212144912,22.46965974260032,21.268996500839865,21.34351675311552,21.36368628825603,21.38178665506006,22.310072387033543,,-3,0
2026-01-11 20:45,1288.7039144706869,0,0,0,1250,0,0,0,0,0,0,0,64.43519572353435,0,0,0,100,0,0,0,0,0,0,0,21,18,17,16,25,21,21,17,20,21,18,,21,20.27970155,20.34488727682499,22.409318287308743,23.31416072560821,22.516758715270925,21.229953838582407,21.30295670170296,21.32418945335249,21.342500755135404,22.34413686151504,,-3.5,0
2026-01-11 21:00,1295.6256152297938,0,0,0,1250,0,0,0,0,0,0,0,64.78128076148968,0,0,0,100,0,0,0,0,0,0,0,21,18,17,16,25,21,21,17,20,21,18,,21,20.210144749150217,20.274270956585998,22.39308236119291,23.29771139921647,22.49736224023536,21.177002148266368,21.24786029176268,21.269790035872838,21.287882846723736,22.32631609182778,,-4.3,0
2026-01-11 21:15,1304.3940961115895,0,0,0,1250,0,0,0,0,0,0,0,65.21970480557947,0,0,0,100,0,0,0,0,0,0,0,21,18,17,16,25,21,21,17,20,21,18,,21,20.14324630886273,20.207311859969188,22.420561539939072,23.32869697243546,22.534433975601967,21.144177671677703,21.21403639278237,21.23721545662238,21.255588794107773,22.351182910322045,,-4.8,0
2026-01-11 21:30,1313.261910237435,400,2000,0,1250,0,9.167191871,0,0,0,1500,0,65.66309551187175,20,100,0,100,0,0.9167191870912941,0,0,0,100,0,21,20.97,23.92,20.940000000000005,25,21,21,17,20,21,24.920000000000005,,21,20.080296540217784,20.143088318533977,22.397393665701077,23.30447210457867,22.50839558451873,21.09052072,21.158398342042272,21.182332035694635,21.20035632236388,22.326541046068154,,-5.3,0
2026-01-11 21:45,1322.4106742905103,0,2000,0,1250,0,32.757396934707685,0,0,0,1500,0,66.12053371452552,0,100,0,100,0,3.2757396934707685,0,0,0,100,0,21,21,24,21,25,21,21,17,20,21,25,,21.000000000000007,21.24012722547674,22.04238213600876,22.53403451400515,23.449437114678155,22.67058395696292,21.01966704,21.07155203441388,21.09597812110545,21.11335905,23.51655666506122,,-5.9,0
2026-01-11 22:00,1337.8049118132403,0,2000,0,1250,0,30.06921348,0,0,0,1500,0,66.89024559066202,0,100,0,100,0,3.0069213476423102,0,0,0,100,0,21,21,24,21,25,21,21,17,20,21,25,,21,22.07177489331936,23.066897642773284,22.878111383676103,23.799596828871632,23.041872274652203,21,21.01147174214153,21.03707970116352,21.05457691701318,23.89465802278038,,-6.3,0
2026-01-11 22:15,1353.783227,0,2000,0,1250,0,32.98403068912012,0,0,0,1500,0,67.68916136,0,100,0,100,0,3.2984030689120116,0,0,0,100,0,21,21,24,21,25,21,21,17,20,21,25,,21,22.57634896,23.611231817121656,23.064181752687382,23.98189769322594,23.229316388361088,21,21.01292178770256,21.04041429053085,21.058616039250523,24.083447691175373,,-7,0
2026-01-11 22:30,1370.2012091210136,0,1877.871547150582,0,1250,0,0,0,0,0,1500,0,68.51006045605068,0,93.89357735752911,0,100,0,0,0,0,0,100,0,21,21,24,21,25,21,18.03,17,20,21,25,,21,22.83272868983543,23.87263080724628,23.133081818272363,24.04717725490632,23.296495187465226,21,21.01019531096892,21.03906140282826,21.05727498,24.154350790778537,,-7.5,0
2026-01-11 22:45,1386.9923160658657,0,1623.474659,0,1250,0,0,0,0,0,1500,0,69.34961580329329,0,81.17373293,0,100,0,0,0,0,0,100,0,21,21,24,21,25,21,18,17,20,21,25,,21,23.026353909556757,24,23.21590151540013,24.129603413266743,23.38486360122986,20.959824337480825,21.020843656571955,21.051487018400977,21.070035458130945,24.23819916235538,,-7.9,0
2026-01-11 23:00,1397.381965723842,0,1577.921407821268,0,1250,0,0,0,0,0,1500,0,69.86909828619211,0,78.89607039,0,100,0,0,0,0,0,100,0,21,21,24,21,25,21,18,17,20,21,25,,21,23.118935890308016,24,23.299884201846236,24.212167334493188,23.473203738064637,20.96033805809602,21.02349324716546,21.05574204515215,21.074412910211933,24.32167762,,-7.4,0
2026-01-11 23:15,1407.7867631258796,0,1539.872771852126,0,1250,0,0,0,0,0,1500,0,70.38933815629397,0,76.99363859,0,100,0,0,0,0,0,100,0,21,21,24,21,25,21,18,17,20,21,25,,21,23.13128266352201,24,23.37332389909335,24.284013343277703,23.54929564828521,20.965151247964503,21.02888755556464,21.062691944635773,21.081429307549428,24.394590624812302,,-8.1,0
2026-01-11 23:30,1418.3503284415733,0,1507.843542386203,0,0,0,0,0,0,0,1500,0,70.91751642207866,0,75.39217711931015,0,0,0,0,0,0,0,100,0,21,21,24,21,21.04,21,18,17,20.99,21,25,,21,23.147185325208085,24,23.43804452596329,24.347211896706835,23.616249128442504,20.971867240252053,21.03593166463359,21.07128286652914,21.090039937411472,24.45862615086326,,-8.5,0
2026-01-11 23:45,1429.1274383813234,0,1491.5747605346114,0,0,0,0,0,0,0,1500,0,71.45637191906617,0,74.57873802673058,0,0,0,0,0,0,0,100,0,21,21,24,21,21,21,18,17,21,21,25,,21,23.15854958452261,24,23.46473328390509,23.46081913835731,23.637380190932127,20.983926567022944,21.048447221166903,21.08546236341926,21.10431422288338,24.484967527797323,,-8.9,0
2026-01-12 0:00,1436.8488826653463,0,1470.829124110176,0,0,0,0,0,0,0,1500,0,71.84244413326732,0,73.54145620550881,0,0,0,0,0,0,0,100,0,21,21,24,21,21,21,18,17,21,21,25,,21,23.16734014933949,24,23.365453657421416,23.30996247707841,23.528397114257373,20.98391930257467,21.04826967520741,21.08661818704932,21.105213971007696,24.386542801074054,,-8.4,0
2026-01-12 0:15,1444.764178835605,0,1454.2940753981163,0,0,0,0,0,0,0,1500,0,72.23820894178024,0,72.71470376990581,0,0,0,0,0,0,0,100,0,21,21,24,21,21,21,18,17,21,21,25,,21.000000000000004,23.174668327591327,24,23.282111728013412,23.25103729839589,23.44455005946711,20.975790037701906,21.039809571744645,21.07951898242764,21.09788603906304,24.30356614759848,,-8.9,0
2026-01-12 0:30,1452.8609577397046,0,1436.1117050444725,0,0,0,0,1250,0,0,1500,0,72.64304788698524,0,71.80558525222362,0,0,0,0,100,0,0,100,0,21,21,24.000000000000004,21,21,21,18,23.92,21,21,25,,21,23.180482916748517,24,23.25196528955716,23.212597150075453,23.41419926281992,20.965677830205514,21.02937893,21.07044800789777,21.08860198367194,24.272870706268343,,-9.3,0
2026-01-12 0:45,1461.1320247851254,0,1427.258996780547,0,0,0,0,1250,0,0,1500,0,73.05660123925627,0,71.36294983902735,0,0,0,0,100,0,0,100,0,21,21,24,21,21,21,18,24,21,21,25,,21,23.18510762557681,24.000000000000004,23.12516048521505,23.07639986061513,23.27355897156089,21.066566611266268,22.41872488,21.179116754339724,21.19925517164198,24.14661371449806,,-9.6,0
2026-01-12 1:00,1477.8233230476435,0,1421.004903820358,0,0,0,0,1250,0,0,1500,0,73.89116615238218,0,71.05024519101791,0,0,0,0,100,0,0,100,0,21,21,24,21,21,21,18,24,21,21,25,,21,23.18881025984721,24,23.028779713267003,22.977741265828687,23.176219994392888,21.345860120637056,22.768457658327332,21.47041854529563,21.492834383677035,24.05024890249037,,-9.3,0
2026-01-12 1:15,1494.6965736456789,0,1415.7514133470322,0,0,0,0,1250,0,0,1500,0,74.73482868228395,0,70.78757066735162,0,0,0,0,100,0,0,100,0,21,21,24,21,21,21,18,24,21,21,25,,21,23.19101040826932,24,23.001113457252625,22.94945244677389,23.15199485596372,21.44582517893345,22.85562021984797,21.570616985208037,21.59170053223064,24.02124492641318,,-9.8,0
2026-01-12 1:30,1511.7323144840848,0,0,0,0,0,0,1250,0,0,0,0,75.58661572420424,0,0,0,0,0,0,100,0,0,0,0,21,21,21.03,21,21,21,18,24,21,21,21.04,,21,23.19231942859833,24,22.98695835635742,22.93282705390129,23.13735337887453,21.506737752030645,22.941243115774707,21.634939018166666,21.656694867243303,24.00562551073683,,-10,0
2026-01-12 1:45,1528.9361383077023,0,0,0,0,0,0,1250,0,0,0,0,76.44680691538511,0,0,0,0,0,0,100,0,0,0,0,21,21,21,21,21,21,18,24,21,21,21,,21,22.68777735745202,22.79361836617209,22.87042295313776,22.808727463097583,23.00547376528387,21.599526589962835,23.04816412982903,21.732178784956872,21.754697446040467,22.84369833223711,,-10.3,0
2026-01-12 2:00,1537.898644582394,0,0,0,0,0,0,1250,0,0,0,0,76.89493223,0,0,0,0,0,0,100,0,0,0,0,21,21,21,21,21,21,18,24,21,21,21,,21,21.87066319972823,21.96810953514669,22.52001956670052,22.45129551355348,22.63143077778201,21.684997494188917,23.14246230646256,21.820502736507525,21.84310744860657,22.442679173223127,,-9.3,0
2026-01-12 2:15,1546.8594297789532,0,0,0,0,0,0,1250,0,0,0,0,77.34297148894765,0,0,0,0,0,0,100,0,0,0,0,21,21,21,21,21,21,18,24,21,21,21,,21,21.37301304233786,21.457299502472395,22.284963895958583,22.21701379630671,22.393519124588124,21.71966367732239,23.183068411838452,21.855640639520317,21.87784770753636,22.20424350521308,,-10,0
2026-01-12 2:30,1555.847655291502,227.6043891843481,92.71699092163765,0,0,0,696.9389159497456,1250,0,0,0,0,77.79238276,11.380219459217406,4.635849546081882,0,0,0,69.69389159497456,100,0,0,0,0,21,21,21,21,21,21,22.94,24.000000000000004,16.06,21,21,,21,21.09021387956973,21.16617566713037,22.14795469976429,22.08100118,22.257149154529237,21.733378841754558,23.201578591713368,21.869696546519336,21.891707188350765,22.06372041544845,,-10.4,0
2026-01-12 2:45,1564.9033690522992,294.2950337509137,134.15945886628833,0,0,0,574.0203171923986,1250,0,0,0,0,78.24516845261496,14.714751687545686,6.707972943314417,0,0,0,57.40203171923986,100,0,0,0,0,21,21,21,21,21,21,23,24,16,21,21,,21,21,21.01085624584998,21.926417877759175,21.853742117467775,22.018200320358297,22.91932679689944,23.31450431347073,21.98069032162612,22.00427284326928,21.839226157594783,,-10.8,0
2026-01-12 3:00,1574.9080203365593,306.8000874578611,138.71177301157877,0,0,0,590.2433450580211,1250,0,0,0,0,78.74540101682797,15.340004372893054,6.935588650578938,0,0,0,59.02433450580211,100,0,0,0,0,21,21,21,21,21,21,23,24,16,21,21,,21,21,21,21.716278935803317,21.645056854808196,21.807598852301997,23,23.49261770804981,22.156972326041707,22.181641813997626,21.627595559452512,,-10.2,0
2026-01-12 3:15,1584.9965746362504,326.60972363907786,154.34614729584064,0,0,0,551.2108711663859,1250,0,0,0,0,79.24982873181253,16.330486181953894,7.717307364792032,0,0,0,55.12108711663859,100,0,0,0,0,21,21,21,21,21,21,23,24,16,21,21,,21,21,21,21.64485295435735,21.57702509431818,21.74548734480416,23,23.543597426235813,22.204184576781905,22.22788279176135,21.553376999999596,,-10.8,0
2026-01-12 3:30,1595.1684083579294,340.71930284950577,166.23534949498935,0,0,0,528.5937189482211,1250,0,0,0,0,79.75842041789647,17.035965142475288,8.311767474749468,0,0,0,52.859371894822104,100,0,0,0,0,21,21,21,21,21,21,23,24,16,21,21,,21,21,21,21.58383591884912,21.51403626474149,21.682040654886777,23,23.578198232730127,22.23644705668606,22.260603009366005,21.49005124,,-11.4,0
2026-01-12 3:45,1605.4107770804403,353.27497127621973,177.13045751152458,0,0,0,514.1276365482809,1250,0,0,0,0,80.27053885402202,17.663748563810987,8.856522875576228,0,0,0,51.41276365482808,100,0,0,0,0,21,21,21,21,21,21,23,24,16,21,21,,21,21,21,21.518708540926323,21.44877570596358,21.618714980913467,23,23.609971151870067,22.265973866963293,22.29016900508781,21.422953745512142,,-12,0
2026-01-12 4:00,1615.408903786567,0,0,0,0,0,501.9228887432655,1250,0,0,0,0,80.77044518932834,0,0,0,0,0,50.19228887432655,100,0,0,0,0,21,17.04,17.04,21,21,21,23,24,16,21,21,,21,21,21,21.458810138289792,21.38887621505817,21.56060517924224,23,23.63127692368221,22.285169890733005,22.30926214113367,21.36127976780653,,-11,0
2026-01-12 4:15,1624.3168503107609,0,0,0,0,0,494.6572160025498,1250,0,0,0,0,81.21584251553804,0,0,0,0,0,49.46572160025497,100,0,0,0,0,21,17,17,21,21,21,23,24,16,21,21,,21,20.73114389156146,20.85825458733148,21.398117730637924,21.32771911209782,21.50041819004238,23,23.648965761464613,22.30090351,22.32501847903404,21.299168291211437,,-11.6,0
2026-01-12 4:30,1633.9051394268902,484.55858116402095,329.2991760261691,0,0,0,592.5954629952838,0,0,0,0,0,81.69525697,24.22792905820105,16.464958801308455,0,0,0,59.25954629952838,0,0,0,0,0,21,20.96,20.96,18.03,21,21,23.000000000000004,21.03,16,21,21,,21.000000000000004,20.552449127935976,20.62596367,21.34130047384126,21.270674134129862,21.44471630461469,23,23.65996548079652,22.310068082951613,22.334138190481795,21.240323747091164,,-12.2,0
2026-01-12 4:45,1643.6179544086915,415.2965343931282,240.25524340925585,0,57.74070629255402,0,786.1802741,0,0,0,98.65294554382126,0,82.18089772043457,20.76482671965641,12.012762170462793,0,4.619256503404322,0,78.61802741184819,0,0,0,6.576863036254751,0,21,21,21,18,21,21,23,21,16,21,21,,21,20.96,20.96,21.20247437514904,21.12803041112512,21.296065484102275,23.000000000000004,22.25229265074277,22.161211080184916,22.18252189557599,21.10118404796788,,-12.6,0
2026-01-12 5:00,1655.1386941368237,424.0384547873182,234.56489893183607,0,151.65438077919316,0,840.2332348363161,0,0,0,196.2915803083779,0,82.75693471,21.20192273936591,11.728244946591804,0,12.132350462335452,0,84.02332348363161,0,0,0,13.08610535389186,0,21,21,21,18,21,21,23,21,16,21,21,,21,21,21,21.03489739938789,21,21.125759671612776,23,21.847342593129408,21.83388203811464,21.85262626955559,21,,-11.9,0
2026-01-12 5:15,1666.7628346852598,421.2713471272909,239.97711990783137,0,198.90746960738036,0,883.1307835145435,0,0,0,245.0507525614812,0,83.33814173426299,21.063567356364544,11.998855995391569,0,15.91259756859043,0,88.31307835145434,0,0,0,16.336716837432082,0,21,21,21,18,21,21,23,21,16,21,21,,21,21,21,20.96204813201457,21,21.059742521323543,23,21.743221640338437,21.71777680893269,21.73783269991784,21,,-12.2,0
2026-01-12 5:30,1678.4410008419654,426.4410223045779,246.3454053442256,0,234.03214195682813,0,908.6589519,0,0,0,282.6844426254865,0,83.92205004209828,21.322051115228895,12.317270267211281,0,18.72257135654625,0,90.86589519,0,0,0,18.845629508365764,0,21,21,21,18,21,21,23,21,16,21,21,,21.000000000000004,21,21,20.925555796440232,21,21.023922468126017,23,21.65494164065294,21.649274591373278,21.66864535,21,,-12.7,0
2026-01-12 5:45,1690.1410488211986,433.1728203925122,253.94697433823967,0,270.46030586162306,21.72998641538288,942.3817326,0,0,0,321.0039890791777,0,84.50705244105993,21.658641019625613,12.697348716911984,0,21.636824468929845,4.345997283076575,94.23817326,0,0,0,21.400265938611845,0,21,21,21,18,21,21,23,21,16,21,21,,21,21,21,20.90046153916175,21,21.001363333500574,23,21.59384898688856,21.599407605997172,21.61879387713307,21,,-13.3,0
2026-01-12 6:00,1703.5994601066411,439.92811682550746,261.2739057045219,0,294.6587046934292,35.43920360037737,965.3406721540414,0,0,0,346.86721507787297,0,85.17997300533206,21.996405841275372,13.063695285226094,0,23.572696375474333,7.087840720075474,96.53406721540414,0,0,0,23.12448100519153,0,21,21,21,18,21,21,23,21,16,21,21,,21,21,21,20.873867262590213,21,21,23,21.52850967053589,21.53939256752297,21.55864446,21,,-12.8,0
2026-01-12 6:15,1717.1879895640325,446.4943246043367,268.2768092940714,0,318.17221362186683,48.87027710876646,993.5091468138872,0,0,0,371.8928381129445,0,85.85939947820162,22.324716230216836,13.413840464703572,0,25.453777089749348,9.774055421753292,99.35091468138872,0,0,0,24.792855874196302,0,21,21,21,18,21,21,23,21,16,21,21,,21,21.000000000000004,21.000000000000004,20.855444434972515,21,21,23,21.479004628962123,21.494914767084914,21.514316045673823,21,,-13.7,0
2026-01-12 6:30,1731.9036761784057,0,526.0647466354408,0,400.1659891,103.86695510093996,0,0,1250,0,0,0,86.59518380892028,0,26.30323733177204,0,32.01327913,20.77339102018799,0,0,100,0,0,0,21,18.03,21,18,21,21,21.02,21,24.9,21,19.020000000000003,,21,21,21,20.83869770677173,21,21,23,21.425104825986462,21.44528835716128,21.464536611640835,21,,-14,0
2026-01-12 6:45,1745.910529647701,0,639.6765573092525,0,492.6009352638648,165.86252855807106,0,0,1250,0,0,0,87.29552648238504,0,31.983827865462626,0,39.40807482110918,33.172505711614214,0,0,100,0,0,0,21,18,21,18,21,21,21,21,25,21,19,,21,20.64609967353648,21,20.782581786300334,21,21,21.44468146241333,21.36925630937723,22.677499172726375,21.412297959432216,20.686249035907416,,-14.1,0
2026-01-12 7:00,1753.308898434454,0,678.2294779328513,0,511.8950401140028,176.56438350549797,0,0,1250,0,0,0,87.66544492,0,33.91147389664256,0,40.95160320912023,35.3128767,0,0,100,0,0,0,21,18,21,18,21,21,21,21,25,21,19,,21,20.570400482347253,21,20.71342190564896,21,21,21.272684406741075,21.35371125,22.768422515401245,21.40093783465607,20.59517793697677,,-13.6,0
2026-01-12 7:15,1761.2565956181045,0,667.2872576005466,0,534.9266605117773,190.03293703401505,0,0,1250,0,0,0,88.06282978090523,0,33.36436288002733,0,42.79413284094218,38.00658740680301,0,0,100,0,0,0,21,18,21,18,21,21,21,21,25,21,19,,21,20.588508327284934,21,20.694921762249948,21,21,21.333530940911317,21.34438627173609,22.71424623922511,21.39472025916508,20.58592101,,-14.1,0
2026-01-12 7:30,1769.1295410563907,0,674.3472918226544,0,545.8171330488294,198.3074108279834,0,0,1250,0,0,0,88.45647705281954,0,33.71736459113272,0,43.66537064390636,39.66148216559668,0,0,100,0,0,0,21,18,21,18,21,21,21,21,25,21,19,,21,20.58572889482021,21,20.68022997,21,21,21.30183645,21.32627616275556,22.71475929583369,21.379315257180448,20.56813555456684,,-14.4,0
2026-01-12 7:45,1776.8521112793624,0,688.0718981259342,0,556.9209222110148,208.51756093346197,0,0,1250,0,0,0,88.84260556396812,0,34.40359490629671,0,44.55367377688119,41.70351218669239,0,0,100,0,0,0,21,18,21,18,21,21,21,21,25,21,19,,21,20.574962913906955,21,20.66915272696097,21,21,21.27361453342913,21.313373675752118,22.71492750203827,21.36630278086122,20.55359197940997,,-14.5,0
2026-01-12 8:00,1786.2246298624975,0,696.6754898855652,0,563.173498,216.1930620444473,0,0,1250,0,0,0,89.31123149312486,0,34.83377449427826,0,45.05387984,43.23861240888946,0,0,100,0,0,0,21,18,21,18,21,21,21,21,25,21,19,,21,20.569264784732336,21,20.65770349332208,21,21,21.254179597354863,21.298236581267226,22.703528133459304,21.348912699003865,20.53984499481899,,-13.5,27
2026-01-12 8:15,1795.5963534482598,0,702.3409529679666,0,570.7793715779262,224.5437195890372,0,0,1250,0,0,0,89.77981767241299,0,35.11704764839833,0,45.66234973,44.90874391780744,0,0,100,0,0,0,21,18,21,18,21,21,21,21,25,21,19,,21,20.566473132169644,21,20.648795675529332,21,21,21.23888834602427,21.28621011101274,22.693591951549543,21.3337944,20.52860795856384,,-14.1,36
2026-01-12 8:30,1803.559022260487,0,697.0920796574301,1500,1250,116.66862685441812,0,0,1250,0,0,0,90.17795111302435,0,34.85460398,100,100,23.333725370883624,0,0,100,0,0,0,21,18,21,22.94,24.96,21,21,21,25,21,19,,21.000000000000004,20.564700486418776,21,20.63954439290128,21,21,21.220795035190736,21.271246124174183,22.68040526206188,21.315815695014688,20.517439248075128,,-14.5,92
2026-01-12 8:45,1810.3340178922008,0,682.9747859462732,1500,1250,0,0,0,1250,0,0,0,90.51670089461004,0,34.14873929731366,100,100,0,0,0,100,0,0,0,21,18,21,23,25,21,21,21,25,21,19,,21,20.57113132877437,21,21.83898678488871,21.65895678,21.043664532410432,21.215890350223617,21.266035827425327,22.65682043972091,21.287971091394827,20.65406042579801,,-14.8,127
2026-01-12 9:00,1796.1935639518615,0,662.2854551455421,1500,1250,0,0,0,1250,0,0,0,89.80967819759307,0,33.11427275727711,100,100,0,0,0,100,0,0,0,21,18,21,23,25,21,21,21,25,21,19,,21,20.58667616032284,21,22.30779232163772,22.13073420792865,21.35743795890459,21.24171313187547,21.291310305637555,22.65627178651149,21.284128671442648,21.06930677439262,,-13.7,182
2026-01-12 9:15,1780.7094516907655,0,618.5886646503368,1500,1250,0,0,0,1250,0,0,0,89.03547258453828,0,30.92943323251684,100,100,0,0,0,100,0,0,0,21,18,21,23,25,21,21,21,25,21,19,,21,20.612607058796296,21,22.50866981623064,22.409368930769062,21.54727264715513,21.29146862,21.340515375584005,22.67673119281685,21.301714216843248,21.279993229809115,,-13.5,196
2026-01-12 9:30,1764.5500693302138,0,580.9826432870346,1393.306490634085,1250,0,0,0,1250,0,0,0,88.22750347,0,29.049132164351732,92.88709937560569,100,0,0,0,100,0,0,0,21,18,21,23,25,21,21,21,25,21,19,,21,20.63822507087808,21,22.718984135197648,22.681423271607507,21.74589270050326,21.365155644560154,21.41537135840015,22.70611474166133,21.328428189104244,21.47385809034033,,-13,227
2026-01-12 9:45,1748.4493640850023,0,551.5027758522847,982.7425361,1250,0,0,0,1250,0,0,0,87.42246820425012,0,27.575138792614233,65.51616907114027,100,0,0,0,100,0,0,0,21,18,21,23,25,21,21,21,25,21,19,,21,20.66057536876597,21,22.96882174,23.03302304,22.07129215828563,21.470497274854026,21.525875278504216,22.789897125308396,21.41047351642413,21.789628615545205,,-12,256
2026-01-12 10:00,1716.5862773319034,0,519.6909777027297,695.7795419792285,1250,0,0,0,1250,0,0,0,85.82931386659517,0,25.984548885136487,46.385302798615236,100,0,0,0,100,0,0,0,21,18,21,23,25,21,21,21,25,21,19,,21,20.68239816370908,21,23,23.37608712714108,22.39930485574512,21.59519648453459,21.655807113150185,22.905763609657782,21.524666337262783,22.119741018564334,,-12.2,161
2026-01-12 10:15,1683.5689895270382,0,488.4023030118284,499.1491332914714,1250,0,0,0,1250,0,0,0,84.17844948,0,24.42011515059142,33.27660888609809,100,0,0,0,100,0,0,0,21,18,21,23,25,21,21,21,25,21,19,,21,20.70579029220545,21,23,23.59833030486331,22.606875003163005,21.719671647386978,21.78450403670508,23.02670254743232,21.64391654682492,22.33877322320609,,-11.4,166
2026-01-12 10:30,1650.3153895525368,2000,984.9755404,542.5041696224956,0,0,0,0,0,0,0,0,82.51576947762683,100,49.24877702,36.166944641499704,0,0,0,0,0,0,0,0,21,24.92,22.98,23,22.03,21,21,20.01,21.04,21,19,,21,20.728510952868504,21,23,23.750999259340496,22.749310775153504,21.839466203665225,21.907685518197734,23.147310423799127,21.76282057581247,22.49553192,,-10.8,314
2026-01-12 10:45,1616.2528482513344,2000,0,812.0385908663793,0,0,0,0,0,0,0,0,80.81264241256673,100,0,54.135906057758625,0,0,0,0,0,0,0,0,21,25,23,23,22,21,21,20,21,21,19,,21,23.305754914081646,22.729117570504616,23,22.835250269661778,22.715460952878907,21.76671781762885,21.83224993526106,21.80850314910739,21.69029299,22.490570876336136,,-10.2,233
2026-01-12 11:00,1602.156058,0,0,933.4871264,0,0,0,0,0,0,0,0,80.1078029,0,0,62.23247509053327,0,0,0,0,0,0,0,0,21,21.04,21.02,23.000000000000004,22,21,21,20,21,21,19,,21,24.22628175168085,23.281686461853248,23,22.58682593960801,22.50657801965873,21.41473169223153,21.470516854795445,21.386513677519137,21.33068799459763,22.31310225021309,,-11.2,266
2026-01-12 11:15,1588.2152791402596,0,0,1016.6446006806456,0,0,21.36552724,0,45.46349880520484,75.92457645851755,0,0,79.41076395701299,0,0,67.77630671204304,0,0,2.136552724,0,3.6370799044163875,6.073966116681404,0,0,21,21,21,23,22,21,21,20,21,21,19,,21,22.68865629637224,22.699197870886096,23.000000000000004,22.45874893156851,22.41059829608509,21.16834982129333,21.219550183064555,21.141753557340365,21.09579244099561,22.22737808954385,,-10.8,270
2026-01-12 11:30,1575.2890232909103,2000,1002.1434419656944,1067.5000032433054,0,0,65.29283652695176,0,101.57316096543036,128.86062044676692,0,0,78.76445116454552,100,50.10717209828472,71.16666688288703,0,0,6.529283652695176,0,8.125852877,10.308849635741353,0,0,21,24.96,22.98,23,22,21,21,20,21,21,19,,21,21.679170970126197,21.69859419673309,23,22.370413502883828,22.34573050324576,21.01105096506385,21.02846206635988,21.00537084381407,21,22.17186529133534,,-10.8,383
2026-01-12 11:45,1561.4652050295845,2000,0,1099.0264939363842,0,0,86.37256749678393,0,117.13253114696636,138.81913905400626,0,0,78.07326025147923,100,0,73.26843292909228,0,0,8.637256749678393,0,9.370602491757309,11.105531124320501,0,0,21,25,23,23,22,21,21,20,21,21,19,,21,23.52839599301112,22.876917655955964,23,22.306931733071256,22.307160090948763,21,20.946152110717797,21,21,22.13626958217641,,-10.4,374
2026-01-12 12:00,1556.5298528332896,2000,0,1115.727329829377,0,0,98.57507815,0,127.59102919347606,144.6788163845249,0,0,77.82649264166449,100,0,74.38182198862513,0,0,9.857507815,0,10.207282335478085,11.574305310761993,0,0,21,25,23,23,22,21,21,20,21,21,19,,21,24.34744414391265,23.41680860696874,23,22.259420486280497,22.28460263068562,21,20.911261664453168,21,21,22.118271317362915,,-11.3,119
2026-01-12 12:15,1552.249980948238,2000,0,1129.1287834391733,0,0,109.5790231673227,0,136.64970026871015,149.7521580913217,0,0,77.61249904741192,100,0,75.27525222927822,0,0,10.95790231673227,0,10.931976021496812,11.980172647305736,0,0,21,25,23,23,22,21,21,20,21,21,19,,21,24.593584483226472,23.621021026214702,23,22.22645967705138,22.272612769114065,21,20.88649829821103,21,21,22.105196733230827,,-10.7,119
2026-01-12 12:30,429.4880371137879,2000,0,0,148.67054767077934,0,27.29858811180384,0,30.673830200597152,1250,0,0,21.474401855689397,100,0,0,11.893643813662347,0,2.7298588111803843,0,2.453906416047772,100,0,0,18.030000000000005,25,23.000000000000004,21.02,22,21.000000000000004,21.000000000000004,20,21.000000000000004,23.969999999999995,19,,21,24.72033509998668,23.76023836,23,22.20105634105213,22.262705982351516,21,20.86791323083296,21,21,22.09275974107712,,-10.2,341
2026-01-12 12:45,800.2705949824058,1950.597600262296,0,0,420.1447029826668,0,0,0,0,1250,0,0,40.01352974912029,97.52988001,0,0,33.611576238613345,0,0,0,0,100,0,0,18,25,23,21,22,21,21,20,21,24,19,,18.575472100762116,24.898073962661627,23.948312060587423,21.975808893929177,22.050995926482607,21.99875452252861,21.10912305455676,21.112542282559552,21.142776298002783,22.40212184038574,21.85798866410065,,-9.8,353
2026-01-12 13:00,809.7159944503067,0,0,0,509.8163979837424,0,0,0,0,1250,0,0,40.48579972251533,0,0,0,40.785311838699386,0,0,0,0,100,0,0,18,17.09,17.07,21,22,21,21,20,21,24.000000000000004,19,,18,25,24.079761623400955,21.67735456062917,22,21.74204763894658,21.32461523317032,21.386956566969857,21.38357937528997,22.73118602,21.608012343787607,,-10.8,63
2026-01-12 13:15,853.5582961089722,0,0,0,563.1158175405417,0,0,0,0,1250,0,0,42.67791480544861,0,0,0,45.04926540324333,0,0,0,0,100,0,0,18,17,17,21,22,21,21,20,21,24,19,,18,23.295362177590214,23.33127112140416,21.615221605357505,22,21.680986596469683,21.412202733652947,21.47915090256248,21.47710584944936,22.832856711167828,21.543425033301048,,-10.4,62
2026-01-12 13:30,893.2125116437146,2000,657.6831845191464,0,589.1904289444319,0,0,0,0,1250,0,0,44.66062558218574,100,32.884159225957326,0,47.135234315554555,0,0,0,0,100,0,0,18,24.91,22.93,21,22,21,21,20,21,24,19,,18,22.193288171431423,22.22638970817764,21.57452962292241,22,21.64313469478605,21.491002869359317,21.56149551504524,21.561672677802484,22.93054653483385,21.50465971875595,,-9.9,252
2026-01-12 13:45,922.6100660661492,2000,0,0,601.7899359703151,0,0,0,0,1250,0,0,46.13050330330746,100,0,0,48.14319487762521,0,0,0,0,100,0,0,18,25,23,21,22,21,21,20,21,24,19,,18,23.824385706380067,23.056856743953155,21.554973227897243,22,21.62752639351216,21.54678264,21.619649003731958,21.62157352490676,23.00140444586986,21.48881015173307,,-9.5,288
2026-01-12 14:00,931.6690041276106,2000,0,0,606.9977169396298,0,0,0,0,1250,0,0,46.583450206380526,100,0,0,48.55981735517038,0,0,0,0,100,0,0,18,25,23,21,22,21,21,20,21,24,19,,18,24.522580305220544,23.59405949326494,21.54546192032925,22,21.620387893068404,21.58603746089828,21.66083109351871,21.664845695405877,23.05410325598826,21.483365082595416,,-10.3,43
2026-01-12 14:15,935.9224342185609,2000,0,0,608.7391051054292,0,0,0,0,1250,0,0,46.79612171092804,100,0,0,48.69912840843433,0,0,0,0,100,0,0,18,25,23,21,22,21,21,20,21,24,19,,18,24.750401560694595,23.79240806824372,21.541595190273824,22,21.61761378816207,21.61158961244721,21.68749036827436,21.693914425241637,23.09088712705425,21.48583211477536,,-9.8,41
2026-01-12 14:30,938.2890624915192,996.4487943063244,0,0,602.8978732993667,0,753.1679317277842,0,0,1250,0,0,46.91445312457596,49.82243971531622,0,0,48.231829863949336,0,75.31679317277842,0,0,100,0,0,18,24.01,17.07,19.020000000000003,22,21,22.98,20,21,24.000000000000004,20.980000000000004,,18.000000000000004,24.844415593535327,23.89422566755569,21.54054401722504,22,21.61697471900362,21.62251048631525,21.698985669409797,21.70886012,23.112567553511077,21.493759200006128,,-9.4,150
2026-01-12 14:45,939.0291106650492,1446.6159537699968,0,0,589.1944426530426,0,584.1497157613867,0,0,1250,0,0,46.951455533252464,72.33079768849986,0,0,47.13555541224341,0,58.41497157613867,0,0,100,0,0,18,24,17,19,22,21,23,20,21,24,21,,18,24.015419186892515,23.562518694789013,21.54539910705092,22,21.623166949371846,22.93087665888674,21.844691276715025,21.860274534763484,23.271762396885368,21.50518673083089,,-9,140
2026-01-12 15:00,939.4798548,1309.2576775601192,0,0,582.8063763887112,0,596.3144891977863,0,0,1250,0,0,46.97399273758765,65.46288387800595,0,0,46.624510111096896,0,59.631448919778634,0,0,100,0,0,18,24,17,19,22,21,23,20,21,24,21,,18.000000000000004,24,23.362961756325504,21.55725470659353,22,21.636244268995164,23,22.07026457747932,22.09149957935281,23.50858418152588,21.523436268300152,,-9.2,59
2026-01-12 15:15,937.4156224105718,1328.1749664838353,0,0,575.3364439048091,0,546.6875813282713,0,0,1250,0,0,46.87078112052859,66.40874832419176,0,0,46.02691551238473,0,54.668758132827136,0,0,100,0,0,18,24,17,19,22,21,23,20,21,24,21,,18,24,23.368000247327213,21.56452336147305,22,21.64429395196205,23,22.13833778987945,22.164782605351387,23.585560596022194,21.540142548633185,,-8.8,54
2026-01-12 15:30,931.9230887,1312.3134723200928,0,0,564.8700579096949,0,510.9443148976843,0,0,1250,0,0,46.59615443,65.61567361600464,0,0,45.18960463277559,0,51.09443148976843,0,0,100,0,0,18,24,17,19,22,21,23,20,21,24,21,,18,24,23.36891279608937,21.57197889548886,22,21.653241693429727,23,22.18356741808472,22.219536413529717,23.645445978485064,21.56145162847387,,-8.3,91
2026-01-12 15:45,925.3303072293312,1296.3085864991735,0,0,552.3082970629221,0,485.0274024731407,0,0,1250,0,0,46.26651536146656,64.81542932495867,0,0,44.18466376503377,0,48.502740247314065,0,0,100,0,0,18,24,17,19,22,21,23,20,21,24,21,,18,24,23.372291971904904,21.58237299293009,22,21.66498465664491,23,22.234681016661504,22.284783842936964,23.715008880459436,21.594446112060208,,-8.1,66
2026-01-12 16:00,913.5925597041114,1273.7318525904377,0,0,534.4070663210077,0,456.4893017119448,0,0,1250,0,0,45.67962798520558,63.68659262952189,0,0,42.75256530568062,0,45.64893017119448,0,0,100,0,0,18,24,17,19,22,21,23,20,21,24,21,,18,24,23.37349854058182,21.594719058188247,22,21.678778866930223,23,22.27390622541177,22.338675246354413,23.77252304,21.628183911414048,,-9,11
2026-01-12 16:15,921.3405647,1321.7787421792564,0,0,517.3664133672064,0,435.02619973905166,0,0,1250,0,0,46.06702823,66.08893710896282,0,0,41.38931306937651,0,43.50261997390517,0,0,100,0,0,18,24,17,19,22,21,23,20,21,24,21,,18.000000000000004,24,23.375617079810272,21.611484329660897,22,21.69727718796976,23,22.31653381593257,22.40272571,23.84027128786932,21.680292336280424,,-9.1,7
2026-01-12 16:30,2000.0000000000032,1339.855777621948,0,0,221.59401117292904,0,462.33815860621337,0,602.3463990675683,0,1500.0000000000025,0,100,66.99278888,0,0,17.727520893834324,0,46.23381586062134,0,48.187711925405466,0,100,0,24.92000000000004,24.00000000000004,17.00000000000003,19.00000000000003,22.00000000000004,21.00000000000003,23.00000000000004,20.00000000000003,22.980000000000032,21.03000000000003,24.960000000000043,,18,24,23.378299503638832,21.62733810517564,22,21.71670692094838,23,22.35076688683661,22.417011181872045,23.85606712181384,21.634497278270217,,-9,0
2026-01-12 16:45,2000,1348.416003121336,0,0,0,0,514.5146731130455,0,685.7521267260769,0,1500,0,100,67.42080016,0,0,0,0,51.451467311304555,0,54.86017013808615,0,100,0,24.999999999999996,24,16.999999999999996,19,22,21,23,20,23,21,24.999999999999996,,19.96701881187486,24.00000000000004,23.38018552,21.839946093884844,22.00789287634714,21.95694939728798,23.00000000000004,22.31066440070321,22.980000000000032,22.50937273707948,22.84875679591986,,-9.2,0
2026-01-12 17:00,2000,1355.8640058591575,0,0,0,0,510.5257060200722,0,676.8887597657546,0,1500,0,100,67.79320029295788,0,0,0,0,51.05257060200722,0,54.15110078126036,0,100,0,25,24,17,19,22,21,23,20,23,21,25,,21.019937072829823,24,23.38023212,22.18114021269193,22.18132401849706,22.318408428377868,23,22.22094274558095,23,22.35919030676186,23.231255413129357,,-8.9,0
2026-01-12 17:15,2000,1360.5013680866723,0,0,0,0,505.0435483884103,0,669.6480690436383,0,1500,0,100,68.02506840433361,0,0,0,0,50.504354838841024,0,53.571845523491056,0,100,0,25,24,17,19,22,21,23,20,23,21,25,,21.68535730403813,24,23.38010775576177,22.34119363503848,22.328382426894883,22.47600756597784,23,22.21972057126021,23,22.34587721769591,23.39103615966008,,-8.7,0
2026-01-12 17:30,2000,1363.191507,0,0,0,0,501.5318212494985,0,663.3569328,0,1500,0,100,68.15957535,0,0,0,0,50.15318212494984,0,53.06855463,0,100,0,25,24,17,19,22,21,23,20,23,21,25,,22.12990694618572,24,23.38077344713269,22.41943613460399,22.40397577141273,22.55308874007388,23,22.226058509276143,23,22.33987640994648,23.46604605519571,,-8.6,0
2026-01-12 17:45,2000,1364.9492665959988,0,0,0,0,498.71881923401634,0,658.0054606158446,0,1500,0,100,68.24746332979994,0,0,0,0,49.87188192340163,0,52.64043684926757,0,100,0,25,24,17,19,22,21,23,20,23,21,25,,22.484879732480465,24,23.38155703217742,22.47331078663729,22.45529180416577,22.60864217769718,23,22.229756372229616,23,22.335948343578504,23.518764322496096,,-8.5,0
2026-01-12 18:00,2000,1365.9119090635504,0,0,0,0,496.4309463079262,0,653.6574830302416,0,1500,0,100,68.29559545317753,0,0,0,0,49.64309463079262,0,52.29259864241933,0,100,0,25,24,17,19,22,21,23,20,23,21,25,,22.74670934,24,23.38251622984495,22.51442501960185,22.493318328200303,22.649710367633684,23,22.232597607178604,23,22.33297924582944,23.559267278825747,,-8.1,0
2026-01-12 18:15,2000,1366.1324592217643,0,0,0,0,494.1870696972837,0,649.4885169076806,0,1500,0,100,68.30662296108821,0,0,0,0,49.41870696972837,0,51.95908135261445,0,100,0,25,24,17,19,22,21,23,20,23,21,25,,22.95895187018199,24,23.38352048,22.536254754647736,22.512152018252028,22.67044827436781,23,22.234799759643767,23,22.330505437743405,23.580738132682605,,-7.7,0
2026-01-12 18:30,2000,0,0,0,0,0,0,0,693.2620025828292,0,1500,0,100,0,0,0,0,0,0,0,55.46096020662633,0,100,0,25,16.09,17,19,21.01,21,17.07,20.99,23,21,25,,23.147582609319667,24.000000000000004,23.38471776939764,22.56418272866318,22.538362759898167,22.69974657604553,23,22.236992625459447,23,22.32889032709895,23.60826829364234,,-7.4,0
2026-01-12 18:45,2000,0,0,0,0,0,0,0,808.5501981736511,0,1500,0,100,0,0,0,0,0,0,0,64.68401585389209,0,100,0,25,16,17,19,21,21,17,21,23,21,25,,23.30348812852097,22.81256237996135,22.886870181181354,22.61327224379593,22.58658727426036,22.752210224956663,22.203789961937648,22.194874781521413,23,22.28179739851464,23.656803538762677,,-7.2,0
2026-01-12 19:00,2000,0,0,0,0,0,0,0,850.7918921905421,0,1500,0,100,0,0,0,0,0,0,0,68.06335137524337,0,100,0,25,16,17,19,21,21,17,21,23,21,25,,23.457007137992637,22.02483169,22.08412762640985,22.673219594078816,22.645323913893197,22.81440663969224,22.039758678875632,22.07036721120294,23,22.152446051136444,23.71628889893233,,-6.7,0
2026-01-12 19:15,2000,0,0,0,0,0,0,0,867.9275374075914,0,1500,0,100,0,0,0,0,0,0,0,69.43420299260731,0,100,0,25,16,17,19,21,21,17,21,23,21,25,,23.57104371664565,21.55104459536545,21.606077948520323,22.70872808415305,22.678504062264064,22.85120724539695,21.97991953055142,22.01671909681359,23,22.09709614713878,23.750332839220142,,-6.6,0
2026-01-12 19:30,2000,0,2000,0,0,0,0,0,888.9732054347921,0,0,0,100,0,100,0,0,0,0,0,71.11785643478338,0,0,0,25,16,24.91,19,21,21,17,21,23.000000000000004,21,22.03,,23.65657913744662,21.27987114553023,21.33590222189881,22.726297032215797,22.69399801585828,22.87028475842372,21.95213735649606,21.994538106823352,23,22.07356404409517,23.76622897977486,,-6.8,0
2026-01-12 19:45,2000,0,2000,0,0,0,0,0,928.7873543484338,0,0,0,100,0,100,0,0,0,0,0,74.30298834787472,0,0,0,25,16,25,19,21,21,17,21,23,21,22,,23.70576266740913,21.90770518736465,22.97655934989582,22.60985071440258,22.56907605820305,22.736656639884117,21.92204672291779,21.96983394654177,23,22.047368183637385,22.61097451600554,,-7.2,0
2026-01-12 20:00,2000,0,2000,0,0,0,0,0,954.3319702179232,0,100.2106271,0,100,0,100,0,0,0,0,0,76.34655761743386,0,6.680708475,0,25,16,25,19,21,21,17,21,23,21,22,,23.74140395248524,22.88903946250129,23.91161908474318,22.231141992447192,22.18087082343123,22.330348213045404,21.874025344540858,21.925001619036383,23,22.000975994214716,22.18086573507881,,-7,0
2026-01-12 20:15,2000,0,2000,0,0,0,0,0,965.4777734830532,0,249.51215044572015,0,100,0,100,0,0,0,0,0,77.23822187864425,0,16.63414336304801,0,25,16,25,19,21,21,17,21,23,21,22,,23.806939250077846,23.32930258854877,24.353283639841717,21.99099433496801,21.94136580889225,22.087996387857856,21.83941528097666,21.893081455736198,23,21.96784325740728,22,,-6.9,0
2026-01-12 20:30,2000,0,2000,0,0,0,0,0,0,0,414.1086128978332,0,100,0,100,0,0,0,0,0,0,0,27.607240859855548,0,25,16,25,19,21,21,17,21,16.08,21,22,,23.89143340716657,23.511500310330504,24.54548656633029,21.88419617286404,21.835474391492763,21.98274774228465,21.82099646310165,21.877070574625204,23,21.95094274541094,22,,-6.8,0
2026-01-12 20:45,2000,0,2000,0,0,0,0,0,0,0,543.2018331854961,0,100,0,100,0,0,0,0,0,0,0,36.21345554569974,0,25,16,25,19,21,21,17,21,16,21,22,,23.96644823528473,23.69471663778757,24.74496855332773,21.76948817884952,21.716877579114627,21.85901624352244,21.704928051127197,21.758681513181507,21.89291764410517,21.827532657930128,22,,-6.6,0
2026-01-12 21:00,2000,0,1964.8870237219453,0,0,0,0,0,0,0,591.1118217,0,100,0,98.24435118609726,0,0,0,0,0,0,0,39.407454782276666,0,25,16,25,19,21,21,17,21,16,21,22,,24.04355007,23.86677687155125,24.92446603493535,21.67411726828633,21.620578845631453,21.761815969087444,21.39907135308228,21.44614393073579,21.522246860068623,21.50865711991279,22,,-6.9,0
2026-01-12 21:15,2000,0,1877.260192,0,0,0,0,0,0,0,627.8191666968851,0,100,0,93.86300961,0,0,0,0,0,0,0,41.85461111312567,0,25,16,25,19,21,21,17,21,16,21,22,,24.12264096,23.960795609340146,25,21.63683477966479,21.58325997531298,21.72684911958627,21.240011244327302,21.287142517896417,21.37580276689754,21.350132762085646,22,,-6.9,0
2026-01-12 21:30,2000,0,1804.2399348494944,0,0,0,0,0,0,1250,685.4839215187912,0,100,0,90.21199674247471,0,0,0,0,0,0,100,45.69892810125275,0,25,16,25,19,21,21,17,21,16,22.98,22,,24.195409443036784,24.005097047151143,25,21.612757041801817,21.55728589178319,21.701553111133897,21.135237771131425,21.181475147303544,21.25583525154674,21.242464382716257,22,,-6.8,0
2026-01-12 21:45,2000,0,1790.132287208864,0,0,0,0,0,0,1250,724.8412225901084,0,100,0,89.50661436,0,0,0,0,0,0,100,48.32274817267389,0,25,16,25,19,21,21,17,21,16,23,22,,24.253195370015145,24.01603881991669,25,21.57313693706027,21.51551760828942,21.659705247407437,21.06696105822766,21.114138284050963,21.182762728165084,22.484918052805376,22,,-6.7,0
2026-01-12 22:00,2000,0,0,0,0,0,0,0,0,1250,749.0369028951991,0,100,0,0,0,0,0,0,0,0,100,49.93579353,0,25,20.94,21.04,19,21,21,17,21,16,23,22,,24.31583908688941,24.02234031344721,25,21.543795571017885,21.48497183522208,21.630822193938663,21.193006465966366,21.246256590188988,21.31458466371528,22.711342296776834,22,,-6.7,0
2026-01-12 22:15,2000,0,0,0,0,0,0,0,0,1250,764.2240988010508,0,100,0,0,0,0,0,0,0,0,100,50.94827325340339,0,25,21,21,19,21,21,17,21,16,23,22,,24.378694066609302,23.41261161939964,23.521596794643003,21.527332927739057,21.466857579812384,21.613756773356226,21.306726596966747,21.36398804912662,21.43104924068105,22.79381944,22,,-6.6,0
2026-01-12 22:30,0,0,1984.745126445948,0,0,0,0,0,0,1187.0341200665534,769.6367685003726,0,0,0,99.23725632,0,0,0,0,0,0,94.96272960532427,51.30911790002484,0,16.1,21,24.959999999999997,20.980000000000004,21,21,20.96,21,16,23,22,,24.452199718502328,22.24104708972404,22.33585255076891,21.515949674798044,21.455158573166447,21.60333878,21.43596444459026,21.497647606367256,21.563741943977828,22.937029113057665,22,,-6.6,0
2026-01-12 22:45,0,0,1896.8725648181055,0,0,0,0,0,0,1139.565114897058,773.1319210832528,0,0,0,94.84362824090528,0,0,0,0,0,0,91.16520919176465,51.542128072216855,0,16,21,24.99999999999999,21,21,21,21,21,16,23,22,,20.71178775747079,22.95328211833585,24.072637601003912,21.510946120568487,21.45124332425246,21.60058420577352,21.547691086167216,21.61342716527846,21.67879929758849,22.998272630764905,22,,-6.8,0
2026-01-12 23:00,0,0,1811.8286791701464,0,0,0,0,0,0,1131.3673692843186,776.4729135812995,0,0,0,90.59143395850732,0,0,0,0,0,0,90.50938954274548,51.764860905419965,0,16,21,25,21,21,21,21,21,16,23,22,,17.530107623236862,23.969605050378167,24.99942889451584,21.50907830098332,21.449093024998312,21.599667471961283,21.59683683,21.663793470997746,21.727355198466512,23,22,,-6.4,0
2026-01-12 23:15,0,0,1845.9592494735696,0,0,0,0,0,0,1127.167775162514,778.4166220228399,0,0,0,92.29796247367848,0,0,0,0,0,0,90.17342201300113,51.89444146818933,0,16,21,25,21,21,21,21,21,16,23,22,,16.92966539382225,24.010878666737614,25,21.506793690187653,21.446585593728532,21.59806319339089,21.602161159864508,21.669463923967957,21.73135718115611,23,22,,-6.5,0
2026-01-12 23:30,0,0,0,0,0,0,0,0,0,0,780.9017189554027,0,0,0,0,0,0,0,0,0,0,0,52.06011459702684,0,16,21,16.1,21,21,21,21,21,16,19.04,22,,16.78442182231174,23.98728718280669,25,21.505316611612887,21.444760059423952,21.59699970565532,21.60269837430611,21.670368769925343,21.730890577170133,23,22,,-6.4,0
2026-01-12 23:45,1159.621936179852,0,0,0,0,0,84.24236653191664,97.90275737415652,0,0,222.4544571344608,0,57.981096808992596,0,0,0,0,0,8.424236653191665,7.832220589932521,0,0,14.830297142297386,0,18.889999999999976,20.999999999999968,18.889999999999976,20.999999999999968,20.999999999999968,20.999999999999968,20.999999999999968,20.999999999999968,18.889999999999976,20.159999999999968,21.41999999999997,,16.482712094089255,23.28727848362471,23.40051026078632,21.503711118757263,21.442586264900434,21.595308915200967,21.45654166585099,21.518549086941224,21.57511855877809,21.679776917416508,22,,-6.6,0
2026-01-13 0:00,0,0,0,0,0,0,204.78597035224325,268.9337477363648,0,0,1230.448810761411,0,0,0,0,0,0,0,20.478597035224325,21.514699818909186,0,0,82.02992071742742,0,16.06,21,16.06,21,21,21,21,21,16.06,19.02,21.99,,18.606734609872067,22.13596960494188,22.22276026607705,21.34381304625486,21.275252794275964,21.41553970844274,21.046093034198933,21.06370604833705,21.02041692028031,21.067981293959868,21.44761706698485,,-5.9,0
2026-01-13 0:15,0,39.480143924449294,0,0,0,0,229.80507604980176,307.7934579378061,0,0,1083.5895902174416,0,0,1.9740071962224648,0,0,0,0,22.980507604980176,24.62347663502449,0,0,72.23930601449611,0,16,21,16,21,21,21,21,21,16,19,22,,17.17679200725829,21.431766619379317,21.513886283598744,21.187033135985644,21.12096550494841,21.26061028528277,21,21,20.76898262936656,20.808704926023523,21.99,,-5.9,0
2026-01-13 0:30,34.66226985791764,233.13637889201163,0,0,0,0,237.419514,318.9879238760532,225.06979765232245,0,1013.4193824913892,0,1.7331134928958822,11.656818944600582,0,0,0,0,23.7419514,25.519033910084254,18.005583812185797,0,67.56129216609261,0,16,21,16,21,21,21,21,21,20.94,19,22,,16.352496128032882,21.078435817527662,21.141348865291324,21.273127384513398,21.214524846871857,21.362182841853727,21,21,20.71891572690065,20.75463903,22,,-5.8,0
2026-01-13 0:45,88.12694063507297,289.1160333372791,0,0,0,0,211.7760319537101,278.5199946923931,230.8705523362005,0,1001.7439547665564,0,4.406347031753649,14.455801666863954,0,0,0,0,21.17760319537101,22.281599575391446,18.46964418689604,0,66.78293031777042,0,16,21,16,21,21,21,21,21,21,19,22,,16.02992606221608,21,20.964102026057773,21.32862080671872,21.270349608402174,21.41940771,21,21,20.94,20.735940734371653,22,,-5.7,0
2026-01-13 1:00,110.95195327509828,322.5487826175631,0,0,0,0,214.04474466865395,281.52696909714723,240.3502828557721,0,983.2445334,0,5.547597663754914,16.127439130878155,0,0,0,0,21.404474466865395,22.52215752777178,19.22802262846177,0,65.54963556102253,0,16,21,16,21,21,21,21,21,21,19,22,,16,21,20.929481721757817,21.338920105382304,21.280864603852365,21.430311361949155,21,21,21.000000000000004,20.772729867682116,22,,-5.6,0
2026-01-13 1:15,154.67171524933474,354.7444938357657,0,0,0,0,203.1759723729374,264.1110939460159,222.95012723642503,0,988.4533696065228,0,7.733585762466737,17.737224691788285,0,0,0,0,20.31759723729374,21.12888751568127,17.83601018,0,65.89689130710151,0,16,21,16,21,21,21,21,21,21,19,22,,16,21,20.91540067897117,21.350284038280684,21.293941194582363,21.446353426278986,21,21,21,20.770403166958403,22,,-5.5,0
2026-01-13 1:30,184.9975235424972,387.2339533759987,0,0,0,0,205.8629983935225,267.88766540099823,225.63692785997773,0,981.3356474892462,0,9.249876177,19.361697668799934,0,0,0,0,20.58629983935225,21.43101323207986,18.05095422879822,0,65.42237649928308,0,16,21,16,21,21,21,21,21,21,19,22,,16,21,20.895068501522427,21.347988412324398,21.292035200343825,21.44528248868845,21,21,21,20.782968079694754,22,,-5.4,0
2026-01-13 1:45,209.53605265520676,413.5555118174889,0,0,0,0,206.28331747567609,268.17848878580844,225.78487204669364,0,987.2915431,0,10.476802632760338,20.677775590874443,0,0,0,0,20.628331747567607,21.454279102864675,18.06278976373549,0,65.81943620736347,0,16,21,16,21,21,21,21,21,21,19,22,,16,21,20.879351194246365,21.35203695,21.297328475169344,21.452822866081185,21,21,21,20.778732869184008,22,,-5.1,0
2026-01-13 2:00,225.68084044804343,435.4201929777664,0,0,0,0,208.42953632112767,271.2650457627351,228.8820516250671,0,986.2279130414828,0,11.28404202240217,21.77100964888832,0,0,0,0,20.842953632112767,21.70120366101881,18.310564130005368,0,65.74852753609885,0,16,21,16,21,21,21,21,21,21,19,22,,16,21,20.866185508529902,21.34861987845588,21.29442952452046,21.450800416556987,21,21,21,20.775349863503227,22,,-4.9,0
2026-01-13 2:15,238.52568347123812,452.7338759565864,0,0,0,0,210.60303444484447,274.43674356760675,232.1072352350966,0,992.6174194059022,0,11.926284173561905,22.63669379782932,0,0,0,0,21.060303444484447,21.95493948540854,18.568578818807726,0,66.17449462706014,0,16,21,16,21,21,21,21,21,21,19,22,,16,21,20.856583494121463,21.348396480455065,21.295358045266635,21.453027635790384,21,21,21,20.77038633869413,22,,-4.5,0
2026-01-13 2:30,1866.356726537708,476.5706495206338,0,0,0,0,214.59037706033544,280.4680975283037,238.21169071189573,0,1003.9280921775926,0,93.31783633,23.82853247603169,0,0,0,0,21.459037706033545,22.437447802264295,19.056935256951657,0,66.92853947850618,0,20.94000000000004,21.00000000000004,16.000000000000032,21.00000000000004,21.00000000000004,21.00000000000004,21.00000000000004,21.00000000000004,21.00000000000004,19.00000000000004,22.000000000000032,,16,21,20.84785867250729,21.343857855839683,21.29156811169868,21.44964537575745,21,21,21,20.765069800457752,22.000000000000004,,-4.3,0
2026-01-13 2:45,1926.9375096054184,490.3601871458874,0,0,0,0,216.9343692117927,283.9635294967053,241.7908409772408,0,1014.1915735931202,0,96.34687548027091,24.51800935729437,0,0,0,0,21.69343692117927,22.717082359736423,19.343267278179265,0,67.61277157287468,0,21,21,15.999999999999998,21,21,21,21,21,21,19,22,,19.459505759635796,21.00000000000004,20.837726608224308,21.335296839932067,21.28373794,21.442115762652996,21.00000000000004,21.00000000000004,21.00000000000004,20.75701602572904,22.00000000000004,,-4.3,0
2026-01-13 3:00,1577.321410487847,0,0,0,0,0,135.37000727029135,286.26229659520504,119.61039835654992,0,778.2052263768637,0,78.86607052439236,0,0,0,0,0,13.537000727029135,22.900983727616403,9.568831868523993,0,51.88034842512425,0,20.91,17.04,16.99,20.87,20.87,20.87,20.87,21,20.87,18.93,21.83,,20.71276827698008,21,20.82972763667512,21.327468559253223,21.276459977314023,21.435222992225604,21,21,21,20.75152556037016,22,,-4.1,0
2026-01-13 3:15,108.77849747311193,0,0,0,0,0,0,444.8076493652538,0,0,0,0,5.438924873655597,0,0,0,0,0,0,35.58461195,0,0,0,0,16.999999999999996,16.999999999999996,16.999999999999996,16.999999999999996,16.999999999999996,16.999999999999996,16.999999999999996,21.000000000000004,16.999999999999996,16.999999999999996,16.999999999999996,,20.91,20.611959779230386,20.72915385740118,21.322901329586596,21.27244739462667,21.43188330536388,20.870000000000005,21,20.87,20.747398871516545,21.83,,-4.1,0
2026-01-13 3:30,1624.0496662889393,619.2058628864323,535.7457679661638,228.77354039895727,303.7338023826899,82.87833013386808,356.53384853250583,0,454.0430018,0,311.85631056613056,0,81.20248331444697,30.960293144321614,26.787288398308192,15.251569359930484,24.29870419061519,16.575666026773614,35.65338485325058,0,36.32344014603848,0,20.790420704408703,0,20.96,20.96,20.96,20.96,20.96,20.96,20.96,18.03,20.96,18.98,20.96,,18.098970302214727,20.22675203,20.27909302084464,21.06059609000254,21.000140386138327,21.13758378489412,20.507078700221456,21,20.585064318133263,20.585300026220704,21.027419911620463,,-4.1,0
2026-01-13 3:45,1636.538456,391.1664172912133,249.39288463105424,226.88459961982156,294.26050630578294,70.83611761518719,353.07772798488014,0,451.3366821,0,315.5725235,0,81.82692282,19.558320864560663,12.469644231552714,15.12563997465477,23.540840504462636,14.167223523037439,35.30777279848801,0,36.106934569865125,0,21.038168236256265,0,21,21,21,21,21,21,21,18,21,19,21,,20.29467090492618,20.94047861709907,20.96,20.96,20.96,20.96,20.96,20.471705049769803,20.96,20.494424341474254,20.96,,-4.3,0
2026-01-13 4:00,1459.4758894152055,399.7196706377399,249.41096698820547,193.2017555148741,263.4349515296781,48.77945646910303,347.7922180119713,0,441.1311790072359,0,287.0892319404338,0,72.97379447076027,19.985983531886994,12.470548349410274,12.88011703432494,21.074796122374245,9.755891293820607,34.779221801197124,0,35.29049432057887,0,19.139282129362254,0,21,21,21,21,21,21,21,18,21,19,21,,21,21,21,21,21,21,21,20.476540456397107,21,20.52104660315043,21,,-3.4,0
2026-01-13 4:15,1466.4308135973697,382.9251035479938,236.78695243127004,199.5879637352773,266.6909386259358,49.31878706959833,341.60739796298185,0,433.9831775549719,0,296.1930696928721,0,73.32154067986849,19.146255177399688,11.839347621563501,13.305864249018487,21.335275090074866,9.863757413919666,34.16073979629819,0,34.71865420439775,0,19.746204646191472,0,21,21,21,21,21,21,21,18,21,19,21,,21,21,21.000000000000004,21,21,21,21,20.495806877460264,21,20.53594319333837,21.000000000000004,,-3.6,0
2026-01-13 4:30,1401.1094209161092,382.71403064353945,239.12193984179248,204.33811600487752,271.33794428594774,51.70973663089171,340.454408,0,432.6230227235974,0,303.46723847093745,0,70.05547104580546,19.135701532176974,11.956096992089623,13.622541066991834,21.70703554287582,10.341947326178342,34.0454408,0,34.60984181788779,0,20.23114923139583,0,21,21,21,21,21,21,21,18,21,19,21,,21,21,21,21,21,21,21,20.49020470830596,21,20.536702186737976,21,,-3.3,0
2026-01-13 4:45,1379.2725292168109,385.3181923118864,242.24384184999508,208.2780545264104,275.0272280183199,53.23148773121284,341.9405595615499,0,435.0980034382628,0,309.54605605877805,0,68.96362646084054,19.265909615594317,12.112192092499754,13.885203635094026,22.00217824146559,10.646297546242568,34.19405595615499,0,34.807840275061025,0,20.63640373725187,0,21,21,21,21,21,21,21,18,21,19,21,,21,21,21,21,21.000000000000004,21,21,20.48582650783752,21,20.53497069265257,21,,-3.4,0
2026-01-13 5:00,1362.0759446470656,387.8631160253572,245.2553826273397,212.25052998795215,278.8186622425092,54.903418775564205,343.6975413,0,437.9200657563306,0,315.35453622496425,0,68.10379723235327,19.393155801267863,12.262769131366985,14.150035332530143,22.30549297940074,10.98068375511284,34.36975413,0,35.03360526050645,0,21.02363574833095,0,21,21,21,21,21,21,21,18,21,19,21,,21,21,21,21,21,21.000000000000004,21,20.480805940376317,21,20.530644616852832,21,,-2.7,0
2026-01-13 5:15,1348.6851522334564,390.4496812,248.28116485746432,215.66818565788708,282.1415377854137,56.28858611850228,345.88096193465753,0,441.34074,0,320.4011139158356,0,67.43425761167282,19.52248406,12.414058242873216,14.377879043859139,22.571323022833095,11.257717223700457,34.58809619346575,0,35.30725919829856,0,21.360074261055708,0,21,21,21,21,21,21,21,18,21,19,21,,21,21,21,21,21,21,21,20.475385101991133,21,20.52589142063744,21,,-2.5,0
2026-01-13 5:30,7.244074317387347,392.9869745921699,251.47757458737897,213.61823890244443,280.0516620350816,53.85109058899085,172.49457141362404,1249.9999999999989,173.73927255040647,0,319.82638465694754,0,0.36220371586936734,19.649348729608494,12.57387872936895,14.241215926829629,22.40413296280653,10.77021811779817,17.249457141362402,100,13.899141804032517,0,21.321758977129836,0,17.039999999999985,20.99999999999998,20.99999999999998,20.99999999999998,20.99999999999998,20.99999999999998,20.99999999999998,24.919999999999977,20.99999999999998,18.99999999999998,20.99999999999998,,21.000000000000004,21,21,21,21,21,21,20.469680367816714,21,20.52074777533305,21,,-2.3,0
2026-01-13 5:45,201.96140490681643,395.4587049,254.08491891924209,204.82909553675276,271.0623888947186,46.51915371,29.787377512041715,1250,0,0,312.1984275,0,10.098070245340821,19.77293524,12.704245945962104,13.655273035783518,21.68499111157749,9.303830742476421,2.9787377512041715,100,0,0,20.813228503195667,0,17,21,21,21,21,21,21,25,21,19,21,,18.38576647976683,20.99999999999998,20.99999999999998,20.99999999999998,20.99999999999998,20.99999999999998,20.99999999999998,22.006625364350704,21.001834540766023,20.792125935919007,20.99999999999998,,-2.5,0
2026-01-13 6:00,372.8195348620138,398.3188424937143,256.4754697907265,206.45585597230456,272.7881435422205,46.50916321484328,14.95700997717904,1250,0,0,315.1433725667266,0,18.64097674310069,19.915942124685717,12.823773489536325,13.763723731486971,21.82305148337764,9.301832642968655,1.4957009977179039,100,0,0,21.009558171115106,0,17,21,21,21,21,21,21,25,21,19,21,,17.19720811562081,21,21.000000000000004,21,21,21,21,22.301348621528973,21.05219396699534,21.038852154450343,21,,-1.8,0
2026-01-13 6:15,360.21482218868005,401.1275012347178,259.3048292,208.91018646752127,275.50419599805537,47.17437021039586,11.22081017,1250,0,0,318.9153679051305,0,18.01074111,20.05637506173589,12.96524146062875,13.927345764501418,22.04033567984443,9.434874042079171,1.122081017,100,0,0,21.261024527008697,0,17,21,21,21,21,21,21,25,21,19,21,,17,21,21,21,21,21,21,22.346243742913785,21.08055903495565,21.08238848803207,21,,-1.7,0
2026-01-13 6:30,401.5601277170681,403.8364691132447,261.79061183701924,211.03982864784484,278.01305045654226,47.718938994625205,5.852216368846712,1250,0,0,322.3468989463181,0,20.078006385853406,20.191823455662234,13.089530591850963,14.069321909856322,22.24104403652338,9.543787798925042,0.5852216368846712,100,0,0,21.489793263087872,0,17,21,21,21,21,21,21,25,21,19,21,,17,21,21,21,21,21,21,22.37515017140797,21.08776820056873,21.085905508085396,21,,-1.8,0
2026-01-13 6:45,433.7538785519519,406.4469872085792,264.1400421707221,213.3126232807881,280.7547456429384,48.44792214655536,1.3544918653460627,1250,0,0,325.8856152692133,0,21.687693927597596,20.32234936042896,13.207002108536104,14.22084155205254,22.460379651435076,9.689584429311072,0.13544918653460628,100,0,0,21.72570768461422,0,17,21,21,21,21,21,21,25,21,19,21,,17,21,21,21,21,21,21,22.39918675,21.09678447865556,21.097760804019703,21,,-2.2,0
2026-01-13 7:00,448.9583887372101,407.70557928713606,265.6537231037073,214.28733119220487,281.6259310896312,48.70803854852784,0,1250,0,0,327.2951965948123,0,22.447919436860506,20.385278964356804,13.282686155185365,14.285822079480324,22.530074487170495,9.741607709705567,0,100,0,0,21.819679772987488,0,17,21,21,21,21,21,21,25,21,19,21,,17.000000000000004,21,21,21,21,21,21,22.416740388944348,21.105570272551056,21.108360975210807,21,,-1.8,0
2026-01-13 7:15,468.7412794897064,408.7012678430911,266.8784203294126,215.0846838325124,282.2302157603481,48.94912675094383,0,1250,0,0,328.28750189131097,0,23.437063974485323,20.435063392154557,13.343921016470631,14.338978922167495,22.578417260827845,9.789825350188767,0,100,0,0,21.88583345942073,0,17,21,21,21,21,21,21,25,21,19,21,,17,21.000000000000004,21,21,21,21,21.007186574933367,22.434574161694798,21.116282467263304,21.12003675875301,21,,-2.3,0
2026-01-13 7:30,486.0390820142068,0,445.3512569837233,151.68206874289655,1250,32.58382322848895,0,1250,0,0,264.91934008501994,0,24.30195410071034,0,22.267562849186163,10.112137916193104,100,6.516764645697791,0,100,0,0,17.66128933900133,0,17,18.03,21,21,22.98,21,21,25,21,20.98,21,,17,21,21,21,21,21,21.01555519917376,22.44983380068108,21.125310720954836,21.129879275202384,21,,-2.4,0
2026-01-13 7:45,499.6929405916144,0,611.1872437136408,0,1250,0,0,1250,0,0,89.36326112,0,24.98464702958072,0,30.55936218568204,0,100,0,0,100,0,0,5.957550741,0,17,18,21,21,23,21,21,25,21,21,21,,17,20.67972215938223,21,21,21.739711409836808,21.02980953826817,21.03322240106403,22.473818814108167,21.14409739834497,21.14956415876152,21,,-2.7,0
2026-01-13 8:00,509.0554120733796,0,620.6958362987862,0,1250,0,0,1250,0,0,41.421817198439385,0,25.45277060366898,0,31.034791814939307,0,100,0,0,100,0,0,2.761454479895959,0,17,18,21,21,23,21,21,25,21,21,21,,17,20.614249554266618,21,21.016256759691483,21.904580627829016,21.130505197722357,21.05084617132694,22.496752047142422,21.16245325820365,21.16857545823485,21,,-2.2,18
2026-01-13 8:15,516.2116601359048,0,602.0467833803523,0,1250,0,0,1250,0,0,5.390401320826641,0,25.81058300679524,0,30.102339169017615,0,100,0,0,100,0,0,0.3593600880551094,0,17,18,21,21,23,21,21,25,21,21,21,,17,20.635413264738894,21,21.0506652,21.928133316059423,21.16978392524453,21.06404998338303,22.514689911411686,21.176141031811703,21.182825755883137,21,,-2.1,24
2026-01-13 8:30,520.7357111418005,0,600.1097249,0,1250,0,0,1250,0,0,0,0,26.036785557090024,0,30.00548625,0,100,0,0,100,0,0,0,0,17,18,21,21,23,21,21,25,21,21,21,,17,20.637441332396605,21,21.07817324798068,21.958513226652236,21.196848113144064,21.07450235534774,22.52937950819548,21.18700856026316,21.19421208366077,21,,-1.8,54
2026-01-13 8:45,523.1821746835267,0,604.3467545312815,0,1250,0,0,1250,0,0,0,0,26.159108734176336,0,30.217337726564075,0,100,0,0,100,0,0,0,0,17,18,21,21,23,21,21,25,21,21,21,,16.999999999999996,20.632172808479517,21,21.100149537791903,21.986198301293264,21.219282724962877,21.09128665175556,22.54989805942154,21.202778591390658,21.210520082238467,21.01709196880381,,-1.6,86
2026-01-13 9:00,520.0306314797763,0,603.6087445336052,0,1250,0,0,1250,0,0,0,0,26.001531573988814,0,30.18043722668026,0,100,0,0,100,0,0,0,0,17,18,21,21,23,21,21,25,21,21,21,,17,20.63150375471558,21,21.12049963688331,22.01083268966917,21.239245776180265,21.106642527765757,22.56837289961361,21.215926475735003,21.224067441009694,21.03847907,,-1.9,161
2026-01-13 9:15,515.4311157004777,0,598.9347387326707,0,1250,0,0,1250,0,0,0,0,25.771555785023885,0,29.946736936633535,0,100,0,0,100,0,0,0,0,17,18,21,21,23,21,21,25,21,21,21,,17,20.63392332467532,21,21.14296017211655,22.03789002422611,21.26103493639288,21.12679254058529,22.591485430516705,21.233652742404733,21.24224814486812,21.062053051002103,,-1.5,174
2026-01-13 9:30,1999.9999999999984,0,590.3835069584193,0,1249.9999999999989,0,97.52445071206144,0,0,94.75815607584958,0,0,99.99999999999993,0,29.519175347920967,0,100,0,9.752445071206145,0,0,7.580652486067967,0,0,23.919999999999977,17.999999999999982,20.99999999999998,20.99999999999998,22.99999999999997,20.99999999999998,20.99999999999998,18.079999999999984,17.039999999999985,20.99999999999998,20.99999999999998,,17,20.638355595451277,21,21.16603447948261,22.067329634612744,21.282138449183627,21.14857226688192,22.61562805559508,21.25025135345229,21.25919244268472,21.08644636,,-1.2,215
2026-01-13 9:45,2000.0000000000032,0,584.8517548836035,0,1250.000000000002,0,248.70123096067917,0,0,293.17629953548897,0,0,100,0,29.24258774418017,0,100,0,24.870123096067918,0,0,23.454103962839117,0,0,24.00000000000004,18.000000000000025,21.00000000000003,21.00000000000003,23.00000000000004,21.00000000000003,21.00000000000003,18.000000000000025,17.00000000000003,21.00000000000003,21.00000000000003,,19.7464492,20.64184694130736,20.99999999999998,21.24867848053873,22.155926188908303,21.37159254283072,21.05020687200841,21.11032053,20.998958,21.095385030189355,21.170828469937387,,-1,242
2026-01-13 10:00,2000,0,579.2243064935628,0,1250,0,266.5494010726925,0,0,324.19565678341405,0,0,100,0,28.961215324678143,0,100,0,26.654940107269248,0,0,25.935652542673125,0,0,24,18,21,21,23,21,21,18,17,21,21,,21.047826913980384,20.645792043316742,21.00000000000003,21.322121940452444,22.23288284,21.44556972791244,21.00000000000003,20.73471651,20.689243691897733,21.00000000000003,21.24623388,,-2.1,94
2026-01-13 10:15,2000,0,574.2543060933313,0,1250,0,268.7855123631392,0,0,328.0721129491018,0,0,100,0,28.712715304666563,0,100,0,26.87855123631392,0,0,26.245769035928145,0,0,24,18,21,21,23,21,21,18,17,21,21,,21.964669768171312,20.64994931842218,21,21.35851749,22.272118478024133,21.479452591952903,21,20.67615963141647,20.643023509529662,21,21.28524762929733,,-1.5,97
2026-01-13 10:30,2000,0,567.4016855963473,0,1250,0,265.9768289186177,0,0,328.2399889939079,0,0,100,0,28.370084279817366,0,100,0,26.59768289186177,0,0,26.259199119512633,0,0,24,18,21,21,23,21,21,18,17,21,21,,22.567723438412035,20.65316158615249,21,21.38268048679378,22.298573235918862,21.502234339828288,21,20.65937823203112,20.63498671009308,21,21.31226370611564,,-1.3,168
2026-01-13 10:45,2000,0,557.3244658234744,0,1250,0,261.70529781042023,0,0,326.1963022741638,0,0,100,0,27.866223291173718,0,100,0,26.170529781042024,0,0,26.095704181933105,0,0,24,18,21,21,23,21,21,18,17,21,21,,23.02750152,20.659423706464505,21,21.40420243,22.32544412703315,21.520858439824764,21,20.65327551747708,20.632347980572355,21,21.33734199314099,,-1.1,176
2026-01-13 11:00,2000,0,546.8863036141411,0,1250,0,256.5700808655565,0,0,322.5309176644496,0,0,100,0,27.344315180707053,0,100,0,25.657008086555653,0,0,25.802473413155965,0,0,24,18,21,21,23,21,21,18,17,21,21,,23.439036120997763,20.66683284,21,21.425783608626013,22.35282669976848,21.539917790529092,21,20.65172759625513,20.632586004033055,21,21.36298870101748,,-1.1,96
2026-01-13 11:15,1971.2050641726184,0,535.5887193742947,0,1250,0,250.62271054164648,0,0,317.3865115212466,0,0,98.56025320863093,0,26.779435968714733,0,100,0,25.062271054164647,0,0,25.390920921699728,0,0,24,18,21,21,23,21,21,18,17,21,21,,23.740409867500315,20.67480172722673,21,21.45077809696836,22.38381201612584,21.56273477,21,20.652760356279973,20.63479426616871,21,21.392418742481293,,-0.9,97
2026-01-13 11:30,1887.6388946091745,2000,0,1500,0,0,136.78172669724083,0,1250,151.38859829133727,0,0,94.38194473045873,100,0,100,0,0,13.678172669724082,0,100,12.111087863306983,0,0,24.000000000000004,23.930000000000003,18.03,23.97,16.08,21,21,18,23.92,21,21,,23.976813737080317,20.68380561980262,21,21.478874144044998,22.417900745865644,21.588894785530893,21,20.6562358,20.63889284061944,21,21.42542255840557,,-0.9,164
2026-01-13 11:45,1826.4262731485903,2000,0,1500,0,0,0,0,1250,0,0,0,91.32131365742951,100,0,100,0,0,0,0,100,0,0,0,24,24,18,24,16,21,21,18,24,21,21,,24.000000000000004,22.35150192572291,21.368034405055973,22.59906365792934,21.59097581744808,21.660439458464992,21,20.82311818960219,22.09868936389947,21.007274757582064,21.495904905747224,,-0.7,213
2026-01-13 12:00,1784.9686681066742,2000,0,1500,0,0,0,0,1250,0,0,0,89.24843340533371,100,0,100,0,0,0,0,100,0,0,0,24,24,18,24,16,21,21,18,24,21,21,,24,23.18360777296772,22.245968651349383,22.773255230979984,21.69628028,21.79541114014289,21.065750049066352,21.123547234706397,22.45223820391152,21.14280154017202,21.628759890562428,,-0.7,80
2026-01-13 12:15,1751.651844,2000,0,1500,0,0,0,0,1250,0,0,0,87.58259221659301,100,0,100,0,0,0,0,100,0,0,0,24,24,18,24,16,21,21,18,24,21,21,,24,23.621717253568363,22.669178211198957,22.86954969119647,21.78640633424478,21.885990263820084,21.174165911302563,21.247302445577304,22.588455417445587,21.258512155976742,21.723305183383463,,-0.6,80
2026-01-13 12:30,1724.9793095203895,1981.817335808406,0,1500,0,0,0,0,1250,0,0,0,86.24896547601948,99.09086679042029,0,100,0,0,0,0,100,0,0,0,24,24,18,24,16,21,21,18,24,21,21,,24,23.859004946024168,22.894258168366505,22.936294407256625,21.84655678873424,21.947179718121596,21.247100928247143,21.316395438777725,22.671050012166575,21.33235633290056,21.789042203899264,,-0.3,235
2026-01-13 12:45,1703.1151083842797,1789.2965937325898,0,1500,0,0,0,0,1250,0,0,0,85.15575541921397,89.46482969,0,100,0,0,0,0,100,0,0,0,24,24,18,24,16,21,21,18,24,21,21,,24,24,23.041435452179883,22.971688508473505,21.87363665673984,21.975422487677463,21.28033787020942,21.351713773553985,22.72009544198885,21.36862126869765,21.821843200729205,,-0.1,233
2026-01-13 13:00,1683.8983529206853,0,0,1500,0,0,0,0,1250,0,0,0,84.19491764603427,0,0,100,0,0,0,0,100,0,0,0,24,17.08,17.01,24,16,21,21,18,24,21,21,,24.000000000000004,24,23.175138176811124,23.024743297400548,21.921805805237792,22.02726281,21.329097209923106,21.402018539563088,22.78215573568357,21.421829626965607,21.87216275,,-0.2,18
2026-01-13 13:15,1667.5106578305652,0,0,1500,0,0,0,0,1250,0,0,0,83.37553289152825,0,0,100,0,0,0,0,100,0,0,0,24,17,17,24,16,21,21,18,24,21,21,,24,22.60053885178817,22.65687413939482,23.112294694656367,22.004666843490927,22.11805554750035,21.41640268237104,21.491371768236256,22.885017632934407,21.518437130449584,21.95826507234822,,-0.2,17
2026-01-13 13:30,494.0148989980444,1918.9693847853312,0,1500,0,0,0,0,1250,0,0,0,24.70074494990222,95.94846923926656,0,100,0,0,0,0,100,0,0,0,21.030000000000005,23.92,17.99,24,15.999999999999998,21.000000000000004,21.000000000000004,20.97,24,21.000000000000004,16.06,,24,21.73565583583501,21.779797147941537,23.231667551042307,22.120723525497475,22.239516070348728,21.532746462650515,21.609914480999624,23.01321670756352,21.641155470781907,22.074217875162923,,-0.1,56
2026-01-13 13:45,796.5312154089054,1772.216650254772,0,1500,0,0,0,0,1250,0,0,0,39.82656077044527,88.61083251273861,0,100,0,0,0,0,100,0,0,0,21,24,18,24,16,21,21,21,24,21,16,,21.53244543071559,23.330510351448726,22.41221882491628,23.401925901519046,22.291398494716628,22.420185679730228,21.690105227870557,21.77078493,23.182718178151323,21.80671025,22.241066776196018,,0,53
2026-01-13 14:00,866.9297021460316,1546.0174681658973,0,1500,0,0,0,0,1250,0,0,0,43.346485107301575,77.30087340829486,0,100,0,0,0,0,100,0,0,0,21,24,18,24,16,21,21,21,24,21,16,,21,24,23.171190827064176,23.547827916369805,22.43307741851423,22.565821291767488,21.82031584564694,21.90259332322134,23.32172690002725,21.940992578053997,22.383680442558244,,-0.1,9
2026-01-13 14:15,913.0780365,1532.5606749211292,0,1500,0,0,0,0,1250,0,0,0,45.65390182297261,76.62803374605646,0,100,0,0,0,0,100,0,0,0,21,24,18,24,16,21,21,21,24,21,16,,21,24,23.309360664142744,23.60927483590548,22.48860934,22.62098669540024,21.878136276560983,21.95949106823347,23.38494805348505,21.99904897256806,22.44290721029516,,-0.3,8
2026-01-13 14:30,968.7142351720358,1498.1271288871903,0,1500,0,0,0,0,1250,0,0,0,48.43571175860179,74.90635644435953,0,100,0,0,0,0,100,0,0,0,21,24,18,24,16,21,21,21,24,21,16,,21.000000000000004,24,23.295474912009976,23.62603599390437,22.50096288057596,22.63353970782078,21.893128528177627,21.97302184549773,23.40456341063417,22.01394971692213,22.457926581443058,,-0.3,35
2026-01-13 14:45,988.7011630661073,1466.9772144559902,0,1500,0,0,0,0,1250,0,0,0,49.43505815330536,73.34886072279951,0,100,0,0,0,0,100,0,0,0,21,24,18,24,16,21,21,21,24,21,16,,21,24,23.31303417884748,23.668528077413733,22.540865361213847,22.67624941326696,21.93229956344701,22.011969195122887,23.44948545671009,22.055294005427577,22.49880350049242,,-0.2,28
2026-01-13 15:00,1004.9234527180796,1441.8435693458996,0,1500,0,0,0,0,1250,0,0,0,50.24617263590398,72.09217846729499,0,100,0,0,0,0,100,0,0,0,21,24,18,24,16,21,21,21,24,21,16,,21,24,23.32652018600912,23.68906154786136,22.556423082096604,22.69114879,21.95461511262281,22.03310452299452,23.47585462148264,22.07777295938652,22.51819140392044,,0,38
2026-01-13 15:15,1016.811641506185,1417.7420270031837,0,1500,0,0,0,0,1250,0,0,0,50.84058207530925,70.88710135015918,0,100,0,0,0,0,100,0,0,0,21,24,18,24,16,21,21,21,24,21,16,,21,24,23.34029434195758,23.73267680968225,22.59757845666587,22.73588792997913,21.993235242976965,22.07160116456104,23.520088888178563,22.11896440881769,22.560867639157447,,-0.1,34
2026-01-13 15:30,1732.6127866052957,0,2000.0000000000032,0,503.4790686216248,0,0,0,0,0,0,0,86.63063933,0,100,0,40.27832548972998,0,0,0,0,0,0,0,22.980000000000032,23.010000000000037,24.92000000000004,16.090000000000025,22.92000000000003,21.00000000000003,16.060000000000024,21.00000000000003,17.080000000000023,21.00000000000003,16.00000000000002,,21,24,23.351223223512484,23.75509065436793,22.615352339239752,22.753908364370087,22.01917890550434,22.09677897141143,23.55101802465977,22.14661617437535,22.58354499,,-0.1,20
2026-01-13 15:45,1569.9037946319113,0,2000,0,826.0856941363854,0,0,0,0,0,0,0,78.49518973159557,0,100,0,66.08685553091084,0,0,0,0,0,0,0,23,23,25,16,23,21,16,21,17,21,16,,22.593338693405432,23.603135456298965,24.59852848401512,22.653696264367728,22.92000000000003,22.69168298,21.86869723147463,21.93870472262455,22.113682091105943,21.98662243354512,22.53679926835765,,-0.1,15
2026-01-13 16:00,1540.0568293876986,0,1825.4669181547144,0,848.6675137680286,0,0,0,0,0,0,0,77.00284146938493,0,91.27334590773573,0,67.8934011,0,0,0,0,0,0,0,23,23,25,16,23,21,16,21,17,21,16,,23.000000000000004,23.948987471912535,24.96208674367276,22.430062769914628,23,22.516438642907797,21.518229442825977,21.577066417449416,21.674251152173888,21.62309808216547,22.37695159001376,,0.2,2
2026-01-13 16:15,1522.7529764036244,0,1757.449444,0,888.3879215503221,0,0,0,0,0,0,0,76.13764882018121,0,87.87247222,0,71.07103372402577,0,0,0,0,0,0,0,23,23,25,16,23,21,16,21,17,21,16,,23,24.09325514061007,25,22.415418701153285,23,22.49589999,21.405262841977503,21.46378577389244,21.581336473353268,21.517422084179053,22.35312695823097,,0,1
2026-01-13 16:30,1484.3720432986977,0,1723.253077748028,0,889.2504381984472,0,0,0,0,0,0,0,74.21860216493488,0,86.16265389,0,71.14003505587579,0,0,0,0,0,0,0,23,23,25,16,23,21,16,21,17,21,16,,23.000000000000004,24.087149435766364,25,22.38296987338331,23,22.46965281859396,21.32516127858529,21.380938311152523,21.476027895701765,21.42881924418376,22.31755250889096,,-0.1,0
2026-01-13 16:45,1470.8646492118803,0,1711.4071632654668,0,928.6567088234078,0,0,0,0,0,0,0,73.54323246059401,0,85.57035816327334,0,74.29253670587262,0,0,0,0,0,0,0,23,23,25,16,23,21,16,21,17,21,16,,23,24.078125880499343,25,22.37497101529611,23,22.468183098511798,21.28074830827608,21.335630581803887,21.41981745779021,21.382081701682004,22.305386878325105,,-0.1,0
2026-01-13 17:00,1457.628858609265,0,1691.0425730097995,0,933.0156768045636,0,0,0,0,0,0,0,72.88144293046325,0,84.55212865048998,0,74.64125414436508,0,0,0,0,0,0,0,23,23,25,16,23,21,16,21,17,21,16,,23,24.08281919460997,25,22.34810733607469,23,22.43896746898972,21.20482399300083,21.25743328210689,21.336781,21.302842968815472,22.276313657578008,,0.4,0
2026-01-13 17:15,1447.0626217627669,0,1674.0712507018688,0,968.5791818827164,0,0,0,0,0,0,0,72.35313108813834,0,83.70356253509344,0,77.48633455061731,0,0,0,0,0,0,0,23,23,25,16,23,21,16,21,17,21,16,,23,24.08683434754903,25,22.34192545580609,23,22.43520383857067,21.16260653797627,21.21452941081587,21.29044948126394,21.26057628191484,22.268428537499616,,0.2,0
2026-01-13 17:30,1438.5396075190683,0,1659.1932080098036,0,0,0,1000,0,0,0,1500,0,71.92698038,0,82.95966040049018,0,0,0,100,0,0,0,100,0,23.000000000000004,23.000000000000004,25,16,21.02,21,24.9,21,17,21,23.91,,23,24.08871242563893,25.000000000000007,22.318029556477757,23,22.408648490653665,21.09554575,21.14538264144341,21.21739077135605,21.19043231376814,22.24333803659417,,0,0
2026-01-13 17:45,1431.567266509957,0,1650.8350082977197,0,0,0,1000,0,0,0,1500,0,71.57836332549785,0,82.54175041488598,0,0,0,100,0,0,0,100,0,23,23,25,16,21,21,25,21,17,21,24,,23.000000000000004,24.090448280618187,25,22.33138351866341,22.31364379213475,22.427144484617365,22.659935939374037,21.154053164906383,21.22473688189268,21.20159198805388,23.309159482926948,,-0.2,0
2026-01-13 18:00,1426.668350330423,0,1641.000985526436,0,0,0,1000,0,0,0,1500,0,71.33341751652115,0,82.05004927632179,0,0,0,100,0,0,0,100,0,23,23,25,16,21,21,25,21,17,21,24,,23,24.09220849432941,25,22.39978413874704,22.34331579457547,22.500709155471775,22.94419089155255,21.304404591347208,21.37539099465937,21.35571010151059,23.45932677622889,,0,0
2026-01-13 18:15,1422.7281812499732,0,1632.3574813356463,0,0,0,1000,0,0,0,1500,0,71.13640906249866,0,81.61787406678232,0,0,0,100,0,0,0,100,0,23,23,25,16,21,21,25,21,17,21,24,,23,24.094162680862496,25,22.43467988,22.396669113207743,22.53408116036858,22.939055730148223,21.36453868025294,21.43343139315371,21.415140653863844,23.45188058014805,,-0.1,0
2026-01-13 18:30,1419.5422319180325,0,1624.1721135329644,0,0,0,1000,0,0,0,1500,0,70.97711159590163,0,81.20860567664822,0,0,0,100,0,0,0,100,0,23,23,25,16,21,21,25,21,17,21,24,,23,24.09625545240504,25,22.45888356019056,22.415994419233677,22.56071494,23.00139516352536,21.405510169896072,21.473377864035047,21.45769029911268,23.48495926172515,,-0.1,0
2026-01-13 18:45,1416.9542906450552,0,1616.6329745580297,0,0,0,1000,0,0,0,1500,0,70.84771453225275,0,80.83164872790148,0,0,0,100,0,0,0,100,0,23,23,25,16,21,21,25,21,17,21,24,,23,24.098330238789604,25,22.48708025828637,22.441410358947117,22.590720184048845,23.06259858638599,21.44634998761771,21.513190489223227,21.499593,23.52040785176766,,-0.2,0
2026-01-13 19:00,1414.014676202978,0,1609.6582160543476,0,0,0,1000,0,0,0,1500,0,70.70073381,0,80.48291080271738,0,0,0,100,0,0,0,100,0,23,23,25,16,21,21,25,21,17,21,24,,23,24.10028962176507,25,22.51212731,22.465104281294856,22.61652882329969,23.10988765247117,21.48430420467695,21.550144340586204,21.53829810869179,23.547370215507872,,0,0
2026-01-13 19:15,1411.4398597594482,0,1603.221404722368,0,0,0,1000,0,0,0,1500,0,70.57199298797241,0,80.16107024,0,0,0,100,0,0,0,100,0,23,23,25,16,21,21,25,21,17,21,24,,23,24.10215905890756,25,22.540718515603423,22.49272189730808,22.646820597929963,23.15593208262536,21.52244097334309,21.58749455681967,21.577301687034407,23.57756921290795,,-0.2,0
2026-01-13 19:30,0,0,0,0,0,0,999.9999999999992,0,0,0,1499.9999999999986,0,0,0,0,0,0,0,99.99999999999993,0,0,0,100,0,18.059999999999985,16.07999999999998,21.039999999999974,17.979999999999986,20.99999999999998,20.99999999999998,24.99999999999998,20.99999999999998,20.959999999999983,20.99999999999998,23.99999999999998,,23,24.10390989,25,22.56544325749249,22.516205852343457,22.672268272391104,23.197532484050512,21.556531293930124,21.62086332706705,21.612116839767108,23.60391184612067,,-0.2,0
2026-01-13 19:45,81.84743993084157,0,0,0,0,0,1000,0,0,0,1500,0,4.092371996542079,0,0,0,0,0,100,0,0,0,100,0,18,16,21,18,21,21,25,21,21,21,24,,20.238794431990332,23.185888747017344,23.29178694125257,22.66713132211028,22.62011665963606,22.784859837249076,23.320634102015116,21.67669811370436,21.741890626835573,21.73563458400158,23.705836915157214,,-0.4,0
2026-01-13 20:00,249.2439170600865,0,0,0,0,0,1000,0,0,0,1500,0,12.462195853004324,0,0,0,0,0,100,0,0,0,100,0,18,16,21,18,21,21,25,21,21,21,24,,18.580587311676474,22.180909098018542,22.266184799343968,22.802534607289772,22.756622622333296,22.928596189378307,23.465071922022645,21.81948151044885,21.88514747982664,21.880735224417315,23.841550607518165,,-0.1,0
2026-01-13 20:15,325.7538741430435,0,0,0,0,0,1000,0,0,0,1500,0,16.287693707152176,0,0,0,0,0,100,0,0,0,100,0,18,16,21,18,21,21,25,21,21,21,24,,18,21.62042986109625,21.703900224353905,22.875063916723157,22.82780033065168,23.00115738789781,23.54416828409719,21.893597692177607,21.958573038269822,21.954889833521957,23.91558000817201,,-0.3,0
2026-01-13 20:30,1475.18133,0,0,0,0,0,1000,0,0,0,1484.9519281710625,0,73.75906652,0,0,0,0,0,100,0,0,0,98.99679521140418,0,20.97,15.999999999999998,20.01000000000001,18.000000000000004,21.000000000000004,21.000000000000004,25,21.000000000000004,21.000000000000004,21.000000000000004,24,,18,21.398792404537417,21.477265402836217,22.89591394217852,22.848136199652263,23.022215304511995,23.57377594624571,21.917303437820497,21.981513608834803,21.978488024839766,23.93828292532664,,-0.3,0
2026-01-13 20:45,1226.0760106431917,0,0,0,0,0,1000,0,0,0,1438.8622444244866,0,61.303800532159585,0,0,0,0,0,100,0,0,0,95.92414962829909,0,21,16,20,18,21,21,25,21,21,21,24,,20.46834782920142,21.089678446237443,21.165102283172057,22.95152832,22.90608948345847,23.08525092062562,23.640732412838585,21.980833898649948,22.045328153944794,22.043749637113976,23.985464814493675,,-0.5,0
2026-01-13 21:00,1155.0376103443375,0,0,0,0,0,1000,0,0,0,1429.3662722447189,0,57.751880517216875,0,0,0,0,0,100,0,0,0,95.29108482,0,21,16,20,18,21,21,25,21,21,21,24,,21,20.82183017420521,20.911086612769356,22.998810398978893,22.95337337507165,23.13429023782413,23.703731117591687,22.040489743839764,22.10480482417061,22.10399861047341,24,,-0.4,0
2026-01-13 21:15,1139.049944495997,0,0,0,0,0,1000,0,0,0,1420.259934362126,0,56.95249722479984,0,0,0,0,0,100,0,0,0,94.68399562414173,0,21,16,20,18,21,21,25,21,21,21,24,,21,20.712439996611003,20.79826452,23.006941998775027,22.96083647,23.14160443657976,23.726033230044397,22.05779407667104,22.12146436962429,22.12096125,24,,-0.4,0
2026-01-13 21:30,1105.6160104817698,0,0,1500,0,0,0,0,0,0,0,0,55.28080052408849,0,0,100,0,0,0,0,0,0,0,0,21,16,20,24.920000000000005,21,21,18.08,21,21,21,21.03,,21,20.644306266023783,20.73095524041041,23.011390891060135,22.96609685,23.14825598139038,23.744508018847093,22.071934848780124,22.13537294734906,22.135536600073312,24,,-0.3,0
2026-01-13 21:45,1101.7277963137112,0,0,1500,0,0,0,0,0,0,0,0,55.08638981568556,0,0,100,0,0,0,0,0,0,0,0,21,16,20,25,21,21,18,21,21,21,21,,21,20.511733112262075,20.59188165873525,24.09326236853445,22.984172747265283,23.168041330382422,22.12122545,21.97906761654088,22.040272467539992,22.039089028221124,23.024022140463515,,-0.2,0
2026-01-13 22:00,1096.5073077333764,517.2848764867704,546.5781653033046,1500,0,0,0,0,0,0,0,0,54.82536538666882,25.86424382433852,27.32890826516523,100,0,0,0,0,0,0,0,0,21,20.94,20.99,25,21,21,18,21,21,21,21,,21,20.380481459751465,20.46038817659329,24.16207660951476,23.001830118501704,23.18675363879852,21.77008995228759,21.73028770031638,21.78865625669919,21.78617619031965,22.98611499458085,,-0.3,0
2026-01-13 22:15,1092.2897682071998,205.04591238139253,123.67850181115136,1500,0,0,0,0,0,0,0,0,54.61448841035999,10.252295619069626,6.183925090557568,100,0,0,0,0,0,0,0,0,21,21,21,25,21,21,18,21,21,21,21,,21,20.940000000000005,20.989999999999995,24.154642078100608,22.997272729210632,23.18205555519881,21.65755061713114,21.611563591025472,21.669504132534215,21.66768058088289,22.985384941593907,,-0.3,0
2026-01-13 22:30,1088.6634128907754,0,0,1500,0,0,0,0,0,0,0,0,54.43317064453877,0,0,100,0,0,0,0,0,0,0,0,21,16.06,20.01,25,21,21,17.01,21,21,21,21,,21,21,21,24.15509402257024,22.99100071555823,23.17593988323855,21.57299223645862,21.54076014272486,21.59813696293115,21.59654739171757,22.972734537004257,,-0.2,0
2026-01-13 22:45,1092.372864683888,0,0,1500,0,0,0,0,0,0,0,0,54.61864323,0,0,100,0,0,0,0,0,0,0,0,21,16,20,25,21,21,17,21,21,21,21,,21,20.78688821115385,20.88796140568538,24.15155651323372,22.98229175628849,23.16699067607881,21.50573949443247,21.485672160264635,21.54257753620604,21.54123332052524,22.959225796358297,,-0.2,0
2026-01-13 23:00,1095.5079859438265,0,0,1500,0,0,0,0,0,0,0,0,54.77539929719133,0,0,100,0,0,0,0,0,0,0,0,21,16,20,25,21,21,17,21,21,21,21,,21,20.64988236015497,20.71444164020177,24.14529631922876,22.96398518989899,23.16264858992177,21.45362260581591,21.44200187830943,21.50061501327955,21.499669253768456,22.937308873695816,,-0.3,0
2026-01-13 23:15,1096.5654984830908,0,0,1500,0,0,0,0,0,0,0,0,54.82827492415454,0,0,100,0,0,0,0,0,0,0,0,21,16,20,25,21,21,17,21,21,21,21,,21,20.51781861849842,20.588144615191364,24.132187256039597,22.945231546280983,23.148256836213967,21.39571889458688,21.389893739681884,21.44879020002395,21.44800071822512,22.915787601163338,,-0.2,0
2026-01-13 23:30,1097.3398952403777,782.3787234532629,0,1500,0,0,0,0,0,0,0,0,54.866994762018884,39.11893617266315,0,100,0,0,0,0,0,0,0,0,21,20.94,20,25,21,21,17,21,21,21,21,,21,20.400786469379216,20.47480024086517,24.12086253362974,22.931951568372387,23.135653992037454,21.353114355886053,21.352267901287288,21.41104299695128,21.410699040018237,22.900467235560946,,-0.2,0
2026-01-13 23:45,1097.9742781811983,543.8447745054218,0,1500,0,0,0,0,0,0,0,0,54.898713909059914,27.19223872527109,0,100,0,0,0,0,0,0,0,0,21,21,20,25,21,21,17,21,21,21,21,,21,20.94,20.529530645504824,24.097169378308088,22.905866478988955,23.10910982856124,21.28975811594412,21.29225621768262,21.350431048924108,21.349998462479697,22.873347983321743,,-0.2,0
2026-01-14 0:00,1097.7610980597528,572.1858262004826,0,1500,0,0,0,0,0,0,0,0,54.88805490298764,28.609291310024126,0,100,0,0,0,0,0,0,0,0,21,21,20,25,21,21,17,21,21,21,21,,21,21,20.736735768562603,24.07079168590052,22.877872725868325,23.081046255011145,21.229665733531903,21.235242259394923,21.293060428346944,21.292921948782197,22.844122133553267,,-0.2,0
2026-01-14 0:15,1097.440546153293,471.9351858374357,0,1500,0,0,0,0,0,0,0,0,54.87202730766465,23.596759291871784,0,100,0,0,0,0,0,0,0,0,21,21,20,25,21,21,17,21,21,21,21,,21,21,20.836748692965944,24.057380520240084,22.863391084814285,23.06742391714137,21.194824359439988,21.203715468247665,21.26150508657698,21.26184646640042,22.82805082584437,,-0.1,0
2026-01-14 0:30,1097.0665087465077,469.7727926020634,0,1500,0,0,0,0,0,0,0,0,54.85332543732539,23.488639630103172,0,100,0,0,0,0,0,0,0,0,21,21,20,25,21,21,17,18.03,21,21,21,,21,21,20.837826147392533,24.036404601684342,22.84063535390484,23.044113854750737,21.155383369382022,21.166681357483508,21.22413055764644,21.224592273412476,22.804840128956453,,0,0
2026-01-14 0:45,1096.630017317715,470.2265671920904,0,1500,0,0,0,0,0,0,0,0,54.83150086588576,23.51132835960452,0,100,0,0,0,0,0,0,0,0,21,21,20,25,21,21,17,18,21,21,21,,21,21,20.83906655329817,24.02252696429837,22.82592707724415,23.03013331535997,21.12373945148404,21.13755873469176,21.194907309288148,21.195737069736484,22.78893452202777,,0.1,0
2026-01-14 1:00,1096.9576931305037,471.8407376631767,0,1500,0,0,0,0,0,0,0,0,54.84788465652519,23.592036883158833,0,100,0,0,0,0,0,0,0,0,21,21,20,25,21,21,17,18,21,21,21,,21,21,20.83923278312756,24.0001081,22.801974989339836,23.00552938164844,21.08640256110002,21.10216689420327,21.159222752031724,21.160206429171744,22.76474939145715,,0.2,0
2026-01-14 1:15,1097.2351526853272,475.7821397848929,0,1500,0,0,0,0,0,0,0,0,54.86175763426636,23.789106989244644,0,100,0,0,0,0,0,0,0,0,21,21,20,25,21,21,17,18,21,21,21,,21.000000000000004,21,20.83686863828667,23.98593162640675,22.787185018988204,22.991471310214777,21.05732341307341,21.07514619695558,21.132112832372464,21.133427252162644,22.74892192,,0.2,0
2026-01-14 1:30,1090.8217123937384,468.0561349464842,0,0,0,0,0,0,0,0,0,0,54.54108561968692,23.40280674732421,0,0,0,0,0,0,0,0,0,0,21,21,20,21.04,21,21,17,18,21,21,21,,21,21,20.835399693789604,23.962451884747637,22.762285641789603,22.96584681083668,21.02178876904809,21.04113004745764,21.097814402937995,21.099238181796505,22.723985611148624,,0.2,0
2026-01-14 1:45,1088.820450310763,468.54671022487855,0,0,0,0,0,0,33.015923536975606,31.52228799247496,0,0,54.44102251553815,23.42733551124393,0,0,0,0,0,0,2.6412738829580484,2.521783039397997,0,0,21,21,20,21,21,21,17,18,21,21,21,,21,21,20.83635087623037,22.774839813295436,22.64240157970448,22.81981679306625,20.975467147385693,20.99416282084998,21.04829607825857,21.049594378946328,22.61224108892891,,0.2,0
2026-01-14 2:00,1084.872762140185,470.4833208,0,0,0,0,0,0,79.07059951,77.10918776205654,0,0,54.24363810700925,23.52416604,0,0,0,0,0,0,6.325647960851784,6.168735020964522,0,0,21,21,20,21,21,21,17,18,21,21,21,,21,21,20.83541906653432,22.389073141967025,22.3142511,22.47341302717272,20.895606921943923,20.914111231028528,21,21,22.29167193888219,,0.5,0
2026-01-14 2:15,1081.0775561552164,472.5681909,0,0,0,0,0,0,97.29107522053528,95.17284462800308,0,0,54.05387780776081,23.62840955,0,0,0,0,0,0,7.783286017642822,7.613827570240246,0,0,21,21,20,21,21,21,17,18,21,21,21,,21,21,20.834079070098078,22.232397794366456,22.14998387586143,22.30895719969191,20.84381399983356,20.8634311,21,21,22.12335776048572,,0.5,0
2026-01-14 2:30,1077.4050758452404,476.7286151159541,0,0,0,0,1000,0,54.27833856825092,52.808350359280304,0,0,53.87025379226202,23.836430755797704,0,0,0,0,100,0,4.342267085460073,4.224668028742424,0,0,21,21,20,21,21,21,22.93,18,21,21,21,,21,21,20.83261555391052,22.127573537645816,22.05775231798268,22.21152534815249,20.819778067620614,20.84072881,21,21,22.032471952787372,,0.4,0
2026-01-14 2:45,1073.8026968861432,479.0797734822336,0,0,0,0,1000,0,0,0,0,0,53.69013484430716,23.953988674111677,0,0,0,0,100,0,0,0,0,0,21,21,20,21,21,21,23,18,21,21,21,,21,21,20.830401561330525,21.88407444101977,21.813930171822097,21.951057622700056,22.45565796318963,20.90725693526648,21.02513515,21.02665382328133,21.79717733012489,,0.5,0
2026-01-14 3:00,1071.0305182356924,0,0,0,0,0,1000,0,0,0,0,0,53.55152591178462,0,0,0,0,0,100,0,0,0,0,0,21,17.04,17.03,21,21,21,23,18,21,21,21,,21,21,20.828158463328315,21.665100545733026,21.60034829011165,21.732198061889893,22.743195582641142,21.062667120139874,21.12159208,21.12581889138221,21.583051765873044,,0.7,0
2026-01-14 3:15,1068.3007900541434,0,0,0,0,0,1000,0,0,0,0,0,53.41503950270717,0,0,0,0,0,100,0,0,0,0,0,21,17,17,21,21,21,23,18,21,21,21,,21,20.61992813213201,20.73306740639019,21.56700855471758,21.50585063044969,21.63653791446243,22.74741231276726,21.11790479907163,21.17271134097127,21.17730400244048,21.487192391881614,,0.7,0
2026-01-14 3:30,1065.5907477177389,853.9479512911457,0,0,0,0,1000,0,0,0,0,0,53.27953738588694,42.697397564557285,0,0,0,0,100,0,0,0,0,0,21,20.96,19.97,21,21,21,23,18,21,21,21,,21,20.40701042,20.48504501,21.474023769558087,21.4143141,21.542195369232022,22.791219699294903,21.155924281095405,21.21161934904833,21.21658646895477,21.39615805159084,,0.7,0
2026-01-14 3:45,1062.8877531681974,565.0583025455562,0,0,0,0,1000,0,0,0,0,0,53.14438765840987,28.25291512727781,0,0,0,0,100,0,0,0,0,0,21,21,20,21,21,21,23,18,21,21,21,,21,20.96,20.50995841,21.38535898578998,21.327304622544872,21.453253018215563,22.841001226548816,21.189667144304423,21.244370716057773,21.24975108125587,21.30909018,,0.6,0
2026-01-14 4:00,1063.3523634783778,645.5428748889863,0,0,0,0,1000,0,0,0,0,0,53.16761817391889,32.27714374444931,0,0,0,0,100,0,0,0,0,0,21,21,20,21,21,21,23,18,21,21,21,,21,21,20.68807178586828,21.29775185140033,21.241477150759067,21.36582601343114,22.879893443343214,21.219134934999357,21.27332404198265,21.27899275540746,21.222910897544622,,0.6,0
2026-01-14 4:15,1063.9066806758692,530.6710631008646,0,0,0,0,1000,0,0,0,0,0,53.195334033793465,26.53355315504323,0,0,0,0,100,0,0,0,0,0,21,21,20,21,21,21,23,18,21,21,21,,21,21,20.799800141595785,21.23811060979582,21.183809394925976,21.30834692935709,22.90350976634812,21.235298112738946,21.289014052672982,21.294826964294145,21.16409942357109,,0.5,0
2026-01-14 4:30,1064.4818708302353,394.0915954710159,233.05732021960867,9.815209014585708,43.35781217778859,0,905.9187908,1250,0,0,59.78165040542809,0,53.22409354151176,19.704579773550794,11.652866010980434,0.6543472676390473,3.4686249742230872,0,90.59187908,100,0,0,3.985443360361873,0,21,21,20.99,21,21,21,23.000000000000004,24.920000000000005,17.04,21,21,,21.000000000000004,21,20.79902323292893,21.18150072366077,21.127843080096635,21.251214239345835,22.923823003576427,21.249112068846628,21.302450738473908,21.308494640953583,21.108289351061472,,0.7,0
2026-01-14 4:45,1065.0616372027507,356.90260267351186,220.28967015190935,56.64226437578691,125.91965832637834,0,706.3338445963291,1250,0,0,153.40157024095424,0,53.253081860137534,17.845130133675593,11.014483507595466,3.7761509583857937,10.073572666110268,0,70.63338445963292,100,0,0,10.22677134939695,0,21,21,21,21,21,21,23,25,17,21,21,,21,21,20.99,21.052080807959264,21.02150064814118,21.107641066324373,22.977403598810906,22.731631075542698,21.49484507389332,21.50401629141821,21.01521948310384,,0.9,0
2026-01-14 5:00,1063.604123983816,353.7462875053898,227.10037141958676,62.23373082074613,125.96885720402496,0,652.7527486065064,1250,0,0,158.9623552030098,0,53.1802062,17.687314375269487,11.355018570979338,4.148915388049742,10.077508576321996,0,65.27527486065064,100,0,0,10.59749034686732,0,21,21,21,21,21,21,23,25,17,21,21,,21,21,21,21,21,21.023524784897035,23,23.149596113125316,21.851337365385422,21.862903403561432,21,,0.9,0
2026-01-14 5:15,1062.0508815141693,355.2234204467168,224.08731112273017,59.100446423090034,123.3877472914719,0,609.66976,1250,0,0,158.61906535408343,0,53.102544075708465,17.761171022335837,11.204365556136509,3.9400297615393356,9.871019783317752,0,60.966975997876396,100,0,0,10.574604356938895,0,21,21,21,21,21,21,23,25,17,21,21,,21,21,21,21,21,21.02148563413252,23,23.25066725094456,21.959158933168897,21.969157390271864,21,,0.7,0
2026-01-14 5:30,1060.3885696255293,356.75212056789314,224.5880217806116,63.39460374375631,126.0749309514904,0,588.1744241006982,1250,0,0,162.1313291532024,0,53.01942848127647,17.837606028394656,11.22940108903058,4.226306916250421,10.085994476119232,0,58.817442410069816,100,0,0,10.80875527688016,0,21,21,21,21,21,21,23,25,17,21,21,,21,21,21,21,21,21.025098868172805,23,23.33829043173313,22.02147467605148,22.03234628603388,21,,0.7,0
2026-01-14 5:45,1058.6854282782317,358.2727881900719,225.7625199650865,59.53855629960162,121.4968130086454,0,556.4446923352189,1250,0,0,158.18080768335494,0,52.93427141391159,17.913639409503595,11.288125998254325,3.969237086640108,9.719745040691633,0,55.64446923352189,100,0,0,10.54538717889033,0,21,21,21,21,21,21,23,25,17,21,21,,21,21,21,21,21,21.02407592348591,23,23.39161554079077,22.060458465311505,22.0712945,21,,0.6,0
2026-01-14 6:00,1052.1852883196188,358.8866575287211,226.5483607870556,62.74270982662347,123.86053769891078,0,538.6487685225566,1250,0,0,160.79025046873355,0,52.609264415980945,17.944332876436057,11.32741803935278,4.182847321774898,9.908843015912861,0,53.864876852255655,100,0,0,10.719350031248903,0,21,21,21,21,21,21,23,25,17,21,21,,21,21,21,21,21,21.028440426347625,23,23.45180396775976,22.112858569408417,22.12393120188365,21,,0.8,0
2026-01-14 6:15,1045.4952901938211,359.31442372634774,227.17892267239583,58.07951980604048,118.42068566262242,0,513.4768746086174,1250,0,0,155.4310458984146,0,52.27476450969105,17.96572118631739,11.35894613361979,3.8719679870693655,9.473654853009794,0,51.34768746086174,100,0,0,10.362069726560973,0,21,21,21,21,21,21,23,25,17,21,21,,21,21,21,21,21,21.02719555444527,23,23.491941778491277,22.145533506579877,22.15647090208608,21,,0.8,0
2026-01-14 6:30,1038.7190101631015,359.5719905517573,227.824902,22.95577283,1250,0,0,1250,0,1250,61.60758256377595,0,51.935950508155074,17.978599527587868,11.391245101785099,1.5303848554481132,100,0,0,100,0,100,4.107172170918397,0,21,21,21,21,23.97,21,21.02,25,17,23.97,21,,21,21,21,21,21,21.03191771433496,23,23.539298000774327,22.18664967381548,22.19785538810257,21,,1,0
2026-01-14 6:45,1031.8740054867794,359.6242143105519,228.15000976375632,0,1250,0,0,1250,0,1197.0906229323646,0,0,51.59370027433898,17.981210715527595,11.407500488187816,0,100,0,0,100,0,95.76724983458917,0,0,21,21,21,21,24,21,21,25,17,24,21,,21,21,21,21.087220548142877,21.948144623089235,21.16085184834592,22.362499305477986,23.713615313203952,22.35793723235557,23.689479678868643,21.045958826963517,,1.1,0
2026-01-14 7:00,1030.5437076668804,360.0777014878404,228.71272803636748,0,1250,0,0,1250,0,1095.088674309467,0,0,51.527185383344026,18.00388507439202,11.435636401818375,0,100,0,0,100,0,87.60709394475737,0,0,21,21,21,21,24,21,21,25,17,24,21,,21,21,21,21.30784232566192,22.21330224579684,21.414414584499895,22.60907049053148,24.02428146283713,22.666306441645013,24,21.234378382458974,,1.2,0
2026-01-14 7:15,1029.355514204526,360.13784221581227,229.03411089506332,0,1250,0,0,1250,0,1000.8930588184304,0,0,51.46777571022629,18.006892110790613,11.451705544753166,0,100,0,0,100,0,80.07144470547443,0,0,21,21,21,21,24,21,21,25,17,24,21,,21,21,21,21.40498241,22.3006186,21.50702434,22.737313930877377,24.15052845358201,22.78748305221198,24.000000000000004,21.32909811909832,,1,0
2026-01-14 7:30,1028.1543306155982,359.9005929284249,228.9354424269732,0,1250,0,0,1250,0,951.0121016726772,0,0,51.40771653077991,17.995029646421244,11.44677212134866,0,100,0,0,100,0,76.08096813381418,0,0,21,21,21,21,24,21,21,25,17,24,21,,21,21,21,21.477049899449703,22.382619214366144,21.58642289537983,22.80071234012293,24.236229057724483,22.86955830864764,24,21.40156838,,0.9,0
2026-01-14 7:45,1026.909189165808,359.47032168768783,228.6443540547225,0,1250,0,0,1250,0,884.9967669928083,0,0,51.34545945829039,17.973516084384393,11.432217702736125,0,100,0,0,100,0,70.79974135942466,0,0,21,21,21,21,24,21,21,25,17,24,21,,21,21,21,21.523824469007987,22.432163109918054,21.633601120010507,22.837045084177834,24.286490257528616,22.91589285606444,24,21.448025668029004,,0.9,0
2026-01-14 8:00,1023.2748212618444,358.5151528419301,227.9354782594346,0,1250,0,0,1250,0,851.8036594721416,0,0,51.163741063092225,17.925757642096507,11.39677391297173,0,100,0,0,100,0,68.14429275777132,0,0,21,21,21,21,24,21,21,25,17,24,21,,21,21,21,21.596519722461807,22.507427644238792,21.711633344428048,22.894677032004573,24.35384273873685,22.980120874672995,24,21.52027336742711,,1.3,41
2026-01-14 8:15,1019.4913993533792,357.5369429195307,227.12773733755603,0,1250,0,0,1250,0,797.0402396275495,0,0,50.974569967668955,17.876847145976534,11.356386866877802,0,100,0,0,100,0,63.76321917020395,0,0,21,21,21,21,24,21,21,25,17,24,21,,21,21,21,21.63993065398986,22.551149331590008,21.75359658430017,22.92653540666773,24.39319421959169,23.016149294280652,24,21.56391758861356,,1.3,53
2026-01-14 8:30,1014.8557526431777,0,422.2826248770842,0,0,0,0,0,1250,718.1540949517948,0,0,50.74278763215889,0,21.114131243854207,0,0,0,0,0,100,57.45232759614359,0,0,21,16.06,21,21,16.09,21,21,21.04,24.91,24.000000000000004,21,,21,21,21,21.70951693132952,22.62343350118857,21.828699533905965,22.975435488548207,24.44973330496847,23.070189293085104,24,21.63349099619002,,1.3,82
2026-01-14 8:45,1009.603533,0,506.3038841249581,0,0,0,0,0,1250,665.7992872182549,0,0,50.48017665,0,25.315194206247902,0,0,0,0,0,100,53.263942977460395,0,0,21,16,21,21,16,21,21,21,25,24,21,,21,20.71817917519238,21,21.719444329014458,21.721776067485923,21.831299235153345,23.052621036885984,23.253675162987413,24.452598748158103,24.000000000000004,21.644967233903674,,1.2,111
2026-01-14 9:00,1006.313934,0,527.1294524543482,0,0,0,0,0,1250,661.1916984,0,0,50.31569671,0,26.356472622717412,0,0,0,0,0,100,52.895335868768164,0,0,21,16,21,21,16,21,21,21,25,24,21,,21,20.66188222228647,21,21.620749591032872,21.57019474729949,21.72222086806568,23.10868695575613,23.192865635494268,24.61304527,24,21.54932844137345,,1,43
2026-01-14 9:15,1002.8837066152356,0,507.6863549773698,0,0,0,0,0,1250,646.2232618443122,0,0,50.14418533076178,0,25.38431774886849,0,0,0,0,0,100,51.697860947544974,0,0,21,16,21,21,16,21,21,21,25,24,21,,21.000000000000004,20.682617395354036,21,21.57145133,21.55018106494518,21.67501916010334,23.116114332162027,23.252777126060806,24.575300683078297,24.000000000000004,21.50234855597102,,0.9,46
2026-01-14 9:30,999.7727478,0,504.00667631780016,0,0,0,0,0,1250,641.4216823438765,0,0,49.98863739,0,25.20033381589001,0,0,0,0,0,100,51.31373458751012,0,0,21,16,21,21,16,21,21,21,25,24,21,,21,20.685980732937235,21,21.554759467186564,21.528046133877204,21.65552329806027,23.12858596514572,23.2524374,24.60761654751839,24,21.48787092987459,,1.3,130
2026-01-14 9:45,996.8527397072356,0,507.1973755402541,0,0,0,0,0,1250,626.2725599,0,0,49.84263698536178,0,25.359868777012704,0,0,0,0,0,100,50.101804792590556,0,0,21,16,21,21,16,21,21,21,25,24,21,,21,20.68169390619043,21,21.52127541392893,21.491253556345622,21.617645428633235,23.13490984325675,23.246226571740465,24.62926569024328,24,21.45645258544305,,1.4,108
2026-01-14 10:00,994.7492505,0,507.7534054642565,0,0,0,0,0,1250,622.8892717581803,0,0,49.737462524803604,0,25.387670273212827,0,0,0,0,0,100,49.831141740654424,0,0,21,16,21,21,16,21,21,21,25,24,21,,21,20.68047537924924,21,21.50881039646257,21.47993669147328,21.605972616796457,23.14934147896098,23.25647283267609,24.65185992330944,24,21.445622891001356,,1.5,105
2026-01-14 10:15,992.6509681045354,0,507.1062603278442,0,0,0,0,0,1250,607.5250673549745,0,0,49.63254840522677,0,25.35531301639221,0,0,0,0,0,100,48.602005388397956,0,0,21,16,21,21,16,21,21,21,25,24,21,,21,20.68066446741714,21,21.47999392739113,21.45042404045388,21.573113151174304,23.15413406481176,23.257403771875804,24.663156471263665,24.000000000000004,21.418566675459697,,1.6,108
2026-01-14 10:30,990.0538292,0,505.8926378043398,0,0,0,0,1250,1250,0,1500,0,49.50269146,0,25.29463189021699,0,0,0,0,100,100,0,100,0,21,16,21,21,16,21,21,24.960000000000004,25,17.08,24.960000000000004,,21,20.680757924916417,21,21.47309131454395,21.44471996,21.56720462629104,23.16870975437963,23.26885805,24.684171670995877,24,21.41312807990341,,2,249
2026-01-14 10:45,987.0925594779236,0,504.4037473026801,0,0,0,0,1250,1220.4261048546105,0,1500,0,49.35462797389618,0,25.220187365134002,0,0,0,0,100,97.63408838836884,0,100,0,21,16,21,21,16,21,21,25,25,17,25,,21,20.68131654274579,21,21.567904906182715,21.54602532715367,21.67642649178539,23.25821410685956,24.648924201780577,24.78278631,23.456001356903048,22.568224900373718,,2.1,156
2026-01-14 11:00,984.6894296800184,343.1292102527441,502.2768672704078,0,0,0,0,1223.681123055918,1137.877209232738,0,1500,0,49.23447148400092,17.156460512637203,25.11384336352039,0,0,0,0,97.89448984447345,91.03017673861905,0,100,0,21,20.94,21,21,16,21,21,25,25,17,25,,21,20.682679156219084,21,21.86455904349044,21.84886860856114,21.991111830708952,23.474282138384822,24.93485808373442,24.98188994751525,23.64993808728427,22.912859129758782,,1.5,158
2026-01-14 11:15,981.4799385958833,327.98852198890745,269.7799735876106,0,0,0,0,1131.170844653814,1069.096427535449,0,1500,0,49.07399692979416,16.39942609944537,13.48899867938053,0,0,0,0,90.49366757230511,85.52771420283592,0,100,0,21,21,21,21,16,21,21,25,25,17,25,,21,20.94,21,21.995013389096208,21.975632836613503,22.112294307329115,23.577060284962336,25,25,23.756589719084342,23.032975042306006,,1.8,161
2026-01-14 11:30,978.5414621815162,0,213.5154216,0,0,0,0,1088.0792573029648,1029.9513153552907,0,1500,0,48.927073109075806,0,10.675771082470598,0,0,0,0,87.04634058423719,82.39610522842325,0,100,0,21,16.06,21,21,16,21,21,25,25,17,25,,21,21,21,22.088637658680323,22.07222180630808,22.21400664369116,23.647595784804945,25,25,23.82125241473914,23.14600378201436,,2.3,251
2026-01-14 11:45,976.0360860386992,0,439.4143223,0,0,0,0,1035.4986509026785,982.1445301732928,0,1500,0,48.80180430193496,0,21.97071612,0,0,0,0,82.83989207221428,78.57156241386342,0,100,0,21,16,21,21,16,21,21,25,25,17,25,,21.000000000000004,20.745488749986137,21,22.15465025305466,22.138995482626488,22.279140007385458,23.688452410677268,25,25,23.85690641232729,23.222013499343543,,2.6,315
2026-01-14 12:00,973.6216847838424,0,494.2795499404056,0,0,0,0,1009.6666322798848,959.1209999146232,0,1500,0,48.68108423919212,0,24.71397749702028,0,0,0,0,80.77333058239078,76.72967999316985,0,100,0,21,16,21,21,16,21,21,25,25,17,25,,21.000000000000004,20.68123300390032,21,22.251293378463068,22.238449819304588,22.380470354703693,23.73673323107308,25,25,23.902538166325648,23.323324633752527,,2.5,170
2026-01-14 12:15,971.2530085866184,0,472.0736251327362,0,0,0,0,968.9929333,920.5431348174388,0,1500,0,48.56265042933092,0,23.60368125663681,0,0,0,0,77.51943466224272,73.64345079,0,100,0,21,16,21,21,16,21,21,25,25,17,25,,21,20.70277724602244,21,22.31514289603027,22.302380908451912,22.44170844263568,23.764093212788527,25,25,23.92588323,23.392261155159684,,2.5,170
2026-01-14 12:30,968.0766776225936,2000,2000,0,1250,0,714.2316364462035,932.8473577242046,0,0,1500,0,48.40383388112968,100,100,0,100,0,71.42316364462035,74.62778861793637,0,0,100,0,21,24.9,24.960000000000004,21.99,24.9,21,24.960000000000004,25,21.04,17,25,,21.000000000000004,20.71174753498312,21.000000000000004,22.40760000062461,22.397870845221288,22.53945604933533,23.803054022712157,25,25,23.962721690797363,23.48902594,,2.5,163
2026-01-14 12:45,964.3357692972156,1568.652848808068,1510.246520760411,0,1249.9999999999998,0,673.8345369995234,873.1795453255702,0,0,1500,0,48.21678846486078,78.43264244,75.51232603802055,0,99.99999999999997,0,67.38345369995234,69.85436362604561,0,0,100,0,21,24.999999999999996,24.999999999999996,22,24.999999999999996,21,24.999999999999996,24.999999999999996,21,16.999999999999996,24.999999999999996,,21,23.26779924693087,23.21569937875943,22.70800479314704,23.62679787772912,22.870880834692013,24.95516678594634,25,24.07798151247532,23.99747939252631,23.79244564,,2.8,241
2026-01-14 13:00,954.1253143057984,0,0,0,1250,0,618.7395727363339,806.1406582751588,0,0,1500,0,47.706265715289916,0,0,0,100,0,61.873957273633394,64.49125266,0,0,100,0,21,17.09,17.09,22,25,21,25,25,21,17,25,,21,24.870258637909124,24.894874917949934,23.36157517220634,24.314314139337725,23.56924673209957,25,24.999999999999996,24.093203451711968,24.05649025048661,24.446441861799077,,2.3,323
2026-01-14 13:15,944.5532036396698,0,0,0,1139.8580326304018,0,580.2529297689316,760.3445723496752,0,0,1202.5820314445828,0,47.22766018198349,0,0,0,91.18864261043214,0,58.02529297689316,60.827565787974024,0,0,80.17213542963884,0,21,17,17,22,25,21,25,25,21,17,25,,21,23.70196560886377,23.79893789025035,23.81747398,24.772061136684783,24.02645040065296,25,25,24.15539922124029,24.12793610044625,24.90682546971758,,2.7,318
2026-01-14 13:30,936.0894692321028,2000,2000,0,943.9991344014828,0,548.0450102,721.0468069727176,0,0,993.8569393859556,0,46.80447346160514,100,100,0,75.51993075211863,0,54.80450102332931,57.683744557817406,0,0,66.25712929239704,0,21,24.91,24.91,22,25,21,25,25,21,17,25,,21,22.462739485162704,22.51274931,24.10971472062809,24.990914029558496,24.321070429656142,25,25,24.19665783633407,24.17568488941386,25,,2.9,326
2026-01-14 13:45,928.04175,1319.0988381534364,1264.579373,0,855.9256176740383,0,524.1271294632279,692.0975812747944,0,0,901.8342197865016,0,46.402087497888495,65.95494190767182,63.22896866,0,68.47404941392307,0,52.41271294632279,55.36780650198355,0,0,60.12228131910011,0,21,25,25,22,25,21,25,25,21,17,25,,21,23.969383715805662,23.880777449700243,24.26425011225127,25,24.466681549791414,25,25,24.23284972751784,24.216667123904063,25,,2.8,273
2026-01-14 14:00,924.9282946730636,1028.2705144288484,940.8773445029728,0,816.4011723926887,0,509.9699908982857,676.7393089,0,0,857.2514007753343,0,46.24641473365318,51.41352572144242,47.043867225148645,0,65.31209379,0,50.99699908982857,54.139144708260716,0,0,57.15009338502229,0,21,25,25,22,25,21,25,25,21,17,25,,21,24.955368374935198,24.96989198285056,24.333002267706355,25,24.528083012062105,25,25,24.26122335227403,24.24859887484453,25,,2.5,155
2026-01-14 14:15,920.9836215658196,1078.9018579533586,959.4018527,0,798.0580899267516,0,502.7058692258488,670.7680282494221,0,0,827.8451220445422,0,46.04918107829098,53.94509289766793,47.97009263,0,63.84464719414012,0,50.27058692258488,53.661442259953766,0,0,55.189674802969485,0,21,25,25,22,25,21,25,25,21,17,25,,21,25,25,24.365987420301835,25,24.553131434274032,25.000000000000004,25,24.277468489740823,24.267493727891683,25,,2.3,149
2026-01-14 14:30,0,1006.2734739643806,902.9045182245816,0,886.6444312486819,0,561.6631371510435,0,0,0,0,0,0,50.313673698219034,45.145225911229076,0,70.93155449989456,0,56.16631371510436,0,0,0,0,0,16.06,24.999999999999996,24.999999999999996,22,24.999999999999996,21,24.999999999999996,18.079999999999995,21,20.96,16.1,,21,25,25,24.38389898408756,25,24.564527503199937,25,25,24.28673099,24.278885664958302,25,,2.3,221
2026-01-14 14:45,0,976.5421655949224,866.4274874962343,0,1098.585034,0,698.3626049700421,0,0,0,0,0,0,48.82710827974612,43.32137437481172,0,87.88680273583759,0,69.8362605,0,0,0,0,0,15.999999999999998,24.999999999999996,24.999999999999996,22,24.999999999999996,21,24.999999999999996,18,21,21,15.999999999999998,,19.137666046208132,24.999999999999996,24.999999999999996,24.32851987759172,24.999999999999996,24.49319801359369,25,24.215100182323937,24.19247887956576,24.18482196731627,24.36252974301834,,2.1,176
2026-01-14 15:00,0,953.7875670825816,839.6599678134444,0,1148.0649820486506,0,740.1299446589346,0,0,0,0,0,0,47.68937835412908,41.98299839067222,0,91.84519856389204,0,74.01299446589346,0,0,0,0,0,16,25,25,22,25,21,25,18,21,21,16,,17.564132001811583,24.999999999999996,24.999999999999996,24.170357824487255,24.999999999999996,24.322309330350546,24.999999999999996,23.94021068048093,23.951474241123535,23.94411384260253,24.17821645242705,,2,82
2026-01-14 15:15,0,936.4264170054304,819.0945092114489,0,1152.4782368403758,0,748.7374664984527,0,0,0,0,0,0,46.82132085027152,40.95472546057245,0,92.19825894723006,0,74.87374664984527,0,0,0,0,0,16,25,25,22,25,21,25,18,21,21,16,,17.194552543242473,25,25,24.130981705872685,25,24.280111510794452,25,23.847973676475497,23.86875639384239,23.862757592928265,24.13240489087748,,1.6,76
2026-01-14 15:30,0,914.1194061338464,797.9765152036343,0,1152.9068568656005,0,752.7365721807255,0,0,0,0,0,0,45.705970306692315,39.898825760181715,0,92.23254854924805,0,75.27365721807254,0,0,0,0,0,16,25,25,22,25,21,25,18,21,21,16,,17.15480748069422,25,25,24.129088532453743,25,24.275245589876125,25,23.82093066463233,23.847841626425872,23.84297684400192,24.12652947195649,,1.2,103
2026-01-14 15:45,0,890.2755048427207,781.5058025926774,0,1146.8680801292794,0,755.4582084609483,0,0,0,0,0,0,44.513775242136035,39.07529012963387,0,91.74944641034236,0,75.54582084609484,0,0,0,0,0,16,25,25,22,25,21,25,18,21,21,16,,17.06009879,25,25,24.129877737570357,24.999999999999996,24.273174405716794,25,23.80325628684748,23.839088014248315,23.83524032,24.13184679981441,,0.9,65
2026-01-14 16:00,0,856.8837900514627,766.5428621879182,0,1139.982324312543,0,758.0778582928651,0,0,0,0,0,0,42.84418950257314,38.32714310939591,0,91.19858594500343,0,75.80778582928652,0,0,0,0,0,16,25,25,22,25,21,25,18,21,21,16,,16.915915629490673,25,25,24.135119156440723,25.000000000000007,24.276394230072487,25.000000000000004,23.78885212938479,23.835988025294988,23.83310011580605,24.14878200190433,,1.4,5
2026-01-14 16:15,0,879.3602968277628,753.7454874188988,0,1127.928894166369,0,760.3629700827714,0,0,0,0,0,0,43.96801484138814,37.68727437094494,0,90.23431153330952,0,76.03629700827715,0,0,0,0,0,16,25,25,22,25,21,25,18,21,21,16,,16.79341799230129,25,25,24.14252771034109,25,24.281422419864786,25,23.776657136986994,23.842513721138133,23.84048054697241,24.18322570899005,,1.2,4
2026-01-14 16:30,0,0,0,0,0,0,0,0,0,0,0,0,0,0,0,0,0,0,0,0,0,0,0,0,16,22.03,16.1,22,21.04,21,16.1,18,21,18.03,16,,16.68580068519605,25,25,24.153602122330746,25,24.293340006629272,25,23.76656535848644,23.822746483225103,23.82113723804865,24.15873145918636,,1.1,0
2026-01-14 16:45,0,0,0,0,0,0,0,0,0,0,0,0,0,0,0,0,0,0,0,0,0,0,0,0,16,22,16,22,21,21,16,18,21,18,16,,16.591105923816958,23.955987769812246,24.028546300299706,24.083480275271576,24.097036150371306,24.20993176846611,23.74244127904528,23.684131603281283,23.732474787452205,23.730292422146704,24.065357664300706,,0.8,0
2026-01-14 17:00,0,0,0,0,0,0,0,0,0,0,0,0,0,0,0,0,0,0,0,0,0,0,0,0,16,22,16,22,21,21,16,18,21,18,16,,16.49423564460954,23.02273565206638,23.08993937922268,23.811068535388703,23.791075097990475,23.915853081912367,23.40901492184802,23.412108508222158,23.456856844262862,23.453393306350115,23.786160524706737,,1.2,0
2026-01-14 17:15,0,0,0,0,0,0,0,0,0,0,0,0,0,0,0,0,0,0,0,0,0,0,0,0,16,22,16,22,21,21,16,18,21,18,16,,16.40296440108379,22.47755841,22.546156839225112,23.61919065216056,23.59671959896756,23.719306055202036,23.214856503706336,23.22107618751136,23.264449252371136,23.26131981733309,23.589710876521572,,1.1,0
2026-01-14 17:30,0,145.7962840404798,0,0,0,0,0,0,0,0,0,0,0,7.289814202,0,0,0,0,0,0,0,0,0,0,16,22,16,22,21,21,16,18,21,18,16,,16.309155405682382,22.12504409037761,22.19024792672206,23.47679742800244,23.45126712162353,23.57156111,23.073229710129745,23.083241132248755,23.12562486570335,23.122673658899625,23.44391954825733,,1,0
2026-01-14 17:45,0,307.8541429554971,0,0,0,0,0,0,0,0,0,0,0,15.392707147774853,0,0,0,0,0,0,0,0,0,0,16,22,16,22,21,21,16,18,21,18,16,,16.231237656096823,22,21.962090390692097,23.37010104445516,23.343154523907536,23.46345065019476,22.96532421,22.979476003508356,23.021285924594658,23.01879197373614,23.334232517308894,,0.8,0
2026-01-14 18:00,0,389.1731733041852,0,0,0,0,0,0,0,0,0,0,0,19.45865866520926,0,0,0,0,0,0,0,0,0,0,16,22,16,22,21,21,16,18,21,18,16,,16.162875215732317,22,21.88484444,23.30166601665233,23.27428776482807,23.395568705544324,22.89698696065943,22.91478176761468,22.95643586814288,22.954616681076867,23.263045126496284,,1.3,0
2026-01-14 18:15,0,432.1752572898222,0,0,0,0,0,0,0,0,0,0,0,21.60876286449111,0,0,0,0,0,0,0,0,0,0,16,22,16,22,21,21,16,18,21,18,16,,16.09965615349706,22,21.86215951337409,23.23073370052573,23.201986140148755,23.32226542674297,22.82518443399419,22.845099684419964,22.886216874210277,22.884675219900487,23.189906858019256,,1.3,0
2026-01-14 18:30,2000,474.8388246536463,0,0,0,0,0,0,942.0870679729304,0,0,0,100,23.741941232682315,0,0,0,0,0,0,75.36696543783444,0,0,0,23.91,22,16,22,21,21,16,20.97,23.969999999999995,18,16,,16.039283322720177,22,21.84581268768145,23.16289384500178,23.133725113332623,23.253990922268606,22.75866606227205,22.78050252,22.821296954251597,22.82028537752554,23.120182222838014,,1.2,0
2026-01-14 18:45,2000,496.6937842431244,0,0,0,0,0,0,846.1641520257726,0,0,0,100,24.83468921215622,0,0,0,0,0,0,67.69313216206181,0,0,0,24,22,16,22,21,21,16,21,24,18,16,,19.78853633926358,22,21.82999868345972,22.85782109,22.818589893304527,22.918680795112486,22.85538015117988,22.88386247442894,23.92988704033716,22.92849803608408,22.815558304031995,,1.1,0
2026-01-14 19:00,2000,515.7910564573482,0,0,0,0,0,0,839.5749090937206,0,0,0,100,25.789552822867407,0,0,0,0,0,0,67.16599272749765,0,0,0,24.000000000000004,22,16,22,21,21,16,21,24.000000000000004,18,16,,21.20428392696549,22,21.82046010842208,22.53207298,22.491650060102163,22.581191531218607,22.99279706038996,23.027172711220302,24,23.07429551638804,22.49057431220436,,1.2,0
2026-01-14 19:15,2000,533.2092420741319,0,0,0,0,0,0,848.7687020538857,0,0,0,100,26.660462103706596,0,0,0,0,0,0,67.90149616431086,0,0,0,24,22,16,22,21,21,16,21,24,18,16,,22.47755288856081,22,21.811093903642394,22.36795237905568,22.330469301147588,22.420686077119825,22.996253240935037,23.031765652553663,24.000000000000004,23.07810978903212,22.32592014516057,,1.1,0
2026-01-14 19:30,2000,549.5236730857287,0,0,0,0,0,0,857.0238907616949,0,0,0,100,27.476183654286434,0,0,0,0,0,0,68.56191126093559,0,0,0,24,22,16,17.06,21,21,16,21,24,22.94,16,,23.232040097126145,22,21.801856461873207,22.27662260980631,22.24073836659886,22.332162743959344,22.97906628196445,23.01581335,24,23.062212592701115,22.233630182636624,,1,0
2026-01-14 19:45,1909.5067761459777,563.1879947739908,0,0,0,0,0,0,864.6111592989546,0,0,0,95.47533880729888,28.15939973869954,0,0,0,0,0,0,69.16889274391637,0,0,0,24,22,16,17,21,21,16,21,24,23,16,,23.755678663069773,22,21.79323886643413,22.21982691,22.18464071076757,22.27754322719693,22.963442925179496,23.00144520846866,24,23.048130055373043,22.175716315959864,,0.9,0
2026-01-14 20:00,1799.8503812124218,576.9926974,0,0,0,0,0,0,868.0102058970479,0,0,0,89.99251906062109,28.84963487120185,0,0,0,0,0,0,69.44081647176382,0,0,0,24,22,16,17,21,21,16,21,24,23,16,,24,22,21.785641818795384,22.18256428435073,22.14770618721065,22.242028953622885,22.950705820945128,22.98987975824222,24,23.036053884670256,22.136107157721582,,0.9,0
2026-01-14 20:15,1767.1295305206731,591.1156194287214,0,0,0,0,0,0,875.5562011053698,0,0,0,88.35647652603366,29.55578097143607,0,0,0,0,0,0,70.04449608842958,0,0,0,24,22,16,17,21,21,16,21,24,23,16,,24,22,21.778276006940448,22.15885611867978,22.12418565278754,22.220414200961816,22.94134350191916,22.981699207010063,24,23.02890768784833,22.111959408916324,,0.9,0
2026-01-14 20:30,1710.1594188911968,609.1927079844609,0,0,0,0,0,0,892.7936755835472,5.1044616352492085,1500,0,85.50797094455984,30.459635399223043,0,0,0,0,0,0,71.42349404668377,0.4083569308199367,100,0,24,22,20.94,17,21,21,20.94,21,24,23,23.91,,24,22,21.77121282873448,22.13007631172284,22.095003184582065,22.192368672240267,22.929309853124494,22.970630647765475,24,23.01841094571692,22.082417114518123,,0.8,0
2026-01-14 20:45,1675.929537096481,618.6799792078746,0,0,0,0,0,0,892.1164123045564,4.518779373087455,1500,0,83.79647685482405,30.93399896039373,0,0,0,0,0,0,71.36931298436451,0.36150234984699636,100,0,24,22,21,17,21,21,21,21,24,23,24,,24,22,21.763477039609523,22.170903692556063,22.13981215195151,22.24553739733297,22.90816378315037,22.950070947397663,24,23.00287941,23.193505770592157,,0.8,0
2026-01-14 21:00,1650.7745445274304,627.7551990778811,0,0,0,0,0,0,893.1838393791331,6.922748128574312,1500,0,82.53872722637153,31.387759953894054,0,0,0,0,0,0,71.45470715033065,0.55381985,100,0,24,22,21,17,21,21,21,21,24,23,24,,24,22,21.757793052885223,22.37980970882133,22.35241886,22.47271199,22.90305191467165,22.94614174430217,24,23,23.47531981033153,,1,0
2026-01-14 21:15,1631.0716436844232,636.9007003154693,0,0,0,0,0,0,884.8947792,0,1500,0,81.55358218422116,31.845035015773465,0,0,0,0,0,0,70.79158233695576,0,100,0,24,22,21,17,21,21,21,21,24,23,24,,24,22,21.75270994,22.457658084829006,22.42502321474137,22.54366741005964,22.899154946291805,22.943217797977365,24,23,23.50712498,,0.9,0
2026-01-14 21:30,1181.2322025063722,648.9093642150583,0,0,0,0,0,0,876.7685243082633,0.2637031247868435,1500,0,59.061610125318616,32.445468210752914,0,0,0,0,0,0,70.14148194466107,0.021096249982947478,100,0,23.01,22,19.02,17,21,21,21,21,24,23,24,,24,22,21.747749635405704,22.53767747556504,22.50805395178767,22.63585527729923,22.903732411377536,22.94901004783609,24,22.999840755435777,23.594787391368648,,0.8,0
2026-01-14 21:45,1486.8795718595793,654.9486862406266,0,0,0,0,0,0,866.5765879554056,0,1500,0,74.34397859297897,32.74743431203133,0,0,0,0,0,0,69.32612703643244,0,100,0,23,22,19,17,21,21,21,21,24,23,24,,23.0075552,22,21.74238136824773,22.677504738928555,22.650988161209305,22.788965517383076,22.909113009915277,22.95551728793505,24,23.00688133944771,23.73915518831668,,0.7,0
2026-01-14 22:00,1338.708788349648,0,0,0,0,0,0,0,862.6506866524123,0,1500,0,66.93543941748241,0,0,0,0,0,0,0,69.01205493,0,100,0,23,21.01,20.98,17,21,21,21,21,24,23,24,,23,22,21.738492643283607,22.817077439522304,22.790049630664065,22.933585635336424,22.917390772930165,22.964875185610893,24,23.016771976041305,23.87952174776876,,0.9,0
2026-01-14 22:15,1350.111914906729,0,0,0,0,0,0,0,856.9502195002133,0,1438.7593739629228,0,67.50559574533645,0,0,0,0,0,0,0,68.55601756001707,0,95.91729159752819,0,23,21,21,17,21,21,21,21,24,23,24,,23,21.485056615987045,21.613009227706662,22.892039390653547,22.865364421373343,23.010871088146175,22.921673647687943,22.969836768063487,24,23.02036191340206,23.95406380925718,,0.8,0
2026-01-14 22:30,1356.977987133796,1201.1786207814098,0,0,0,0,0,0,0,38.31700041813625,1331.1144617964867,0,67.84889936,60.058931039070494,0,0,0,0,0,0,0,3.0653600334509004,88.74096411976578,0,23,21.99,19.02,17,21,21,21,21,17.08,23,24,,23,21.16702049756829,21.21295415666262,22.978976697889838,22.95288477998205,23.10294728521184,22.92593173410884,22.974866227711544,24,23.02559391959779,24,,0.8,0
2026-01-14 22:45,1361.0221434419218,744.7004274211649,0,0,0,0,0,0,0,209.1132503961853,1267.0981341915867,0,68.05110717,37.235021371058245,0,0,0,0,0,0,0,16.72906003169482,84.47320894610579,0,23,22,19,17,21,21,21,21,17,23,24,,23,21.99,21.39932895650588,23.05670544973224,23.030966705998523,23.185477788423288,22.88890978142553,22.93658220617933,23.064415450002198,23.02043563208074,24,,0.8,0
2026-01-14 23:00,1362.5087350849462,733.1227558929895,0,0,0,0,0,0,0,285.66800851147855,1242.2908935622472,0,68.12543675424732,36.656137794649474,0,0,0,0,0,0,0,22.853440680918283,82.81939290414981,0,23,22,19,17,21,21,21,21,17,23,24,,23,22,21.66927302644972,23.10640251519614,23.07965738982392,23.236045395668167,22.691812774004408,22.734368001357083,22.812892410783192,23,24,,0.6,0
2026-01-14 23:15,1362.9708756811233,692.9904713399228,0,0,0,0,0,0,0,334.35948570823166,1234.751919008646,0,68.14854378405616,34.64952356699614,0,0,0,0,0,0,0,26.748758856658533,82.3167946,0,23,22,19,17,21,21,21,21,17,23,24,,23,22,21.727277799314585,23.12605724569293,23.098230077925106,23.25537912546597,22.59445090317165,22.63675601,22.72645698591952,23,24,,0.6,0
2026-01-14 23:30,1362.862125701141,697.8943820498807,0,1500,0,0,0,0,0,0,1074.2054819349523,0,68.14310628505704,34.894719102494044,0,100,0,0,0,0,0,0,71.61369879566348,0,23,22,19,24.91,21,21,21,21,17,17.07,24,,23,22,21.72259636501478,23.13160670403912,23.10314381,23.260949734635677,22.54236159776145,22.584118884055624,22.66076251491363,23,24,,0.6,0
2026-01-14 23:45,1362.3440300644324,697.8447166882106,0,1500,0,0,0,0,0,0,725.0622956655316,0,68.11720150322161,34.89223583441053,0,100,0,0,0,0,0,0,48.337486377702106,0,23,22,19,25,21,21,21,21,17,17,24,,23,22,21.71866599732335,24.30768301692784,23.215407464511305,23.38403197911776,22.440442665153604,22.4796005,22.54888858346863,22.543948894004288,24,,0.6,0
2026-01-15 0:00,1361.595316493827,696.1247223155151,0,1500,0,0,0,0,0,0,616.9402465397361,0,68.07976582469135,34.806236115775754,0,100,0,0,0,0,0,0,41.12934976931574,0,23,22,19,25,21,21,21,21,17,17,24,,23,22,21.71860036017688,24.61488644422156,23.477515965952712,23.65819793292485,22.28908612242798,22.32534284279912,22.39003909362836,22.372640895037065,24,,0.6,0
2026-01-15 0:15,1360.5316485567764,695.2080672474367,0,1500,0,0,0,0,0,0,570.6658718941835,0,68.02658242783882,34.76040336237183,0,100,0,0,0,0,0,0,38.044391459612235,0,23,22,19,25,21,21,21,21,17,17,24,,23.000000000000004,22,21.719248265034075,24.700142129112404,23.56903324223914,23.747947910402832,22.22900586871345,22.26598395774085,22.328822135700804,22.320161099456183,24,,0.6,0
2026-01-15 0:30,1359.3274474475693,0,0,1500,0,0,0,0,0,0,0,0,67.96637237237846,0,0,100,0,0,0,0,0,0,0,0,23,21.01,19,25,21,21,21,21,17,17,21.03,,23,22.000000000000004,21.72009297979224,24.74757939,23.601611691310023,23.78404791744033,22.186323673486427,22.22308833166661,22.283706908906552,22.27334605427658,24,,0.6,0
2026-01-15 0:45,1358.063536957803,0,0,1500,0,0,0,0,0,0,0,0,67.90317684789015,0,0,100,0,0,0,0,0,0,0,0,23,21,19,25,21,21,21,21,17,17,21,,23,21.460514084115385,21.593074074688055,24.801555133412265,23.649393977181376,23.834601565563226,22.147843815874605,22.18458053383302,22.243414188878155,22.233721111359102,23.640690734470876,,0.4,0
2026-01-15 1:00,1360.7302819560682,117.28800164590577,0,1500,0,0,0,0,0,0,0,0,68.03651409780342,5.864400082295289,0,100,0,0,0,0,0,0,0,0,23,21,19,25,21,21,21,21,17,17,21,,23,21.133676979445497,21.18081958056648,24.778622174703955,23.62023055546652,23.80243155801368,22.099210225023487,22.135795675832405,22.193122828994063,22.18475937043827,23.59868471292801,,0.4,0
2026-01-15 1:15,1363.5322607572998,296.6633539919967,0,1500,0,0,0,0,0,0,0,0,68.17661304,14.833167699599835,0,100,0,0,0,0,0,0,0,0,23,21,19,25,21,21,21,21,17,17,21,,23,21,20.94260815081268,24.752626917974624,23.59079966629055,23.772899225598177,22.05906753724404,22.09568413967464,22.151792871915013,22.144657900732764,23.567655004877444,,0.2,0
2026-01-15 1:30,0,356.3223267943124,0,1499.9999999999986,0,0,0,0,0,0,0,0,0,17.81611633971562,0,100,0,0,0,0,0,0,0,0,17.069999999999986,20.99999999999998,18.99999999999998,24.99999999999998,20.99999999999998,20.99999999999998,20.99999999999998,17.039999999999985,16.999999999999982,16.999999999999982,20.99999999999998,,23,21,20.887811604725496,24.75200647033564,23.587962987362463,23.771443477402205,22.035243121250783,22.072309601345665,22.12758558405032,22.12167726349156,23.55695429524059,,-0.2,0
2026-01-15 1:45,0,368.4886491934435,0,1499.999999999998,0,0,0,0,0,0,0,0,0,18.424432459672175,0,99.99999999999986,0,0,0,0,0,0,0,0,16.999999999999975,20.999999999999968,18.999999999999968,24.999999999999968,20.999999999999968,20.999999999999968,20.999999999999968,16.999999999999975,16.999999999999975,16.999999999999975,20.999999999999968,,20.311803060902804,20.99999999999998,20.879077077749645,24.69166411483176,23.52260520774449,23.70182651818933,21.945652527449692,21.980703847084285,22.03393909692456,22.02821684759881,23.49180497464122,,-0.8,0
2026-01-15 2:00,0,379.2503809,0,1500,0,0,0,0,0,0,0,0,0,18.962519045790998,0,100,0,0,0,0,0,0,0,0,17,21,19,25,21,21,21,17,17,17,21,,17.955335461991158,20.999999999999968,20.87445841,24.60179460368332,23.430132251610395,23.606644014830728,21.82378987647133,21.856884125143303,21.90841132054181,21.903399639843894,23.398657628140647,,-1,0
2026-01-15 2:15,0,388.57779323904833,0,1500,0,0,0,0,0,0,0,0,0,19.428889661952418,0,100,0,0,0,0,0,0,0,0,17,21,19,25,21,21,21,17,17,17,21,,17.42725697276105,21,20.870233720719504,24.55110214853626,23.37800789323365,23.55498997551741,21.75861524723317,21.79146466515068,21.842374792925035,21.83832079067612,23.344682696465146,,-1.3,0
2026-01-15 2:30,0,398.0872792061164,0,1500,0,0,0,0,0,0,0,0,0,19.904363960305822,0,100,0,0,0,0,0,0,0,0,17,21,19,25,21,21,21,17,20.96,17,21,,17.273133591027054,21,20.866438059245464,24.52939085963189,23.35546897117965,23.534449791361297,21.726210130247416,21.75966728203038,21.810431348878108,21.80737564,23.31974340967865,,-1.7,0
2026-01-15 2:45,139.26066404536323,407.9365914510017,0,1500,0,0,0,0,0,0,0,0,6.963033202268162,20.396829572550082,0,100,0,0,0,0,0,0,0,0,17,21,19,25,21,21,21,17,21,17,21,,17.03253867682085,21,20.86250913504153,24.52192560451068,23.34699415406245,23.528118496215995,21.712286718195912,21.74664906,21.79741425,21.795322086338675,23.309132901939385,,-2.1,0
2026-01-15 3:00,180.635834,0,0,1500,0,0,0,0,0,0,0,0,9.031791698,0,0,100,0,0,0,0,0,0,0,0,17,17.04,17.02,25,21,21,21,17,21,17,21,,17,21.000000000000004,20.858596199009707,24.506612112409297,23.330093647496863,23.51247093429925,21.68766268743562,21.72237505205504,21.772859622928053,21.77143451927658,23.290872525480843,,-2.2,0
2026-01-15 3:15,237.8801027055315,0,0,1500,0,0,0,0,0,0,0,0,11.894005135276576,0,0,100,0,0,0,0,0,0,0,0,17,17,17,25,21,21,21,17,21,17,21,,17,20.667995027540528,20.77023646358025,24.489692915768316,23.311440142122898,23.495882832701163,21.66009789067068,21.695240938128634,21.74560897021425,21.744897164012748,23.27066241,,-2.4,0
2026-01-15 3:30,290.0088556641124,661.5516160060725,0,0,0,0,0,0,0,1018.418648583586,0,0,14.500442783205619,33.07758080030363,0,0,0,0,0,0,0,81.47349188668689,0,0,17,20.96,18.98,21.04,21,21,21,17,21,22.93,21,,17,20.43977959339238,20.489682367668525,24.462664052662188,23.28264766864529,23.46897548390813,21.61965802528133,21.654951227460995,21.705170666587595,21.705089661782047,23.24049832905061,,-3,0
2026-01-15 3:45,337.4523457991472,507.5402593557046,0,0,0,0,0,0,0,903.0829992989966,0,0,16.87261728995736,25.37701296778523,0,0,0,0,0,0,0,72.24663994391973,0,0,17,21,19,21,21,21,21,17,21,23,21,,17,20.96,20.659920245174924,23.223850206574017,23.094902494783057,23.268630273993427,21.69951359532285,21.739353831675835,21.791779400813937,22.882950444482645,23.06079908003824,,-3.5,0
2026-01-15 4:00,374.5867019002426,481.9987574334336,0,0,0,0,0,0,0,858.8336143589477,0,0,18.729335095012132,24.099937871671678,0,0,0,0,0,0,0,68.70668914871581,0,0,17,21,19,21,21,21,21,17,21,23,21,,17,21,20.803867377237005,22.81391975058272,22.742088271965528,22.903170452569807,21.892185858516086,21.93821796294285,21.992860567827943,23,22.71345858730662,,-3.8,0
2026-01-15 4:15,408.2716509699221,483.7125505754775,0,0,0,0,0,0,0,834.1309983198225,0,0,20.413582548496105,24.185627528773875,0,0,0,0,0,0,0,66.73047987,0,0,17,21,19,21,21,21,21,17,21,23,21,,17,21,20.83082282967419,22.63522408304558,22.560378639756955,22.719481533553346,21.9439803,21.990837040732337,22.045111072931363,23,22.529375701237875,,-4.2,0
2026-01-15 4:30,438.9607473802971,491.60021339486593,0,0,0,0,0,0,0,827.6194598190614,0,0,21.948037369014855,24.580010669743295,0,0,0,0,0,0,0,66.20955678552491,0,0,17,21,19,21,21,21,21,17,21,23,21,,17,21,20.82926130566057,22.46243537404642,22.393679190279972,22.54980974885469,21.963241835911848,22.01116485768821,22.065365222412645,23,22.36327297010496,,-4.8,0
2026-01-15 4:45,467.0124195823455,500.6644837,0,0,0,0,0,0,0,829.8691143630676,0,0,23.350620979117274,25.03322419,0,0,0,0,0,0,0,66.38952914904542,0,0,17,21,19,21,21,21,21,17,21,23,21,,17,21,20.82518076227968,22.30369849504315,22.23665394568608,22.38935985420751,21.96454613931032,22.013101566151093,22.06711033472193,23,22.20688350285197,,-5.5,0
2026-01-15 5:00,493.19551224447423,510.3591973328221,0,0,0,0,0,0,0,838.6851044320374,0,0,24.65977561222371,25.517959866641103,0,0,0,0,0,0,0,67.09480835456299,0,0,17,21,19,21,21,21,21,17,21,23,21,,17,21,20.821059760455604,22.15275265773685,22.086816024256656,22.23652336791686,21.957553096819908,22.00662414277234,22.06041339992236,23,22.057582402413384,,-6.1,0
2026-01-15 5:15,523.7938716843782,520.2397646252848,0,0,0,0,0,0,0,852.2396838440945,0,0,26.18969358421891,26.01198823126424,0,0,0,0,0,0,0,68.17917470752757,0,0,17,21,19,21,21,21,21,17,21,23,21,,17,21,20.81669164116514,22.008783783012436,21.94344003576007,22.09089714574249,21.94418829072184,21.99369391207028,22.04722685304641,23,21.91459034733048,,-6.1,0
2026-01-15 5:30,1963.736936696479,394.5282187375201,202.8339336404273,0,0,0,0,1249.9999999999989,0,603.7712183235226,0,0,98.18684683482395,19.726410936876004,10.141696682021363,0,0,0,0,100,0,48.30169746588181,0,0,20.959999999999983,20.99999999999998,20.979999999999976,20.99999999999998,20.99999999999998,20.99999999999998,20.99999999999998,24.90999999999997,20.99999999999998,22.99999999999997,20.99999999999998,,17.000000000000004,21,20.812300240869547,21.870346794702066,21.805272158724183,21.95130745154393,21.92601977947776,21.97592820670844,22.029202292121383,23,21.77673760942281,,-6.2,0
2026-01-15 5:45,1895.915530437902,369.6272055,216.93915915572143,0,0,0,0,1250,0,370.0247878730508,0,0,94.79577652189509,18.48136028,10.84695795778607,0,0,0,0,100,0,29.601983029844064,0,0,21,21,21,21,21,21,21,25,21,23.000000000000004,21,,19.708579570502263,20.99999999999998,20.979999999999976,21.611718748772304,21.541972028995488,21.67643638563379,22.15912060603472,23.511720629732977,22.27554579433557,22.99999999999998,21.52031206448777,,-6.4,0
2026-01-15 6:00,1642.044428671143,371.6143413843674,219.17331312651004,0,0,0,0,1250,0,354.75383472474823,0,0,82.10222143355715,18.58071706921837,10.958665656325502,0,0,0,0,100,0,28.380306777979857,0,0,21,21,21,21,21,21,21,25,21,23,21,,20.797384434787343,21,21,21.405290784209143,21.336092613771623,21.469333715643952,22.409734600234767,23.820528132906656,22.53482261540366,23.000000000000004,21.31391731643285,,-6.6,0
2026-01-15 6:15,1615.5775548665015,377.1987536392135,223.9162589759526,0,0,0,0,1250,0,349.6876564,0,0,80.77887774332508,18.859937681960677,11.195812948797629,0,0,0,0,100,0,27.97501250831512,0,0,21,21,21,21,21,21,21,25,21,23,21,,21,21,21,21.319726641119097,21.25371066056376,21.392035593888856,22.44428776691737,23.870753415733653,22.567293849025287,23,21.22754464875009,,-6.9,0
2026-01-15 6:30,1570.3168980133903,382.7326899038162,228.2942434750585,0,0,0,0,1250,0,350.0735347,0,0,78.51584490066952,19.136634495190812,11.414712173752925,0,0,0,0,100,0,28.005882776808722,0,0,21,21,21,21,21,21,21,25,21,23,21,,21,21,21,21.271477858343083,21.20621757846253,21.346097024569687,22.44871913273137,23.88782195646239,22.57206489995285,23,21.17907982,,-7.2,0
2026-01-15 6:45,1548.7503797382617,388.1841445120117,232.4258980209379,0,0,0,0,1250,0,352.58186175456285,0,0,77.43751898691309,19.409207225600586,11.621294901046895,0,0,0,0,100,0,28.20654894036503,0,0,21,21,21,21,21,21,21,25,21,23,21,,21,21,21,21.22278907496077,21.158162158753456,21.300057522898115,22.450053005189275,23.89945267501507,22.573298030632387,23,21.129942324977712,,-7.5,0
2026-01-15 7:00,1534.3919983538726,393.2442341246169,236.8505018225624,0,0,0,0,1250,0,355.50924147087426,0,0,76.71959991769363,19.662211706230845,11.84252509112812,0,0,0,0,100,0,28.44073931766994,0,0,21,21,21,21,21,21,21,25,21,23,21,,21.000000000000004,21,21,21.183345549444223,21.118221845497043,21.26238696105216,22.44791829737437,23.905690999907755,22.57131419601837,23,21.089027600653907,,-7.9,0
2026-01-15 7:15,1526.048424958306,398.1848061134114,241.1412999747081,0,0,0,0,1250,0,359.8439003133972,0,0,76.30242125,19.90924030567057,12.057064998735404,0,0,0,0,100,0,28.78751202507178,0,0,21,21,21,21,21,21,21,25,21,23,21,,21,21,21,21.16002567696941,21.09486588663633,21.24187431522692,22.44464526175332,23.909505039824545,22.568320936028968,23.000000000000004,21.064507020044942,,-8.2,0
2026-01-15 7:30,0,402.9899382,245.89461716576335,3.701249458589155,55.03840934031687,0,0,1250,0,0,90.97749011,0,0,20.14949691107715,12.294730858288167,0.24674996390594367,4.403072747225349,0,0,100,0,0,6.065166007444253,0,16.06,21.000000000000004,21.000000000000004,21.000000000000004,21.000000000000004,21.000000000000004,21.000000000000004,25,20.01000000000001,21.02,21.000000000000004,,21,21,21,21.128826686616165,21.062916282351647,21.211458942221803,22.4397244,23.91070197397187,22.563712821219305,23,21.03251465595877,,-8.5,0
2026-01-15 7:45,75.11935711287006,407.6821595191334,249.98694485467357,37.20231384700419,127.30141807555232,0,0,1250.000000000002,0,0,170.4170350402775,0,3.755967855643503,20.38410797595667,12.499347242733679,2.480154256466946,10.184113446044185,0,0,100,0,0,11.361135669351833,0,16.00000000000002,21.00000000000003,21.00000000000003,21.00000000000003,21.00000000000003,21.00000000000003,21.00000000000003,25.00000000000004,20.00000000000003,21.00000000000003,21.00000000000003,,18.002758041966352,21,21,21.037420347004048,21.00635334626836,21.11322043864171,22.32286296927851,23.795347261400742,22.441313740148324,22.497732152600733,21.001664288187698,,-8.8,0
2026-01-15 8:00,222.6611056564761,412.6402488409476,254.0916924428475,57.47713939163987,145.2579950252093,0,0,1250,0,0,189.27971803230685,0,11.133055282823806,20.63201244204738,12.704584622142374,3.8318092927759912,11.620639602016745,0,0,100,0,0,12.618647868820457,0,16,21,21,21,21,21,21,25,20,21,21,,16.46821744686885,21.00000000000003,21.00000000000003,21.00000000000003,21.00000000000003,21.053892961777432,22.14356804110777,23.61644404189988,22.256284426215643,22.295718466721787,21.00000000000003,,-8.9,1
2026-01-15 8:15,288.8886802705201,417.60265658962817,258.11936005503594,66.95794978777849,155.9957339304965,0,0,1250,0,0,201.1178816,0,14.444434013526006,20.880132829481408,12.905968002751797,4.463863319185233,12.47965871443972,0,0,100,0,0,13.407858772707067,0,16,21,21,21,21,21,21,25,20,21,21,,16,21,21,21,21,21.042777739414724,22.067410551971676,23.544294886221053,22.18063984316789,22.216992954014067,21.000000000000004,,-9.2,2
2026-01-15 8:30,315.63744466822754,422.0304930689053,262.3187869162866,76.40965548,164.76894365412954,0,0,1250,0,0,210.5328709,0,15.781872233411377,21.101524653445264,13.115939345814331,5.093977031709073,13.181515492330364,0,0,100,0,0,14.035524729865333,0,16,21,21,21,21,21,21,25,20,21,21,,16,21,21,21,21,21.03787673206269,22.039806145129837,23.52067150551781,22.154089960705495,22.18854170267289,21,,-9.3,40
2026-01-15 8:45,385.23336791255497,426.115748,266.2976639287517,85.48917695011187,173.66438273480162,0,0,1250,0,0,219.94503350835657,0,19.261668395627748,21.3057874,13.314883196437586,5.699278463340791,13.89315061878413,0,0,100,0,0,14.663002233890438,0,16,21,21,21,21,21,21,25,20,21,21,,16,21,21,21,21,21.033722530710563,22.020443039368928,23.50490120357002,22.135350237385158,22.16804350669259,21,,-9.2,57
2026-01-15 9:00,423.42149364245233,429.6950413886261,269.9276530648968,93.76966626169452,181.5229687641149,0,0,1250,0,0,228.13314846975845,0,21.171074682122615,21.484752069431305,13.49638265324484,6.251311084112968,14.521837501129191,0,0,100,0,0,15.208876564650563,0,16,21,21,21,21,21,21,25,20,21,21,,16,21,21,21,21,21.029191783049857,21.999723114243785,23.487504432982757,22.115120793189536,22.14654232976964,21,,-9.6,4
2026-01-15 9:15,456.2590967048509,432.91544459405486,273.3419499140691,101.95181219673032,189.18034675266244,0,0,1250,0,0,236.03628090506757,0,22.812954835242543,21.645772229702743,13.667097495703455,6.796787479782021,15.134427740212995,0,0,100,0,0,15.73575206033784,0,16,21,21,21,21,21,21,25,20,21,21,,16,21,21,21,21,21.025029203332103,21.979374709915188,23.47020973403103,22.09517935896879,22.125620147828705,21,,-9.7,4
2026-01-15 9:30,484.8083072811969,0,517.3667805874852,44.45531199405524,1250,0,0,0,0,0,114.4543282601473,0,24.240415364059846,0,25.86833902937426,2.9636874662703496,100,0,0,0,0,0,7.630288550676487,0,16,17.04,21,21,24.960000000000004,21,21,16.1,20,21,21,,16.000000000000004,21,21,21,21,21.02092774110012,21.958479200543337,23.45207663849887,22.074512579649003,22.104118115166266,21,,-9.8,68
2026-01-15 9:45,518.8495017104578,0,641.3552469810274,0,1250,0,0,0,0,0,0,0,25.942475085522894,0,32.06776234905137,0,100,0,0,0,0,0,0,0,16,17,21,21,25,21,21,16,20,21,21,,16,20.655234812383696,21,21.047654304118872,21.868066053116177,21.12314923107369,21.76236142194671,21.96959099081808,21.868656610999228,21.89421506267572,21.00410125582916,,-9.9,87
2026-01-15 10:00,546.4666957315103,0,657.5215281796336,0,1250,0,0,0,0,0,0,0,27.32333478657551,0,32.87607640898168,0,100,0,0,0,0,0,0,0,16,17,21,21,25,21,21,16,20,21,21,,16,20.591628290649087,21,21.15353159201748,22.01496202353763,21.27966346159954,21.35204208068408,21.467119585415823,21.45391978324949,21.47556204936964,21.04017246623008,,-10,6
2026-01-15 10:15,570.8176564230198,0,669.2903556543042,0,1250,0,48.986658289283696,0,0,0.5281604717583832,0,0,28.54088282115099,0,33.464517782715205,0,100,0,4.898665829,0,0,0.042252838,0,0,16,17,21,21,25,21,21,16,20,21,21,,16,20.587630641957496,21,21.18361757920564,22.038171344007974,21.312440934297868,21.129726585121645,21.247506041613555,21.232418982351472,21.25356054402439,21.062652725114223,,-10.2,7
2026-01-15 10:30,601.6968152502195,0,679.2337939294412,0,1250,0,154.48234927838348,0,0,126.97437111665386,0,0,30.084840762510975,0,33.96168969647206,0,100,0,15.448234927838348,0,0,10.157949689332309,0,0,16,17,21,21,25,21,21,16,20,21,21,,16,20.577520554769304,21,21.19784371743705,22.055242139393684,21.3289965,21,21.03047464220996,21.02814579194473,21.04847661311799,21.074488776266907,,-10.1,108
2026-01-15 10:45,628.2232237691969,0,685.1936894427745,0,1250,0,207.42776709545436,0,0,206.17204163092535,0,0,31.411161188459847,0,34.25968447213872,0,100,0,20.742776709545435,0,0,16.493763330474028,0,0,16,17,21,21,25,21,21,16,20,21,21,,16,20.571727705951787,21,21.20398731,22.062778076795663,21.337200995914174,21,20.84421333954334,20.848281842358706,21,21.07939497596265,,-10,131
2026-01-15 11:00,637.0982158924926,456.2458887824796,507.35457101570864,0,1250,0,227.3231461,0,0,245.96525010609184,0,0,31.85491079462463,22.81229443912398,25.367728550785433,0,100,0,22.73231461,0,0,19.677220008487346,0,0,16,20.96,21,21,25,21,21,16,20,21,21,,16,20.56679239147188,21,21.201969217594694,22.061972538944016,21.336530610984383,21,20.74477249569288,20.754491654362884,21,21.076674053548047,,-10.1,8
2026-01-15 11:15,650.1592228,427.2690767270651,332.1578195255788,0,1250,0,246.7663502186606,0,0,275.6719717055057,0,0,32.507961139424154,21.363453836353255,16.60789097627894,0,100,0,24.67663502186606,0,0,22.053757736440456,0,0,16,21,21,21,25,21,21,16,20,21,21,,16,20.96,21,21.20982433696777,22.093646169162746,21.337077261562477,21,20.70505964120545,20.710482221899547,21,21.10263499389356,,-10.3,8
2026-01-15 11:30,2000,0,581.6011233288982,0,1250,0,0,0,0,356.8369812275005,1500,0,100,0,29.080056166444912,0,100,0,0,0,0,28.54695849820004,100,0,22.92,17.039999999999996,21,21,25,21,16.06,16,20,21,22.98,,16,21,21,21.22032399372362,22.109140211585554,21.348683264014657,21,20.668038219761755,20.67617191982129,21,21.117647124727867,,-10.2,169
2026-01-15 11:45,2000,0,664.0155337134577,0,1249.9999999999998,0,0,0,0,376.3003070605676,1452.9815572650089,0,100,0,33.200776685672885,0,99.99999999999997,0,0,0,0,30.104024564845407,96.86543715100058,0,23,16.999999999999996,21,21,24.999999999999996,21,15.999999999999998,15.999999999999998,20,21,23,,18.404848891591744,20.631712884010454,21,21.47999303230628,22.38184299854809,21.64395809403288,20.535164499985484,20.57842505617091,20.58911630137253,21,22.43342980228092,,-10.1,150
2026-01-15 12:00,2000,0,664.6236941748575,0,1250,0,0,0,0,347.57403854852964,1220.423387502577,0,100,0,33.23118470874287,0,100,0,0,0,0,27.805923083882373,81.36155916683848,0,23,17,21,21,25,21,16,16,20,21,23,,19.443799808771104,20.59200611411269,21,21.97609733082047,22.887345056518622,22.172325876964194,20.48740474978301,20.54782664651566,20.560985216683733,21,22.93628160748142,,-10.2,12
2026-01-15 12:15,2000,0,662.0656861535972,0,1250,0,0,0,0,332.89414261359343,1110.781003370288,0,100,0,33.10328430767986,0,100,0,0,0,0,26.631531409087476,74.05206689135254,0,23,17,21,21,25,21,16,16,20,21,23,,20.142649185143934,20.589436587048485,21,22.19669134038546,23.10521879736538,22.386856297780007,20.50972374233599,20.5729405,20.58846792460416,21,23,,-10.5,12
2026-01-15 12:30,2000,0,658.3789895374448,0,1250,0,0,0,0,326.7706218644216,1046.8634659160853,0,100,0,32.918949476872235,0,100,0,0,0,0,26.14164974915373,69.79089772773902,0,23,17,21,21,25,21,16,16,20,21,23,,20.59262348587369,20.59182619716637,21,22.274508319533915,23.184152277131894,22.460330099746688,20.522466313460463,20.58673712459864,20.604161701086653,21,23,,-10.3,188
2026-01-15 12:45,2000,0,655.9431393644954,0,1250,0,0,0,0,323.5755800631159,1001.5559547389348,0,100,0,32.79715696822477,0,100,0,0,0,0,25.886046405049274,66.77039698259566,0,23,17,21,21,25,21,16,16,20,21,23,,20.934032497432295,20.593738855790896,21,22.315922312450773,23.228408613107817,22.502245528234923,20.525242000175368,20.590114005658307,20.609739928688853,21,23,,-10.1,166
2026-01-15 13:00,2000,0,0,0,1250,0,0,0,0,325.26671119780985,973.8095521288416,0,100,0,0,0,100,0,0,0,0,26.02133689582479,64.92063680858944,0,23,17,17.04,21,25,21,16,16,20,21,23,,21.17123348758352,20.59536427955804,21,22.34674732498937,23.26106985449744,22.53210379517672,20.525289011465222,20.59057927305746,20.612498374030388,21,23,,-10.6,5
2026-01-15 13:15,2000,0,0,0,1250,0,0,0,0,326.86005118705907,938.9704674,0,100,0,0,0,100,0,0,0,0,26.148804094964724,62.59803116182253,0,23,17,17,21,25,21,16,16,20,21,23,,21.354588197627976,20.47741008,20.502052925437297,22.364594515297888,23.280848124118133,22.548918978406952,20.52053211858766,20.58593653862401,20.610036413475594,21,23,,-10.6,5
2026-01-15 13:30,2000,2000,2000,0,0,0,1000,192.7685257,0,171.7670045004088,0,0,100,100,100,0,0,0,100,15.42148205,0,13.741360360032704,0,0,23.000000000000004,23.92,24.91,21,17.09,21,22.92,20.940000000000005,20,21,17.07,,21.539636214625176,20.094427689712266,20.180779230138867,22.38834740362025,23.306588985994843,22.57218009934081,20.51638577898659,20.58181728115296,20.607961581858262,21,23,,-10.6,100
2026-01-15 13:45,2000.0000000000032,1036.343731108727,2000.0000000000032,0,0,0,1000.0000000000016,51.87777434582996,0,0,0,0,100,51.81718655543635,100,0,0,0,100,4.150221947666397,0,0,0,0,23.00000000000004,24.00000000000004,25.00000000000004,21.00000000000003,17.00000000000003,21.00000000000003,23.00000000000004,21.00000000000003,20.00000000000003,21.00000000000003,17.00000000000003,,21.68070186480828,22.53305448296416,22.50922471872354,22.2190226,22.218026254764087,22.375126759955688,22.227561562614383,20.940000000000005,20.76249763231726,21,22.174718712671584,,-10.6,71
2026-01-15 14:00,2000,431.37151509334217,2000,0,0,0,1000,54.46548293045089,0,0,0,0,100,21.56857575466711,100,0,0,0,100,4.357238634436071,0,0,0,0,23,24,25,21,17,21,23,21,20,21,17,,21.81514358887576,23.926142068792625,24.454689931037183,21.61949797644672,21.576866967318832,21.72419951,22.48667359173904,21.00000000000003,20.969909932576503,21.015830798762387,21.54952278709519,,-10.8,7
2026-01-15 14:15,2000,410.8581948384599,2000,0,0,0,1000,58.65244834525947,0,0,0,0,100,20.542909741922994,100,0,0,0,100,4.692195867620757,0,0,0,0,23,24,25,21,17,21,23,21,20,21,17,,21.936395063021948,24,24.840355171309994,21.237525790873605,21.194006262980952,21.33966707270117,22.52051278,21,20.977837999644454,21.01007848301108,21.16458871194537,,-10.9,7
2026-01-15 14:30,2000,303.5122515,2000,0,0,0,1000,68.92514320326518,0,6.465388141608855,0,0,100,15.17561257450725,100,0,0,0,100,5.514011456261215,0,0.5172310513287084,0,0,23,24,25,21,17,21,23,21,20,21,17,,22.04513919657697,24,24.878577701773224,21.11802770030812,21.075698892429404,21.225905998422387,22.52957629482853,21,20.971489994488955,21.005293310058043,21.042073819033146,,-11,81
2026-01-15 14:45,2000,232.29162829772395,2000,48.50483184751283,0,0,1000,71.86196270872824,0,9.863395023978228,0,0,100,11.614581414886198,100,3.2336554565008555,0,0,100,5.7489570166982595,0,0.7890716019182582,0,0,23,24,25,21,17,21,23,21,20,21,17,,22.13256743496889,24,24.923831621525046,21.032447739211324,20.98404736808814,21.13188535760749,22.534006434064803,21,20.96288864069789,21,20.953285441352207,,-11.1,60
2026-01-15 15:00,2000,169.3149337460418,1990.412314,159.46412859113843,0,17.049976951177086,1000,83.33427636425768,0,20.92777468016357,0,0,100,8.465746687,99.52061571,10.630941906075895,0,3.409995390235417,100,6.666742109140614,0,1.6742219744130857,0,0,23,24,25,21,17,21,23,21,20,21,17,,22.200826939324912,24,24.970288898458428,21,20.91524909370713,21.065568674623663,22.541245082404885,21,20.960567782043565,21,20.884084692409942,,-11.4,3
2026-01-15 15:15,2000,126.42502558144042,1948.4578581466408,234.0451025148468,0,70.63463069419231,1000,87.8757901,0,25.05686157321543,0,0,100,6.321251279072021,97.42289290733203,15.60300683432312,0,14.126926138838462,100,7.030063207906497,0,2.004548925857234,0,0,23,24,25,21,17,21,23,21,20,21,17,,22.255941052074583,24,25.000000000000004,21,20.830294495566825,21,22.538633981466724,21,20.950318735507118,21,20.800537987385244,,-11.4,2
2026-01-15 15:30,1398.275777,112.16072846494356,1917.9292184434369,365.9362483456833,0,163.36076183170155,1000,96.57580240571406,49.17622048064805,32.679905613169105,0,0,69.91378885246051,5.608036423247178,95.89646092217184,24.395749889712217,0,32.672152366340306,100,7.726064192457125,3.9340976384518433,2.614392449053528,0,0,21.02,24.000000000000004,25,21,17,21,23.000000000000004,21,20.99,21,17,,22.302413019076983,24,25,21,20.76835712291937,21,22.539752249410896,21,20.94587349807389,21,20.738687328397383,,-11.5,35
2026-01-15 15:45,1850.345957869633,100.98116373540688,1903.3967075729813,423.4976814043839,0,203.8151017456876,1000,99.6127097,56.52799119,34.33442217052652,0,0,92.51729789348165,5.049058186770344,95.16983537864907,28.23317876029226,0,40.76302034913752,100,7.9690167762240165,4.522239295485488,2.746753773642122,0,0,21,24,25,21,17,21,23,21,21,21,17,,20.95627850006993,24.000000000000004,25,21,20.66760256722281,21,22.536771792744844,21,20.99,21,20.642115821106817,,-11.5,19
2026-01-15 16:00,1562.3346191376097,91.10245092905824,1886.6658236660587,433.6202980189773,0,210.48069807705903,1000,104.44366880401503,60.052015186101926,37.32051947437503,0,0,78.11673095688049,4.555122546452911,94.33329118330293,28.908019867931817,0,42.09613961541181,100,8.355493504321203,4.804161214888154,2.9856415579500024,0,0,21,24,25,21,17,21,23,21,21,21,17,,21,24,25,21,20.61661607544572,21,22.53790072022129,21,21,21,20.59155410811435,,-11.5,0
2026-01-15 16:15,1662.7387113868865,91.32449884,1874.644565145194,446.1767084289604,0,218.02384925437943,1000,108.59012230442022,64.80058051474407,42.87325441723806,0,0,83.13693556934432,4.566224942,93.73222826,29.745113895264026,0,43.60476985087588,100,8.687209784353618,5.184046441179525,3.429860353379045,0,0,21,24,25,21,17,21,23,21,21,21,17,,21,24,25,21,20.604528048796173,21,22.537219721106062,21,21,21,20.58135536458233,,-11.6,0
2026-01-15 16:30,1677.572218621548,88.45671411656804,1864.7565385128985,456.9025277976471,0,224.8162317801798,1000,113.35851518684647,69.21007955,48.08870385994305,0,0,83.87861093,4.422835705828402,93.23782692564492,30.46016851984314,0,44.96324635603596,100,9.068681214947718,5.536806364105432,3.8470963087954444,0,0,21,24,25,21,17,21,23,21,21,21,17,,21,24,25,21,20.591256777165107,21.000000000000004,22.535795180014283,21,21,21,20.5628295,,-11.8,0
2026-01-15 16:45,1689.3152664102709,85.52819122999063,1856.6583641357795,469.8386312604889,0,233.34011651831315,1000,117.63875726787228,72.93345258807312,52.40482546030034,0,0,84.46576332051353,4.276409561499531,92.83291820678897,31.32257541736593,0,46.66802330366263,100,9.411100581429782,5.834676207,4.192386036824026,0,0,21,24,25,21,17,21,23,21,21,21,17,,21.000000000000004,24,25,21,20.57905751147988,21,22.533644595030594,21.000000000000004,21,21,20.547440250884524,,-11.8,0
2026-01-15 17:00,1698.0294303424744,83.10815943897614,1849.966159644464,481.1891998826395,0,240.7456809318137,1000,121.9517220821399,76.69490477,56.69275615775041,0,0,84.90147151712372,4.155407971948807,92.49830798,32.07927999217597,0,48.14913618636274,100,9.756137766571191,6.135592381481256,4.535420492620033,0,0,21,24,25,21,17,21,23,21,21,21,17,,21,24,25.000000000000004,21,20.56616686167894,21,22.53162061,21,21,21,20.533852407458337,,-11.9,0
2026-01-15 17:15,1704.9578671962663,81.07406387087394,1844.4118475625728,492.0581460064204,0,247.81323319308285,1000,126.12288400886246,80.32192732375188,60.790499723694666,0,0,85.24789335981332,4.053703193543697,92.22059237812864,32.803876400428024,0,49.56264663861657,100,10.089830720708996,6.425754186,4.8632399778955735,0,0,21,24,25,21,17,21,23,21,21,21,17,,21,24,25,21,20.554611582109096,21,22.52930068725485,21,21,21,20.521866180596422,,-11.9,0
2026-01-15 17:30,1710.802260651643,0,0,1500,0,102.66701689779585,0,264.9383451978938,0,199.49758044662303,1500,0,85.54011303258216,0,0,100,0,20.533403379559168,0,21.195067615831505,0,15.959806435729842,100,0,21,19.06,18.08,24.960000000000004,17,21,17.07,21,18.03,21,22.93,,21,24,25,21,20.54375109748129,21,22.526789802263615,21,21,21,20.51076222,,-11.9,0
2026-01-15 17:45,1715.8851642721593,0,0,1500,0,0,0,447.0791604378228,0,381.48087919517184,1500,0,85.79425821360796,0,0,100,0,0,0,35.76633283502582,0,30.51847033561375,100,0,21,19,18,25,17,21,17,21,18,21,23,,21,23.171332631282468,23.30390913939893,21.92463216963488,20.771287459276188,21.09312554908795,20.858276327592822,21.000000000000004,20.780133884973463,21,21.785545119561124,,-11.9,0
2026-01-15 18:00,1721.210884044979,0,0,1500,0,0,0,446.3701444421712,0,380.5158143608205,1500,0,86.06054420224895,0,0,100,0,0,0,35.70961155537369,0,30.44126514886564,100,0,21,19,18,25,17,21,17,21,18,21,23,,21,22.02835427955069,22.138779095187274,22.545223160821102,21.362747859092213,21.60562909,20.567232235238755,21,20.57487752835437,21,22.397995711907143,,-12.2,0
2026-01-15 18:15,1726.2457042835176,0,0,1500,0,0,0,430.2771587520019,0,364.0505853041468,1497.1416527553847,0,86.31228521417587,0,0,100,0,0,0,34.422172700160154,0,29.124046824331746,99.80944351702564,0,21,19,18,25,17,21,17,21,18,21,23,,21,21.34128435383236,21.440971385938752,22.900136449694696,21.709012648000066,21.96061243098428,20.536224686096883,21,20.56277873283156,21,22.750561180918588,,-12.2,0
2026-01-15 18:30,1731.098316489295,0,0,1500,0,0,0,417.7898650716125,0,351.1333093830326,1344.596092043681,0,86.55491582446476,0,0,100,0,0,0,33.42318921,0,28.09066475064261,89.63973946957873,0,21,19,18,25,17,21,17,21,18,21,23,,21,20.91612855362813,21.020840201183383,23.12357608486498,21.926478273192256,22.185386515839117,20.53607805232824,21,20.57775166,21,22.971418218780823,,-12.4,0
2026-01-15 18:45,1735.8269938315643,0,0,1500,0,0,0,419.2382517972728,0,352.0979957156705,1290.5170161982603,0,86.79134969157822,0,0,100,0,0,0,33.539060143781825,0,28.167839657253637,86.03446774655069,0,21,19,18,25,17,21,17,21,18,21,23,,21.000000000000004,20.67477197729723,20.78482298360665,23.256102907481008,22.054913532919088,22.31881126625924,20.53668967656437,21,20.590349254957825,21,23,,-12.6,0
2026-01-15 19:00,1742.3977818977328,0,0,1500,0,0,0,406.0847496182069,0,338.37968010886107,1182.4472377536222,0,87.11988909488663,0,0,100,0,0,0,32.486779969456556,0,27.070374408708886,78.82981585024147,0,21,19,18,25,17,21,17,21,18,21,23,,21,20.52461954815476,20.63827313086536,23.30442057963598,22.09838673962405,22.362875505692728,20.52501016403489,21,20.588368541973004,21,23,,-12.7,0
2026-01-15 19:15,1748.948762361977,0,0,1500,0,0,0,411.6725741546288,0,343.39981904516026,1150.467083568059,0,87.44743811809886,0,0,100,0,0,0,32.933805932370305,0,27.47198552361282,76.69780557120393,0,21,19,18,25,17,21,17,21,18,21,23,,21,20.388609243098852,20.496784650291207,23.378628754905257,22.172400758147248,22.442788581330717,20.52798525428263,21,20.60038738062605,21,23,,-12.8,0
2026-01-15 19:30,1755.4727474930096,0,0,1500,1250,0,0,398.30919375776193,0,329.4511294361455,915.7903508726577,0,87.77363737465048,0,0,100,100,0,0,31.864735500620956,0,26.356090354891638,61.052690058177184,0,21,19,18,25,24.91,21,17,21,18,21,23,,21,20.254455625567864,20.36333182096864,23.408184367547832,22.19836418518998,22.46816496343017,20.51694374086472,21,20.59615237951991,21,23,,-13,0
2026-01-15 19:45,1761.9450105435972,0,0,1500,1250,0,0,370.71445474065695,0,301.25118415893303,589.3517313165648,0,88.09725052717985,0,0,100,100,0,0,29.657156379252555,0,24.10009473271464,39.290115421104325,0,21,19,18,25,25,21,17,21,18,21,23,,21,20.055442660853195,20.155849257539945,23.567958198522938,23.27472185566632,22.64857919904295,20.522635091734934,21,20.60890427743228,21,23,,-13.1,0
2026-01-15 20:00,1761.045494029162,0,0,1500,1250,0,0,371.3404231040113,0,301.3566229483913,534.6852035,0,88.0522747,0,0,100,100,0,0,29.707233848320904,0,24.108529835871305,35.64568023,0,21,19,18,25,25,21,17,21,18,21,23,,21,19.892740299282647,19.98763219142099,23.811242766426385,23.560772930594982,22.90445174572681,20.544901486310582,21,20.63791909160248,21,23,,-13.3,0
2026-01-15 20:15,1759.9111321465425,0,0,1500,1250,0,0,349.9881022490408,0,279.4807013,426.09248918476806,0,87.99555660732713,0,0,100,100,0,0,27.999048179923264,0,22.358456101683842,28.406165945651203,0,21,19,18,25,25,21,17,21,18,21,23,,21.000000000000004,19.817915690952184,19.915486822887782,23.87090494331332,23.58971804381052,22.95212635648605,20.542391828985128,21,20.63999447762841,21,23,,-13.4,0
2026-01-15 20:30,1758.6690272659655,0,0,0,1250,0,0,185.57212152431384,1250,125.7364681935549,488.71359585675526,0,87.93345136329827,0,0,0,100,0,0,14.845769721945107,100,10.058917455484393,32.58090639045035,0,21,19,18,16.1,25,21,17,21,24.920000000000005,21,23.000000000000004,,21,19.75685123286036,19.846861249281183,23.94289842,23.672823660054014,23.033983303942367,20.557371635099216,21,20.66052044673855,21,23.000000000000004,,-13.4,0
2026-01-15 20:45,1757.4513358266197,0,0,0,1250,0,0,0,1250,0,689.4163728308449,0,87.87256679133098,0,0,0,100,0,0,0,100,0,45.96109152205633,0,21,19,18,16,25,21,17,21,25,21,23,,21,19.641754658674483,19.72812971738885,22.855535428808185,23.639958302582528,22.988707552399383,20.710254865103938,21,22.121822606911444,21.009844655475053,23.000000000000004,,-13.5,0
2026-01-15 21:00,1758.9040384034452,0,0,0,1250,0,0,0,1250,0,730.4469358425049,0,87.94520192017225,0,0,0,100,0,0,0,100,0,48.696462389500326,0,21,19,18,16,25,21,17,21,25,21,23,,21,19.54133389452888,19.62675547825422,22.64997199399609,23.494153439452283,22.83117886413715,20.92273746,21.01435877,22.404276785106887,21.09034029227569,23,,-13.4,0
2026-01-15 21:15,1760.3664927409957,0,0,0,1250,0,0,0,1250,0,757.9615097407441,0,88.01832463704979,0,0,0,100,0,0,0,100,0,50.530767316049605,0,21,19,18,16,25,21,17,21,25,21,23,,21,19.48704197244555,19.570221458837903,22.62029830561818,23.45880603376993,22.79611180146629,20.96728865967309,21.041893753362416,22.44015870003761,21.12396604457013,22.999999999999996,,-13.5,0
2026-01-15 21:30,1761.758783509998,0,1519.2004074357392,0,1250,0,0,0,1250,0,0,0,88.08793918,0,75.96002037178695,0,100,0,0,0,100,0,0,0,21,19,20.97,16,25,21,20.910000000000004,21,25,21,21.02,,21,19.44753319826544,19.530873472553584,22.59022460471766,23.442996720205105,22.776012746259067,20.97663364506845,21.059256083169448,22.476887744348144,21.139756398882778,23,,-13.7,0
2026-01-15 21:45,1763.068605995613,0,810.1808131403777,0,1250,0,0,0,1250,0,0,0,88.15343029978065,0,40.509040657018886,0,100,0,0,0,100,0,0,0,21,19,21,16,25,21,21,21,25,21,21,,21,20.07479380641212,20.86131783623344,22.491621090448096,23.348032451490223,22.67125650070921,21.01378154438351,21.09543195723653,22.529839866888803,21.17828178586196,22.381054255068168,,-13.7,0
2026-01-15 22:00,1767.0391883702796,531.9652785810922,534.0571518692122,0,1250,0,0,0,1250,0,0,0,88.35195941851399,26.59826392905461,26.702857593460614,0,100,0,0,0,100,0,0,0,21,20.98,21,16,25,21,21,21,25,21,21,,21,20.484738851218594,21,22.30557158854848,23.165359088709785,22.477631204880318,21.03497910669084,21.11671658994854,22.56141594250554,21.200461425261476,22.171244838528796,,-13.5,0
2026-01-15 22:15,1771.1033283769211,468.8338769064212,338.68338905732526,0,1250,0,0,0,1250,0,0,0,88.55516641884606,23.441693845321062,16.934169452866264,0,100,0,0,0,100,0,0,0,21,21,21,16,25,21,21,21,25,21,21,,21,20.980000000000004,21,22.208576073116117,23.073001571282227,22.381947173514668,21.03405220238068,21.11560961479668,22.568570987644307,21.19984702126139,22.07818908887205,,-13.7,0
2026-01-15 22:30,1775.1623729111143,0,456.4652670499545,0,1250,0,0,0,1250,0,61.574643066542194,0,88.75811864555571,0,22.823263352497726,0,100,0,0,0,100,0,4.104976204436146,0,21,19.02,21,16,25,21,21,21,25,21,21.99,,21,21,21,22.14544503831658,23.01281641911244,22.31957310038953,21.03081773,21.11236986812525,22.57267599090158,21.19718002912741,22.013310350074192,,-13.7,0
2026-01-15 22:45,1779.191969410036,0,732.6320468831509,0,1250,0,0,0,1250,0,152.2252086617773,0,88.95959847,0,36.63160234415754,0,100,0,0,0,100,0,10.148347244118487,0,21,19,21,16,25,21,21,21,25,21,22,,21,20.606038313933357,21,22.081441144272222,22.95050657,22.25412572348891,21.02345387570025,21.104934416280173,22.57159280486295,21.190116234408254,21.99,,-13.9,0
2026-01-15 23:00,1781.173834441828,0,739.6358821683789,0,1250,0,0,0,1250,0,182.67250347116715,0,89.05869172,0,36.981794108418946,0,100,0,0,0,100,0,12.17816689807781,0,21,19,21,16,25,21,21,21,25,21,22,,21,20.52257493017128,21,22.025231675036647,22.896506636944856,22.19798939615435,21.01405430159685,21.095506651151226,22.567589005452977,21.18104469652798,22,,-13.9,0
2026-01-15 23:15,1783.027054477392,0,714.3804749637275,0,1250,0,0,0,1250,0,221.11387353765892,0,89.15135272,0,35.71902374818637,0,100,0,0,0,100,0,14.740924902510594,0,21,19,21,16,25,21,21,21,25,21,22,,21,20.55073007925008,21,21.99919970597675,22.87308281083447,22.17443653229344,21.009228610510267,21.09087631,22.568117623184904,21.176901485911188,22,,-14,0
2026-01-15 23:30,1784.7824799607745,0,714.7916181575947,0,0,0,8.767218298935404,0,1250,0,400.63977236554274,0,89.23912399803872,0,35.739580907879734,0,0,0,0.8767218298935404,0,100,0,26.70931815770285,0,21,19,21,16,21.04,21,21,21,25,21,22,,21,20.555489712053124,21,21.972930115397748,22.847999974508948,22.147831730062368,20.99999920941629,21.08164683916877,22.563469587506276,21.16790303374596,22,,-14,0
2026-01-15 23:45,1786.476279,0,718.0253683,0,0,0,23.328434698365527,0,1250,0,708.3459516122566,0,89.32381397,0,35.90126842,0,0,0,2.3328434698365528,0,100,0,47.22306344081711,0,21,19,21,16,21,21,21,21,25,21,22,,21,20.54875041141426,21,21.85074365314504,21.813683397474072,22.01113065657207,21,21.068499478429548,22.554461496353927,21.154932422866672,22,,-14.2,0
2026-01-16 0:00,1788.373353893994,0,721.1314613111317,0,0,0,28.142601849480343,0,1250,0,786.2568988055937,0,89.41866769469969,0,36.056573065556584,0,0,0,2.814260184948034,0,100,0,52.417126587039576,0,21,19,21,16,21,21,21,21,25,21,22,,21,20.54568076979108,21,21.62230349089189,21.533869358818716,21.77116786,21,21.04476505,22.53435575803531,21.13117098992836,22,,-14.2,0
2026-01-16 0:15,1790.1942230380628,0,723.8847222721051,0,0,0,37.24017679564713,0,1250,0,877.3195617210622,0,89.50971115190315,0,36.19423611360526,0,0,0,3.724017679564713,0,100,0,58.487970781404144,0,21,19,21,16,21,21,21,21,25,21,22,,21,20.54424995209077,21,21.54705003308761,21.489688548039148,21.70647598711704,21.000000000000004,21.035251287398363,22.527933830882784,21.122136679260677,22,,-14.3,0
2026-01-16 0:30,1791.9945286738382,0,728.7637126798479,1500,0,0,162.6317906,0,0,127.8837882444459,820.2391013,0,89.59972643,0,36.43818563,100,0,0,16.26317906,0,0,10.230703059555672,54.68260675554513,0,21,19,21,22.92,21,21,21,18.03,16.1,21,22,,21,20.542426378771022,21,21.485527145288817,21.419497624727548,21.638634475882853,21,21.02127305664416,22.51649250775856,21.10813340286593,22,,-14.3,0
2026-01-16 0:45,1793.697104862832,0,731.2020594019868,1500,0,0,332.8160234,0,0,361.4359605,580.8804481459592,0,89.68485524,0,36.56010297009934,100,0,0,33.281602341428695,0,0,28.91487684,38.72536320973062,0,21,19,21,23,21,21,21,18,16,21,22,,21,20.540450328708783,21,22.58066017339266,21.45031461188985,21.68122171478569,21,20.83095524822721,21.037031786376527,21.03803984297893,22,,-14.5,0
2026-01-16 1:00,1803.524198825873,0,733.8567618488123,1500,0,0,358.3040451854249,0,0,402.9001152901983,534.7116415837554,0,90.17620994129365,0,36.69283809244062,100,0,0,35.830404518542494,0,0,32.23200922321586,35.64744277225036,0,21,19,21,23,21,21,21,18,16,21,22,,21,20.53866331051893,21,22.80466937459872,21.62707432341319,21.87051904575283,21,20.539054910948416,20.667034724635805,21,22,,-14.5,0
2026-01-16 1:15,1813.7044868011928,0,737.4220140664111,1500,0,0,373.5563009746056,0,0,425.6760268429061,507.5389489383269,0,90.68522434005965,0,36.87110070332055,100,0,0,37.35563009746056,0,0,34.05408214743249,33.83592992922179,0,21,19,21,23,21,21,21,18,16,21,22,,21,20.53615484574502,21,22.83997764354774,21.66934240963217,21.91258518589104,21,20.47188545011362,20.61541146771288,21,22,,-14.5,0
2026-01-16 1:30,1824.050392733614,543.2622001287127,541.1186461971229,1500,0,0,385.5776881337115,0,0,444.8222053218215,489.4257747494266,0,91.20251963668069,27.163110006435637,27.055932309856143,100,0,0,38.55776881337115,0,0,35.58577642574572,32.628384983295106,0,21,20.98,21,23,21,21,21,18,16,21,22,,21.000000000000004,20.53340401616168,21,22.87023191937677,21.685612937852948,21.934672893208408,21,20.451367187521495,20.57611485121593,21,22,,-14.6,0
2026-01-16 1:45,1834.4938383624396,477.73746786050833,341.92598903769976,1500,0,0,396.3660900463037,0,0,461.42752052348806,476.7948282663856,0,91.72469191812199,23.886873393025418,17.09629945188499,100,0,0,39.63660900463037,0,0,36.914201641879046,31.786321884425707,0,21,21,21,23,21,21,21,18,16,21,22,,21,20.98,21,22.891059291415957,21.69958956667323,21.951866841519823,21,20.426507626299767,20.542242111820755,21,22,,-14.7,0
2026-01-16 2:00,1838.6992015058256,546.2002762317134,324.5087423510668,1500,0,0,400.7008645476872,0,0,468.03740985307377,467.9051575666381,0,91.93496007529129,27.31001381158567,16.22543711755334,100,0,0,40.07008645476872,0,0,37.44299279,31.193677171109204,0,21,21,21,23,21,21,21,18,16,21,22,,21,21,21,22.904970636064224,21.709543349546305,21.964567411373142,21,20.404929418147034,20.51604091,21,22,,-14.8,0
2026-01-16 2:15,1842.7350431239172,527.8677624629745,324.66687832301614,1500,0,0,406.6249509495192,0,0,477.0518626298144,467.3121125792932,0,92.13675215619585,26.393388123148725,16.233343916150808,100,0,0,40.66249509495192,0,0,38.16414901038515,31.15414083861955,0,21,21,21,23,21,21,21,18,16,21,22,,21,21,21,22.914511186229216,21.71613161544036,21.97327465093741,21,20.394288585504363,20.50163458767935,21,22,,-14.8,0
2026-01-16 2:30,1846.754072951011,524.4983923217442,324.7510207,1500,0,0,410.5743045321124,0,0,482.92424563280656,461.9810043687357,0,92.33770364755054,26.22491961608721,16.23755103538715,100,0,0,41.057430453211246,0,0,38.63393965062453,30.79873362458238,0,21,21,21,23,21,21,21,18,16,21,22,,21,21,21,22.917505980126982,21.71655868573553,21.97523451212374,21,20.38271231279803,20.48673958576456,21,22,,-14.9,0
2026-01-16 2:45,1850.807029758682,522.8648953666598,324.8768234212512,1500,0,0,415.6850663243058,0,0,490.5574193622051,464.1414375757704,0,92.54035148793409,26.143244768332988,16.24384117106256,100,0,0,41.568506632430584,0,0,39.24459354897641,30.94276250505136,0,21,21,21,23,21,21,21,18,16,21,22,,21,21,21,22.92285053827113,21.72000829449177,21.980628353960054,21,20.373745563695667,20.475060520186503,21,22,,-14.9,0
2026-01-16 3:00,1800.5035629834856,521.1075633,324.59542917538056,1500,0,0,358.2479319590475,0,0,406.6767954,372.5815454148069,0,90.02517815,26.05537816,16.22977145876903,100,0,0,35.824793195904746,0,0,32.53414363,24.838769694320458,0,20.91,21,21,23,21,20.87,20.91,18,16.01,20.91,21.94,,21.000000000000004,21,21,22.92339564309227,21.718543209104773,21.980385209803167,21,20.36376256938853,20.462703542414737,21,22,,-14.9,0
2026-01-16 3:15,1889.7241912622849,519.8479849731593,324.3384831271869,1500,0,0,431.54310699336565,0,0,511.28886476091793,474.2531465549728,0,94.48620956311424,25.992399248657968,16.216924156359347,100,0,0,43.15431069933656,0,0,40.903109180873436,31.616876436998187,0,21,21,21,23,21,21,21,18,16,21,22,,20.91,21,21,22.92639743461685,21.72015279143527,21.98342473011809,20.91,20.356418025093244,20.45327761045504,20.91,21.94,,-15,0
2026-01-16 3:30,1832.1728958432088,518.9343990871712,324.17632373035303,1500,0,0,441.5269128875189,0,0,531.3826468399348,475.619614,0,91.60864479216045,25.94671995435856,16.20881618651765,100,0,0,44.15269128875189,0,0,42.51061174719478,31.70797427,0,21,21,21,23,21,21,21,18,16,21,22,,21,21,21,22.92571486411092,21.717977373795964,21.981989666749936,21,20.348115142230515,20.44309243672296,21,22,,-15,0
2026-01-16 3:45,1855.093142885824,518.2776716894732,324.0786593405355,1500,0,0,430.6691122202356,0,0,512.1133291494043,467.2256873355036,0,92.75465714,25.91388358447366,16.203932967026777,100,0,0,43.06691122202356,0,0,40.96906633195235,31.14837915570024,0,21,21,21,23,21,21,21,18,16,21,22,,21,21,21,22.915582263609306,21.70630001420501,21.97048797365946,21,20.31304302420608,20.40592043169896,21.000000000000004,22,,-15,0
2026-01-16 4:00,1851.214834320608,518.0838756133926,324.1947077842088,1500,0,0,442.7650277578123,0,0,531.0665579968809,482.6644036653743,0,92.56074171603039,25.90419378066963,16.20973538921044,100,0,0,44.276502775781225,0,0,42.48532463975047,32.17762691102496,0,21,21,21,23,21,21,21,18,16,21,22,,21,21,21,22.92499253458805,21.71545185005557,21.981832177873034,21,20.33224716291306,20.424330536971983,21,22,,-15.1,0
2026-01-16 4:15,1852.059136666552,518.0342924679571,324.36075130092286,1500,0,0,435.6145887818002,0,0,519.5688544404184,468.0356131362824,0,92.60295683,25.901714623397858,16.218037565046142,100,0,0,43.56145887818002,0,0,41.56550835523347,31.202374209085495,0,21,21,21,23,21,21,21,18,16,21,22,,21,21,21,22.916009985956403,21.70441901678199,21.970358479843743,21,20.31514762953947,20.40549472,21,22,,-15.1,0
2026-01-16 4:30,1853.002505785768,518.0610221,324.5718706208907,0,0,0,304.41620832587137,1250,306.32327392928346,314.65418970147005,673.4238963730387,0,92.65012528928841,25.903051103655454,16.228593531044535,0,0,0,30.441620832587137,100,24.505861914342677,25.172335176117606,44.89492642486925,0,21,21,21,21.02,21,21,21,24.920000000000005,20.940000000000005,21,22,,21,21,21,22.925193147368265,21.713429516750665,21.9819967,21,20.32138179390408,20.410942556047367,21,22,,-15.1,0
2026-01-16 4:45,1854.074985719505,518.2961710671116,325.14109540738355,0,0,0,160.5800857928416,1250,117.28640794271996,90.01642127224295,1000.9819442270236,0,92.70374928597525,25.914808553355577,16.257054770369177,0,0,0,16.05800857928416,100,9.382912635417597,7.201313701779436,66.73212961513491,0,21,21,21,21,21,21,21,25,21,21,22,,21,21,21,21.734570438186974,21.569841066588584,21.825973587102204,21,21.797787504700285,20.940000000000005,21,22,,-15.2,0
2026-01-16 5:00,1856.9678357029588,519.1384143560354,326.53927277866023,0,0,0,148.13633793459485,1250,100.9604599330305,70.19112459043026,1086.910507902583,0,92.84839178514795,25.95692071780177,16.326963638933012,0,0,0,14.813633793459484,100,8.076836795,5.615289967234421,72.46070052683886,0,21,21,21,21,21,21,21,25,21,21,22,,21,21,21,21.42956086016197,21.32279872115565,21.568932502077462,21,22.11141123,21,21,22,,-15.5,0
2026-01-16 5:15,1859.9049414566853,520.1502696129974,328.42677842342164,0,0,0,148.7043254561213,1250,94.84945791470454,70.65786755730733,1140.502083,0,92.99524707283426,26.00751348064987,16.42133892117108,0,0,0,14.870432545612129,100,7.587956633176364,5.652629404584586,76.03347220856934,0,21,21,21,21,21,21,21,25,21,21,22,,21,21,21,21.362280043615137,21.24785384211509,21.498191167560808,21,22.14380620841329,21,21,22,,-15.5,0
2026-01-16 5:30,1862.8697767053584,521.2403781777866,330.5442038883448,0,0,0,146.3056167289924,1250,87.91189424306503,66.51240732675797,1179.7921570251565,0,93.14348883526793,26.062018908889332,16.52721019441724,0,0,0,14.630561672899239,100,7.032951539445203,5.320992586140637,78.65281046834376,0,21,21,21,21,21,21,21,25,21,21,22,,21.000000000000004,21,21,21.31369097715341,21.21047897156212,21.458672349158068,21,22.16399225872389,21,21,22,,-15.4,0
2026-01-16 5:45,1865.850816129745,522.4056008480875,332.6511982216289,0,0,0,145.02391195951895,1250,84.15384465214447,64.12024678715534,1221.6124745289635,0,93.29254080648725,26.120280042404374,16.632559911081444,0,0,0,14.502391195951896,100,6.732307572171558,5.129619742972427,81.44083163526423,0,21,21,21,21,21,21,21,25,21,21,22,,21.000000000000004,21,21,21.276877450529454,21.179157849308968,21.427973705146474,21,22.18470440656772,21,21,22,,-15.4,0
2026-01-16 6:00,1869.862072876058,523.7281066012365,334.88222500247866,0,0,0,143.4475707687161,1250,80.32341557296604,61.25447795346918,1252.769645,0,93.49310364,26.186405330061824,16.744111250123932,0,0,0,14.34475707687161,100,6.425873245837283,4.900358236277534,83.51797634,0,21,21,21,21,21,21,21,25,21,21,22,,21,21,21,21.24263430773919,21.14670548167432,21.395805963760868,21.000000000000004,22.198215222272925,21,21,22,,-15.3,0
2026-01-16 6:15,1873.861725359224,525.1254901437314,337.09391082454385,0,0,0,143.28067328147517,1250,78.96017728135848,60.58827791391377,1285.252925065699,0,93.69308627,26.25627450718657,16.854695541227194,0,0,0,14.328067328147517,100,6.316814182508678,4.8470622331131015,85.68352833771327,0,21,21,21,21,21,21,21,25,21,21,22,,21,21,21,21.216293067208568,21.12208029554964,21.37188080878387,21,22.20934365236965,21,21,22,,-15.3,0
2026-01-16 6:30,1877.839081429008,526.5733097705161,339.4868879935796,0,50.05162883440062,0,145.63022251554503,1250,0,63.84985808652951,88.35572454491921,0,93.89195407,26.328665488525804,16.97434439967898,0,4.0041303067520495,0,14.563022251554504,100,0,5.107988646922361,5.890381636327947,0,21,21,21,21,21,21,21,25,18.03,21,21.01,,21,21,21,21.190341646049763,21.09723501733721,21.34722873546155,21,22.21727058965726,21,21,22,,-15.6,0
2026-01-16 6:45,1881.8030580643156,528.1933951355459,341.3724792615721,125.01468166309132,254.5175114444028,0,155.11541097566987,1250,0,78.24221562189632,346.4746867337417,0,94.09015290321578,26.409669756777294,17.068623963078604,8.334312110872755,20.361400915552224,0,15.511541097566987,100,0,6.259377249751705,23.09831244891611,0,21,21,21,21,21,21,21,25,18,21,21,,21,21,21,21.110983870931307,21.047269929081864,21.25740269096686,21,22.220727976183483,20.91609533944501,21,21.08159526473108,,-15.8,0
2026-01-16 7:00,1886.672075810804,530.4158865145218,343.9011892504677,255.5651914,373.1714325237481,38.45492200907756,166.76632407769648,1250,0,96.00973424267433,409.3472754733302,0,94.33360379054021,26.520794325726094,17.195059462523385,17.037679425096332,29.853714601899846,7.690984401815513,16.67663240776965,100,0,7.680778739413946,27.28981836488868,0,21,21,21,21,21,21,21,25,18,21,21,,21,21,21,21,21,21.05101512436052,21,22.210810184208828,20.894686422850494,21,21,,-15.8,0
2026-01-16 7:15,1891.508972322541,532.9295143377603,346.4888723792683,277.3402166,399.3202630403685,55.65254027195988,167.73467062835516,1250,0,97.11626436963708,454.0139289288964,0,94.57544861612705,26.646475716888016,17.324443618963414,18.489347771643466,31.945621043229483,11.130508054391976,16.773467062835515,100,0,7.769301149570967,30.267595261926427,0,21,21,21,21,21,21,21,25,18,21,21,,21,21,21,21,21,21,21,22.195987491227616,20.878534485804646,21,21,,-15.7,0
2026-01-16 7:30,1896.2525853511704,535.4084671888559,349.0914796965917,301.74849960687425,421.11152744904393,69.50028943520738,178.8559124395215,1250,0,114.1025448000837,480.71192259067175,0,94.81262926755852,26.770423359442795,17.454573984829587,20.116566640458284,33.68892219592352,13.900057887041475,17.88559124395215,100,0,9.128203584006696,32.04746150604478,0,21,21,21,21,21,21,21,25,18,21,21,,21,21,21,21,21,21,21,22.19706034715638,20.875044634322094,21.000000000000004,21,,-15.7,0
2026-01-16 7:45,1900.9229948070188,537.8144284099326,351.65784825327137,303.5945874256686,422.0473389,69.1982383,177.34332034721592,1250,0,111.41689299726204,484.41777182560327,0,95.04614974035094,26.89072142049663,17.58289241266357,20.23963916171124,33.76378711181984,13.83964766,17.734332034721593,100,0,8.913351439780962,32.294518121706886,0,21,21,21,21,21,21,21,25,18,21,21,,21,21,21,21,21,21,21,22.18405671613609,20.85767370484725,21,21,,-15.9,0
2026-01-16 8:00,1901.942152240272,539.6053682441307,353.74798366029427,310.1796459,427.82731424435406,72.38394242549839,183.8817057,1250,0,121.37342005531536,492.2751651011713,0,95.09710761,26.980268412206534,17.687399183014712,20.67864305781647,34.22618513954833,14.476788485099679,18.388170565512702,100,0,9.709873604,32.818344340078085,0,21,21,21,21,21,21,21,25,18,21,21,,21,21,21,21,21,21.000000000000004,21,22.18725896078834,20.857749494791733,21,21,,-15.6,10
2026-01-16 8:15,1902.8631440311476,541.2242211576267,355.64648195709015,313.21886743701543,430.1855181,73.21611347281942,183.5334894287007,1250,0,120.60258801753662,496.2669564178759,0,95.14315720155737,27.061211057881337,17.782324097854506,20.881257829134363,34.41484145,14.643222694563883,18.35334894287007,100,0,9.648207041,33.08446376119173,0,21,21,21,21,21,21,21,25,18,21,21,,21,21,21,21,21,21,21,22.180894951613062,20.848131648439324,21.000000000000004,21,,-15.5,13
2026-01-16 8:30,1902.866895,541.4514107,357.12733934200696,367.6075665776734,482.1917617685722,111.40923442372878,0,287.82566635589683,0,251.8637681106948,0,0,95.14334473,27.072570534799798,17.85636696710035,24.507171105178227,38.57534094148578,22.281846884745754,0,23.026053308471745,0,20.149101448855586,0,0,21,21,21,21,21,21,19.02,21.04,18,21,17.04,,21,21,21,21.000000000000004,21,21,21,22.18250946817181,20.84701352018573,21,21.000000000000004,,-15.4,87
2026-01-16 8:45,1902.243455014048,540.6782671990368,357.57984749390744,466.1866492424633,577.4162536,181.32965301861623,0,533.2768332,0,472.08060588379885,0,0,95.11217275,27.03391335995184,17.878992374695372,31.079109949497553,46.193300290059994,36.26593060372325,0,42.662146656686964,0,37.76644847070391,0,0,21,21,21,21,21,21,19,21,18,21,17,,21,21,21,21,21,21,20.60047049710668,21.07652885035197,20.72030157518744,21,20.619001216398317,,-15.3,134
2026-01-16 9:00,1900.472470401284,539.0916199190833,358.2312041082223,474.39491315178384,581.8894426201296,187.28008275368848,0,521.8864710791822,0,510.7782301978659,0,0,95.02362352006419,26.954580995954167,17.911560205411114,31.626327543452255,46.55115540961037,37.456016550737694,0,41.75091768633458,0,40.862258415829274,0,0,21,21,21,21,21,21,19,21,18,21,17,,21,21,21,21.000000000000004,21,21,20.34386629222048,21,20.48144984162841,21,20.51853690851148,,-15.9,30
2026-01-16 9:15,1898.5252144073747,536.6838078072105,358.4298446777175,488.29044075308775,591.3796388351439,197.5870859435854,0,570.8860737532741,0,542.4267917047837,0,0,94.92626072036873,26.834190390360526,17.921492233885875,32.55269605020585,47.31037110681151,39.51741718871708,0,45.67088590026193,0,43.39414334,0,0,21,21,21,21,21,21,19,21,18,21,17,,21.000000000000004,21,21,21,21,21,20.29278662130813,21,20.418172328497185,21.000000000000004,20.52086812944519,,-15.4,33
2026-01-16 9:30,1895.5529138046984,527.4719185052454,355.9360241840368,485.7705707477762,575.3375578708328,199.83635049615623,0,587.8595024190618,0,562.4190398,0,0,94.77764569023492,26.373595925262272,17.79680120920184,32.384704716518414,46.02700462966663,39.96727009923124,0,47.02876019352494,0,44.99352318583784,0,0,21,21,21,21,21,21,19,21,18,21,17,,21,21,21,21,21,21,20.263503102641067,21,20.388480503057277,21,20.511629399858112,,-15.2,226
2026-01-16 9:45,1891.9855790402037,514.6178948578818,352.8894653628231,484.0478381027169,558.1847982103318,203.12675857003703,0,590.8882221638341,0,572.0640828274845,0,0,94.59927895201018,25.730894742894087,17.644473268141155,32.26985587351446,44.65478385682654,40.62535171,0,47.27105777310673,0,45.765126626198764,0,0,21,21,21,21,21,21,19,21,18,21,17,,21,21,21,21,21,21,20.246016322352737,21,20.362524352853764,21,20.51084452360938,,-14.8,274
2026-01-16 10:00,1885.3632415775264,495.1123546867129,348.1107833060232,476.8217163054069,531.8420977522401,204.0602380440978,0,586.6295984027602,0,578.5424052048438,0,0,94.26816207887633,24.755617734335644,17.40553916530116,31.788114420360458,42.547367820179204,40.812047608819555,0,46.93036787222081,0,46.28339241638751,0,0,21,21,21,21,21,21,19,21,18,21,17,,21,21,21,21,21,21,20.24352240288256,21,20.34806608087834,21,20.51383031661118,,-15.7,192
2026-01-16 10:15,1878.4505580419643,473.7141354493542,343.1617293491181,467.2112217414906,501.09806015530194,202.7481464987777,0,579.1886381244167,0,580.7902595514188,0,0,93.92252790209821,23.68570677246771,17.158086467455906,31.147414782766038,40.08784481242415,40.54962929975554,0,46.335091049953334,0,46.46322076,0,0,21,21,21,21,21,21,19,21,18,21,17,,21,21,21,21,21,21,20.24966848738679,21,20.338626728085934,21,20.521645296392272,,-15.2,199
2026-01-16 10:30,1872.1347228914924,0,578.5651701467942,444.34022105694754,423.5141945627489,195.22327817704064,0,391.4795977583017,1250,411.32831278499657,0,0,93.60673614457463,0,28.928258507339713,29.622681403796502,33.88113556501991,39.04465563540813,0,31.318367820664136,100,32.90626502279973,0,0,21,18.03,21,21,21,21,19,21,23.930000000000003,21,17,,21,21,21,21,21,21,20.258968118752588,21,20.33370120131732,21,20.53316551,,-14.8,343
2026-01-16 10:45,1866.4030290053688,0,672.8959009841165,412.6836241453748,340.13243295119173,180.5828944681052,0,147.04707892601436,1250,183.61620463920556,0,0,93.32015145026844,0,33.644795049205825,27.512241609691653,27.210594636095337,36.11657889362104,0,11.763766314081149,100,14.689296371136445,0,0,21,18,21,21,21,21,19,21,24,21,17,,21.000000000000004,20.653184264318504,21,21,21,21,20.43741583709582,21,21.785692686454556,21,20.554355524548395,,-14.3,377
2026-01-16 11:00,1854.634494382709,240.73329943681887,541.8695495610427,388.7442347351098,272.3516519844088,171.28709647471624,87.17256517346868,93.67552604122648,1250,145.39585526527844,290.1069028443308,0,92.73172471913544,12.036664971840942,27.093477478052137,25.916282315673985,21.788132158752706,34.25741929494325,8.717256517346868,7.494042083298118,100,11.631668421222276,19.340460189622057,0,21,20.87,21,21,21,21,20.91,21,24,21,20.82,,21,20.62976257,21,21,21,21,20.700386707755637,21,22.09260683601104,21,20.585074620831108,,-14.6,398
2026-01-16 11:15,1842.7518870070512,350.3758974355102,351.78961526470084,284.4289474345472,138.6346844936294,103.28536111758632,96.37421812197012,31.25574344249738,1250,94.0479927,413.3610015918772,0,92.13759435035256,17.51879487177551,17.58948076323504,18.96192982896981,11.090774759490353,20.657072223517265,9.637421812197012,2.5004594753997904,100,7.523839415984112,27.557400106125147,0,21,21,21,21,21,21,21,21,24,21,21,,21,20.87,21,21,21,21,20.91,21,22.14445293606797,21,20.82,,-13.8,404
2026-01-16 11:30,1830.897115528552,0,447.2756780306784,257.4723046412182,114.3254491654443,86.43061145443546,0,3.2765412147358197,1250,66.52248195,0,0,91.54485578,0,22.36378390153392,17.164820309414548,9.146035933235543,17.286122290887093,0,0.2621232971788656,100,5.321798556,0,0,21,18.03,21,21,21,21,19.02,21,24,21,17.04,,21,21,21,21,21,21,21,21,22.21632712110802,21,21,,-13.3,422
2026-01-16 11:45,1818.9283806380831,0,555.1827832075238,319.7562554,194.35509319254075,131.09796003550096,0,9.727078365,1250,68.82477423397359,0,0,90.94641903190416,0,27.75913916037619,21.317083695534933,15.54840745540326,26.219592007100193,0,0.7781662692226624,100,5.505981938717887,0,0,21,18,21,21,21,21,19,21,24,21,17,,21,20.74579856482616,21,21,21,21,20.88767173728811,21.000594961741157,22.26076161543042,21,20.75150080112648,,-12.9,429
2026-01-16 12:00,1802.2147027792523,0,531.2466406150221,316.9332560706098,215.47674181038016,128.44231651612304,0,12.857365685534509,1250,63.98760209000708,0,0,90.11073513896261,0,26.562332030751104,21.128883738040653,17.23813934483041,25.68846330322461,0,1.0285892548427609,100,5.119008167200566,0,0,21,18,21,21,21,21,19,21,24,21,17,,21,20.736291710272603,21,21,21,21,20.880503541848206,21,22.267887371486523,21,20.728446158325006,,-12.4,435
2026-01-16 12:15,1785.0938565546492,0,516.5893486827796,310.12017736945074,234.70667139782137,122.00909642103215,0,15.73593395535378,1250,56.138600684521705,0,0,89.25469282773246,0,25.82946743413898,20.674678491296717,18.77653371182571,24.401819284206432,0,1.2588747164283025,100,4.491088054761737,0,0,21,18,21,21,21,21,19,21,24,21,17,,21,20.75143578133624,21,21,21,21,20.87791788046233,21,22.281286619037765,21,20.748506604476027,,-12.2,435
2026-01-16 12:30,1768.2277861446871,0,503.9677834895556,165.25385349829776,127.86402447187902,58.37892609615301,0,20.12483751126365,1250,48.10454517554081,1500,0,88.41138930723434,0,25.19838917447778,11.016923566553183,10.229121957750321,11.675785219230601,0,1.609987000901092,100,3.8483636140432647,100,0,21,18,21,21,21,21,19,21,24,21,23.92,,21,20.76664167089352,21,21,21,21,20.875904315028627,21,22.29626084862933,21,20.77247868,,-11.8,432
2026-01-16 12:45,1750.8180031201748,0,495.75501947170414,0,0,0,0,13.640267302119655,1250,28.861558309803517,1500,0,87.54090015600873,0,24.787750973585208,0,0,0,0,1.0912213841695724,100,2.3089246647842816,100,0,21,18,21,21,21,21,19,21,24,21,24,,21,20.77765705491792,21,21.00633999810185,21.01494029983269,21.052588647277183,20.871708824974192,21,22.310359362710653,21,21.91799015135387,,-11.5,424
2026-01-16 13:00,335.1096185677352,0,0,0,0,0,0,13.02531979,1249.9999999999998,0,0,0,16.755480928386756,0,0,0,0,0,0,1.042025582854456,99.99999999999997,0,0,0,17.219999999999995,17.06,17.219999999999995,17.219999999999995,17.219999999999995,17.219999999999995,17.109999999999996,21,23.999999999999996,17.219999999999995,17.389999999999997,,21,20.787643125879733,21,21.10579381,21.12948922733828,21.22894877283287,20.877865449238616,21,22.33505002812445,21,22.20036271100929,,-10.8,404
2026-01-16 13:15,560.9373580115507,0,0,0,0,0,0,39.342189952782974,1250,0,0,0,28.046867900577535,0,0,0,0,0,0,3.147375196222638,100,0,0,0,17,17,17,17,17,17,17,21.000000000000004,24.000000000000004,17,17,,18.028487754032987,20.44589253,20.41897390126412,20.970067491770703,20.976159534952703,21.06949633696051,20.879969650049784,21,22.352230378014728,20.98255702477341,21.06937288624201,,-10.8,398
2026-01-16 13:30,1932.650992347057,0,828.5690086864629,179.15080699848968,170.2985200593669,80.44754375,0,39.48471289695263,1249.9999999999989,1.6674150847033553,1499.9999999999986,0,96.63254961735285,0,41.428450434323146,11.943387133232646,13.623881604749352,16.089508749769458,0,3.1587770317562103,100,0.13339320677626842,100,0,20.959999999999983,17.98999999999998,20.959999999999983,20.959999999999983,20.959999999999983,20.959999999999983,18.979999999999983,20.99999999999998,23.99999999999998,20.959999999999983,23.919999999999977,,17.02063469990178,20.1530486,20.073024176826003,20.61772007733841,20.617185813861337,20.69697898124845,20.854459299156805,21.000000000000004,22.336716826169216,20.962047028337302,20.71228731163685,,-10.7,381
2026-01-16 13:45,1955.2144676696555,0,529.3997396689986,0,0,0,0,3.049645786255133,1250,0,1500,0,97.76072338348278,0,26.469986983449928,0,0,0,0,0.24397166290041064,100,0,100,0,21,18,21,21,21,21,19,21,24.000000000000004,21,24.000000000000004,,19.66288039167669,20.602410131140168,20.93739797169793,21.03167110324385,21.036565509014878,21.117604492050315,20.851504743884835,20.99999999999998,22.34498030836776,20.969532803037303,22.034892109356605,,-10.4,360
2026-01-16 14:00,1757.842401192309,0,475.9508527470225,0,0,0,0,0,1250,0,1500,0,87.89212005961544,0,23.797542637351125,0,0,0,0,0,100,0,100,0,21,18,21,21,21,21,19,21,24,21,24,,20.718593391163225,20.78505822893742,21,21.285840998917145,21.30144178366023,21.430057517631525,20.893141249267902,21.00531814826769,22.40065251680012,21.021821431171418,22.440604428271065,,-10.5,320
2026-01-16 14:15,1728.4406530358556,0,464.1702075,0,0,0,0,0,1250,0,1500,0,86.42203265179278,0,23.20851037606035,0,0,0,0,0,100,0,100,0,21,18,21,21,21,21,19,21,24,21,24,,21,20.81906927,21,21.41504876147889,21.42836726893809,21.55700164185026,20.92344582410225,21.03086280235376,22.44546397529782,21.064803248251657,22.61714351768257,,-10.1,309
2026-01-16 14:30,1670.8861948197823,2000,0,0,0,0,0,1250,0,0,1500,0,83.54430974098912,100,0,0,0,0,0,100,0,0,100,0,21,23.930000000000003,16.06,21,21,21,19,22.98,21.03,21,24.000000000000004,,21,20.821255618349934,21,21.496077968398332,21.508502838830022,21.63983578,20.94818540114192,21.056663899330783,22.485736119818743,21.103798417983384,22.73022704383876,,-10,279
2026-01-16 14:45,1635.3515170509772,2000,0,0,0,0,0,1250,0,0,1500,0,81.76757585254886,100,0,0,0,0,0,100,0,0,100,0,21,24,16,21,21,21,19,23,21,21,24,,21,22.54757749991836,21.443270429968628,21.63660288073038,21.65055027755141,21.78990557213628,20.998444567896215,22.38279639517984,21.276352174361207,21.17277273996726,22.90415252766064,,-9.9,247
2026-01-16 15:00,1614.044320981414,1899.809300064986,0,0,0,0,0,1250,0,0,1500,0,80.70221605,94.990465,0,0,0,0,0,100,0,0,100,0,21,24,16,21,21,21,19,23,21,21,24,,21,23.50847050286678,22.43175090918313,21.80758784,21.821735291954965,21.96781331386078,21.07152469117045,22.51524455805641,21.30464885470942,21.26566059066205,23.105906856372243,,-10.2,192
2026-01-16 15:15,1597.0488585841758,1626.6961008506803,0,0,0,0,0,1250,0,0,1500,0,79.85244292920879,81.33480504253401,0,0,0,0,0,100,0,0,100,0,21,24,16,21,21,21,19,23,21,21,24,,21,23.968408945054158,22.940205761485448,21.926819421742216,21.937608835793554,22.08593739394986,21.12726984144972,22.58736261601425,21.367529974412776,21.34020163757304,23.25669601800312,,-10.4,177
2026-01-16 15:30,1584.3552990785138,1526.862738613199,0,0,0,0,0,1250,0,0,1500,0,79.21776495392568,76.34313693065995,0,0,0,0,0,100,0,0,100,0,21,24,16,21,21,21,19,23,21,21,24,,21,24,23.122212509749296,22.01505348737137,22.022985593995045,22.17431676878508,21.17357106003351,22.64696985,21.42213379439552,21.40430249475071,23.37340834180691,,-10.8,140
2026-01-16 15:45,1575.446763,1461.9779832574532,0,0,0,0,0,1250,0,0,1500,0,78.77233816,73.09889916287267,0,0,0,0,0,100,0,0,100,0,21,24,16,21,21,21,19,23,21,21,24,,21,24,23.17656270881879,22.08779489,22.09235722957884,22.24615041279485,21.215018461544556,22.700111888546413,21.47077567478925,21.461287481539355,23.46466361846183,,-11.2,103
2026-01-16 16:00,1590.554525531723,1422.955132543313,0,0,0,0,0,1250,0,0,1500,0,79.52772627658615,71.14775662716565,0,0,0,0,0,100,0,0,100,0,21,24,16,21,21,21,19,23,21,21,24,,21.000000000000004,24,23.206179096464293,22.142829523476287,22.14338566355392,22.29992643437776,21.242527316283017,22.73702908355017,21.510602066067253,21.506841572523204,23.52736103294943,,-12.2,44
2026-01-16 16:15,1629.3381208204855,1440.7917261025468,0,0,0,0,0,1250,0,0,1500,0,81.46690604102429,72.03958630512733,0,0,0,0,0,100,0,0,100,0,21,24,16,21,21,21,19,23,21,21,24,,21,24,23.23239079916277,22.196263516729356,22.191890552441844,22.355127360032604,21.27292382918168,22.77645868998948,21.552902973190037,21.555751578534824,23.58324572269024,,-12.7,31
2026-01-16 16:30,1668.225867861575,1446.2464929698108,0,0,0,0,1000,1134.2513221730471,0,0,0,0,83.41129339307874,72.31232464849055,0,0,0,0,100,90.74010577384377,0,0,0,0,21,24,15.999999999999998,21,21,21,24.93,23,21,21,21.03,,21,24,23.25507392,22.26579259077583,22.25729367047284,22.43051577877559,21.31900608384777,22.83163949644373,21.547744027673936,21.55589447209673,23.50102986680185,,-13.7,5
2026-01-16 16:45,1696.2611425256912,1458.7477136263915,0,0,0,0,1000,852.3415824870318,0,0,0,0,84.81305712628456,72.93738568131957,0,0,0,0,100,68.18732659896254,0,0,0,0,21,24.000000000000004,16,21,21,21,25,23.000000000000004,21,21,21,,21,24,23.270483190445308,22.166383008197364,22.145576703606004,22.31063196981617,23.06761648688009,22.95631843770248,21.77088354204802,21.7865377,22.315791059943347,,-14.4,0
2026-01-16 17:00,1730.5309276482783,1477.5702342734369,0,0,0,0,1000,781.8236530808399,0,0,0,0,86.52654638241391,73.87851171367184,0,0,0,0,100,62.54589224646719,0,0,0,0,21,24,16,21,21,21,25,23,21,21,21,,21,24.000000000000004,23.277630155278683,21.79094471750993,21.75742898296899,21.905724976109703,23.45424001100014,23,22.100311059115093,22.122371967992592,21.87496964561831,,-14.7,0
2026-01-16 17:15,1764.0377806099204,1495.8829888631244,0,0,0,0,1000,770.3639375071753,0,0,0,0,88.20188903049602,74.79414944315621,0,0,0,0,100,61.629115000574025,0,0,0,0,21,24,16,21,21,21,25,23,21,21,21,,21,24,23.281015424147505,21.538034097397684,21.50099172899936,21.646793621189488,23.56549636340815,23,22.178984410494333,22.20379949447379,21.598293195411884,,-15.2,0
2026-01-16 17:30,1797.899758,1513.1493942793843,0,0,0,0,1000,775.9266579354613,0,0,0,0,89.89498789071949,75.65746971396922,0,0,0,0,100,62.07413263,0,0,0,0,21,24,16,21,21,21,25,23,21,21,21,,21,24,23.28253875487052,21.350518285704226,21.31085230911808,21.45663720324302,23.60126114198291,23,22.18827014536524,22.215800655946083,21.39241680594148,,-15.8,0
2026-01-16 17:45,1832.559105765877,1529.3142254743943,0,0,0,0,1000,784.6195844575814,0,0,0,0,91.62795528829385,76.46571127371972,0,0,0,0,100,62.76956675660651,0,0,0,0,21,24,16,21,21,21,25,23,21,21,21,,21,24,23.282823806175937,21.212211718834435,21.169007180389134,21.31446403322334,23.61226179478356,23,22.17767658,22.20769293202849,21.23656442134119,,-16.2,0
2026-01-16 18:00,1848.183394916543,1540.9374042824638,0,0,17.603061605877883,0,1000,792.1070149798488,0,0,0,0,92.40916974582716,77.04687021412319,0,0,1.4082449284702308,0,100,63.3685612,0,0,0,0,21,24,16,21,21,21,25,23,21,21,21,,21,24,23.28215606702961,21.11501849402164,21.069619194076814,21.217811432934127,23.61548961377264,23,22.163843804697684,22.196101090865767,21.12286590534409,,-15.9,0
2026-01-16 18:15,1864.159896522821,1550.963424137244,0,45.07470603594629,111.03345774833724,0,1000,801.0803456679805,0,0,74.08034848472744,0,93.20799482614106,77.54817121,0,3.0049804023964195,8.882676619866979,0,100,64.08642765343843,0,0,4.9386898989818295,0,21,24,16,21,21,21,25,23,21,21,21,,21,24,23.282068583179903,21.04014844820653,21.004062313882827,21.14170414624358,23.61719818479509,23,22.151764029594027,22.185933959893585,21.03438250604285,,-16.4,0
2026-01-16 18:30,2000,0,2000,1500,65.46264871117019,0,1000,0,0,0,57.48541597271105,0,100,0,100,100,5.237011896893615,0,100,0,0,0,3.8323610648474036,0,24.960000000000004,23.01,24.9,22.98,21,21,25,16.08,21,17.04,21,,21,24,23.281721903156225,21,21,21.070395966350645,23.616144886743413,23,22.13872854565328,22.17460568311125,21,,-16.9,0
2026-01-16 18:45,2000,0,2000,1500,0,0,1000,0,0,0,0,0,100,0,100,100,0,0,100,0,0,0,0,0,25,23,25,23,21,21,25,16,21,17,21,,21.231955731292864,23.370740310131048,24.38926442062273,22.104557641410928,21.05222790600689,21.166540435710044,23.51456573869976,22.07758196682176,22.02056872826033,22.05600818,21.05464823801301,,-17.4,0
2026-01-16 19:00,2000,0,2000,1500,0,0,1000,0,0,0,0,0,100,0,100,100,0,0,100,0,0,0,0,0,25,23,25,23,21,21,25,16,21,17,21,,21.32867813448614,23.600309614115822,24.60919297725176,22.37262653867256,21.224621705032376,21.40289168366677,23.310256325684527,21.80800218208107,21.79810038940889,21.833008378504587,21.227031493466733,,-17.6,0
2026-01-16 19:15,2000,0,2000,1500,0,0,1000,0,0,0,0,0,100,0,100,100,0,0,100,0,0,0,0,0,25,23,25,23,21,21,25,16,21,17,21,,21.36685606335552,23.713250806293857,24.733362401411547,22.462623392503605,21.313497392564518,21.498405566657592,23.219287201645763,21.71154407376997,21.69875133569624,21.734864648658103,21.312855442969106,,-17.8,0
2026-01-16 19:30,2000,0,2000,1500,0,0,1000,0,0,0,0,0,100,0,100,100,0,0,100,0,0,0,0,0,25,20.03,25,23,18.03,21,25,16,21,17,21,,21.375412590248988,23.78361329665593,24.815010965970224,22.546541810721195,21.387052767640128,21.57896079276849,23.144397492463227,21.62092359839241,21.61572003677904,21.65241239838723,21.38178119,,-18.3,0
2026-01-16 19:45,2000,0,2000,1500,0,0,1000,0,0,0,0,0,100,0,100,100,0,0,100,0,0,0,0,0,25,20,25,23,18,21,25,16,21,17,21,,21.375003577797344,23.84129917688148,24.885230903673676,22.61514635743916,21.449370134986367,21.647842051060145,23.077053230202797,21.54286313993537,21.541567208580062,21.5787315,21.440051531454547,,-18.8,0
2026-01-16 20:00,2000,0,2000,1500,0,0,1000,0,0,0,0,0,100,0,100,100,0,0,100,0,0,0,0,0,25,20,25,23,18,21,25,16,21,17,21,,21.36753361635194,23.87850016938692,24.93444033071527,22.659076684291023,21.487103794792624,21.690573812718814,23.02829751701716,21.48542427415493,21.48770365432676,21.525462008107887,21.474761390876413,,-18.3,0
2026-01-16 20:15,2000,0,2000,1500,0,0,1000,0,0,0,0,0,100,0,100,100,0,0,100,0,0,0,0,0,25,20,25,23,18,21,25,16,21,17,21,,21.322984742851293,23.90282672186372,24.96481621347828,22.687352665116805,21.50975323763681,21.718467040087937,22.99820170006461,21.44814591579811,21.453878506104424,21.492311225506185,21.49448787929251,,-18.7,0
2026-01-16 20:30,1937.0115619489443,0,1957.941051963644,1500,0,0,1000,0,0,0,0,0,96.85057809744721,0,97.8970526,100,0,0,100,0,0,0,0,0,21.04,20,25,23,18,21,25,16,21,17,21,,21.248146862628975,23.92320101703817,24.994616668122188,22.708328862597263,21.52561301941584,21.739366611874196,22.965332353066927,21.408489345642423,21.41729016141123,21.456077903141992,21.50768025430621,,-19.1,0
2026-01-16 20:45,1995.395234,0,1930.4290468610016,1500,0,0,1000,0,0,0,0,0,99.76976167640599,0,96.52145234305007,100,0,0,100,0,0,0,0,0,21,20,25,23,18,21,25,16,21,17,21,,21.010337324549106,23.945262290676908,25,22.735892624648777,21.548853602815303,21.76837118568507,22.921221151287572,21.357594465733413,21.369272561078645,21.408146723537996,21.52796703609794,,-19.3,0
2026-01-16 21:00,2000,0,1924.8199077107276,1500,0,0,1000,0,0,0,0,0,100,0,96.24099538553638,100,0,0,100,0,0,0,0,0,21,20,25,23,18,21,25,16,21,17,21,,20.99590233632383,23.947763906584367,25,22.764169831970733,21.57290905359785,21.797661307153295,22.86280524279382,21.29261621839216,21.307058759055508,21.345920449576703,21.54972506911749,,-18.4,0
2026-01-16 21:15,2000,0,1918.936934,1500,0,0,1000,0,0,0,0,0,100,0,95.94684671778249,100,0,0,100,0,0,0,0,0,21,20,25,23,18,21,25,16,21,17,21,,20.96541242613255,23.946117515144422,25,22.78657085336901,21.591343230768334,21.82074370900508,22.806865598017367,21.230630987432946,21.24776229113467,21.28647406292454,21.566175795413702,,-18.7,0
2026-01-16 21:30,2000,0,1915.169810505856,1500,0,0,1000,0,0,1250,0,0,100,0,95.75849053,100,0,0,100,0,0,100,0,0,24.960000000000004,20,25,23.000000000000004,18,21,25,16,21,23.92,21,,20.89814258335405,23.944869517984788,25.000000000000004,22.804228711355183,21.605233635508725,21.838995662343912,22.75399998196083,21.172340332500102,21.192138967112715,21.230681169061995,21.578356702501665,,-19,0
2026-01-16 21:45,2000,0,1911.9728921836795,1500,0,0,1000,0,0,1250,0,0,100,0,95.59864460918398,100,0,0,100,0,0,100,0,0,25,20,25,23,18,21,25,16,21,24,21,,20.838773245592407,23.943157218266837,25,22.822006211753504,21.61978215082043,21.858213236353198,22.847298574283872,21.26759277032825,21.29222907,22.62881147726348,21.59099772,,-19.3,0
2026-01-16 22:00,2000,0,0,1500,0,0,1000,0,0,1250,0,0,100,0,0,100,0,0,100,0,0,100,0,0,25,20.99,21.04,23.000000000000004,18,21,25,16,21,24.000000000000004,21,,20.77211854243452,23.941272683267755,25,22.843152443807867,21.637733950086265,21.88064510105209,23.167989765202996,21.598074517828685,21.627950071367643,23.01957147373306,21.607306176081888,,-18.4,0
2026-01-16 22:15,2000,0,0,1500,0,0,1000,0,0,1250,0,0,100,0,0,100,0,0,100,0,0,100,0,0,25,21,21,23,18,21,25,16,21,24,21,,20.711017770522552,23.16378526237593,23.297256694043615,22.873707197047608,21.66654138356205,21.91392156260583,23.392087488458834,21.825623539834965,21.858986550455228,23.25463971317217,21.633892045000124,,-19.4,0
2026-01-16 22:30,2000,0,0,0,0,0,1000,0,0,1250,0,0,100,0,0,0,0,0,100,0,0,100,0,0,25,20.01,21,16.08,18,21,25,20.94,21,24,21,,20.65164065384517,22.02088739341217,22.134791035158138,22.91775115389067,21.709537899860283,21.961561420111696,23.60244551969239,22.03904805535169,22.075821066250334,23.481816777376835,21.674625656577756,,-20.9,0
2026-01-16 22:45,2000,0,183.50338779137743,0,0,0,1000,0,0,1250,0,0,100,0,9.175169389568872,0,0,0,100,0,0,100,0,0,25,20,21,16,18,21,25,21,21,24,21,,20.58275105749431,21.20858478997864,21.30099335968204,21.81546779918072,21.64385931223383,21.889302483057243,23.75122604292699,22.187472845170635,22.22683886148463,23.640931469117547,21.613747459958667,,-21.8,0
2026-01-16 23:00,2000,0,419.71794446173953,0,0,0,1000,0,0,1250,0,0,100,0,20.985897223086976,0,0,0,100,0,0,100,0,0,25,20,21,16,18,21,25,21,21,24,21,,20.526975124609244,20.766556389943144,21,21.48565640866629,21.36898625127109,21.601833484220297,23.826101168634885,22.25971020805271,22.301385896048256,23.72196663417735,21.343981719976995,,-19.5,0
2026-01-16 23:15,2000,0,450.0160207473855,0,0,0,1000,0,0,1250,0,0,100,0,22.500801037369275,0,0,0,100,0,0,100,0,0,25,20,21,16,18,21,25,21,21,24,21,,20.48553150375141,20.67547950912521,21,21.35753266046189,21.232389077251888,21.46687695543944,23.849512967776704,22.278737958852304,22.32238645,23.748107075063626,21.20279787351296,,-19.4,0
2026-01-16 23:30,2000,0,0,0,1250,0,0,0,0,1250,1500,0,100,0,0,0,100,0,0,0,0,100,100,0,25,20,20.010000000000005,16,23.930000000000003,21,18.08,21,21,24.000000000000004,23.97,,20.45659699829854,20.66749594623025,21,21.276358006818512,21.163096873040782,21.395582531667078,23.868179427252954,22.29357666431613,22.33942303032921,23.76979432892728,21.133663685263755,,-19.7,0
2026-01-16 23:45,2000,0,0,0,1250,0,0,0,0,1250,1500,0,100,0,0,0,100,0,0,0,0,100,100,0,25,20,20,16,24,21,18,21,21,24,24,,20.438741824704227,20.413149312629347,20.513368561052992,21.335706937141904,22.12902461761383,21.481154490582483,22.262843407086827,22.1859494,22.234851243529373,23.667203762010097,22.236504516039584,,-19.5,0
2026-01-17 0:00,2000,73.40514728,0,0,1250,0,0,0,0,1250,1500,0,100,3.670257363759265,0,0,100,0,0,0,0,100,100,0,25,20,20,16,24,21,18,21,21,24,24,,20.422019906312723,20.09315914624445,20.19470585,21.72789192865135,22.55490750887714,21.90757791074852,21.939316341652415,21.95495976982077,22.00431179640889,23.439048259314557,22.673177972182582,,-17.7,0
2026-01-17 0:15,2000,181.4113763140631,0,0,1250,0,0,0,0,1250,1500,0,100,9.070568815703155,0,0,100,0,0,0,0,100,100,0,25,20,20,16,24,21,18,21,21,24,24,,20.42472683241981,20,20.047755004866435,21.89009791,22.703460936768597,22.062416185958945,21.87182651759851,21.87304682694818,21.925267458006942,23.36354196598748,22.82277685216897,,-17.6,0
2026-01-17 0:30,2000,243.8910730806601,36.68927873075154,0,1250,0,0,0,0,1250,1500,0,100,12.194553654033005,1.834463936537577,0,100,0,0,0,0,100,100,0,25,20,20,16,24,21,18,21,21,24,24,,20.44575936187637,20,19.99999760882086,21.987461043418826,22.81440790361779,22.174602535450493,21.798458045267896,21.82654433883564,21.880472095828846,23.320142957544157,22.93438955058457,,-17.5,0
2026-01-17 0:45,2000,264.7314763538816,58.95359459,0,1250,0,0,0,0,1250,1500,0,100,13.23657381769408,2.94767973,0,100,0,0,0,0,100,100,0,25,20,20,16,24,21,18,21,21,24,24,,20.476476780802955,20,20,22.056145951594385,22.887536278582647,22.247600118767416,21.745879841923355,21.78948617303585,21.845248563026324,23.28654677333429,23.00983988761349,,-17.1,0
2026-01-17 1:00,2000,273.6326785274214,83.17290877517007,0,1250,0,0,0,0,1250,1500,0,100,13.681633926371068,4.158645438758503,0,100,0,0,0,0,100,100,0,25,20,20,16,24,21,18,21,21,24,24,,20.51208742,20,20,22.144597735088457,22.979581464068232,22.34378262567129,21.699173684276527,21.75002206634924,21.80747731067388,23.250163666903056,23.10070004912559,,-16.6,0
2026-01-17 1:15,2000,280.0067183907813,97.34634873018148,0,1250,0,0,0,0,1250,1500,0,100,14.000335919539065,4.867317436509073,0,100,0,0,0,0,100,100,0,25,20,20,16,24,21,18,21,21,24,24,,20.53463845775112,20,20,22.24055914528097,23.079912921465088,22.44812641951232,21.646376396121703,21.703248939988608,21.76196417074868,23.205980979365485,23.19914818233384,,-16.4,0
2026-01-17 1:30,991.4299641579372,287.4117872,112.96024540623483,0,1249.9999999999989,0,0,0,1249.9999999999989,0,1499.9999999999986,0,49.57149820789686,14.370589358519352,5.6480122703117415,0,100,0,0,0,100,0,100,0,18.079999999999984,19.999999999999982,19.999999999999982,15.999999999999984,23.99999999999998,20.99999999999998,17.999999999999982,20.99999999999998,23.96999999999998,17.07999999999998,23.99999999999998,,20.55279450805652,20,20,22.333252686897485,23.174906156175265,22.54500013,21.59656231382055,21.658418601894624,21.71840291173763,23.163818231119475,23.294759905359378,,-16.5,0
2026-01-17 1:45,1303.9927019709748,293.7775187222687,123.50928732970895,0,1250,0,0,0,1250,0,1500,0,65.19963509854874,14.688875936113437,6.175464366485447,0,100,0,0,0,100,0,100,0,18,20,20,16,24,21,18,21,24,17,24,,18.35492758307322,19.999999999999982,19.999999999999982,22.55381900878093,23.404335962259783,22.788962136638112,21.51988159651976,21.58478821019284,22.91635638861901,21.80986770944837,23.515828609559296,,-16.8,0
2026-01-17 2:00,1272.3281441469408,299.60897616876537,132.8062158344692,0,1250,0,0,0,1250,0,1500,0,63.61640720734704,14.980448808438268,6.640310791723461,0,100,0,0,0,100,0,100,0,18,20,20,16,24,21,18,21,24,17,24,,18,20,20,22.743158007710328,23.59402213336057,22.98296232283436,21.480138961608915,21.548975354831683,22.94358003497407,21.709745862317007,23.70613594337372,,-16.6,0
2026-01-17 2:15,1348.2428163622608,304.6455390994561,140.81791227773283,0,1250,0,0,0,1250,0,1500,0,67.41214081811304,15.232276954972804,7.040895613886642,0,100,0,0,0,100,0,100,0,18,20,20,16,24,21,18,21,24,17,24,,18,20,20,22.78991581840489,23.639325255731677,23.024326528707967,21.468456264414968,21.54131079148042,22.92823772564706,21.71540801986173,23.75532018123166,,-16.6,0
2026-01-17 2:30,1399.2383207756593,309.04752864740294,147.43974882023758,0,1250,0,0,0,1250,0,1500,0,69.96191603878296,15.452376432370148,7.371987441011879,0,100,0,0,0,100,0,100,0,18,20,20,20.94,24,21,18,21,24,17,24,,18,20,20,22.82392048154792,23.67687756814996,23.06370282181344,21.46104578986202,21.537300083055896,22.94861247822344,21.693838648243712,23.791323249136536,,-16.8,0
2026-01-17 2:45,1423.5555511994517,312.78365981987736,152.7735355730947,0,1250,0,0,0,1250,0,1500,0,71.17777755997258,15.639182990993868,7.638676778654736,0,100,0,0,0,100,0,100,0,18,20,20,21,24,21,18,21,24,17,24,,17.999999999999996,20,20,22.84685571724784,23.70102019652649,23.086253069045185,21.452447497805675,21.53160376018134,22.956704046884735,21.679852062740807,23.81614399102703,,-16.9,0
2026-01-17 3:00,1456.700706269261,0,0,0,1250,0,0,0,1250,0,1500,0,72.83503531346304,0,0,0,100,0,0,0,100,0,100,0,18,17.03,17.03,21,24,21,18,21,24,17,24,,18.000000000000004,20,20,22.88029856196609,23.73656663381344,23.12230575992884,21.44810424831203,21.529892098920207,22.963308709437904,21.67460361,23.851092545131543,,-16.8,0
2026-01-17 3:15,1485.983827494514,0,0,0,1250,0,0,0,1250,0,1500,0,74.29919137,0,0,0,100,0,0,0,100,0,100,0,18,17,17,21,24,21,18,21,24,17,24,,18,19.774479511201783,19.885737224586723,22.900701118073226,23.75733920266338,23.143422270786843,21.43934575419169,21.523396595773665,22.96455634824604,21.66506153260697,23.872078119211817,,-16.7,0
2026-01-17 3:30,1512.2602383540166,1321.8747034422254,140.88904753839452,0,0,0,0,0,0,0,0,0,75.61301191770083,66.09373517211127,7.044452376919725,0,0,0,0,0,0,0,0,0,18,20.96,19.97,21,21.03,21,20.97,21,18.07,17,18.07,,18,19.63802468986154,19.70739404,22.930725827853912,23.788554033541207,23.17712361822473,21.435589583512503,21.521886897172276,22.97015865667116,21.661323304352152,23.902120459392368,,-16.9,0
2026-01-17 3:45,1536.2196682977285,943.2851719,0,0,0,0,82.94555807492634,70.62900996719327,0,0,0,0,76.81098341488644,47.1642586,0,0,0,0,8.294555807492634,5.6503207973754614,0,0,0,0,18,21,20,21,21,21,21,21,18,17,18,,18,20.853830082323285,20.31812866962266,22.736502215880147,22.69453765,22.950654741883724,21.274964206682032,21.35666781794083,21.545647955994568,21.487987124654406,22.68444807326117,,-17.1,0
2026-01-17 4:00,1537.8756404635717,911.0424090433698,0,0,0,0,188.7061843145275,217.64291896004212,0,0,0,0,76.89378202317859,45.552120452168495,0,0,0,0,18.870618431452748,17.41143351680337,0,0,0,0,18,21,20,21,21,21,21,21,18,17,18,,18,21,20.618895535430493,22.20061522087235,22.123107624383948,22.37988416871016,21,21.019855326048944,21.071232274885308,21.07803433172509,22.094612660304044,,-17,0
2026-01-17 4:15,1537.394338029586,863.2738674457069,0,0,0,0,240.25625513931843,298.01344342230004,0,0,0,0,76.8697169,43.163693372285344,0,0,0,0,24.025625513931843,23.841075473784002,0,0,0,0,18,21,20,21,21,21,21,21,18,17,18,,18,21,20.668355385346445,21.966240322861903,21.90539704232522,22.15898995795236,21,21,20.911776912637755,20.90277814,21.87291668,,-16.9,0
2026-01-17 4:30,1535.337864659059,848.4604495218155,0,0,0,0,274.20107432766963,349.0959913508559,0,0,0,0,76.76689323295295,42.42302247609077,0,0,0,0,27.42010743276696,27.927679308068473,0,0,0,0,18,21,20,21,21,21,21,21,18,17,18,,18,21,20.67065336,21.800834012848423,21.72726533481054,21.9775298,21,21,20.79902513300309,20.804766610653427,21.695646094549428,,-17,0
2026-01-17 4:45,1532.0725298991963,841.9385617785447,0,0,0,0,319.23028318772595,418.7800297935864,0,0,0,0,76.60362649495981,42.096928088927235,0,0,0,0,31.923028318772595,33.50240238348691,0,0,0,0,18,21,20,21,21,21,21,21,18,17,18,,17.999999999999996,21,20.673093172228462,21.68433730529332,21.60883533366107,21.860109080543253,21,21,20.736422070642472,20.748914894126354,21.574006437839174,,-17,0
2026-01-17 5:00,1536.9444747157268,838.1115536551551,0,0,0,0,340.9314068223539,451.7456994292552,0,0,0,0,76.84722373578633,41.90557768275776,0,0,0,0,34.093140682235386,36.13965595434041,0,0,0,0,18,21,20,21,21,21,21,21,18,17,18,,18,21,20.67547642176028,21.52349777166436,21.44512586140309,21.68936669,21,21,20.659719715453974,20.673696252292483,21.412444573990225,,-17.1,0
2026-01-17 5:15,1541.3495527755183,836.8183805787412,0,0,0,0,376.2184984944997,505.91862723602026,0,0,0,0,77.06747763877591,41.84091902893706,0,0,0,0,37.62184984944997,40.47349017888162,0,0,0,0,18,21,20,21,21,21,21,21,18,17,18,,18,21,20.67641532313064,21.41165775431112,21.33408181442338,21.579094703352983,21,21,20.615759138455505,20.63168274788505,21.29910853,,-16.9,0
2026-01-17 5:30,2000,838.3368640721067,0,33.33836554602749,95.50539169843492,0,394.74529005492025,533.9898234614157,0,408.7547852040418,0,0,100,41.91684320360533,0,2.222557703068499,7.640431335874794,0,39.47452900549202,42.71918587691325,0,32.70038281632335,0,0,20.97,21,20,21,21,21,21,21,18,20.96,18,,18,21,20.675852871998572,21.26235263020641,21.18145936,21.420154447803565,21,21,20.556406581595247,20.573339087486183,21.14891909278164,,-17.1,0
2026-01-17 5:45,2000,840.8745133932316,0,309.6308948022464,419.32316832330855,77.36487062,380.2818759418163,510.6460976011549,0,414.7964426093955,0,0,100,42.04372566966158,0,20.642059653483095,33.54585346586469,15.47297412367916,38.028187594181624,40.85168780809239,0,33.183715408751645,0,0,21,21,20,21,21,21,21,21,18,21,18,,18.792395844983663,21,20.674479946514865,21.068761286849977,21.028375614790704,21.192489694383266,21,21,20.51675337175501,20.96,20.935689421882287,,-17.2,0
2026-01-17 6:00,2000,843.8349947948736,0,406.5445995213013,513.4246602682979,142.18133704879074,380.10003451810553,509.5686419492995,0,413.89866894203806,0,0,100,42.191749739743685,0,27.102973301420086,41.07397282146383,28.43626740975815,38.010003451810555,40.76549135594396,0,33.11189351536304,0,0,21,21,20,21,21,21,21,21,18,21,18,,19.41604130577184,21,20.672757384672856,21,21,21,21,21,20.541294976481296,21,20.66924610897314,,-16.9,0
2026-01-17 6:15,2000,847.7194556502691,0,428.4523644853252,537.1545815521167,153.8165758995965,382.8676390937926,513.1094035586684,0,414.1330772841248,0,0,100,42.385972782513456,0,28.563490965688345,42.97236652416934,30.76331518,38.28676390937926,41.04875228469347,0,33.13064618272998,0,0,21,21,20,21,21,21,21,21,18,21,18,,19.661609982589507,21,20.670759558670504,21,21,21,21,21,20.53888327022405,21,20.587318193245007,,-16.9,0
2026-01-17 6:30,2000,852.6542838436653,0,451.0234325000965,558.4983946932625,166.78398195107366,387.8578375814504,520.1308935962115,0,420.42248619960446,0,0,100,42.632714192183265,0,30.068228833339763,44.67987158,33.35679639021473,38.78578375814504,41.61047148769692,0,33.633798895968354,0,0,21,21,20,21,21,21,21,21,18,21,18,,19.728345825778465,21,20.668194882601725,21,21,21,21,21,20.530318093843757,21,20.57106330463385,,-17.1,0
2026-01-17 6:45,2000,857.8373855427744,0,463.9632591008012,571.3683877231997,173.4968580670611,392.0466243284136,525.9150679116719,0,426.2098377763432,0,0,100,42.891869277138724,0,30.930883940053416,45.709471017855975,34.699371613412225,39.20466243284136,42.073205432933754,0,34.096787022107456,0,0,21,21,20,21,21,21,21,21,18,21,18,,19.78030379957421,21,20.665439526377195,21,21,21,21,21,20.52034962487548,21,20.55354913,,-17.1,0
2026-01-17 7:00,2000,860.6234364,0,476.9703008,583.9848504331021,181.19609191620475,395.9703787,531.4876297066876,0,432.16911509233614,0,0,100,43.03117182099395,0,31.79802005253587,46.71878803464817,36.23921838324095,39.597037872861804,42.51901037653501,0,34.57352920738689,0,0,21,21,20,21,21,21,21,21,18,21,18,,19.847707693959144,21,20.66257564616749,21,21,21,21,21,20.511682824791222,21,20.54047903276014,,-16.5,0
2026-01-17 7:15,2000,862.3143303168363,0,486.37202751232326,592.9450936185713,186.5781094968916,399.04095383292406,535.7607342888296,0,436.9362070609932,0,0,100,43.11571651584181,0,32.424801834154884,47.435607489485704,37.31562189937833,39.90409538329241,42.86085874310636,0,34.954896564879455,0,0,21,21,20,21,21,21,21,21,18,21,18,,19.94054930084632,21,20.660913345247856,21,21,21,21,21,20.50338005122052,21,20.529643772576463,,-16.2,0
2026-01-17 7:30,2000,621.7611433156446,427.2188186579632,414.7514964409245,520.8264773283023,134.56625016445977,334.5124805,434.6800758,1250,0,580.7716651176409,0,100,31.08805716578223,21.36094093289816,27.650099762728296,41.666118186264185,26.913250032891955,33.451248054672405,34.77440606358624,100,0,38.71811100784272,0,21,21,20.99,21,21,21,21,21,23.930000000000003,16.06,20.97,,20.04286570673313,21.000000000000004,20.65963943439076,21,21,21,21,21,20.49644626703568,21,20.521505981837507,,-16.3,0
2026-01-17 7:45,2000,561.1398711407164,359.56191346409105,347.67716345057124,453.37521339750674,86.09655401,237.29462635737764,282.61674244640017,1250,0,505.4491093361576,0,100,28.05699355703582,17.978095673204553,23.178477563371416,36.27001707180054,17.219310801882237,23.729462635737764,22.609339395712013,100,0,33.69660728907718,0,21,21,21,21,21,21,21,21,24,16,21,,20.13020397251612,21,20.99,21,21,21.000000000000004,21,21,21.86181534684128,20.64973337066614,20.97,,-16.5,0
2026-01-17 8:00,2000,551.6476013737047,396.3224228790932,349.3419600359339,454.62598840951614,86.69053125,224.5773827963003,262.3248926578417,1250,0,535.9374771954608,0,100,27.582380068685232,19.81612114395466,23.289464002395594,36.37007907276129,17.33810625060578,22.45773827963003,20.985991412627335,100,0,35.72916514636405,0,21,21,21,21,21,21,21,21,24,16,21,,20.229502241140544,21,21,21,21,21.000000000000004,21,21,22.12327575594158,20.77803179,21,,-16.5,19
2026-01-17 8:15,2000,550.8460073400056,385.77548056571686,340.50691554388686,445.3764413227291,80.01881944117122,212.3029395418962,242.7840965,1250,0,517.8895201511477,0,100,27.54230036700028,19.288774028285843,22.700461036259124,35.63011530581833,16.003763888234243,21.23029395418962,19.42272771922144,100,0,34.52596801007652,0,21,21,21,21,21,21,21,21,24,16,21,,20.329175014304937,21,21,21,21,21,21,21,22.11143249893528,20.82824837994258,21,,-16.2,25
2026-01-17 8:30,2000,548.5685605551698,382.2828967227797,339.81200713361613,442.6924637191332,79.94132658723538,206.39137427536843,233.49701907100464,1250,0,513.0175780255959,0,100,27.428428027758493,19.114144836138983,22.65413380890774,35.41539709753065,15.988265317447077,20.639137427536845,18.679761525680373,100,0,34.20117186837306,0,21,21,21,21,21,21,21,21,24,16,21,,20.41966126,21,21,21,21,21.000000000000004,21,21,22.14394236510986,20.83965562960015,21,,-15.9,83
2026-01-17 8:45,2000,545.1796806489947,378.9226145803259,338.1108232453116,438.0023336388949,79.62606968832552,198.4600397544764,221.29253283381692,1250,0,507.1637511096524,0,100,27.258984032449735,18.946130729016296,22.54072154968744,35.04018669111159,15.925213937665102,19.84600397544764,17.703402626705355,100,0,33.81091674,0,21,21,21,21,21,21,21,21,24,16,21,,20.506164947360546,21,21,21,21,21,21,21,22.168711346235632,20.84689780708394,21,,-15.6,116
2026-01-17 9:00,2000,540.2900587449658,375.51453050692726,335.3043551201081,431.1667440160472,79.09129005951945,189.57225457923505,207.83298815398484,1250,0,499.9866949109892,0,100,27.014502937248288,18.775726525346364,22.353623674673873,34.49333952128377,15.81825801190389,18.957225457923506,16.626639052318787,100,0,33.332446327399275,0,21,21,21,21,21,21,21,21,24,16,21,,20.594740653450152,21,21,21,21,21,21,21,22.18734234149943,20.85750829124571,21,,-15.5,87
2026-01-17 9:15,2000,534.4385005850127,371.99917901774097,331.8149260643586,422.8683234,78.42037886715298,180.19404585474604,193.7713325450586,1250,0,491.9268387,0,100,26.721925029250635,18.59995895088705,22.12099507095724,33.82946587147104,15.684075773430596,18.019404585474604,15.501706603604688,100,0,32.79512258293713,0,21,21,21,21,21,21,21,21,24,16,21,,20.68623567656068,21,21,21,21,21,21,21,22.20578148501542,20.86868130412348,21,,-14.7,93
2026-01-17 9:30,2000,525.2096994144777,367.3287304006917,0,408.65016465815097,78.16859363678486,169.7343967279603,0,1250,0,481.4290965023829,0,100,26.260484970723883,18.366436520034586,0,32.692013172652075,15.633718727356973,16.97343967279603,0,100,0,32.095273100158856,0,21,21,21,17.04,21,21,21,17.04,24,16,21,,20.79771099044848,21,21,21,21,21,21,21,22.223770047836247,20.880418542994043,21,,-13.8,186
2026-01-17 9:45,1981.0906798574176,513.2358876166909,362.19880677395486,0,462.88229507549113,128.6596051685192,182.35962251319413,0,1250,0,540.4003617317176,0,99.05453399287089,25.661794380834543,18.109940338697744,0,37.03058360603929,25.731921033703838,18.23596225131941,0,100,0,36.02669078211451,0,21,21,21,17,21,21,21,17,24,16,21,,20.90649633528193,21,21,20.77273061305561,21,21,21,20.820495530340622,22.23851272310804,20.889497413161397,21,,-13.3,221
2026-01-17 10:00,1938.786401339166,495.97595858240425,355.6766706325361,0,460.16430665856745,142.97588319884017,186.63267634751173,0,1250,0,544.9501397300288,0,96.93932007,24.798797929120212,17.783833531626804,0,36.81314453268539,28.595176639768034,18.663267634751172,0,100,0,36.33000931533525,0,21,21,21,17,21,21,21,17,24,16,21,,20.99727822420442,21,21,20.719637385549568,21,21,21,20.792265764073072,22.21489308412061,20.860257732382983,21,,-13.8,66
2026-01-17 10:15,1905.199924658693,477.8371943746388,349.47096246698004,0,441.9513232473752,145.1035054,184.0387754685968,0,1250,0,531.7863671810119,0,95.25999623293464,23.89185971873194,17.47354812,0,35.35610585979002,29.020701073023996,18.40387754685968,0,100,0,35.45242447873412,0,21,21,21,17,21,21,21,17,24,16,21,,21,21,21,20.70598819691927,21,21,21,20.779077074392195,22.19835736803825,20.83877616360351,21,,-13.4,68
2026-01-17 10:30,1872.9294008587444,459.000243,343.3694334456644,0,420.0730643758252,143.50527735257612,175.56991274905036,0,1250,0,513.2958576515932,0,93.64647004293721,22.95001215,17.16847167228322,0,33.60584515006602,28.701055470515225,17.556991274905034,0,100,0,34.21972384343955,0,21,21,21,17,21,21,21,17,24,16,21,,21,21,21,20.70728885598592,21,21,21,20.778344071552983,22.19330670904205,20.829614990225533,21,,-12.9,223
2026-01-17 10:45,1842.5722425528763,439.1897668137244,337.30654334570863,0,397.9424321548965,140.88558993763095,163.5827104332457,0,1250,0,492.6965770500416,0,92.12861212764382,21.95948834068622,16.865327167285432,0,31.83539457239172,28.17711798752619,16.35827104332457,0,100,0,32.846438470002774,0,21,21,21,17,21,21,21,17,24,16,21,,21,21,21,20.712747046943164,21,21,21,20.788506023164288,22.199344206841136,20.832021216892358,21,,-12.3,271
2026-01-17 11:00,1811.5760167486224,418.5402748870511,331.1087540289828,0,370.6898188,137.3278184323235,148.5864449983892,0,1250,0,469.8188081727403,0,90.57880083743112,20.927013744352557,16.55543770144914,0,29.655185504181283,27.46556369,14.85864449983892,0,100,0,31.321253878182688,0,21,21,21,17,21,21,21,17,24,16,21,,21,21,21,20.71941865241449,21,21,21,20.80516062794324,22.21221726944193,20.84162368989565,21,,-12.8,135
2026-01-17 11:15,1781.272044214389,397.57231909813527,325.1471059445212,0,347.62618309297795,133.59370205331106,132.18473286353674,0,1250,0,446.0579852356768,0,89.06360221071945,19.878615954906763,16.25735529722606,0,27.810094647438238,26.718740410662214,13.218473286353674,0,100,0,29.737199015711788,0,21,21,21,17,21,21,21,17,24,16,21,,21,21,21,20.72700100850069,21,21,21,20.82707776404881,22.23107869706155,20.857458446914563,21,,-12.1,137
2026-01-17 11:30,1752.7244178266965,2000,64.38040463056969,1500,156.8653949553103,52.208636592885895,49.30257416665991,0,1250,1250,227.4714632742922,0,87.63622089133483,100,3.219020231528484,100,12.549231596424825,10.441727318577179,4.930257416665991,0,100,100,15.164764218286148,0,21,23.97,21,24.91,21,21,21,17,24.000000000000004,22.840000000000003,21,,21,21,21,20.73464381780299,21,21,21,20.852415305827297,22.254334604245912,20.877911499953417,21,,-11.7,202
2026-01-17 11:45,1725.281160062441,2000,0,1500,0,0,0,0,1250,1250,0,0,86.26405800312205,100,0,100,0,0,0,0,100,100,0,0,21,24,21,25,21,21,21,17,24,23,21,,21,22.41948566288066,21.46705457252356,21.92049354200865,21.010406126668784,21.06933216413916,21.052032328603342,21.03494818278482,22.44269065003835,22.351806370995757,21,,-11.2,204
2026-01-17 12:00,1704.6742140927545,0,0,1500,0,0,0,0,0,1223.4760641640069,0,0,85.23371070463772,0,0,100,0,0,0,0,0,97.87808513312055,0,0,21,21.03,21,25,21,21,21,17,21.03,23,21,,21,23.13480324725883,22.181866832084797,22.194087402868988,21.120111563963192,21.25404148179276,21.36112693464213,21.44055979530055,22.85583744542412,22.811390994515342,21.06382326991951,,-11.8,55
2026-01-17 12:15,1684.5916909580797,138.47337578813554,106.7169604545488,1500,0,0,0,0,0,1250,0,0,84.22958454790398,6.923668789406777,5.335848023,100,0,0,0,0,0,100,0,0,21,21,21,25,21,21,21,17,21,23,21,,21,21.82629203119202,21.885327436416883,22.326345296033672,21.24305148916912,21.383682220095388,21.52546831261547,21.61383718321255,21.770895406969487,22.97063177280154,21.18460623283294,,-11.2,55
2026-01-17 12:30,1663.646190576647,2000,68.75754789,1500,0,0,0,0,0,1250,0,0,83.18230952883235,100,3.4378773942818954,100,0,0,0,0,0,100,0,0,21,23.97,21,25,21,21,21,17,21,23,21,,21,21.07838331876101,21.10695001110066,22.441360154578103,21.35055147925176,21.49550629217923,21.38338764,21.467470845725227,21.565609098804508,22.864708006962932,21.294566326298096,,-10.8,208
2026-01-17 12:45,1642.2114980341962,2000,0,1500,0,0,0,0,0,1250,0,0,82.11057490170981,100,0,100,0,0,0,0,0,100,0,0,21,24,21,25,21,21,21,17,21,23,21,,21,22.451683932529694,21.455165351318897,22.536440930936205,21.441672446840855,21.588260956829718,21.290219689782457,21.372409793539084,21.463540139257237,22.78226495124369,21.38930722396276,,-10.2,168
2026-01-17 13:00,1629.6628742110388,2000,0,1500,0,0,0,0,0,1250,0,0,81.48314371055194,100,0,100,0,0,0,0,0,100,0,0,21,24,21,25,21,21,21,17,21,23,21,,21,23.193812803298584,22.226021528466987,22.61756356687574,21.51933605960756,21.665848282054917,21.23982573718561,21.32137269218157,21.40491093067314,22.740837586494887,21.472874950633702,,-10.5,14
2026-01-17 13:15,1616.8935621176497,2000,0,1500,0,0,0,0,0,1250,0,0,80.84467810588248,100,0,100,0,0,0,0,0,100,0,0,21,24,21,25,21,21,21,17,21,23,21,,21,23.608454465687917,22.633818802020343,22.67638681448061,21.574257229622976,21.720585991255888,21.218843913305875,21.30069671384895,21.379290654549937,22.72889595244942,21.535942835663956,,-10.2,13
2026-01-17 13:30,1605.108070910399,1808.000137572379,0,1500,1250,0,0,1250,0,1200.5354759883048,0,0,80.25540354551995,90.40000687861895,0,100,100,0,0,100,0,96.04283807906438,0,0,21,24.000000000000004,21,25,24.960000000000004,21,21,23.92,21,23.000000000000004,21,,21,23.87649475985381,22.89668602329856,22.72522046068353,21.62017057985223,21.76608867360411,21.21426559840253,21.29662152619729,21.372354413445716,22.732828991873436,21.59170116,,-9.9,301
2026-01-17 13:45,1594.2848280048747,1674.3291082727774,0,1500,1250,0,0,1250,0,933.2631641584068,0,0,79.71424140024375,83.71645541363888,0,100,100,0,0,100,0,74.66105313267254,0,0,21,24,21,25,25,21,21,24,21,23,21,,21.000000000000004,23.997896838149163,23.123095087000365,22.92474216,22.723927117407687,21.98526960145892,21.380699992812097,22.731956123315555,21.54819522034779,22.87759005313458,21.79456089337503,,-9.6,252
2026-01-17 14:00,1579.7985586511222,1640.7249077990418,0,1500,1250,0,0,1250,0,817.8551372378934,0,0,78.98992793255611,82.03624538995209,0,100,100,0,0,100,0,65.42841097903147,0,0,21,24,21,25,25,21,21,24,21,23,21,,21,24,23.19071618790295,23.29120352314251,23.119174628806576,22.36762816786064,21.759323322537316,23.187188669324264,21.94194287045604,23,22.162319868004467,,-9.5,24
2026-01-17 14:15,1566.5638232867132,1608.5033879036928,0,1500,1250,0,0,1250,0,737.6131588893913,0,0,78.32819116433566,80.42516939518464,0,100,100,0,0,100,0,59.009052711151305,0,0,21,24,21,25,25,21,21,24,21,23,21,,21.000000000000004,24,23.21043559572442,23.45759655739443,23.26935431189469,22.52088974473365,21.89497513316841,23.31435141945956,22.07778529097117,23,22.330255059432474,,-9.4,23
2026-01-17 14:30,1553.9894322633409,1575.952944702738,0,1500,1250,0,0,1250,0,681.5060639,0,0,77.69947161316705,78.79764724,0,100,100,0,0,100,0,54.520485108036084,0,0,21,24,21,25,25,21,21,24,21,23,21,,21,24,23.229160899352635,23.579584936032862,23.399772759399852,22.648189685864637,21.969803597685097,23.41657945,22.15478599,23,22.448398010632065,,-9.3,201
2026-01-17 14:45,1541.654879577785,1544.3904115744808,0,1500,1250,0,0,1250,0,614.8649295139112,0,0,77.08274397888925,77.21952057872404,0,100,100,0,0,100,0,49.18919436,0,0,21,24,21,25,25,21,21,24,21,23,21,,21,24.000000000000004,23.248350009814445,23.67396838,23.493390504669307,22.739440092650803,22.02677484638295,23.48907334900956,22.213256597144703,23,22.54093441126029,,-9.2,115
2026-01-17 15:00,1533.0867000629532,1516.6679762362692,0,1500,1250,0,0,1250,0,565.4954490875098,0,0,76.65433500314766,75.83339881181345,0,100,100,0,0,100,0,45.23963592700078,0,0,21,24,21,25,25,21,21,24,21,23,21,,21,24,23.26530915164084,23.795176100033597,23.61373723415256,22.863384809760696,22.092847117259517,23.56476390395205,22.282127379666125,23,22.661777042141345,,-8.9,8
2026-01-17 15:15,1524.7152233435445,1491.171883390547,0,1500,1250,0,0,1250,0,509.3587771541643,0,0,76.23576116717723,74.55859416952735,0,100,100,0,0,100,0,40.74870217233314,0,0,21,24,21,25,25,21,21,24,21,23,21,,21,24,23.280250951626687,23.88881084339516,23.703907584285638,22.95401996933977,22.14388026240018,23.623957959255527,22.33592712805516,23,22.75591419,,-8.9,7
2026-01-17 15:30,0,0,652.8728595901238,0,1250,0,0,1250,0,0,0,0,0,0,32.64364297950619,0,100,0,0,100,0,0,0,0,16.06,17.08,22.980000000000004,16.099999999999998,25,21.000000000000004,16.06,24,21.000000000000004,21.02,21.000000000000004,,21,24,23.293455559367885,24.00529269478543,23.81926444286987,23.074562061557348,22.197812561429146,23.68557632840446,22.39430688913257,23,22.87423965008408,,-8.9,91
2026-01-17 15:45,61.050028320796976,0,956.4602911590412,0,1250.000000000002,0,0,1250.000000000002,0,0,0,0,3.0525014160398487,0,47.823014557952064,0,100,0,0,100,0,0,0,0,16.00000000000002,17.00000000000003,23.00000000000004,16.00000000000002,25.00000000000004,21.00000000000003,16.00000000000002,24.00000000000004,21.00000000000003,21.00000000000003,21.00000000000003,,18.04108188517656,22.72875563688663,23.03161223314553,23.048343285054845,23.89981368483203,23.15515358053512,22.21020796455516,23.70307317,22.411943542574228,22.489007971695763,22.96832138753916,,-8.7,62
2026-01-17 16:00,187.6341650283321,0,971.8869199663897,0,1250,0,0,1250,0,0,0,0,9.381708251416605,0,48.59434599831948,0,100,0,0,100,0,0,0,0,16,17,23,16,25,21,16,24,21,21,21,,16.519337471740638,22.532630810243376,23.00000000000004,22.89877265359565,23.791688518409703,23.03848891515624,22.137407193086588,23.632353383262185,22.343085371204214,22.39654948786807,22.880158549349098,,-8.5,15
2026-01-17 16:15,226.77348803047695,0,986.1511982700612,0,1250,0,0,1250,0,0,0,0,11.338674401523848,0,49.307559913503056,0,100,0,0,100,0,0,0,0,16,17,23,16,25,21,16,24,21,21,21,,16,22.50419154,23,22.85299357287312,23.753352889868182,23.000709630327883,22.11454543274489,23.61321539867221,22.329525275059517,22.376955248894863,22.857973210957176,,-8.6,11
2026-01-17 16:30,311.8922130522388,0,1017.2369804086702,0,1250,0,0,1250,0,0,0,0,15.59461065261194,0,50.86184902043351,0,100,0,0,100,0,0,0,0,16,17,23,16,25,21,16,24,21,21,21,,16,22.47253787,23.000000000000004,22.84014843515657,23.74173567467242,22.99221762856605,22.113125837004908,23.61552065156916,22.311341126976195,22.355096426774598,22.80543320112399,,-8.6,4
2026-01-17 16:45,353.5986973990184,0,1032.6405729527432,0,1250,0,0,1250,0,0,0,0,17.67993486995092,0,51.63202864763716,0,100,0,0,100,0,0,0,0,16,17,23,16,25,21,16,24,21,21,21,,16,22.447103365861285,23,22.817831712518178,23.720210458957258,22.97136592917345,22.107826962436476,23.613169250776583,22.297194104980523,22.33801804261353,22.765374975004747,,-8.5,0
2026-01-17 17:00,389.5929592199109,0,1044.4457169098423,0,1250,0,0,1250,0,0,0,0,19.479647960995543,0,52.22228584549212,0,100,0,0,100,0,0,0,0,16,17,23,16,25,21,16,24,21,21,21,,16,22.43387308123438,23,22.79344919002451,23.69608037318432,22.94676585174781,22.10287584384166,23.61063694010421,22.287556952542666,22.326135148169783,22.73418481395551,,-7.8,0
2026-01-17 17:15,419.01006972876166,0,1055.142673019549,0,1250,0,0,1250,0,0,0,0,20.950503486438084,0,52.75713365097745,0,100,0,0,100,0,0,0,0,16,17,23,16,25,21,16,24,21,21,21,,16,22.42183232006151,23,22.76965423608976,23.67176989,22.922784338582723,22.09878999928544,23.60881180989688,22.28004842532371,22.316835843724164,22.70519238,,-7.8,0
2026-01-17 17:30,443.3219061802157,0,1066.1320618859072,0,0,0,0,0,0,0,0,0,22.166095309010785,0,53.30660309429536,0,0,0,0,0,0,0,0,0,16,17,23.000000000000004,16,16.1,21,16,17.08,21,21,18.03,,16,22.412053115890377,23,22.746737349115094,23.64813477969825,22.899539951502927,22.095694985024394,23.60777608683617,22.27422191945599,22.309548966909265,22.678234327311564,,-7.8,0
2026-01-17 17:45,463.2507340293887,0,1071.1716291626835,0,0,0,0,0,0,0,0,0,23.162536701469435,0,53.55858145813418,0,0,0,0,0,0,0,0,0,16,17,23,16,16,21,16,17,21,21,18,,16,22.40387700193547,23.000000000000004,22.588569472518824,22.58524203132758,22.720742678751584,21.93177901515441,22.18032392064997,22.09810313953782,22.129002867016247,22.51803051325216,,-7.8,0
2026-01-17 18:00,478.15255839995007,0,1075.8202056942357,0,0,0,0,0,0,0,0,0,23.907627919997502,0,53.79101028471179,0,0,0,0,0,0,0,0,0,16,17,23,16,16,21,16,17,21,21,18,,16,22.396802174390164,23,22.25832245972967,22.21747021058825,22.372091484401075,21.54192515662604,21.697297713709705,21.69075564989516,21.71703490413188,22.187726842719705,,-7.4,0
2026-01-17 18:15,492.0964607208125,0,1081.5112748466345,0,0,0,0,0,0,0,0,0,24.604823036040624,0,54.075563742331724,0,0,0,0,0,0,0,0,0,16,17,23,16,16,21,16,17,21,21,18,,16,22.39083765736066,23,22.111046905652493,22.082723299525032,22.233001871285435,21.37325498,21.540677609337585,21.52009191321318,21.54678935670232,22.03904689855757,,-7.4,0
2026-01-17 18:30,511.9952071639673,0,1088.0616423198735,0,0,0,0,0,0,0,0,0,25.599760358198363,0,54.403082115993676,0,0,0,0,0,0,0,0,0,16,17,23,16,16,21,16,17,21,21,18,,16,22.385261896373088,23,22.00853882,21.969014404279758,22.12192756912417,21.256279069512733,21.400762559164136,21.397590850862347,21.42243904662816,21.93532919031085,,-7.3,0
2026-01-17 18:45,528.2834544910656,0,1094.6532121316995,0,0,0,0,0,0,0,0,0,26.414172724553282,0,54.73266060658498,0,0,0,0,0,0,0,0,0,16,17,23,16,16,21,16,17,21,21,18,,16,22.37993272160093,23,21.92863893885673,21.885974408216267,22.04113312764905,21.172597770632265,21.30475412677178,21.31101946937376,21.335177022512003,21.85411937962064,,-7.3,0
2026-01-17 19:00,542.8234288208841,0,1101.1290010292505,0,0,0,0,0,0,0,0,0,27.141171441044207,0,55.05645005146253,0,0,0,0,0,0,0,0,0,16,17,23,16,16,21,16,17,21,21,18,,16,22.37495632698021,23,21.82646396130396,21.781252756997635,21.93406257468981,21.05945567192507,21.183790967131127,21.193429985016756,21.21636493023745,21.751007083835194,,-6.9,0
2026-01-17 19:15,555.7920915175855,0,1107.6267005888585,0,0,0,0,0,1.123787837321288,0,0,0,27.789604575879274,0,55.38133502944292,0,0,0,0,0,0.089903027,0,0,0,16,17,23,16,16,21,16,17,21,21,18,,16,22.370197809540283,23,21.747877949899863,21.70182905,21.85580063283875,20.97675393418444,21.09546262798917,21.10873999823428,21.131326241038757,21.67125264873905,,-6.8,0
2026-01-17 19:30,2000,0,0,0,0,0,1000,0,45.157664398666384,33.60059856114822,0,0,100,0,0,0,0,0,100,0,3.612613151893311,2.688047884891857,0,0,24.9,20.960000000000004,16.08,20.94,16,21,22.92,17,21,21,18,,16,22.365589448242947,23,21.64957460216385,21.60070454873573,21.75228600171356,20.870840802985526,20.98299649201216,21,21.020328941439324,21.57211068936578,,-6.8,0
2026-01-17 19:45,2000,147.61966723915853,0,70.27326711777762,0,15.560762840870666,1000,0,0,0,0,0,100,7.380983361957926,0,4.684884474518508,0,3.112152568174133,100,0,0,0,0,0,24.999999999999996,21,15.999999999999998,21,15.999999999999998,21,23,16.999999999999996,21,21,18,,18.56340278242785,21.73591376301082,21.820138457049342,21.35515900058648,21.29656830104004,21.430016709632422,22.365471537146185,20.939383020137225,21.00700589415343,21.016708228699976,21.279090498255453,,-6.8,0
2026-01-17 20:00,2000,401.7095378799228,0,255.7221161561683,0,104.30051707695624,1000,0,0,0,0,0,100,20.08547689399614,0,17.048141077077887,0,20.860103415391247,100,0,0,0,0,0,25,21,16,21,16,21,23,17,21,21,18,,19.711959024450472,21.08280115856517,21.07591862101213,21.030895894421143,20.92315632548133,21.062499479195424,22.507076834642064,21.017183481176804,21.041943878617325,21.064008291039386,20.911102091652147,,-6.8,0
2026-01-17 20:15,2000,445.8276321063786,0,310.6597871278318,0,141.05324692320755,1000,0,0,0,0,0,100,22.29138160531893,0,20.710652475188787,0,28.21064938464151,100,0,0,0,0,0,25,21,16,21,16,21,23,17,21,21,18,,20.491511663497256,21,20.87540724312028,21,20.76071096118001,21,22.532444286734435,21.01670826124681,21.040919673888403,21.063390189304016,20.74387586796773,,-6.7,0
2026-01-17 20:30,2000,0,0,350.76843887316795,0,166.5999856,1000,0,0,1250,0,0,100,0,0,23.384562591544533,0,33.31999712,100,0,0,100,0,0,25,16.06,16,21,19.96,21,23.000000000000004,17,21,23.97,18,,20.995063066637627,21,20.849081872861387,21,20.716008873754053,21,22.539685377915585,21.004610110796527,21.030946825859186,21.05321026463689,20.69571015348531,,-6.8,0
2026-01-17 20:45,2000,0,0,351.9299695304144,0,164.46843183994133,956.3196584352418,0,0,1250,0,0,100,0,0,23.46199796869429,0,32.893686367988266,95.63196584352417,0,0,100,0,0,25,16,16,21,20,21,23,17,21,24,18,,21.31568234,20.546730337306247,20.613014381882845,21,20.686379278650136,21,22.695129827408795,21.152840179634023,21.183439441811867,22.50770384516147,20.664916205162715,,-6.8,0
2026-01-17 21:00,2000,0,0,350.3240350293454,0,160.33205578649722,875.2552519014152,0,0,1250,0,0,100,0,0,23.354935668623025,0,32.06641115729944,87.52552519014152,0,0,100,0,0,25,16,16,21,20,21,23,17,21,24,18,,21.59283966594527,20.21426962593204,20.300698681865867,21,20.68436805408598,21,22.99160080819068,21.509605152100413,21.54443794611398,22.92269255098125,20.66055220471747,,-6.5,0
2026-01-17 21:15,2000,0,0,344.6214575123413,0,153.62330247308273,830.8516399267555,0,0,1250,0,0,100,0,0,22.974763834156086,0,30.724660494616547,83.08516399267555,0,0,100,0,0,25,16,16,21,20,21,23,17,21,24,18,,21.845512986972945,20.071927024457008,20.145210113330656,21,20.685816048354507,21,23,21.639346101491867,21.67444315,23.040153064000403,20.66052223241234,,-6.5,0
2026-01-17 21:30,2000,0,0,198.8414640520914,0,75.71885669,761.3531296594019,0,0,1250,1500,0,100,0,0,13.25609760347276,0,15.143771337128602,76.13531296594019,0,0,100,100,0,25,16,16,21,20,21,23,20.96,21,24,23.93,,22.05788468618113,19.992087450604338,20.066350908492964,21,20.68963162,21,23,21.711695716578543,21.748869872113087,23.136843638098323,20.662740380338025,,-6.4,0
2026-01-17 21:45,2000,0,0,0,0,0,700.2636402343942,0,0,1250,1500,0,100,0,0,0,0,0,70.02636402343941,0,0,100,100,0,25,16,16,21,20,21,23,21,21,24,24,,22.21122225140355,19.867135382320896,19.935911006206588,21.000521955223476,20.790414099858616,21.03023943164842,23,21.81139511497861,21.850638193476183,23.249559624236536,21.802551648604503,,-6.4,0
2026-01-17 22:00,2000,0,0,0,0,0,680.8731641363429,0,0,1250,1500,0,100,0,0,0,0,0,68.08731641363428,0,0,100,100,0,25,16,16,21,20,21,23,21,21,24,24,,22.36687202087464,19.75850301299161,19.827732949966467,21.062171229229367,21.00376439082427,21.173598852309254,23,21.90953538688276,21.950242448627016,23.355547856142643,22.08864241577826,,-6.4,0
2026-01-17 22:15,2000,0,0,0,0,0,656.4051662,0,0,1250,1500,0,100,0,0,0,0,0,65.64051661792199,0,0,100,100,0,25,16,16,21,20,21,23,21,21,24,24,,22.52083371100372,19.70433042503293,19.77361256864644,21.11793141219404,21.067751658184296,21.23462365686439,23.000000000000004,21.943202736179924,21.98478837880652,23.39526046963723,22.11429690757279,,-6.4,0
2026-01-17 22:30,2000,0,0,0,0,0,636.7235109618086,0,0,1250,1500,0,100,0,0,0,0,0,63.67235109618086,0,0,100,100,0,25,16,16,21,20,21,23,17.04,21,24,23.01,,22.65657265387109,19.656037931323286,19.72126638786188,21.17831527989565,21.125229881020005,21.30049233260217,23,21.97718941,22.02027571242299,23.435830429449595,22.17793535064058,,-6.5,0
2026-01-17 22:45,2000,0,0,0,0,0,616.5648502929816,0,0,1250,1500,0,100,0,0,0,0,0,61.65648502929817,0,0,100,100,0,25,16,16,21,20,21,23,17,21,24,23,,22.776741028311594,19.603648338962703,19.66983884700748,21.222271051690186,21.169957491194797,21.34766855482165,23,22.00831223570003,22.052618582951677,23.47222181123524,22.22954890591779,,-6.4,0
2026-01-17 23:00,2000,0,0,0,0,0,599.4082191,0,0,1250,1500,0,100,0,0,0,0,0,59.94082191,0,0,100,100,0,25,16,16,21,20,21,23,17,21,24,23,,22.88702525410145,19.55331340557833,19.617672558824964,21.273937077499166,21.22274866615499,21.404662256012635,23,22.039215699184773,22.08474491764208,23.50794748028997,22.283499746829712,,-6.3,0
2026-01-17 23:15,2000,0,0,0,0,0,581.1504355606012,0,0,1250,1500,0,100,0,0,0,0,0,58.115043556060115,0,0,100,100,0,25,16,16,21,20,21,23,17,21,24,23,,22.991663526150408,19.50461813406921,19.567656531480733,21.31465165055235,21.263268752435103,21.44773616940058,23,22.065988846658545,22.11265147189893,23.53901612,22.325953798939487,,-6.3,0
2026-01-17 23:30,1082.266476944341,0,1359.1291247051902,0,0,0,0,0,0,1250.000000000002,1500.0000000000025,0,54.11332384721705,0,67.95645623525951,0,0,0,0,0,0,100,100,0,21.04000000000003,16.00000000000002,20.94000000000003,21.00000000000003,20.00000000000003,21.00000000000003,21.02000000000003,17.00000000000003,21.00000000000003,24.00000000000004,23.00000000000004,,23.091138408087133,19.458169419528964,19.520211725189217,21.36061247067332,21.30980029,21.497965617498654,23,22.09417320918967,22.14197676908895,23.57122996654716,22.373491312981752,,-6.3,0
2026-01-17 23:45,1392.235584094435,0,855.0333547802111,0,0,0,0,0,0,1250,1500,0,69.61177920472176,0,42.75166773901056,0,0,0,0,0,0,100,100,0,21,16,21,21,20,21,21,17,21,24,23,,21.176443909639467,20.14778736267809,20.83898082424654,21.48373051573741,21.43643430529334,21.63439215013291,22.089827042902705,22.065041257352654,22.11303510849037,23.54401225,22.496929325636344,,-6.3,0
2026-01-18 0:00,1314.6502020756016,0,773.5640224626513,0,0,0,0,0,0,1250,1500,0,65.73251010378007,0,38.67820112313257,0,0,0,0,0,0,100,100,0,21,16,21,21,20,21,21,17,21,24,23,,21,20.49672256785136,21,21.59872898919771,21.55093178823121,21.752905949431764,21.93332359721711,21.96304470569589,22.01106516779157,23.443847301078005,22.612367342146463,,-6.3,0
2026-01-18 0:15,1394.6978293649136,0,732.1723929609725,0,0,0,0,0,0,1250,1500,0,69.73489146824568,0,36.608619648048624,0,0,0,0,0,0,100,100,0,21,16,21,21,20,21,21,17,21,24,23,,21,20.56625200084329,21,21.631947658660646,21.58161221941157,21.78277700821889,21.913637195588706,21.935428364364466,21.984716729990577,23.41995782718079,22.647126691159468,,-6.3,0
2026-01-18 0:30,1416.7247,2000,0,0,0,0,0,0,0,0,0,0,70.83623499,100,0,0,0,0,0,0,0,0,0,0,21,22.92,16.06,21,20,21,21,17,21,16.09,21.02,,21,20.56386405142945,21,21.65590783,21.605927085067044,21.809485002673902,21.88084210971104,21.91866643461684,21.96849183044013,23.40502949760597,22.672496753975715,,-6.2,0
2026-01-18 0:45,1423.3242780246983,1998.940545,0,0,0,0,0,0,0,0,0,0,71.16621390123491,99.94702726,0,0,0,0,0,0,0,0,0,0,21,23,16,21,20,21,21,17,21,16,21,,21,22.12835056298279,21.18370774713389,21.56038175868503,21.503328908863303,21.695757554045016,21.682449779177865,21.72210435934352,21.769641662022075,21.91649392138712,21.54752128600223,,-6.2,0
2026-01-18 1:00,1429.740709399327,1704.5325804172608,0,24.76379404166073,0,0,49.60280948,0,21.547983208416557,0,89.81851061,0,71.48703546996634,85.22662902086304,0,1.650919602777382,0,0,4.960280948,0,1.7238386566733246,0,5.9879007072377135,0,21,23,16,21,20,21,21,17,21,16,21,,21,22.83785342761618,21.940123893958955,21.222471889177275,21.159151809849934,21.33347741622404,21.21746463543422,21.250125390203213,21.29448579024467,21.372507433846263,21.159935966029305,,-6.5,0
2026-01-18 1:15,1433.4085468577468,1568.3670467770098,0,169.6077504988607,0,12.575330807212596,153.6899741982288,0,158.14637286806465,0,263.5602934452436,0,71.67042734288734,78.41835234,0,11.307183366590714,0,2.5150661614425194,15.36899741982288,0,12.651709829445172,0,17.570686229682906,0,21,23,16,21,20,21,21,17,21,16,21,,21,23.000000000000004,22.264999653545097,21.02167711526588,20.94340696909196,21.11236996210262,21,20.96124493928835,21.02541583645199,21.07476949809239,21,,-6.5,0
2026-01-18 1:30,1435.148533202584,1516.0149706959746,0,218.29452582314843,0,51.91989346196351,188.2195644853782,0,209.9071013159264,0,316.5320137803392,0,71.75742666,75.80074853479874,0,14.552968388209896,0,10.383978692392702,18.821956448537822,0,16.792568105274114,0,21.102134252022612,0,21,23,16,21,20,21,21,17,21,16,21,,21,23,22.32244635292511,21,20.820649231785147,21,21,20.79575090655474,21,20.902596043230268,21,,-6.4,0
2026-01-18 1:45,1435.5200166101422,1476.9859008304593,0,280.2154977723221,0,93.07705165718652,235.1127811417664,0,278.3095734011513,0,382.4105669308156,0,71.77600083050712,73.84929504152298,0,18.681033184821477,0,18.615410331437303,23.51127811417664,0,22.264765872092102,0,25.494037795387708,0,21,23,16,21,20,21,21,17,21,16,21,,21,23,22.33530115745993,21,20.77728003961252,21,21,20.727908978213623,21,20.829556339704936,21,,-6.3,0
2026-01-18 2:00,1432.478683511159,1443.7412081673065,0,291.85139643389994,0,101.1654791525034,258.2793602007277,0,312.0941433613734,0,395.81362074150456,0,71.62393417555795,72.18706040836533,0,19.456759762259995,0,20.23309583050068,25.82793602007277,0,24.967531468909876,0,26.387574716100303,0,21,23,16,21,20,21,21,17,21,16,21,,21,23.000000000000004,22.35355904968918,21,20.733738602754773,21,21,20.658558402529383,21,20.755317498704716,21,,-6.3,0
2026-01-18 2:15,1428.6521856050458,1418.7351372583944,0,315.07743196497904,0,117.49763829845688,284.46571033376495,0,350.6537917770438,0,420.8710143247336,0,71.43260928,70.93675686291972,0,21.005162130998603,0,23.499527659691374,28.446571033376493,0,28.052303342163505,0,28.05806762164891,0,21,23,16,21,20,21,21,17,21,16,21,,21,23,22.366822168431227,21,20.72222724257573,21,21,20.616722465394396,21,20.71078100373689,21,,-6.2,0
2026-01-18 2:30,1424.2850213788442,1390.7027217948944,0,327.04145887930827,0,125.8789939,177.38647314250738,1250,1250,0,434.4282405149206,0,71.21425106894222,69.53513608974471,0,21.802763925287216,0,25.175798784049398,17.738647314250738,100,100,0,28.961882700994707,0,21,23,16,21,20,21,21,22.93,23.97,16,21,,21,23,22.37827718782101,21,20.705297033460575,21,21,20.57463444287233,21,20.66571812277924,21,,-6.1,0
2026-01-18 2:45,1419.520117,1375.1405405043731,0,315.5560037589257,0,117.6182672886498,0,1250,1250,0,424.3289766501912,0,70.97600587,68.75702702521866,0,21.037066917261715,0,23.52365345772996,0,100,100,0,28.28859844334608,0,21,23,16,21,20,21,21,23,24,16,21,,21,23,22.38928689048561,21,20.695052637391868,21,21,21.99886891582685,22.08254232541789,20.821529742172704,21,,-6,0
2026-01-18 3:00,1418.756174699667,1364.625370950107,0,306.4938754958566,0,110.94554181627608,0,1250,1250,0,416.8615723623916,0,70.93780873498335,68.23126854750534,0,20.43292503305711,0,22.189108363255215,0,100,100,0,27.790771490826106,0,21,23,16,21,20,21,21,23,24,16,21,,21,23,22.396723356501862,21,20.70183119906948,21,21.195831211528585,22.56436307561396,22.636100579211305,21.33620446964465,21,,-5.7,0
2026-01-18 3:15,1417.961797484886,1355.486750086915,0,289.07630572197013,0,98.40070945709158,0,1250,1250,0,400.9398369,0,70.89808987424429,67.77433750434575,0,19.27175371479801,0,19.680141891418316,0,100,100,0,26.729322457725598,0,21,23,16,21,20,21,21,23,24,16,21,,21,23,22.40196667374816,21,20.707978131835176,21,21.370856396790707,22.759563158762223,22.835740209649376,21.538838938055797,21,,-5.8,0
2026-01-18 3:30,1417.0627833420112,1346.9089254103528,0,286.4126227471279,0,96.41459446,0,1238.1700820501756,1250,0,399.6213105463612,0,70.85313916710057,67.34544627051764,0,19.094174849808528,0,19.28291889118336,0,99.05360656401405,100,0,26.64142070309075,0,21,23,16,21,20,21,21,23,24,16,21,,21,23,22.406386064063632,21,20.71948426224744,21,21.504695931292545,22.91056933,22.98235097320885,21.66655545098241,21,,-5.8,0
2026-01-18 3:45,1416.048851044039,1339.298872351017,0,268.5704809060044,0,83.70463819558427,0,1111.8772079519586,1250,0,383.0037634558066,0,70.80244255220195,66.96494361755086,0,17.904698727066958,0,16.740927639116855,0,88.95017663615668,100,0,25.53358423038711,0,21,23,16,21,20,21,21,23,24,16,21,,21,23,22.41060269648485,21,20.721172871162644,21,21.58659105431146,23,23.08071958720356,21.752846862360983,21,,-6.1,0
2026-01-18 4:00,1408.764758691399,0,0,247.4140651019352,0,69.00706423360134,0,963.4434969,1250,0,362.2805160824519,0,70.43823793456994,0,0,16.494271006795678,0,13.801412846720268,0,77.07547975,100,0,24.152034405496796,0,21,17.07,16.99,21,20,21,21,23,24,16,21,,21,23,22.41428128032764,21,20.73267446007486,21,21.697312221782543,23,23.20493568663535,21.869895199611744,21,,-5.9,0
2026-01-18 4:15,1401.3530358454975,0,0,222.22077381689687,0,52.05177495806977,0,844.6734775673744,1250,0,341.1766895644735,0,70.06765179227487,0,0,14.814718254459791,0,10.410354991613955,0,67.57387820538996,100,0,22.745112637631568,0,21,17,17,21,20,21,21,23,24,16,21,,21,21.84872296106361,21.93466671519973,21,20.74758887033232,21,21.84128383262632,23,23.361242484552967,22.01992248673215,21,,-6.4,0
2026-01-18 4:30,1393.7731065491523,74.53165569,2000,179.39111117872926,264.09228255088965,22.341011266154965,0,784.6779332404476,1250,0,299.29053900461804,0,69.68865532745761,3.726582785,100,11.959407411915285,21.127382604071173,4.468202253230993,0,62.77423465923581,100,0,19.95270260030787,0,21,20.96,24.91,21,20.99,21,21.99,23,24,20.94,21,,21,21.090131804781805,21.16076023158609,21,20.768101096635416,21,21.96363101265481,23,23.488959541994355,22.141583577655457,21,,-6.7,0
2026-01-18 4:45,1386.0141706953436,0,2000,137.67541611216194,227.72162631233488,0,0,745.7329611832744,1250,0,258.4289587875658,0,69.30070853476718,0,100,9.178361074,18.217730104986792,0,0,59.658636894661946,100,0,17.22859725250439,0,21,21,25,21,21,21,22,23,24,21,21,,21,21.44020847776641,22.45753488749578,21,20.99,21.000816054143595,22.026942404022886,23,23.55785419542228,22.20406945053637,21,,-6.9,0
2026-01-18 5:00,1380.0096367380693,0,2000,131.23842693975166,221.23664004787315,0,0,724.2785756219273,1250,0,253.3849128,0,69.00048183690346,0,100,8.749228463,17.69893120382985,0,0,57.94228604975419,100,0,16.892327517081867,0,21,21,25,21,21,21,22,23,24,21,21,,21,22.21990940178749,23.240395733029256,21,21,21.00854790776936,22.06805320403821,23,23.604099793317573,22.244366092511427,21,,-6,0
2026-01-18 5:15,1374.058149321114,0,2000,127.49389344279552,217.9743434486845,0,0,710.2523050685559,1250,0,250.94619564409368,0,68.70290746605569,0,100,8.499592896186368,17.43794747589476,0,0,56.82018440548447,100,0,16.72974637627291,0,21,21,25,21,21,21,22,23,24,21,21,,21,22.62338661552221,23.64986972931793,21,21,21.01297121734686,22.09163092848121,23,23.63164323308285,22.26651595209945,21,,-6.4,0
2026-01-18 5:30,1368.1092808531212,0,2000,123.8284791624792,214.98550953732772,0,0,701.2718465255493,1250,0,248.3896965952481,0,68.40546404265606,0,100,8.255231944,17.198840762986215,0,0,56.101747722043946,100,0,16.559313106349872,0,21,21,25,21,21,21,22,23,24,21,21,,21,22.81825437326221,23.856536882665957,21,21,21.014828067883485,22.10656789854322,23,23.649956753912143,22.280034260800605,21,,-6.7,0
2026-01-18 5:45,1362.132017870572,0,2000,119.7782706510734,211.95609366654023,0,0,690.0149152264858,1250,0,245.28442734653072,0,68.10660089352861,0,100,7.985218043404894,16.956487493323216,0,0,55.20119321811886,100,0,16.352295156435382,0,21,21,25,21,21,21,22,23,24,21,21,,21,22.936633868625865,23.97172985681817,21,21,21.01632694660925,22.116365741859425,23,23.662700665037743,22.288330755774385,21,,-6.9,0
2026-01-18 6:00,1365.266787843344,0,2000,116.44018224920364,210.1494866096691,0,0,681.0362234924396,1250,0,243.3994941796445,0,68.26333939,0,100,7.762678816613576,16.811958928773528,0,0,54.48289787939517,100,0,16.226632945309632,0,21,21,25,21,21,21,22,23,24,21,21,,21,23.03712118172969,24.087224458342675,21.000000000000004,21.000000000000004,21.01802128798206,22.127842219200367,23,23.67699375851342,22.298658791281618,21,,-5.6,0
2026-01-18 6:15,1368.7207320446523,0,2000,112.69149836478756,208.07529771086047,0,0,671.1526278026467,1250,0,241.19418345905436,0,68.43603660223262,0,100,7.512766557652505,16.646023816868837,0,0,53.69221022421174,100,0,16.079612230603626,0,21,21,25,21,21,21,22,23,24,21,21,,21,23.135941779182783,24.18767235534348,21,21,21.019565277952417,22.137470339612594,23,23.68932261314749,22.30734282148193,21,,-6,0
2026-01-18 6:30,1372.3465789627517,0,2000,113.0818602301064,210.1442872308908,0,90.23644965632484,0,0,0,243.0687966783342,0,68.61732894813758,0,100,7.538790682007093,16.811542978471266,0,9.023644965632483,0,0,0,16.20458644522228,0,21,21,25,21,21,21,22,21.02,17.08,21,21,,21,23.224360354603185,24.284325484392127,21,21,21.021431523249888,22.14754212662673,23,23.70199198600408,22.31671506652664,21,,-6.2,0
2026-01-18 6:45,1376.0785964494023,0,2000,153.60088801122765,252.37234180516865,11.168018461532483,344.30670496400217,0,0,0,285.0513130006548,0,68.80392982247012,0,100,10.24005920074851,20.189787344413492,2.2336036923064966,34.43067049640021,0,0,0,19.003420866710318,0,21,21,25,21,21,21,22,21,17,21,21,,21,23.377694419556665,24.45036096,21,21.000000000000007,21.02050938851205,22.06312645349209,22.10616489293323,22.210950255097647,22.091944777371324,21,,-6.3,0
2026-01-18 7:00,1378.3190168464444,0,2000,167.81445187551435,268.20107221376384,22.71489270202801,424.2314899721296,0,0,0,300.5871313070493,0,68.91595084232222,0,100,11.18763012503429,21.45608577710111,4.542978540405602,42.42314899721296,0,0,0,20.039142087136618,0,21,21,25,21,21,21,22,21,17,21,21,,21,23.51810315798666,24.595009531138828,21,21,21,22,21.58002239,21.64808646240906,21.600863469179597,21,,-5.2,0
2026-01-18 7:15,1380.596245534938,0,2000,175.9563914460232,277.86716213031104,29.07612872,483.9996646203035,0,0,0,309.9886784610826,0,69.02981228,0,100,11.730426096401546,22.229372970424883,5.815225743075279,48.39996646203035,0,0,0,20.665911897405508,0,21,21,25,21,21,21,22,21,17,21,21,,21,23.59022242989204,24.668379672871747,21,21,21,22,21.42023678094656,21.49672111,21.43792704658973,21,,-5.3,0
2026-01-18 7:30,1382.9323638686328,0,2000,176.81730848320512,280.0977956988427,30.52164173211349,516.7639737302561,0,0,0,311.987054,0,69.14661819343164,0,100,11.787820565547008,22.407823655907414,6.104328346422698,51.67639737302561,0,0,0,20.799136936580666,0,21,21,25,21,21,21,22,21,17,21,21,,21,23.63584892116859,24.71509027567312,21,21,21.000000000000004,22,21.31500197635425,21.382990974187408,21.34164359379257,21,,-5.5,0
2026-01-18 7:45,1385.355856277651,0,2000,182.51950089004092,287.03500766928846,35.28685634514113,561.2357300231706,0,0,0,318.7461048715013,0,69.26779281388255,0,100,12.167966726002728,22.962800613543077,7.057371269028226,56.12357300231706,0,0,0,21.249740324766755,0,21,21,25,21,21,21,22,21,17,21,21,,21,23.679928097309645,24.76320786710324,21,21,21,22,21.246400571894107,21.31080489105437,21.27897528467686,21,,-5.8,0
2026-01-18 8:00,1387.8643735216249,0,2000,182.98754022533103,288.60336872016705,36.27072757498536,588.5546501066801,0,0,0,320.18457173908246,0,69.39321867608125,0,100,12.199169348355403,23.088269497613364,7.254145514997072,58.85546501066801,0,0,0,21.34563811593883,0,21,21,25,21,21,21,22,21,17,21,21,,21.000000000000004,23.72517204045852,24.80954793845519,21,21,21,22,21.166036247564783,21.22864842999265,21.20089922130289,21,,-5.3,7
2026-01-18 8:15,1390.4909626588433,0,2000,185.8122602649273,292.8383431849761,39.174477169755846,622.5609137604824,0,0,0,324.33207018829125,0,69.52454813294216,0,100,12.38748401766182,23.427067454798088,7.834895434,62.256091376048246,0,0,0,21.62213801255275,0,21,21,25,21,21,21,22,21,17,21,21,,21,23.768447606646188,24.855438712689043,21,21,21,22,21.109884462227036,21.17125831968651,21.147495425471583,21,,-5.3,9
2026-01-18 8:30,1391.8487766650535,0,0,185.11065973129732,288.90236064669443,42.04255428003307,678.4505026920176,53.29563952558456,0,26.13401475931169,324.7518244720195,0,69.59243883325267,0,0,12.340710648753154,23.112188851735553,8.408510856006615,67.84505026920176,4.263651162046766,0,2.0907211807449353,21.650121631467968,0,21,21,21.04,21,21,21,22,21,17,21,21,,21,23.810141359079683,24.89882302732424,21,21,21,22,21.048303672521023,21.108218526037803,21.087548355341006,21,,-5.3,93
2026-01-18 8:45,1392.4532756842873,0,0,182.94638980722996,279.5418282512328,44.042299285207264,704.0542409381123,99.06116673,0,68.34257120107122,321.9255313050726,0,69.62266378421437,0,0,12.196425987148665,22.363346260098623,8.808459857041452,70.40542409381123,7.924893338719048,0,5.467405696085698,21.461702087004838,0,21,21,21,21,21,21,22,21,17,21,21,,21,23.079076255548262,23.207410338704364,21,21,21,22,21.003356435641663,21.00521257406138,21.01243775300352,21,,-5.1,133
2026-01-18 9:00,1393.5890377928456,0,0,180.10871624911184,265.7010457659101,44.487186222158925,700.6675041064955,100.59172797996264,0,75.73381519027073,315.98235253172845,0,69.67945188964228,0,0,12.007247749940788,21.25608366127281,8.897437244431785,70.06675041064955,8.047338238,0,6.058705215221659,21.06549017,0,21,21,21,21,21,21,22,21,17,21,21,,21,21.98692410123088,22.093833917405835,21,21,21,22,21,20.944207160978657,21,21,,-4.7,146
2026-01-18 9:15,1394.592337960058,100.51565054852836,35.31785272036541,177.81357162641143,250.6197102053848,44.956170576817385,694.8076835021138,97.46853026130157,0,78.86278483910064,309.4868219452692,0,69.7296169,5.025782527426418,1.7658926360182705,11.85423810842743,20.049576816430783,8.991234115363477,69.48076835021138,7.797482420904125,0,6.309022787128051,20.63245479635128,0,21,21,21,21,21,21,22,21,17,21,21,,21,21.34422047,21.43689602,21,21,21,22,21,20.931514241189745,21,21,,-4.2,157
2026-01-18 9:30,1395.4679828994686,289.2144536992455,121.28784243807604,171.7487279766101,218.82555487371792,45.46348791110722,684.0226607742534,87.20852610651491,0,80.98181164621928,300.4842510444796,0,69.77339914497342,14.460722684962274,6.064392121903802,11.449915198440673,17.506044389897433,9.092697582221444,68.40226607742532,6.976682088521192,0,6.4785449316975425,20.03228340296531,0,21,21,21,21,21,21,22,21,17,21,21,,21,21.019442288778848,21.05813412793291,21,21,21,22,21,20.925538631330998,21,21,,-3.8,234
2026-01-18 9:45,1396.2653586821798,268.6533377231972,122.27857423383466,165.54685985112155,178.31883396074045,45.21935061704789,673.0887496427822,75.99389419041472,0,81.65094855423376,290.03659720383075,0,69.81326793410899,13.43266688615986,6.113928711691733,11.036457323408104,14.265506716859235,9.043870123409578,67.30887496427822,6.079511535233178,0,6.532075884338701,19.33577314692205,0,21,21,21,21,21,21,22,21,17,21,21,,21,21,21,21,21,21,22,21,20.92119724587728,21,21,,-3.4,272
2026-01-18 10:00,1393.773747170526,277.9096308301887,140.08900441400328,159.4958663175712,140.75176365091465,45.31975041675469,663.0408184145454,65.49373006196402,0,82.57751130250472,278.2129633171826,0,69.68868736,13.895481541509435,7.004450220700164,10.633057754504746,11.260141092073173,9.063950083350937,66.30408184145453,5.239498404957121,0,6.606200904200377,18.547530887812172,0,21,21,21,21,21,21,22,21,17,21,21,,21,21,21,21,21,21,22,21.000000000000004,20.91841575955634,21,21,,-3.9,210
2026-01-18 10:15,1391.0923501922937,273.2238528957023,149.4641514373507,153.16616329901444,105.22624173147052,45.17033078691748,653.2016572474004,54.76871067793036,0,82.61243372000172,264.49516379345005,0,69.55461750961469,13.661192644785114,7.473207571867535,10.21107755326763,8.418099338517642,9.034066157383497,65.32016572474004,4.381496854234428,0,6.608994697600138,17.633010919563336,0,21,21,21,21,21,21,22,21,17,21,21,,21,21,21,21,21,21,22,21,20.91577175010798,21,21.000000000000004,,-3.7,217
2026-01-18 10:30,1388.5783561719054,268.29290215186484,159.21660824613718,0,84.32517817719054,44.96045909,646.6457578702211,47.96848555715769,0,82.51677477769044,251.8152609679528,0,69.42891780859527,13.414645107593241,7.960830412306859,0,6.746014254175243,8.992091817439361,64.66457578702212,3.8374788445726153,0,6.601341982215235,16.787684064530186,0,21,21,21,18.03,21,21,22,21,19.97,21,21,,21,21,21,21,21,21,22,21,20.91413228613439,21,21,,-3.4,347
2026-01-18 10:45,1386.1078514304008,264.7952646979793,168.40268920463132,0,73.09952270543363,45.55416674785374,641.6509017,42.92332469908433,0,81.87918864807216,240.4415453660513,0,69.30539257152004,13.239763234898964,8.420134460231566,0,5.847961816,9.110833349570749,64.16509017,3.4338659759267465,0,6.550335091845772,16.029436357736753,0,21,21,21,18,21,21,22,21,20,21,21,,21.000000000000004,21,21,20.899268009426518,21,21,22,21,20.912893618507724,21,21,,-3.2,368
2026-01-18 11:00,1381.7746624865176,259.1262513434449,176.4316692977045,0,97.62005725036944,67.66123887442518,637.7427131019176,39.23062825141096,0,80.80361865958912,259.14609687383563,0,69.08873312432588,12.956312567172244,8.821583464885226,0,7.809604580029555,13.532247774885036,63.774271310191764,3.138450260112877,0,6.464289492767129,17.27640645825571,0,21,21,21,18,21,21,22,21,20,21,21,,21.000000000000004,21,21,20.88882249876701,21,21,22,21,20.912305754200247,21,21,,-3.9,387
2026-01-18 11:15,1377.243898,252.67581827577305,183.6133935201324,0,98.64687076696282,69.58670404652003,634.9572784,36.89027535043351,0,79.35047981743992,249.47040287520576,0,68.86219489756449,12.633790913788653,9.180669676006621,0,7.891749661357026,13.917340809304005,63.495727836874906,2.951222028034681,0,6.348038385395194,16.631360191680383,0,21,21,21,18,21,21,22,21,20,21,21,,21,21,21,20.87259898593661,21,21,22,21,20.91231662383548,21,21,,-3.6,392
2026-01-18 11:30,1372.8192718430182,238.76725733157215,188.9388944697239,0,94.93413457233692,73.48997629,631.0126939335678,33.181786772554915,0,78.95524195,238.52410585721373,0,68.64096359215092,11.938362866578608,9.446944723486194,0,7.594730765786953,14.697995258997981,63.10126939335678,2.6545429418043933,0,6.316419356022088,15.901607057147581,0,21,21,21,18,21,21,22,21,20,21,21,,21,21.000000000000004,21,20.86822950606975,21,21,22,21,20.912823461292085,21,21,,-3.5,407
2026-01-18 11:45,1368.7770573854868,224.9719019587137,193.9747554627138,0,84.08782535833598,73.86999985809962,628.2418131102295,30.58946382298745,0,77.02606478812595,211.7523222185191,0,68.43885286927434,11.248595097935684,9.698737773,0,6.727026028666878,14.773999971619924,62.82418131102295,2.447157105838996,0,6.162085183050076,14.116821481234608,0,21,21,21,18,21,21,22,21,20,21,21,,21,21,21,20.866203378040243,21,21,22,21,20.91237698126029,21,21,,-3.5,415
2026-01-18 12:00,1361.3565100265075,211.07610668165216,198.5473723146424,0,85.94091841658883,74.10888540246015,628.0227131128268,31.33565496101437,0,75.59308595338734,186.570055,0,68.06782550132537,10.553805334082607,9.927368615732119,0,6.875273473327106,14.82177708049203,62.802271311282674,2.5068523968811496,0,6.047446876270987,12.438003669018268,0,21,21,21,18,21,21,22,21,20,21,21,,21,21,21,20.86603307,21,21,22,21,20.91337533458077,21,21,,-3.7,419
2026-01-18 12:15,1353.0141642969447,192.45557060416832,202.87060176915656,0,94.43654181191596,73.58753358126887,628.8279790121151,33.20911088413777,0,72.70118334139079,155.04180274004466,0,67.65070821484724,9.622778530208416,10.143530088457828,0,7.554923344953277,14.717506716253775,62.88279790121151,2.6567288707310217,0,5.816094667311263,10.336120182669644,0,21,21,21,18,21,21,22,21,20,21,21,,21,21,21,20.86583328590025,21,21,22,21,20.914146053289333,21,21,,-3.5,419
2026-01-18 12:30,1344.9775241699404,36.15923714913079,2000,0,114.87029463925136,73.85809735136718,0,118.89742873403011,0,150.29570590064833,133.82024463229172,0,67.24887620849702,1.8079618574565395,100,0,9.189623571140109,14.771619470273436,0,9.511794298722409,0,12.023656472051867,8.921349642152782,0,21,21,23.97,19.980000000000004,21,21,16.07,21,20,21,21,,21,21,21,20.86560191444807,21,21,22,21,20.916320625122733,21,21,,-3.3,416
2026-01-18 12:45,1337.2525165397774,0,2000,0,143.5933948665297,79.50658041813858,0,247.9699443104209,0,270.4295236902208,124.25796248252664,0,66.86262582698886,0,100,0,11.487471589322377,15.901316083627716,0,19.837595544833672,0,21.634361895217662,8.283864165501775,0,21,21,24,20,21,21,16,21,20,21,21,,21,21.658229490593403,22.57785725872662,20.86343488080643,21.000000000000004,21,20.954174920525247,21.000000000000004,20.84030114,21,21,,-3.3,407
2026-01-18 13:00,1328.6005765869922,0,1888.8279030273695,0,160.65308425982585,81.02409561,0,271.98217250851303,0,286.6288183555862,109.5547470141646,0,66.43002882934961,0,94.44139515136847,0,12.852246740786068,16.20481912264804,0,21.75857380068104,0,22.930305468446896,7.303649800944307,0,21,21,24,20,21,21,16,21,20,21,21,,21,22.637350232671903,23.551927951723066,20.85572858089659,21,21,20.75660473713137,21,20.70922809521616,21,21,,-3.5,374
2026-01-18 13:15,1318.3292473183665,0,1572.589456113361,0,166.72093977739496,80.95914724076647,0,281.35677025768746,0,290.47604809753466,87.81255407827484,0,65.91646236591832,0,78.62947280566804,0,13.337675182191596,16.191829448153293,0,22.508541620614995,0,23.238083847802773,5.854170272,0,21,21,24,20,21,21,16,21,20,21,21,,21,23.142178759066685,23.98020157647683,20.852872642573278,21,21,20.71241474822375,21,20.68246232514988,21,21,,-3.4,368
2026-01-18 13:30,1305.624447262604,0,1502.0297649678903,0,166.68540965727516,79.94615263,0,283.40912780245344,0,286.61811827493875,63.36209113837685,0,65.28122236,0,75.10148824839452,0,13.334832772582013,15.98923053,0,22.672730224196275,0,22.92944946,4.224139409225123,0,21,21,24,20,21,21,16,21,20,21,21,,21,23.292837623286516,24,20.85349060799104,21,21,20.696082289996355,21,20.677117497443188,21,21,,-3.3,365
2026-01-18 13:45,1292.5847016177104,0,1440.432621474385,0,166.60942218499258,78.05686095728743,0,287.47686928530675,0,283.39930778418784,38.64417380969462,0,64.62923508088552,0,72.02163107371925,0,13.328753774799406,15.611372191457486,0,22.99814954282454,0,22.671944622735026,2.5762782539796416,0,21,21,24,20,21,21,16,21,20,21,21,,21.000000000000004,23.31705657377976,24,20.85594322157173,21,21,20.684828807287005,21,20.67799778490492,21,21,,-3.2,343
2026-01-18 14:00,1280.8319696525723,0,1396.495783591614,0,164.00737658189246,75.38642943210289,0,289.11120898203444,0,277.20535400902736,10.291289278076874,0,64.04159848262861,0,69.82478918,0,13.120590126551397,15.077285886420578,0,23.128896718562757,0,22.176428320722188,0.6860859518717917,0,21,21,24,20,21,21,16,21,20,21,21,,21,23.335381069092097,24,20.860036508601937,21,21,20.673831144453644,21,20.679255368360003,21,21,,-3.6,199
2026-01-18 14:15,1269.0198283035315,0,1357.6111445796123,0,159.7879665694927,72.09982413672333,0,290.03105786363085,0,269.95869973666777,0,0,63.450991415176574,0,67.88055722898062,0,12.783037325559416,14.419964827344666,0,23.202484629090467,0,21.596695978933422,0,0,21,21,24,20,21,21,16,21,20,21,21,,21,23.354595329941912,24,20.865350978387987,21,21,20.666071631426515,21,20.68358527285089,21,21,,-3.8,192
2026-01-18 14:30,1257.9958270405525,0,1318.7577198513554,0,0,69.88714773820811,0,1250,0,162.14614589287157,0,0,62.89979135202763,0,65.93788599256777,0,0,13.977429547641623,0,100,0,12.971691671429726,0,0,21,21,24,20,18.03,21,16,22.98,20,21,21,,21,23.36806051205151,24.000000000000004,20.87109585348214,21,21,20.66002842964153,21,20.68948020484753,21,21.012750267381865,,-3.8,247
2026-01-18 14:45,1247.734262970027,0,1303.5155213388352,0,0,76.10951350182222,0,1250,0,0,0,0,62.38671314850135,0,65.17577606694176,0,0,15.221902700364444,0,100,0,0,0,0,21,21,24,20,18,21,16,23,20,21,21,,21,23.377450891021244,24,20.87544910451896,20.891207543236607,21,20.74490442,22.07567897491422,20.791346204224972,21,21.03096872012843,,-3.9,232
2026-01-18 15:00,1244.3853876186258,0,1283.8678366826207,0,0,73.80259435,0,1250,0,0,0,0,62.219269380931294,0,64.19339183413103,0,0,14.76051886926798,0,100,0,0,0,0,21,21,24,20,18,21,16,23,20,21,21,,21,23.38440623381931,24,20.870882115757208,20.878239247466677,21,20.948225052922187,22.36958903632601,21.012889810659072,21.046245385654828,21.038697584591848,,-4,127
2026-01-18 15:15,1241.092668254474,0,1267.4150126101304,0,0,66.95530373913789,0,1250,0,0,0,0,62.05463341272369,0,63.37075063050652,0,0,13.391060747827577,0,100,0,0,0,0,21,21,24,20,18,21,16,23,20,21,21,,21,23.390827766848968,24,20.873009650902613,20.878431597456554,21,21.01949143045783,22.40501015551004,21.096735475038223,21.114614401064607,21.05520829042842,,-4.2,118
2026-01-18 15:30,1237.042143,0,1252.4409224510528,0,0,57.08759870322319,0,1250,0,0,0,0,61.852107168371006,0,62.62204612255264,0,0,11.41751974064464,0,100,0,0,0,0,21,21,24,20,18,21,16,23,20,21,21,,21,23.396825453278687,24,20.880592185254127,20.880084435428238,21,21.07039331874254,22.474280969729172,21.16437775410649,21.189651637452094,21.078089619758813,,-4.5,137
2026-01-18 15:45,1237.9845815879853,0,1236.6214062657818,0,0,45.039244994313776,0,1250,0,0,0,0,61.89922907939926,0,61.83107031328909,0,0,9.007848998862755,0,100,0,0,0,0,21,21,24,20,18,21,16,23,20,21,21,,21,23.40478645586999,24.000000000000004,20.89089034465111,20.884300559162888,21,21.122594830834792,22.54307396194795,21.235491380181852,21.26037115066124,21.113472827780107,,-5,104
2026-01-18 16:00,1252.4117018054494,0,1238.0138903485713,0,0,30.40050883876393,0,1250,0,0,0,0,62.62058509027247,0,61.90069451742856,0,0,6.080101767752786,0,100,0,0,0,0,21,21,24,20,18,21,16,23,20,21,21,,21,23.397869355825247,24,20.90282310246944,20.89116429490848,21,21.17420971,22.604785588417325,21.29573069507972,21.322148281782518,21.12175671846494,,-4.8,30
2026-01-18 16:15,1284.6667903381713,0,1259.1607347953868,0,0,19.72368237606861,0,1250,0,0,0,0,64.23333951690856,0,62.95803673976934,0,0,3.944736475213722,0,100,0,0,0,0,21,21,24,20,18,21,16,23,20,21,21,,21,23.387113396330378,24,20.915741714714468,20.898935413392262,21,21.222468183147463,22.66247836103982,21.35715048614794,21.38720546563821,21.134231140448883,,-5.4,22
2026-01-18 16:30,2000,1292.8126468757648,0,0,0,48.08894100987381,0,1250,0,0,79.01871498656256,0,100,64.64063234378824,0,0,0,9.617788201974761,0,100,0,0,5.2679143324375035,0,23.97,23.97,18.07,20,18,21,20.940000000000005,23.000000000000004,20,16.06,21,,21,23.350179405506985,24,20.923379875057226,20.89961702016255,21,21.283534328262466,22.73351166,21.39565346970934,21.423803092357563,21.032375139014515,,-6,7
2026-01-18 16:45,2000,1373.8284487309377,0,0,0,63.10905139088754,0,1250,0,0,141.02314552748794,0,100,68.69142243654689,0,0,0,12.621810278177508,0,100,0,0,9.401543035165863,0,24,24,18,20,18,21,21,23,20,16,21,,22.35009702911809,23.97,23.355554025235232,20.894192128849586,20.86419344366725,21,21.37473190323625,22.83412971846513,21.49237570300326,21.521161989643392,21,,-6.7,0
2026-01-18 17:00,2000,1370.7304140993049,0,0,0,67.47437176470824,0,1250,0,0,178.93745511823604,0,100,68.53652070496524,0,0,0,13.494874352941649,0,100,0,0,11.929163674549068,0,24,24,18,20,18,21,21,23,20,16,21,,22.95761469601663,24,23.38304645322633,20.875969725826025,20.841822318971804,21,21.45545608865924,22.92301262911832,21.574121470300412,21.604237189212537,21,,-5.8,0
2026-01-18 17:15,2000,1388.4823136764608,0,0,0,71.05504930980653,0,1245.770867041107,0,0,206.82322611271712,0,100,69.42411568382303,0,0,0,14.211009861961307,0,99.66166936328857,0,0,13.788215074181142,0,24,24,18,20,18,21,21,23,20,16,21,,23.28517332,24,23.38804074929083,20.86860741956287,20.831701360831477,21,21.496807617054493,22.970743642908317,21.61510212169781,21.64602608387661,21,,-6.2,0
2026-01-18 17:30,2000,1403.127304505244,0,0,0,74.42502143871934,0,1230.6227738850648,0,0,230.29394610313105,0,100,70.15636522526219,0,0,0,14.885004287743868,0,98.44982191080518,0,0,15.352929740208737,0,24,24,18,20,18,21,21,23,20,16,21,,23.496028010592863,24,23.37928384676829,20.862535934347413,20.82313374809406,21,21.522318058510763,22.99805010592371,21.64067592565044,21.672397298256552,21,,-6.7,0
2026-01-18 17:45,2000,1417.5367952713675,0,0,0,78.21693249581222,0,1223.8580829785424,0,0,247.96030578182763,0,100,70.87683976356838,0,0,0,15.643386499162443,0,97.90864663828339,0,0,16.53068705212184,0,24,24,18,20,18,21,21,23,20,16,21,,23.597964128838303,24,23.37157605963084,20.85672737323266,20.81475222705722,21,21.53517216316397,23,21.65360643286252,21.68599155335719,21,,-7.2,0
2026-01-18 18:00,2000,1429.2020618140814,0,0,0,82.80073748791801,0,1218.283964,0,0,267.12524571788526,0,100,71.46010309070407,0,0,0,16.560147497583603,0,97.46271709294321,0,0,17.808349714525683,0,24,24,18,20,18,21,21,23,20,16,21,,23.662452123626004,24,23.364780462386705,20.85062357955117,20.80612092421221,21,21.53881450604976,23,21.65745806109673,21.690400682846352,21,,-6.2,0
2026-01-18 18:15,2000,1439.5306870437416,0,0,0,86.91861579,0,1217.1576379390754,0,0,281.9127002274945,0,100,71.97653435218709,0,0,0,17.38372315782508,0,97.37261103512603,0,0,18.79418002,0,24,24,18,20,18,21,21,23,20,16,21,,23.712325460978825,24,23.35949809817521,20.844713230603556,20.799959365969336,21,21.541253816299225,23,21.656593356512094,21.69003081985084,21,,-6.5,0
2026-01-18 18:30,2000,1450.5341222585466,0,0,1250,45.557608193593296,0,0,0,0,166.46479021160485,0,100,72.52670611292733,0,0,100,9.111521639,0,0,0,0,11.097652680773656,0,24,24,18,20,22.94,21,21,16.08,20.99,16,21,,23.75279725583478,24,23.35467906836838,20.83873812758911,20.792671036107937,21,21.53939281082633,23,21.65416469740141,21.688068638674824,21,,-7,0
2026-01-18 18:45,2000,1458.743610368634,0,0,1250,0,0,0,0,0,0,0,100,72.93718052,0,0,100,0,0,0,0,0,0,0,24,24,18,20,23,21,21,16,21,16,21,,23.774154963695636,24,23.349851776663307,20.91529784874333,21.78069437593814,21.04775682780704,21.43173179345749,21.65719981201687,21.54022213336602,21.57226898783308,21,,-7.6,0
2026-01-18 19:00,2000,1465.45247,0,0,1250,0,54.83174713093376,0,18.57753214,0,0,0,100,73.27262349372451,0,0,100,0,5.483174713093376,0,1.486202571,0,0,0,24,24,18,20,23,21,21,16,21,16,21,,23.78680636980116,24,23.34610649,21.10698079209458,21.997599880931844,21.20273521098969,21.11710874618313,21.25486129615591,21.21431772891801,21.243487000927445,21.06275340457793,,-7.2,0
2026-01-18 19:15,2000,1471.2209916988795,0,0,1250,0,150.69635089077656,0,143.22274493810983,0,0,0,100,73.56104958494397,0,0,100,0,15.069635089077655,0,11.457819595048786,0,0,0,24,24,18,20,23,21,21,16,21,16,21,,23.805249252982644,24,23.34337389470251,21.19091264173649,22.075285905074004,21.28660741564561,21,21.06057454662552,21.03266583290085,21.044330936134887,21.138308214728536,,-7.6,0
2026-01-18 19:30,2000,1477.097720358919,0,0,1250,0,216.40129644933225,0,243.0370033412128,0,1500,0,100,73.85488601794596,0,0,100,0,21.640129644933225,0,19.442960267297025,0,100,0,24,24,18,20,23,21,21,16,21,16,23.97,,23.82379518,24,23.34106667131157,21.25558022738585,22.142001915753426,21.35422452275767,21,20.88517009980282,21,20.880243590249925,21.19809340349267,,-8,0
2026-01-18 19:45,2000,1481.3272200831743,0,0,1250,0,232.74947570829409,0,267.3632972712221,0,1500,0,100,74.06636100415871,0,0,100,0,23.274947570829408,0,21.389063781697768,0,100,0,24,24,18,20,23,21,21,16,21,16,24,,23.83458959417897,24,23.33886418806185,21.42018126717639,22.312631117384083,21.53902090093699,21,20.771395172102125,21,20.772168653890677,22.407113285271496,,-8.4,0
2026-01-18 20:00,2000,1485.110367372523,0,0,1250,0,229.7382213702849,0,261.4939303890096,0,1500,0,100,74.25551836862614,0,0,100,0,22.97382213702849,0,20.91951443112077,0,100,0,24,24,18,20,23,21,21,16,21,16,24,,23.842088282480344,24,23.337313208871144,21.770062693048764,22.66592095205312,21.909601328423925,21,20.733089440582752,21,20.740188179196352,22.79528709293691,,-7.9,0
2026-01-18 20:15,2000,1487.799434542616,0,0,1181.084998555063,0,222.80085327212143,0,249.4136498302505,0,1500,0,100,74.38997172713078,0,0,94.48679988440504,0,22.28008532721214,0,19.95309198642004,0,100,0,24,24,18,20,23,21,21,16,21,16,24,,23.83843406619603,24,23.335932705322747,21.97632336062851,22.87018706638859,22.12046566352912,21,20.73254900468748,21,20.74497073,22.99292012630184,,-8.1,0
2026-01-18 20:30,12.583167189224088,0,0,0,763.1419629303817,0,49.745694824114246,0,47.02086913173965,1250,1500,0,0.6291583594612045,0,0,0,61.05135703443054,0,4.974569482411424,0,3.7616695305391725,100,100,0,18.07,17.080000000000002,20.97,20.99000000000001,23,21,21,16,21,22.92,24,,23.82297488,24,23.335046725992168,22.15272509791962,23,22.30404271376809,21,20.738988005095493,21,20.756471681402395,23.173316624605192,,-8.3,0
2026-01-18 20:45,423.7729535160258,0,0,0,511.2156580758224,0,0,0,0,1250.000000000002,1500.0000000000025,0,21.188647675801292,0,0,0,40.89725264606579,0,0,0,0,100,100,0,18.000000000000025,17.00000000000003,21.00000000000003,21.00000000000003,23.00000000000004,21.00000000000003,21.00000000000003,16.00000000000002,21.00000000000003,23.00000000000004,24.00000000000004,,19.98888725163947,22.35683631958826,22.372644434172557,22.44700679583909,23,22.62322005019051,21.101228192985424,21.114355227473663,21.176702771256675,22.452572032503088,23.466191371908515,,-8.4,0
2026-01-18 21:00,714.4537275925859,0,117.34995929026265,0,449.62568569564246,0,0,0,0,1214.3690399191892,1500,0,35.722686379629295,0,5.867497964513133,0,35.97005486,0,0,0,0,97.14952319353515,100,0,18,17,21,21,23,21,21,16,21,23,24,,18.251022718131207,21.390211036142823,21.42750344185725,22.640929685769542,23.00000000000004,22.820041984564813,21.40058424748409,21.51367401837575,21.52428683624552,22.894989532838576,23.65987021763025,,-9.8,0
2026-01-18 21:15,736.5209136600779,0,343.3368817876326,0,424.5743261008829,0,0,0,0,1169.1370357946323,1500,0,36.82604568,0,17.16684408938163,0,33.96594608807063,0,0,0,0,93.53096286357058,100,0,18,17,21,21,23,21,21,16,21,23,24,,18,20.86353724107086,21,22.69898005387259,23,22.87321561416845,21.51869900121237,21.638506407082744,21.647531546038216,23,23.71819582461917,,-10.3,0
2026-01-18 21:30,806.8978443261067,0,372.53135702700274,0,0,0,0,0,0,1136.8895682000002,1500,0,40.34489221630533,0,18.62656785135014,0,0,0,0,0,0,90.95116545600001,100,0,18,17,21,21,21.02,21,21,16,21,23,24,,18,20.76514611133529,21,22.719721388780734,23,22.895732608808373,21.555417340671628,21.67359889880543,21.68616164322988,23,23.73851861077203,,-11.7,0
2026-01-18 21:45,849.0364579769139,0,409.7605701809807,0,0,0,0,0,0,1115.2298779239354,1500,0,42.4518229,0,20.488028509049037,0,0,0,0,0,0,89.21839023391483,100,0,18,17,21,21,21,21,21,16,21,23,24,,18,20.748866083327883,21,22.73807693007845,22.708211562352883,22.91519827303026,21.57979561256669,21.69737299705777,21.712650961081977,23,23.756579096284064,,-11.9,0
2026-01-18 22:00,908.1092012591962,0,435.2632364459678,0,0,0,0,0,0,1105.2489466300176,1500,0,45.40546006295981,0,21.76316182229839,0,0,0,0,0,0,88.41991573040141,100,0,18,17,21,21,21,21,21,16,21,23,24,,18,20.728441401356203,21,22.69432290531064,22.655459870891637,22.867443770834598,21.59522490474645,21.71173698164553,21.729990438562837,23,23.712580573443923,,-12,0
2026-01-18 22:15,963.1655497114044,0,460.6331885,0,0,0,0,0,0,1100.9608234295192,1500,0,48.158277485570224,0,23.03165942,0,0,0,0,0,0,88.07686587436154,100,0,18,17,21,21,21,21,21,16,21,23,24,,18,20.71287693996407,21,22.65501274489992,22.610737393820827,22.827228855434267,21.600110719816985,21.715242731976986,21.73633763637315,23,23.67307959551593,,-11.9,0
2026-01-18 22:30,1010.056856287216,0,483.2962215852858,0,0,0,0,0,0,1100.1562157588687,1500,0,50.50284281,0,24.16481107926429,0,0,0,0,0,0,88.01249726070951,100,0,18,17,21,21,21,21,21,20.94,21,23,24,,18,20.698285562032797,21,22.620158077738843,22.57342057606141,22.792069721086055,21.59991261925809,21.713592856885604,21.737440317452236,23,23.637936138405365,,-11.9,0
2026-01-18 22:45,1050.3541283345594,0,504.25374082352937,0,0,0,0,0,0,1101.6888736274614,1500,0,52.51770641672797,0,25.21268704117647,0,0,0,0,0,0,88.13510989019692,100,0,18,17,21,21,21,21,21,21,21,23,24,,18,20.685272355374025,21,22.588879438528444,22.54012983872478,22.76084368729793,21.596441020761944,21.708685748940677,21.73518158,23,23.606268432158146,,-11.9,0
2026-01-18 23:00,1086.967598386305,0,524.2024202052544,0,0,0,0,0,0,1105.1508266587953,1500,0,54.34837991931525,0,26.210121010262718,0,0,0,0,0,0,88.41206613270361,100,0,18,17,21,21,21,21,21,21,21,23,24,,18,20.672379827418823,21,22.56020854659607,22.509797992266225,22.732443666104565,21.59089417198578,21.701749429656417,21.73078353776142,23,23.57661622095049,,-11.7,0
2026-01-18 23:15,1120.310107962192,0,538.3776617275907,0,0,0,0,0,0,1109.2877953905736,1500,0,56.015505398109596,0,26.918883086379537,0,0,0,0,0,0,88.74302363124589,100,0,18,17,21,21,21,21,21,21,21,23,24,,18,20.66075426891598,21,22.533217723343125,22.481128791492694,22.705960341212315,21.583670738964805,21.69323363952893,21.72461297436113,23,23.54849236228967,,-11.5,0
2026-01-18 23:30,1151.493124878657,0,559.7130769748765,0,0,0,0,0,0,0,0,0,57.57465624393285,0,27.985653848743823,0,0,0,0,0,0,0,0,0,18,17,21,17.04,21,21,21,21,21,18.06,17.08,,18,20.651447691732148,21,22.51110309435762,22.457578807981204,22.684904713348867,21.57588563521618,21.68425240564944,21.717866040799542,23,23.525769348356054,,-11.9,0
2026-01-18 23:45,1180.562479843281,0,572.7488596409967,0,0,0,0,0,0,0,0,0,59.02812399216405,0,28.637442982049834,0,0,0,0,0,0,0,0,0,18,17,21,17,21,21,21,21,21,18,17,,18,20.64214096655173,21,22.38947257226604,22.328431692564173,22.54743810929407,21.467171706514545,21.569898623176712,21.603837440398493,21.738398862015444,22.36653647520751,,-11.9,0
2026-01-19 0:00,1201.5972077853912,0,584.1088272939996,0,0,0,22.320894023669094,0,0,0,0,0,60.07986038926956,0,29.205441364699983,0,0,0,2.2320894023669093,0,0,0,0,0,18,17,21,17,21,21,21,21,21,18,17,,18,20.63311904263568,21,22.050910598089366,21.98344258388124,22.18832846436006,21.141532898817864,21.23334351171045,21.26668646702132,21.33816948512427,21.97126866702513,,-11.5,0
2026-01-19 0:15,1220.8886019940528,0,596.3589419,0,0,0,90.92709396605096,54.0109267,16.527253475618636,0,0,0,61.044430099702645,0,29.81794709261485,0,0,0,9.092709396605096,4.320874135834456,1.322180278049491,0,0,0,18,17,21,17,21,21,21,21,21,18,17,,18,20.625090253115705,21.000000000000004,21.866144213347454,21.80259563091452,22.00928110275494,21,21.055817642586774,21.09143120265127,21.175210537182952,21.79855248036991,,-11.5,0
2026-01-19 0:30,2000,0,615.5929698110049,0,0,0,201.15707992724856,229.0914704282536,192.5119748416517,0,0,0,100,0,30.779648490550244,0,0,0,20.115707992724857,18.32731763426029,15.400957987332134,0,0,0,24.920000000000005,17,21,17,21,21,21,21,21,18,17,,18,20.61735931388482,21,21.76057465249068,21.695089352875144,21.898693441251467,21,21,21.000000000000004,21.050760037545817,21.679138583870166,,-11.9,0
2026-01-19 0:45,2000,0,628.0659889443687,0,36.15583029717709,0,251.5966365152917,308.2399343404322,270.2793888923543,0,0,0,100,0,31.403299447218433,0,2.892466423774167,0,25.15966365152917,24.65919474723458,21.622351111388344,0,0,0,25,17,21,17,21,21,21,21,21,18,17,,19.390505176302764,20.60982441443981,21,21.478300670193505,21.403914632369283,21.58999518158293,21,21,21,20.861769057619632,21.39255174817013,,-12.5,0
2026-01-19 1:00,2000,0,637.9624877600145,0,260.2913486213565,23.463066086200342,266.6739105274264,332.3504491176027,293.3237442390255,0,0,0,100,0,31.898124388000724,0,20.82330788970852,4.692613217240068,26.66739105274264,26.588035929408214,23.465899539122038,0,0,0,25,17,21,17,21,21,21,21,21,18,17,,20.153335354364465,20.60253436751106,21,21.10906734,21.053890842083355,21.20172731217497,21,21,21,20.76825351978306,21.022991267751948,,-12.6,0
2026-01-19 1:15,2000,0,647.1005630507025,0,366.0079387430742,90.74478018039008,274.66778987868383,345.31729562793043,305.3446156940299,0,0,0,100,0,32.35502815253513,0,29.280635099445934,18.148956036078015,27.466778987868384,27.625383650234436,24.427569255522393,0,0,0,25,17,21,17,21,21,21,21,21,18,17,,20.61280146262076,20.59594460439948,21,20.88652908235041,21,21.008191362235067,21,21,21,20.73514519971692,20.798942477701445,,-13.2,0
2026-01-19 1:30,2000,2000,0,0,486.9464298417937,171.0513371836183,285.8558670523475,363.1872016830973,322.3555767023085,0,0,0,100,100,0,0,38.95571439,34.21026743672366,28.58558670523475,29.054976134647784,25.788446136184678,0,0,0,25,24.91,16.06,17,21,21,21,21,21,18,17.99,,20.88974734274359,20.589640736693188,21,20.799238046040088,21,21,21,21,21,20.718436777629694,20.709059987385864,,-14.1,0
2026-01-19 1:45,2000,2000,0,0,555.0743328699318,216.4242983,294.4769112341904,376.9845782564674,335.35467792030124,0,0,0,100,100,0,0,44.405946629594546,43.28485967,29.44769112341904,30.15876626051739,26.82837423,0,0,0,25,25,16,17,21,21,21,21,21,18,18,,21.046531428255648,22.181408392471504,21.240401722180305,20.714119742689867,21,21,21,21.000000000000004,21,20.69652103,20.621745194349145,,-14.9,0
2026-01-19 2:00,2000,2000,0,0,582.0886805754253,232.4881286378495,300.64177003083114,386.77298987478025,344.2135448043591,0,0,0,100,100,0,0,46.56709444603403,46.497625727569904,30.064177003083113,30.94183918998242,27.53708358434873,0,0,0,25,25,16,17,21,21,21,21,21,18,18,,21.17899241659343,22.913875261209316,22.025423441698955,20.66060296581366,21,21,21,21,21,20.67887351886124,20.565832401422597,,-14.4,0
2026-01-19 2:15,2000,2000,0,0,600.5091884,242.35231373282292,306.4114182009125,395.8751306,352.4020108,0,0,0,100,100,0,0,48.04073506893008,48.470462746564586,30.641141820091253,31.670010451648558,28.19216086655768,0,0,0,25,25,16,17,21,21,21,21,21,18,18,,21.27812836601856,23.28373068585248,22.38508464239805,20.638460787076035,21,21,21,21,21,20.666082543098724,20.54117773674634,,-14.8,0
2026-01-19 2:30,1854.1949785492743,2000,0,0,615.4972385436613,250.1746341592825,311.7161182063737,404.1955114,359.8235844904248,0,0,0,92.70974892746372,100,0,0,49.239779083492905,50.03492683,31.171611820637374,32.335640914540555,28.785886759233986,0,0,0,21.04,25,16,17,21,21,21,21,21,18,18,,21.352215,23.46952238979345,22.56571854998826,20.625068200651448,21,21,21,21,21,20.654788885335226,20.525605448259228,,-14.8,0
2026-01-19 2:45,1921.1722534269684,2000,0,0,631.7519166012135,259.0233011,317.57856343493586,413.3322788020341,368.0660042048257,0,0,0,96.05861267134841,100,0,0,50.54015332809708,51.80466022,31.757856343493586,33.06658230416273,29.445280336386052,0,0,0,21,25,16,17,21,21,21,21,21,18,18,,21.038045040394977,23.617603797402083,22.71084923571072,20.61410821717057,21,21,21,21,21,20.644384699630518,20.512633792211105,,-14.6,0
2026-01-19 3:00,1865.14722,2000,0,0,641.8728243519727,264.36547514345875,321.55305715827853,419.59515346208354,373.5771443444864,0,0,0,93.25736098,100,0,0,51.349825948157815,52.87309502869175,32.15530571582785,33.567612276966685,29.88617154755891,0,0,0,21,25,16,17,21,21,21,21,21,18,18,,21,23.749693360355767,22.83789815919877,20.602471393434197,21,21,21,21,21,20.633346623125323,20.499192976211308,,-12.9,0
2026-01-19 3:15,1873.7100413541705,2000,0,0,652.5388446232537,270.30581225386777,326.0323313598856,426.6185750705881,379.8546596394517,0,0,0,93.68550206770853,100,0,0,52.20310756986029,54.06116245077355,32.60323313598856,34.12948600564705,30.38837277115614,0,0,0,21,25,16,17,21,21,21,21,21,18,18,,21.000000000000004,23.83827885161128,22.924801969188334,20.59479276,21,21,21,21,21,20.625073689103733,20.490220170537285,,-12.9,0
2026-01-19 3:30,1876.4905826166664,2000,0,1500,464.9617253623699,140.48514322953852,0,309.5909869225085,262.0819511048183,1250,0,0,93.82452913083333,100,0,100,37.19693802898959,28.097028645907702,0,24.76727895380068,20.966556088385463,100,0,0,21,25,16,24.91,21,21,18.03,21,21,23.930000000000003,18,,21,23.917399862459625,23.002692455711927,20.587310739875864,21,21,21,21,21,20.61650869,20.481706745827395,,-13,0
2026-01-19 3:45,1877.2122281550164,2000,0,1500,174.71884372933346,0,0,144.14101052831757,95.87113351546212,1250,0,0,93.86061140775082,100,0,100,13.977507498346677,0,0,11.531280842265405,7.669690681236969,100,0,0,21,25,16,25,21,21,18,21,21,24,18,,21,24.05285260622817,23.14565367,21.76986043399827,21,21.005080002324178,20.60929489571675,21,21,22.03130925641232,20.60368285291912,,-13.4,0
2026-01-19 4:00,1872.8676336028336,0,0,1500,50.57971889358596,0,0,102.82035722808214,53.85128866927481,1250,0,0,93.64338168014169,0,0,100,4.0463775114868765,0,0,8.225628578246571,4.308103093541985,100,0,0,21,17.09,16.99,25,21,21,18,21,21,24.000000000000004,18,,21,24.17282066737621,23.261958870494148,22.06372785,21,21.077778966822112,20.732629101518828,21,21,22.303080950547447,20.815463351413168,,-11.7,0
2026-01-19 4:15,1868.6774176113013,0,0,1500,0,0,0,83.36274709469308,33.694118368549425,1250,0,0,93.43387088056507,0,0,100,0,0,0,6.669019767575446,2.695529469483954,100,0,0,21,17,17,25,21,21,18,21,21,24,18,,21,22.45203815198068,22.52797720714832,22.130791243546184,21.00132538966387,21.176997592094096,20.802277841255712,21,21,22.32127850693647,20.913547984164868,,-11.9,0
2026-01-19 4:30,1864.6371549596636,2000,0,1500,0,0,0,78.23366692,27.860495383230045,1250,0,0,93.23185774798317,100,0,100,0,0,0,6.258693353999624,2.2288396306584035,100,0,0,21,24.91,16.01,25,21,21,18,21,21,24,18,,21,21.355624534177743,21.419623776645007,22.212993922748996,21.03874183,21.25860474474457,20.82223927743341,21,21,22.353924335863415,20.990567522250696,,-12.2,0
2026-01-19 4:45,1860.7219599422351,2000,0,1500,0,0,0,76.16049373153388,25.09791703989564,1250,0,0,93.03609799711177,100,0,100,0,0,0,6.092839498522711,2.007833363191651,100,0,0,21,25,16,25,21,21,18,21,21,24,18,,21,22.475130491565388,21.46839804646696,22.267145237484183,21.086145452779693,21.310127821729857,20.827559736196697,21,21,22.37027873,21.03986107338405,,-13.4,0
2026-01-19 5:00,1856.8511419737008,2000,0,1500,0,0,0,75.80950027,24.02272647683276,1250,0,0,92.84255709868503,100,0,100,0,0,0,6.064760021245457,1.9218181181466207,100,0,0,21,25,16,25,21,21,18,21,21,24,18,,21,23.20347889989872,22.28730663159534,22.305002090226267,21.120023499839675,21.34726537773922,20.828932346150424,21,21,22.38067678130145,21.07362371919512,,-11.4,0
2026-01-19 5:15,1853.0218421817967,2000,0,1500,0,0,0,76.25521878,23.76227507328804,1250,0,0,92.65109210908983,100,0,100,0,0,0,6.100417503,1.9009820058630433,100,0,0,21,25,16,25,21,21,18,21,21,24,18,,21,23.59595428872252,22.68245421684444,22.33028096856095,21.14192584277179,21.37100026198325,20.828734651302337,21,21,22.38802638808272,21.095865033344325,,-13,0
2026-01-19 5:30,1849.2012086677264,0,1855.542675031531,1500,0,0,0,0,32.48267324640401,1250,1500,0,92.46006043338632,0,92.77713375157654,100,0,0,0,0,2.5986138597123207,100,100,0,21,21.04,23.91,25,21,21,18,20.010000000000005,21,24.000000000000004,23.930000000000003,,21,23.78300621564644,22.86934093,22.34581830785925,21.154591527559987,21.38481772320753,20.82768497,21,21,22.393348199290763,21.10915291427036,,-14,0
2026-01-19 5:45,1845.3321120961448,0,1886.6479382655048,1500,0,0,0,0,37.71710198602341,1250,1500,0,92.26660560480724,0,94.33239691327523,100,0,0,0,0,3.017368158881873,100,100,0,21,21,24,25,21,21,18,20,21,24,24,,21.000000000000004,22.904659035301627,23.88794615618366,22.50510607125708,21.31936275563424,21.56536939686323,20.818227133680555,20.91377550598492,21,22.389000501970457,22.30605371,,-14.4,0
2026-01-19 6:00,1838.8519298313583,0,1777.3619808199655,1500,0,0,0,0,31.393426594622724,1250,1500,0,91.94259649156793,0,88.86809904099827,100,0,0,0,0,2.511474127569818,100,100,0,21,21,24,25,21,21,18,20,21,24,24,,21,22.989936177390423,24.000000000000004,22.857670557943287,21.67448396995016,21.937945272619864,20.810670992010245,20.90222598974533,21,22.38651192,22.703748213391712,,-12.8,0
2026-01-19 6:15,1832.2231075221332,0,1710.8504353951575,1500,0,0,0,0,21.19547901069018,1250,1500,0,91.61115537610667,0,85.54252176975788,100,0,0,0,0,1.6956383208552142,100,100,0,21,21,24,25,21,21,18,20,21,24,24,,21,23.09282285903828,24,23.007081391354287,21.814814723174788,22.07596818282375,20.815018854425723,20.908024005088397,21,22.395611777366103,22.83992641288318,,-12.8,0
2026-01-19 6:30,1825.4719764387848,0,1689.2791376342066,1500,0,0,0,0,14.97718904854264,1250,1500,0,91.27359882193925,0,84.46395688171033,100,0,0,0,0,1.198175123883411,100,100,0,21,21,24,25,21,21,18,20,21,24,24,,21,23.084668760649016,24,23.10923345835686,21.91670515130484,22.18521507301363,20.82443400811086,20.91678293113115,21,22.409334667356003,22.954695070906773,,-13.1,0
2026-01-19 6:45,1818.6100857996355,0,1680.324136048548,1500,0,0,0,0,0,1250,1500,0,90.93050428998178,0,84.0162068,100,0,0,0,0,0,100,100,0,21,21,24,25,21,21,18,20,21,24,24,,21,23.074329893666505,24,23.184300588385327,21.98866088727523,22.25851779,20.830090239327443,20.922182938495386,21,22.418699016784544,23.034848739843703,,-13.6,0
2026-01-19 7:00,1799.9074084571712,0,1659.9137166101864,1500,0,0,0,0,0,1250,1500,0,89.99537042285856,0,82.99568583050932,100,0,0,0,0,0,100,100,0,21,21,24,25,21,21,18,20,21,24,24,,21,23.078769361614555,24,23.28363777932149,22.08682435877591,22.361298035586263,20.843459164346918,20.935933968323997,20.999941119567588,22.436084884285737,23.13515374,,-12.2,0
2026-01-19 7:15,1780.9002060126804,0,1639.191399855794,1500,0,0,0,0,0,1250,1500,0,89.04501030063402,0,81.95956999278971,100,0,0,0,0,0,100,100,0,21,21,24,25,21,21,18,20,21,24,24,,21,23.08522501212453,24,23.35438626,22.15340774352496,22.42928490684086,20.851012456493567,20.94357782924715,21.00890877,22.448685016502463,23.209331433551423,,-12.6,0
2026-01-19 7:30,1761.7394580141497,0,1615.797734726883,0,0,0,1000,0,0,0,1500,0,88.08697290070748,0,80.78988673634416,0,0,0,100,0,0,0,100,0,21,21,24.000000000000004,21.04,21,21,22.94,20,21,21.03,24.000000000000004,,21,23.09049172728345,24,23.447551321567147,22.24621500839054,22.52609108327639,20.868423935962493,20.961360190774148,21.028646539313364,22.470045851070928,23.304179897902863,,-13.2,0
2026-01-19 7:45,1742.554077,0,1604.7817373135113,0,0,0,1000,0,0,0,1500,0,87.12770386,0,80.23908686567556,0,0,0,100,0,0,0,100,0,21,21,24,21,21,21,23,20,21,21,24,,21,23.095869978612598,24.000000000000004,22.45314950804223,22.29342033263229,22.57010964012779,22.401306394004344,20.96633631826349,21.03393210578737,21.186908497804616,23.35700501737796,,-13.6,0
2026-01-19 8:00,1736.920615558498,0,1591.0317337188535,0,0,0,1000,0,16.81507660816351,0,1500,0,86.84603078,0,79.55158668594268,0,0,0,100,0,1.3452061286530808,0,100,0,21,21,24,21,21,21,23,20,21,21,24,,21,23.101413213883024,24,22.26976538147189,22.19651242,22.462658560436477,22.51238914774947,20.93644988785577,21.00416996618569,21.051675566436423,23.268224381414885,,-13.2,45
2026-01-19 8:15,1731.9629935994162,0,1580.3008138806836,0,0,0,1000,0,31.97197993061673,0,1500,0,86.59814967997082,0,79.01504069403418,0,0,0,100,0,2.5577583944493383,0,100,0,21,21,24,21,21,21,23,20,21,21,24,,21,23.10423909493696,24,22.261098185090344,22.149342296244235,22.415662866922297,22.43230396381671,20.91481602179433,21,21.077204386185254,23.221435117695627,,-13.5,56
2026-01-19 8:30,1725.9276951466427,0,1571.5774335324604,0,0,0,1000,0,49.34780049602523,0,1500,0,86.29638475733213,0,78.57887167662302,0,0,0,100,0,3.9478240396820183,0,100,0,21,21,24,21,21,21,23,20,21,21,24,,21.000000000000004,23.106830443950308,24,22.21235339920583,22.109963734056223,22.37163827112591,22.446458815982048,20.898020054468716,21,21.043506089218724,23.18614163122192,,-13.7,73
2026-01-19 8:45,1718.9054271847665,0,1562.7327375721106,0,0,0,1000,0,61.67974341,3.875366559475879,1500,0,85.94527135923832,0,78.13663687860553,0,0,0,100,0,4.934379473098816,0.3100293247580703,100,0,21,21,24,21,21,21,23,20,21,21,24,,21,23.110228110802417,24,22.158935272114167,22.060819077771043,22.317818596628364,22.443561758752267,20.87852978080388,21,21.016501513001533,23.13975566656599,,-13.8,83
2026-01-19 9:00,1709.281942367451,0,1553.559718527129,0,0,0,1000,0,68.93386174897023,15.020469859593504,1500,0,85.46409711837255,0,77.67798592635646,0,0,0,100,0,5.514708939917618,1.2016375887674804,100,0,21,21,24,21,21,21,23,20,21,21,24,,21,23.11410301306448,24.000000000000004,22.115408539623463,22.020659803366563,22.272546666544763,22.442498075544272,20.86501718567972,21,21.000896573059737,23.10195347641009,,-13.4,18
2026-01-19 9:15,1699.0591928927597,0,1544.1698180265812,0,0,0,1000,0,70.64581907832871,20.846244683340046,1500,0,84.95295964463799,0,77.20849090132906,0,0,0,100,0,5.651665526266297,1.6676995746672036,100,0,21,21,24,21,21,21,23,20,21,21,24,,21,23.118690627358014,24,22.080311331925756,21.98933158458769,22.23547692966416,22.445314929258423,20.85709247457079,21,21,23.072584890520385,,-13.1,19
2026-01-19 9:30,1687.7705613505905,0,0,0,0,0,1000,0,0,29.00011196346713,0,0,84.38852806752952,0,0,0,0,0,100,0,0,2.3200089570773703,0,0,21,21,21.03,21,21,21,23,20,18.03,21,21.03,,21,23.12366522809791,24,22.052946422328887,21.96568043531846,22.206136990930013,22.45276864,20.855349104500974,21,21,23.05080197742092,,-12.2,164
2026-01-19 9:45,1675.710932195445,0,0,0,0,0,1000,0,0,65.78939459,0,0,83.78554660977225,0,0,0,0,0,100,0,0,5.263151567573368,0,0,21,21,21,21,21,21,23,20,18,21,21,,21,22.58649289549963,22.70122409488349,21.93526388049534,21.84737447801525,22.069863807465502,22.458885366473464,20.852781356907336,20.92334093407102,21,21.90144139556577,,-11.6,113
2026-01-19 10:00,1660.8836657627555,25.255810711527975,0,0,0,0,1000,0,0,98.11501472416056,0,0,83.04418328813777,1.2627905355763986,0,0,0,0,100,0,0,7.849201177932844,0,0,21,21,21,21,21,21,23,20,18,21,21,,21,21.720741688118487,21.82023559676366,21.58751087310389,21.50064829349592,21.69544815084516,22.43627134996295,20.82102674352167,20.885330427924163,21,21.510230735408157,,-11.2,31
2026-01-19 10:15,1645.7408556542662,281.6179745019811,127.04607105695322,0,24.692483431029054,0,1000,0,0,120.69318662638398,25.447020711396664,0,82.28704278271331,14.080898725099056,6.352303552847661,0,1.9753986744823244,0,100,0,0,9.655454930110718,1.6964680474264442,0,21,21,21,21,21,21,23,20,18,21,21,,21,21.137461001771047,21.20157955457465,21.319228614088395,21.23963961195221,21.416701738342137,22.41462947863908,20.79143273,20.852210433470415,21,21.24615176016044,,-10.9,32
2026-01-19 10:30,1630.737162309881,306.4956477160352,142.61716551391387,114.8646214105732,198.1604072167611,9.030304921656352,1000,0,0,134.97867092244147,207.00247358394213,0,81.53685811549404,15.32478238580176,7.130858275695694,7.657641427371547,15.852832577340887,1.8060609843312705,100,0,0,10.798293673795317,13.80016490559614,0,21,21,21,21,21,21,23,20,18,21,21,,21,21,21,21.09358217877509,21.037041014534346,21.181984665499204,22.40231131594923,20.772023248206832,20.828866335370027,21,21.038166,,-10.5,244
2026-01-19 10:45,1615.7085857355826,317.0234925020874,155.34548904304876,165.52194870452757,239.6954109407428,32.128395406091535,1000,0,0,143.0698648036814,254.98247436709303,0,80.78542928677912,15.85117462510437,7.767274452152439,11.034796580301839,19.175632875259424,6.425679081218307,100,0,0,11.445589184294512,16.998831624472867,0,21,21,21,21,21,21,23,20,18,21,21,,21,21,21,21,21,21.013076010737105,22.39770829150742,20.76127262098624,20.814634258600325,21,21,,-10,251
2026-01-19 11:00,1598.839558072979,324.1927462,166.05149162490125,170.91289217153098,235.62597622826067,35.35797732,1000,0,0,142.9633850618326,255.4184520835867,0,79.94197790364895,16.20963731,8.302574581245063,11.39419281,18.850078098260852,7.071595464,100,0,0,11.43707080494661,17.027896805572446,0,21,21,21,21,21,21,23,20,18,21,21,,21,21,21,21,21,21,22.398277601559347,20.756420094644994,20.80656367875528,21,21,,-9.8,96
2026-01-19 11:15,1581.7902241782415,328.33220371489006,175.15628712012403,174.27090471695556,230.16518428295723,37.27566990847481,1000,0,0,137.97623053766074,253.1055218645609,0,79.08951120891209,16.416610185744503,8.757814356006202,11.618060314463703,18.41321474263658,7.455133981694962,100,0,0,11.03809844301286,16.873701457637395,0,21,21,21,21,21,21,23,20,18,21,21,,21,21,21,21,21,21,22.406765533260305,20.76004459882473,20.807317158272497,21,21,,-9.5,98
2026-01-19 11:30,1565.4879213760955,332.9312130515624,187.32450564046303,208.76058288191268,0,60.689546152885306,93.51455376991944,0,1039.1065383084374,98.31746860329731,283.07798917545153,0,78.27439606880478,16.646560652578117,9.366225282023152,13.91737219212751,0,12.13790923057706,9.351455376991943,0,83.12852306,7.865397488263785,18.871865945030102,0,21,21,21,21,17.04,21,21.02,20,21.96,21,21,,21,21,21,21,21,21,22.41991504270188,20.768806078011917,20.813425386971872,21,21,,-9.1,300
2026-01-19 11:45,1549.6510615641982,336.7178889964234,196.7963393883056,244.5990990112932,0,85.26428740136726,73.95671102830602,0,1027.9237469095697,65.26806523312916,314.7747433043369,0,77.48255308,16.835894449821172,9.839816969,16.30660660075288,0,17.052857480273452,7.395671102830602,0,82.23389975276557,5.2214452186503335,20.98498288695579,0,21,21,21,21,17,21,21,20,22,21,21,,21.000000000000004,21.000000000000004,21,21,20.813511874122334,21,21.08247789173276,20.810447200885832,21.924232179255416,21,21,,-8.7,308
2026-01-19 12:00,1538.9797278958113,340.4656326,206.2529564402612,249.21830354345548,0,87.58937307410633,69.20048240993583,0,1013.750750930658,56.38151955992544,315.718515,0,76.94898639479057,17.02328163,10.312647822013059,16.61455357,0,17.517874614821267,6.920048240993583,0,81.10006007445264,4.510521564794035,21.047900997214068,0,21,21,21,21,17,21,21,20,22,21,21,,21,21,21,21,20.78444351017716,21,21,20.849177224197497,22,21,21,,-9.1,83
2026-01-19 12:15,1528.508369285546,343.3436452839269,213.8184591938334,251.51743291399907,0,88.37312053926871,73.61007572386552,0,999.236146,52.67818286249167,314.5149058632269,0,76.42541846,17.167182264196345,10.69092295969167,16.76782886093327,0,17.67462410785374,7.361007572386552,0,79.93889167851128,4.214254628999333,20.967660390881793,0,21,21,21,21,17,21,21,20,22,21,21,,21,21,21,21,20.78414401265288,21,21,20.86120482946081,22,21,21,,-8.6,83
2026-01-19 12:30,1518.8316333277307,347.3369019338897,221.56125430602697,254.5203430078691,0,89.39873314,78.55672388453604,0,988.2767983513222,50.936124788007874,315.5955512302571,0,75.94158166638654,17.366845096694483,11.078062715301348,16.968022867191273,0,17.87974663,7.855672388453604,0,79.06214386810578,4.074889983,21.039703415350473,0,21,21,21,21,17,21,21,20,22,21,21,,21.000000000000004,21,21,21,20.78451175706669,21,21,20.86707382436834,22,21,21,,-8.1,339
2026-01-19 12:45,1509.7377267886386,351.4741068079529,228.34757197744693,257.25844924592457,0,90.23086132,81.54434257193316,0,979.8580241,49.16154964620728,317.29207920863337,0,75.48688633943193,17.573705340397645,11.417378598872347,17.150563283061636,0,18.04617226494738,8.154434257193316,0,78.38864193176384,3.932923971696582,21.152805280575556,0,21,21,21,21,17,21,21,20,22,21,21,,21,21,21,21,20.78340536101052,21,21,20.87013178315396,22,21,21,,-7.7,333
2026-01-19 13:00,1500.113582808266,0,0,260.3417847379933,0,91.41149524,83.96558845427171,0,972.8589794257203,47.739421507278166,319.7622537549505,0,75.00567914041329,0,0,17.356118982532887,0,18.282299048468122,8.396558845,0,77.82871835405763,3.8191537205822534,21.317483583663368,0,21,17.04,17.04,21,17,21,21,20,22,21,21,,21,21,21,21,20.78211229481293,21,21,20.87254391432522,22,21,21,,-7.7,49
2026-01-19 13:15,1490.5820479489666,0,0,263.20040625263937,0,92.56583854152632,85.74037848188527,0,966.5704393762826,46.27587378763201,322.0827517177895,0,74.52910239744833,0,0,17.546693750175958,0,18.513167708305264,8.574037848188528,0,77.32563515010261,3.702069903010561,21.472183447852633,0,21,17,17,21,17,21,21,20,22,21,21,,21,20.738021141903094,20.829730769115503,21,20.780356182653133,21,21,20.87448603495113,22,21,21,,-7.2,48
2026-01-19 13:30,1850.241172,229.8660155744874,2000,265.7894268963515,0,94.06258913027412,76.99039441,94.11780171330976,945.3547943906226,29.336053861764235,320.5029544358898,0,92.5120586,11.49330077872437,100,17.719295126423432,0,18.812517826054822,7.699039441314381,7.529424137064781,75.62838355124981,2.3468843089411386,21.36686362905932,0,21.99,20.96,24.91,21,17,21,21,20.99,22,21,21,,21,20.54864779,20.61144377727571,21,20.77863928747568,21,21,20.87636426781164,22,21,21,,-6.8,301
2026-01-19 13:45,1766.5922586236163,0,2000,265.0673721329367,0,93.92858616913144,69.67660527585303,84.32623544,927.0558652636528,14.878363414210073,313.67577365897887,0,88.32961293118082,0,100,17.671158142195782,0,18.785717233826286,6.967660527585304,6.746098835513112,74.16446922109222,1.1902690731368057,20.911718243931926,0,22,21,25,21,17,21,21,21,22,21,21,,21.80592409979716,21.438509313819385,22.36537469408461,21,20.777762681553995,21,21,20.99,22,21,21,,-6.6,270
2026-01-19 14:00,1702.1121781971324,0,2000,262.8745707703838,0,93.50167741648328,68.80694199790742,79.14782637197095,918.8334583,10.077474439623984,303.1997505624313,0,85.10560890985661,0,100,17.524971384692254,0,18.700335483296655,6.880694199790741,6.331826109757676,73.50667666340465,0.8061979551699188,20.213316704162086,0,22,21,25,21,17,21,21,21,22,21,21,,22,22.256036412153893,23.26547748,21,20.778968567795555,21,21,21,22,21,21,,-6.9,50
2026-01-19 14:15,1686.957474326533,0,2000,259.7188153992902,0,92.88765753668122,68.40537579897136,75.5915087,910.6345884731928,5.0318148651240335,287.90624912169733,0,84.34787371632665,0,100,17.31458769328601,0,18.577531507336243,6.840537579897136,6.047320696105016,72.85076707785542,0.40254518920992266,19.193749941446487,0,22,21,25,21,17,21,21,21,22,21,21,,22,22.670527601134182,23.679971308681544,21.000000000000004,20.780601795831387,21,21,21,22,21,21,,-6.6,49
2026-01-19 14:30,1652.9826513071148,0,2000,255.77850248229151,0,91.46685609568158,68.69356823,73.11540505,903.7685972049294,1.0113165888215008,276.1117017,0,82.64913256535574,0,100,17.05190017,0,18.293371219136315,6.869356823,5.849232403623464,72.30148777639435,0.080905327,18.407446779842335,0,22,21,25,21,17,21,21,21,22,21,21,,22,22.86880696167375,23.874830617476203,21,20.78252339810956,21,21,21,22,21.000000000000004,21,,-6.6,191
2026-01-19 14:45,1633.731508943034,0,2000,251.7486912748318,0,89.85301444006109,69.14364300164925,71.34334697506347,896.6578352329016,0,263.9843766,0,81.68657545,0,100,16.783246084988786,0,17.970602888012216,6.914364300164925,5.707467758005078,71.73262681863213,0,17.59895844,0,22,21,25,21,17,21,21,21,22,21,21,,22.000000000000004,22.993633156134692,24.00399119945452,21,20.784158938586845,21,21,21,22,21.000000000000004,21,,-6.6,158
2026-01-19 15:00,1619.861931308762,0,2000,247.79999620906165,0,88.12573254034942,69.85706741,70.20683281,888.9146949995084,0,249.4729568113908,0,80.99309657,0,100,16.519999747270777,0,17.625146508069882,6.985706741,5.616546624484472,71.11317559996067,0,16.63153045409272,0,22,21,25,21,17,21,21,21,22,21,21,,22,23.11507751413217,24.127717992901324,21,20.78531410708086,21,21,21,22,21.00353999061487,21,,-6.6,35
2026-01-19 15:15,1607.037459,0,2000,243.63164632707776,0,86.21528033199866,70.28837606,68.82513117540293,878.4270934216001,0,229.03243044175545,0,80.35187296,0,100,16.242109755138518,0,17.24305606639973,7.028837606,5.5060104940322345,70.27416747372801,0,15.26882869611703,0,22,21,25,21,17,21,21,21,22,21,21,,22,23.235122322816405,24.248610420180217,21,20.78598654828574,21,21,21,22,21.00941949280752,21,,-6.5,32
2026-01-19 15:30,1594.825772,0,2000,158.3075549177738,1250,55.13695014,71.78228551204543,0,867.2184575683203,0,130.71872748062015,0,79.74128858,0,100,10.553836994518255,100,11.02739003,7.178228551204544,0,69.37747660546563,0,8.714581832041343,0,22,21,25,21,23.92,21,21,16.06,22,21,21,,22,23.35268008486347,24.364496147533977,21,20.78639473498712,21,21,21,22,21.01827539509814,21,,-6.5,106
2026-01-19 15:45,1583.034770095508,0,2000,0,1250,0,78.67881738452343,0,862.3457195248156,0,0,0,79.15173850477541,0,100,0,100,0,7.8678817384523425,0,68.98765756198526,0,0,0,22,21,25,21,24,21,21,16,22,21,21,,22,23.52170116378918,24.540667447673524,21.003577224309627,21.756321608668323,21.034167241943067,21,20.929626069585787,22,21.028746336346167,21.011639668652528,,-6.5,67
2026-01-19 16:00,1572.728694180767,0,2000,0,1250,0,78.03168779572115,0,847.3561211,0,0,0,78.63643470903835,0,100,0,100,0,7.803168779572116,0,67.78848968821111,0,0,0,22,21,25,21,24,21,21,16,22,21,21,,22,23.68516757462253,24.69670162445801,21.04988311568635,21.964024176717757,21.147956000094094,21,20.914294985483743,22,21.03192879010625,21.097533858536504,,-6.3,4
2026-01-19 16:15,1583.478123677225,0,2000,0,1250,0,81.01077503364286,0,870.0422412262487,0,0,0,79.17390618386125,0,100,0,100,0,8.101077503364285,0,69.6033793,0,0,0,22,21,25,21,24,21,21,16,22,21,21,,22,23.777751151168136,24.7872652,21.11223033625183,22.004532385466145,21.21422218822813,21,20.918686785365143,22,21.04531595668375,21.179712790259707,,-6.5,3
2026-01-19 16:30,1594.2807105388256,0,2000,0,1250,0,79.34952431779675,0,875.0804085129075,0,0,0,79.71403552694129,0,100,0,100,0,7.934952431779675,0,70.00643268103259,0,0,0,22,21,25,21,24,21,21,16,22,21,21,,22,23.819990912747254,24.87121873231481,21.16204130751964,22.05380856778705,21.26674862051138,21,20.91602715532961,22,21.023621659742897,21.15985775187568,,-6.6,7
2026-01-19 16:45,1597.0996834691668,0,1941.1177552130607,0,1250,0,81.00186777528143,0,879.3988490428219,0,0,0,79.85498417345835,0,97.05588776065304,0,100,0,8.100186777528142,0,70.35190792342576,0,0,0,22,21,25,21,24,21,21,16,22,21,21,,22,23.89020551198658,24.94836323157834,21.22375548448529,22.117216024471944,21.33325870710101,21,20.91933411273219,22,21.015945556812376,21.195148715981983,,-6.9,0
2026-01-19 17:00,1596.3813413016687,0,1873.985158133852,0,1250,0,82.33995001973199,0,882.4269182595654,0,0,0,79.81906706508343,0,93.69925790669261,0,100,0,8.233995001973199,0,70.59415346076523,0,0,0,22,21,25,21,24,21,21,16,22,21,21,,22,23.965966614401324,25,21.28744025234688,22.179523784519706,21.399146281894804,21,20.917490112663472,22,21.010423135829548,21.25031381792674,,-6.4,0
2026-01-19 17:15,1594.6089907892583,0,1862.773005028379,0,1250,0,83.35048986612674,0,884.3918339755619,0,0,0,79.73044953946292,0,93.13865025141895,0,100,0,8.335048986612673,0,70.75134671804496,0,0,0,22,21,25,21,24,21,21,16,22,21,21,,22,23.98444356114152,25,21.34291345725468,22.233459785342976,21.456295339331582,21,20.916456051309822,22,21.00633084,21.29646301856554,,-6.7,0
2026-01-19 17:30,1592.5805920103653,1853.5483747620776,0,1500,1250,0,1000,0,760.0587635984004,0,0,0,79.62902960051827,92.67741873810388,0,100,100,0,100,0,60.80470108787203,0,0,0,22,24.960000000000004,17.09,24.960000000000004,24.000000000000004,21,23.97,16,22,21,21,,22,23.986544655208174,25.000000000000004,21.382253204923007,22.27088067824531,21.49573303484159,21,20.91579978645093,22,21.003349746389908,21.32860079538601,,-6.9,0
2026-01-19 17:45,1590.5075500327675,1951.632017742428,0,1500,1250,0,1000,0,530.6317826211089,0,0,0,79.52537750163837,97.58160089,0,100,100,0,100,0,42.45054260968871,0,0,0,22,25,17,25,24,21,24,16,22,21,21,,22,24.920319596405086,24.090415301033204,22.63996948568756,22.474561605271376,21.71794484731397,22.526413510152373,21.03514536676029,22,21.125129291183992,21.518479003015276,,-7.1,0
2026-01-19 18:00,1593.634863936095,1902.0547343673245,0,1500,1250,0,1000,0,476.6742541482199,0,0,0,79.68174319680475,95.10273671836623,0,100,100,0,100,0,38.133940331857595,0,0,0,22,25,17,25,24,21,24,16,22,21,21,,22,25,24.15263879131776,23.090713533716663,22.881715988424236,22.144582562092232,22.83851467,21.28210860107225,22,21.37448536465588,21.914534196197785,,-6.7,0
2026-01-19 18:15,1597.2095189862048,1853.647589031301,0,1500,1250,0,1000,0,430.3254702433151,0,0,0,79.86047594931023,92.68237945156505,0,100,100,0,100,0,34.42603761946521,0,0,0,22,25,17,25,24,21,24,16,22,21,21,,22,25.000000000000004,24.198010014563167,23.24984620221393,23.044375757813015,22.30517668211894,22.90482682676447,21.36029196666888,22,21.44944990321273,22.08103402183208,,-6.7,0
2026-01-19 18:30,1601.5335092684309,1839.192635810956,0,1500,1250,0,1000,0,408.4076168049433,0,0,0,80.07667546342155,91.95963179,0,100,100,0,100,0,32.67260934439547,0,0,0,22,25,17,25,24,21,24,16,22,21,21,,22,25,24.19621876291269,23.38450936314389,23.16662621449185,22.436070650303545,22.97886772811794,21.405631541629976,22,21.494889622483505,22.196939913278207,,-7,0
2026-01-19 18:45,1606.134637061119,1833.5706150443075,0,1500,1250,0,1000,0,370.7792688876252,0,0,0,80.30673185305595,91.67853075221538,0,100,100,0,100,0,29.662341511010016,0,0,0,22,25,17,25,24,21,24,16,22,21,21,,22,25,24.19159568803891,23.47473927644165,23.24880288645495,22.51955703309656,23.025973345013515,21.43604295816901,22,21.522963601202303,22.274885788051435,,-7.2,0
2026-01-19 19:00,1606.4922838479251,1825.039144385832,0,1500,1250,0,1000,0,349.1763801031011,0,0,0,80.32461419239625,91.25195721929161,0,100,100,0,100,0,27.934110408248088,0,0,0,22,25,17,25,24,21,24,16,22,21,21,,22,25,24.19117177678453,23.59384610328508,23.36834640065435,22.64196937559716,23.07897903298785,21.48030817770421,22,21.564423422498315,22.38652613438904,,-7,0
2026-01-19 19:15,1606.8131534148033,1815.8593209520257,0,1500,1250,0,1000,0,314.1932125163621,0,0,0,80.34065767074017,90.79296604760128,0,100,100,0,100,0,25.135457001308968,0,0,0,22,25,17,25,24,21,24,16,22,21,21,,22,25,24.19288039122236,23.673770833232684,23.444468886852075,22.717317072598213,23.115778147021047,21.50883053299837,22,21.591430985732185,22.46129504762604,,-7.3,0
2026-01-19 19:30,1606.856439992915,1805.3172187922669,0,1500,0,0,1000,1250,0,0,0,0,80.34282199964575,90.26586093961333,0,100,0,0,100,100,0,0,0,0,22,25,17,25,21.03,21,24.000000000000004,24.9,21.010000000000005,21,21,,22,25,24.194930534785097,23.783751967132854,23.554023066860157,22.832263203180908,23.16062423238904,21.54707181535602,22,21.62950926726516,22.566630255515285,,-7.9,0
2026-01-19 19:45,1607.0372355435466,1797.5003577276802,0,1500,0,0,1000,1250,0,0,0,0,80.35186177717733,89.87501788638401,0,100,0,0,100,100,0,0,0,0,22,25,17,25,21,21,24,25,21,21,21,,22,25,24.197658582779727,23.87542115443915,22.738456230095277,22.922774942596902,23.34909089934911,23.009373624285978,21.86849043649387,21.82814385285263,22.65764835583805,,-8,0
2026-01-19 20:00,1609.1612667335758,1790.9052550235428,0,1500,0,0,1000,1250,0,0,0,0,80.45806333667878,89.54526275117715,0,100,0,0,100,100,0,0,0,0,22,25,17,25,21,21,24,25,21,21,21,,22,25,24.20031956276468,23.852077393645335,22.679581774945994,22.889335407841305,23.69825385100348,23.42960679914644,22.20954465569728,22.189796001976827,22.632316690275218,,-7.4,0
2026-01-19 20:15,1611.5182659575294,1785.0806729012766,0,1500,0,0,1000,1250,0,0,0,0,80.57591329787647,89.25403364506383,0,100,0,0,100,100,0,0,0,0,22,25,17,25,21,21,24,25,21,21,21,,22,25.000000000000004,24.202798172911542,23.85029133328122,22.68334141676465,22.887167076011988,23.84752448366189,23.565164331882578,22.355135982814208,22.33263528092745,22.62793723788541,,-7.5,0
2026-01-19 20:30,1614.0032210979443,1777.262831336095,0,0,0,0,918.8692507,1250,0,0,0,0,80.70016105489721,88.86314156680474,0,0,0,0,91.88692507,100,0,0,0,0,22,25,17,17.09,21,21,24,25,21,21,21,,22,25.000000000000004,24.20538769903916,23.850926361363687,22.67196814151356,22.883097680294995,23.948999031170583,23.688478031195057,22.447128299601275,22.432295088313303,22.62636224147394,,-7.8,0
2026-01-19 20:45,1616.6552208406647,1772.4507478247033,0,0,0,0,828.3198947105247,1250,0,0,0,0,80.83276104203324,88.62253739123517,0,0,0,0,82.83198947105248,100,0,0,0,0,22,25,17,17,21,21,24,25,21,21,21,,22,25,24.208632508175107,22.712898254379382,22.57648584212272,22.780842281450976,24,23.87114773196901,22.61425573206845,22.60472336344193,22.540280253405623,,-7.7,0
2026-01-19 21:00,1619.394707267129,1769.3177794036965,0,0,0,0,798.8766359660931,1250,0,0,0,0,80.96973536335645,88.46588897018482,0,0,0,0,79.88766359660931,100,0,0,0,0,22,25,17,17,21,21,24,25,21,21,21,,22,25,24.21079431912436,22.362613898757036,22.277658477705693,22.467943207680463,24,24.026855153613816,22.759186775160327,22.75228156960789,22.250793066839044,,-6.8,0
2026-01-19 21:15,1622.19239,1767.5565197568358,0,0,0,0,776.1172317766996,1250,0,0,0,0,81.10961952,88.37782598784179,0,0,0,0,77.61172317766994,100,0,0,0,0,22,25,17,17,21,21,24,25,21,21,21,,22,25,24.211855693200185,22.233238433836465,22.138273047690763,22.330480943731608,24,24.08875494548005,22.810455293197144,22.805151933924343,22.10891033051012,,-6.8,0
2026-01-19 21:30,198.5298150103925,0,0,0,0,0,0,1250,0,0,0,0,9.926490750519624,0,0,0,0,0,0,100,0,0,0,0,18.04,17.09,20.96,16.999999999999996,21.000000000000004,21.000000000000004,18.07,25,21.000000000000004,21.000000000000004,21.000000000000004,,22.000000000000004,25,24.212424287245103,22.141451818065537,22.055966135650344,22.24430363317254,24.000000000000004,24.12793040575984,22.840536207126853,22.837414057911328,22.02972909159245,,-6.7,0
2026-01-19 21:45,555.7344703242497,0,0,0,0,0,0,1250,0,0,0,0,27.786723516212486,0,0,0,0,0,0,100,0,0,0,0,18,17,21,17,21,21,18,25,21,21,21,,19.034328441687908,23.12102269925846,23.15521144389852,21.84761142490011,21.756856051302822,21.924761775381647,22.675994888880226,23.98833353044238,22.689777570667477,22.685771732210707,21.74357790582986,,-7.2,0
2026-01-19 22:00,710.9917528290073,0,0,0,0,0,0,1250,0,0,0,0,35.549587641450366,0,0,0,0,0,0,100,0,0,0,0,18,20.96,21,17,21,21,18,25,21,21,21,,18.022595355268464,22.03130235564891,22.087411006290083,21.532707080815104,21.44160316336904,21.598724477520733,22.335574621941888,23.71499238030517,22.40529137,22.401210927919436,21.432190689118517,,-6.9,0
2026-01-19 22:15,723.8129388489697,0,0,0,0,0,0,1250,0,0,0,0,36.19064694244848,0,0,0,0,0,0,100,0,0,0,0,18,21,21,17,21,21,18,25,21,21,21,,18,21.476284060251484,21.54164224469062,21.38467547452826,21.29768488970406,21.456225737835297,22.205163772829493,23.603332396947707,22.28754547380376,22.28518647945942,21.285427454477293,,-7.4,0
2026-01-19 22:30,758.0109078643536,0,0,0,1250,0,0,1250,1250,0,0,0,37.90054539321768,0,0,0,100,0,0,100,100,0,0,0,18,17.04,16.06,17,23.97,21,18,25,23.97,21,21,,18,21.12272421832589,21.195862864036847,21.27615012660633,21.193729447816256,21.349001675696137,22.11610694,23.528494817187514,22.203333723279016,22.20212580511935,21.174830724986144,,-7.9,0
2026-01-19 22:45,816.8315873718138,0,0,0,1250,0,0,1250,1250,0,0,0,40.84157936859069,0,0,0,100,0,0,100,100,0,0,0,18,17,16,17,24,21,18,25,24,21,21,,18,20.82769095446118,20.901172768366465,21.24420275458017,22.078246702281472,21.32725042463143,22.13490458,23.561829860818293,23.527309573275023,22.23458138993444,21.14320437227591,,-8.3,0
2026-01-19 23:00,850.3824814954987,0,0,0,1250,0,0,1250,1250,0,0,0,42.51912407477494,0,0,0,100,0,0,100,100,0,0,0,18,17,16,17,24,21,18,25,24,21,21,,18,20.59084618159179,20.668602945014666,21.40363380544052,22.266837304582783,21.504141298282384,22.388727284754136,23.83340374514534,23.855264266056476,22.50911528875342,21.299182563079647,,-8,0
2026-01-19 23:15,877.3048326037697,0,0,0,1250,0,0,1250,1179.516676933581,0,0,0,43.86524163018848,0,0,0,100,0,0,100,94.36133415468649,0,0,0,18,17,16,17,24,21,18,25,24,21,21,,17.999999999999996,20.45473190452709,20.53376723830641,21.49286883284117,22.346455386711494,21.595509960810688,22.51669104356348,23.971482434854288,23.97828404412132,22.64378501067121,21.386502435280715,,-8.4,0
2026-01-19 23:30,1975.0857457344407,0,0,0,1250.000000000002,0,0,0,1189.6704338268023,0,0,0,98.75428728672203,0,0,0,100,0,0,0,95.17363470614418,0,0,0,20.970000000000027,17.00000000000003,16.00000000000002,17.00000000000003,24.00000000000004,21.00000000000003,18.000000000000025,21.04000000000003,24.00000000000004,21.00000000000003,21.00000000000003,,18,20.36091198,20.442795668334007,21.528711910669937,22.39279294711117,21.637695310438595,22.57881877273464,24.04307656290117,24,22.713679991954635,21.42130831924078,,-8.7,0
2026-01-19 23:45,1841.275305322548,0,0,0,1250,0,0,0,1250,0,0,0,92.06376527,0,0,0,100,0,0,0,100,0,0,0,21,17,16,17,24,21,18,21,24,21,21,,20.034821334997257,20.169215688418536,20.24189032591165,21.67725078444548,22.54946341,21.805426615310854,22.535668,22.73680528046667,23.97119059699991,22.669591930790123,21.56745221592629,,-8.8,0
2026-01-20 0:00,1669.5599397947572,0,0,0,1250,0,0,0,1250,0,0,0,83.47799698973786,0,0,0,100,0,0,0,100,0,0,0,21,17,16,17,24,21,18,21,24,21,21,,20.897392745372013,20.00380034867348,20.076445822565397,21.80896775010036,22.68335934010544,21.944399567512743,22.332888733040622,22.464112208538545,23.835526207449814,22.460269690172392,21.69720879876092,,-8.7,0
2026-01-20 0:15,1678.8121940541969,0,0,0,1250,0,0,0,1250,0,0,0,83.94060970270985,0,0,0,100,0,0,0,100,0,0,0,21,17,16,17,24,21,18,21,24,21,21,,21,19.915210137674038,19.99404700824555,21.849750433946294,22.723298109041867,21.98306926100087,22.26275845,22.400253363736667,23.780567528112574,22.394691497682285,21.737208493698493,,-8.9,0
2026-01-20 0:30,0,0,0,1500,1250,0,0,0,1250,0,0,0,0,0,0,100,100,0,0,0,100,0,0,0,16.06,16.999999999999996,15.999999999999998,24.91,24,21.000000000000004,18.000000000000004,21.000000000000004,24,21.989999999999995,21.000000000000004,,21,19.866202009569527,19.940535205246665,21.862443134596337,22.737938997671822,21.999430984675225,22.240486402570895,22.357535851278094,23.761662152602288,22.374014686907344,21.74923624075068,,-9.3,0
2026-01-20 0:45,142.82129143392814,0,0,1500.0000000000025,1250.000000000002,0,0,0,1250.000000000002,0,0,0,7.141064571696408,0,0,100,100,0,0,0,100,0,0,0,16.00000000000002,17.00000000000003,16.00000000000002,25.00000000000004,24.00000000000004,21.00000000000003,18.000000000000025,21.00000000000003,24.00000000000004,22.00000000000004,21.00000000000003,,17.834526073707334,19.743267550097578,19.81380736,23.289813237649145,23.12117698976313,22.41609344807597,22.181104211911297,22.28881819715361,23.70684510058459,22.314363579618075,22.11150311800611,,-9.6,0
2026-01-20 1:00,324.2936977731879,0,0,1500,1239.9971899512602,0,0,0,1250,0,0,0,16.214684888659395,0,0,100,99.19977519610082,0,0,0,100,0,0,0,16,17,16,25,24,21,18,21,24,22,21,,16.34766767238704,19.63694912,19.70694515769136,23.929214722175043,23.73077516097584,23.05838288832839,22.175693017341374,22.27999360658716,23.707874245395598,22.312600819727407,22.70829305870039,,-9.7,0
2026-01-20 1:15,344.64167693742274,0,0,1500,1159.6046690846488,0,0,0,1250,0,0,0,17.232083846871138,0,0,100,92.76837353,0,0,0,100,0,0,0,16,17,16,25,24,21,18,21,24,22,21,,15.999999999999998,19.57106474111644,19.642661534842432,24.20036325692098,23.977998282037756,23.31186517583545,22.198373270921227,22.300790506799785,23.737093349504317,22.33943617255696,22.967711293079876,,-10.1,0
2026-01-20 1:30,400.2423386555674,1451.5322331510006,0,1500,1004.9227901645108,0,0,0,1250,0,0,0,20.01211693277837,72.57661165755003,0,100,80.39382321316087,0,0,0,100,0,0,0,16,20.96,16,25,24.000000000000004,21,20.97,21,24.000000000000004,22,21,,16,19.53123430562253,19.60304972557479,24.28694765564417,24,23.39107914669316,22.20863164183183,22.30893757987706,23.75216842716666,22.351944662388945,23.04826576576528,,-10.2,0
2026-01-20 1:45,433.2765060249321,831.8025274,0,1500,896.0470280940972,0,0,0,1250,0,0,0,21.663825301246604,41.59012636994885,0,100,71.68376224752778,0,0,0,100,0,0,0,16,21,16,25,24,21,21,21,24,22,21,,16,20.839197946871025,20.20858392508629,24.40079294551296,24.000000000000004,23.509004505781547,22.23449856262633,22.33392649041676,23.783806890484072,22.381699143814533,23.156868965990267,,-10.5,0
2026-01-20 2:00,462.16531136374033,756.1504358957318,0,1500,861.9587843879708,0,0,0,1250,0,0,0,23.108265568187015,37.80752179478659,0,100,68.95670275103767,0,0,0,100,0,0,0,16,21,16,25,24,21,21,21,24,22,21,,16,21,20.666183166483997,24.48793254414418,24,23.59314791969844,22.26670408,22.365435374811558,23.821231686942568,22.41719289983753,23.240247516635826,,-10.1,0
2026-01-20 2:15,485.2477682883782,703.6825313493646,0,1500,836.9621183,0,0,0,1250,0,0,0,24.26238841441891,35.184126567468226,0,100,66.95696946,0,0,0,100,0,0,0,16,21,16,25,24,21,21,21,24,22,21,,16,21,20.742492593432253,24.519996805116907,24,23.62013418410436,22.28017090020233,22.37768155016273,23.83847061527756,22.43248146121068,23.269921995622827,,-10.6,0
2026-01-20 2:30,507.04400840314486,615.3758872429025,2000,1500,0,0,0,0,0,0,0,0,25.352200420157242,30.768794362145126,100,100,0,0,0,0,0,0,0,0,16,21.99,24.9,25,17.08,21,21,21,16.09,22,19.020000000000003,,16,21,20.739118970741163,24.54020830231121,24,23.63896924592205,22.28999510963566,22.38658853453213,23.852140814155277,22.444525028792462,23.28825929607768,,-11.1,0
2026-01-20 2:45,528.1855738101513,0,2000,1500,0,0,0,0,0,91.75961781427397,0,0,26.409278690507563,0,100,100,0,0,0,0,0,7.340769425141918,0,0,16,22,25,25,17,21,21,21,16,22,19,,16,21.94263954371872,22.70144118445172,24.50079076607058,23.35067912975879,23.588016832741516,22.156368836986324,22.24609898025809,22.431438129649127,22.301700609118694,23.247837625905724,,-11.6,0
2026-01-20 3:00,563.6308063850302,0,0,1500,0,0,0,0,0,296.80403871417275,0,0,28.181540319251507,0,0,100,0,0,0,0,0,23.74432309713382,0,0,16,17.06,17.09,25,17,21,21,21,16,22,19,,16,22.387159106611044,23.41783926110961,24.329872790373955,23.157117843656952,23.401377296522504,21.78769464957651,21.8655067,21.980513260126465,22.010297386436825,23.076838612147988,,-11.7,0
2026-01-20 3:15,593.1543729337742,0,0,1500,0,0,0,0,0,405.8459007461606,0,0,29.65771864668871,0,0,100,0,0,0,0,0,32.46767205969285,0,0,16,17,17,25,17,21,21,21,16,22,19,,16,21.96429525787324,22.061457746385955,24.182513645148827,23.003306959498698,23.24286621727034,21.56457264419681,21.637034399612677,21.744924386944326,22,22.92894536,,-12.1,0
2026-01-20 3:30,620.4273652621705,596.6801718830757,2000,1500,0,0,0,0,0,478.1583985882135,0,0,31.021368263108524,29.834008594153783,100,100,0,0,0,0,0,38.25267188705708,0,0,16,21.94,24.91,25,17,21,21,21,16,22,19,,16,21.06652254161197,21.154371606096618,24.05531588916921,22.871717102935204,23.10875537399314,21.438783427634515,21.50891524,21.609926220724056,22,22.80143661219733,,-12.4,0
2026-01-20 3:45,645.8343929627456,0,2000,1500,0,0,0,0,0,528.5219182754845,0,0,32.29171964813728,0,100,100,0,0,0,0,0,42.28175346203876,0,0,16,22,25,25,17,21,21,21,16,22,19,,16,21.95865505723598,22.764665576967737,23.94711826389652,22.75975673820628,22.99435701963074,21.35651813961509,21.42520206,21.521045991210485,22,22.69314983,,-12.6,0
2026-01-20 4:00,665.4010240906027,0,2000,1500,0,0,0,0,0,559.9780474203053,0,0,33.270051204530134,0,100,100,0,0,0,0,0,44.79824379362442,0,0,16,22,25,25,17,21,21,21,16,22,19,,16,22.451790041493872,23.49671824525014,23.854739943327267,22.66495141126453,22.898677316585456,21.296376793704155,21.36426553913756,21.45635967595716,22,22.600152534560173,,-12,0
2026-01-20 4:15,683.4309536,0,2000,1500,0,0,0,0,0,580.7346186149662,0,0,34.17154767963075,0,100,100,0,0,0,0,0,46.458769489197294,0,0,16,22,25,25,17,21,21,21,16,22,19,,16,22.72156417081078,23.792791453829476,23.79346701670991,22.601773696406088,22.835757378107747,21.256386054359623,21.32398031576827,21.413230506602684,22,22.53787793680663,,-12.6,0
2026-01-20 4:30,2000,0,2000,0,0,0,0,0,0,636.2008476314536,0,0,100,0,100,0,0,0,0,0,0,50.896067810516286,0,0,22.92,22,25,21.04,17,21,21,21,16,22,19,,16,22.87336227089465,23.947421596463883,23.757186393562872,22.56363094412883,22.798279626950947,21.22932771818069,21.29684850388865,21.383830057062728,22,22.50047118805907,,-12.8,0
2026-01-20 4:45,2000,0,2000,0,0,0,0,0,0,742.1085649733874,0,0,100,0,100,0,0,0,0,0,0,59.368685197870995,0,0,23,22,24.999999999999996,21,16.999999999999996,21,21,21,15.999999999999998,22,19,,18.307448161414783,23.092424635376567,24.1833543,22.38965181349775,22.22902344566056,22.437106950697096,21.171865652877813,21.237956877526265,21.32222401534319,22,22.183785815556444,,-13.2,0
2026-01-20 5:00,2000,0,2000,0,0,0,11.12144531280622,0,0,805.4122069070604,0,0,100,0,100,0,0,0,1.112144531280622,0,0,64.43297655256484,0,0,23,22,25,21,17,21,21,21,16,22,19,,19.33822984738373,23.29440719852363,24.392254561515845,21.73152441571098,21.616064939270547,21.792672593793416,21.05973624869512,21.12311398692445,21.204440191698197,22,21.586514030757463,,-12,0
2026-01-20 5:15,2000,0,2000,0,0,0,34.22181416641524,0,0,834.7525531685951,0,0,100,0,100,0,0,0,3.422181416641524,0,0,66.78020425348761,0,0,23,22,25,21,17,21,21,21,16,22,19,,20.021110976561417,23.417446132003956,24.515632506144637,21.38227262254824,21.278802564653024,21.452430127042383,21.001224055657065,21.04731695322253,21.126879721890987,22,21.24735165202854,,-13,0
2026-01-20 5:30,2000,0,2000,0,0,0,47.88560406659781,14.567971983229654,0,853.1632807085298,0,0,100,0,100,0,0,0,4.788560406659781,1.1654377586583724,0,68.25306245668239,0,0,23,22,25,21,17,21,21,21,16,22,19,,20.45009877952242,23.49539875796257,24.59500160837983,21.19577840001184,21.095212371416743,21.27056117896186,21,21.009239637265363,21.08752830113708,22,21.062661771826125,,-13.8,0
2026-01-20 5:45,2000,0,2000,0,0,0,56.58162832,26.751326691319264,0,862.0422314892603,0,0,100,0,100,0,0,0,5.658162832,2.1401061353055413,0,68.96337851914082,0,0,23,22,25,21,17,21,21,21,16,22,19,,20.74483273402833,23.54850984459824,24.64873443546932,21.08384164422822,20.982119101680823,21.1584395,21,21,21.06276879757108,22,20.949541467790336,,-14.6,0
2026-01-20 6:00,2000,0,2000,88.44816024800821,0,0,68.08066921,44.12336154160948,0,876.4564489809782,0,0,100,0,100,5.8965440165338805,0,0,6.8080669211576605,3.529868923328759,0,70.11651591847826,0,0,23,22,25,21,17,21,21,21,16,22,19,,20.95959624913553,23.587943901381497,24.68937714355265,21.020763666352597,20.91944810243972,21.098347333296807,21,21,21.04799137,22,20.88576397126408,,-14.1,0
2026-01-20 6:15,2000,0,2000,172.04199130659617,0,42.20564970824125,75.27557077765414,54.88633372,0,884.4837154985144,0,0,100,0,100,11.469466087106412,0,8.441129941648251,7.5275570777654135,4.390906697870232,0,70.75869723988114,0,0,23,22,25,21,17,21,21,21,16,22,19,,21.101152614846267,23.62549630366503,24.72865112872744,21,20.83780664109409,21.01660949267184,21,21,21.02895057082585,22.000000000000004,20.805147055494043,,-14.9,0
2026-01-20 6:30,2000,0,0,277.3373446022073,364.7230090509621,113.60539402565772,90.13902572,77.39741635900646,0,904.6912276294644,0,0,100,0,0,18.48915630681382,29.177840724076972,22.721078805131544,9.013902572,6.191793308720516,0,72.37529821035716,0,0,23.000000000000004,22,21.04,21,20.96,21,21,21,20.940000000000005,22,19,,21.194078848157183,23.66157211525457,24.76625517547361,21,20.774006747741208,21,21,21,21.015774446762123,22,20.74046962314807,,-15.7,0
2026-01-20 6:45,2000,375.8732364390271,0,280.77559255759115,415.9931698265791,111.95897673343644,97.86723935,88.72277124315679,21.631867251753647,913.9466530802628,0,0,100,18.793661821951353,0,18.718372837172744,33.27945358612633,22.39179534668729,9.786723934654221,7.097821699452543,1.7305493801402918,73.11573224642102,0,0,23,22,21,21,21,21,21,21,21,22,19,,21.250721244395848,22.914079306815637,23.054957151351346,21,20.96,21,21,21,20.99157636119194,22,20.66374801702016,,-16.3,0
2026-01-20 7:00,2000,780.2344039558375,0,286.8940155240998,418.3239378646522,110.70077150620271,102.0165195040654,94.23317937,27.483913958494668,917.2930752270058,0,0,100,39.011720197791874,0,19.126267701606654,33.46591502917217,22.140154301240543,10.20165195040654,7.5386543497780805,2.1987131166795733,73.38344601816046,0,0,23,22,21,21,21,21,21,21,21,22,19,,21.293244819122247,22.068512132011783,21.991196726758275,21,21,21,21,21,21,22,20.65755501596758,,-16.3,0
2026-01-20 7:15,2000,818.7528798,0,303.5134198013511,432.80797695604633,116.84132221283107,107.74117319630568,102.12309688463756,35.850740466528805,923.1408689,0,0,100,40.93764399,0,20.234227986756743,34.624638156483705,23.368264442566215,10.774117319630568,8.169847750771005,2.8680592373223046,73.85126951061568,0,0,23,22,21,21,21,21,21,21,21,22,19,,21.31442527899344,22,21.743516985454757,21,21,21,21,21,21,22,20.65275122099044,,-17.1,0
2026-01-20 7:30,2000,863.5329612683163,0,317.3344381214484,441.4352887,123.9597202710338,110.09283460948063,105.45829405360928,43.88833595237884,928.9725773,0,0,100,43.17664806341581,0,21.15562920809656,35.31482309367872,24.79194405420676,11.009283460948064,8.436663524288742,3.511066876190307,74.31780618247167,0,0,23,22,21,21,21,21,21,21,21,22,19,,21.312974010331224,22,21.720160656414293,21,21,21,21,21,21,22,20.64036739273208,,-17.9,0
2026-01-20 7:45,2000,899.8921934833525,0,328.5878984644605,446.6434330329485,131.00333841653082,110.84404496250043,106.53990258873635,51.67644719758027,934.7616729461242,0,0,100,44.99460967416762,0,21.9058599,35.73147464263588,26.200667683306165,11.084404496250043,8.523192207098909,4.134115775806422,74.78093383568994,0,0,23,22,21,21,21,21,21,21,21,22,19,,21.287467873843568,22,21.69428884663853,21,21,21,21,21,21,22,20.627148665492257,,-18.5,0
2026-01-20 8:00,2000,925.4855514,0,338.69784435425754,448.0598642,137.14546681673164,110.28837109791677,105.72791003259044,58.445296406236594,939.6607822,0,0,100,46.27427757,0,22.579856290283836,35.844789135786556,27.42909336334633,11.028837109791677,8.458232802607235,4.675623712498927,75.17286257726272,0,0,23,22,21,21,21,21,21,21,21,22,19,,21.246987336339327,22,21.673290751687645,21,21,21,21,21,21,22,20.614460555129696,,-18.4,45
2026-01-20 8:15,2000,944.9554904548786,0,347.28696901835247,447.7368883952768,142.15305642769454,109.59984495706703,104.59037936623643,64.81147877840704,944.3181446554572,0,0,100,47.24777452274393,0,23.152464601223496,35.818951071622145,28.43061128553891,10.959984495706703,8.367230349298914,5.184918302272563,75.54545157243658,0,0,23,22,21,21,21,21,21,21,21,22,19,,21.20341487940459,22,21.65700476179632,21,21,21,21,21,21,22,20.60419879214262,,-18.7,57
2026-01-20 8:30,1958.815911,952.9402505701872,0,347.60962972456946,412.3840414876522,146.4397029433021,99.61426073133588,90.90130219,69.87724567018086,1250,0,0,97.94079554,47.64701252850936,0,23.173975314971297,32.990723319012176,29.287940588660422,9.961426073133588,7.272104175115528,5.590179653614468,100,0,0,21.02,22,21,21,21,21,21,21,21,22.99,19,,21.157378283375238,22,21.643057794764964,21,21,21,21,21,21,22,20.59568533042845,,-18.9,107
2026-01-20 8:45,2000,950.6347389351796,0,344.9580987660047,359.76761879386686,148.87099274186403,51.71507565165666,17.960614507574064,15.84720813160311,1250,0,0,100,47.53173694675898,0,22.997206584400313,28.781409503509348,29.774198548372805,5.171507565165666,1.436849160605925,1.2677766505282488,100,0,0,21,22,21,21,21,21,21,21,21,23,19,,21.004662794867045,22,21.63374759147052,21,21,21,21,21,21,22.31249212177192,20.592182774659257,,-18.7,149
2026-01-20 9:00,2000,939.6535039269291,0,338.9916136,301.8336653255501,150.41831679198367,32.30753630326035,0,8.175708480819594,1250,0,0,100,46.982675196346456,0,22.599440908173467,24.146693226044007,30.083663358396734,3.230753630326035,0,0.6540566784655675,100,0,0,21,22,21,21,21,21,21,21,21,23,19,,20.970246551676944,22,21.62774114272712,21,21,21,21,21,21,22.390789497072408,20.59241936550381,,-18.5,210
2026-01-20 9:15,2000,924.0729362,0,323.97987165481754,238.20128823666528,148.49461313963548,9.331961834641334,0,0,1250,0,0,100,46.20364681,0,21.59865811032117,19.05610305893322,29.698922627927097,0.9331961834641334,0,0,100,0,0,21,22,21,21,21,21,21,21,21,23,19,,20.983003482464092,22,21.62383560084418,21,21,21,21,21.01011786873584,21,22.395120475418704,20.59683343238345,,-18,225
2026-01-20 9:30,2000,909.4817293,0,318.50076090942457,211.5430560822788,148.6639074975974,1.325999067090379,0,0,1250,0,0,100,45.47408647,0,21.233384060628303,16.923444486582305,29.73278149951948,0.1325999067090379,0,0,100,0,0,21,22,21,21,21,21,21,21,21,23,19,,20.979438108371653,22,21.62178814844731,21,21,21,21,21.04460765,21.004787560433535,22.41234961087152,20.60686564461733,,-17.9,259
2026-01-20 9:45,2000,898.1271565174502,0,312.1944842898265,197.1002161184806,145.8622770338843,0,0,0,1250,0,0,100,44.90635782587251,0,20.812965619321766,15.768017289478449,29.172455406776862,0,0,0,100,0,0,21,22,21,21,21,21,21,21,21,23,19,,20.95772191393429,22,21.61920613620262,21,21,21,21,21.06210946210076,21.005360267354902,22.418313451997147,20.61521431634852,,-17.8,273
2026-01-20 10:00,2000,891.2068377888863,0,310.2636248498384,196.91133523908863,144.10015777119406,0,0,0,1250,0,0,100,44.56034188944432,0,20.684241656655892,15.75290681912709,28.820031554238813,0,0,0,100,0,0,21,22,21,21,21,21,21,21,21,23,19,,20.93322652372525,22,21.61678286801549,21,21,21,21.016968418622987,21.08339001975085,21.017218329014597,22.43323209854028,20.62606670551532,,-17.9,174
2026-01-20 10:15,2000,884.6252378574245,0,305.67056175031394,195.6745030362472,140.80571673829036,0,0,0,1250,0,0,100,44.231261892871224,0,20.37803745002093,15.653960242899775,28.161143347658072,0,0,0,100,0,0,21,22,21,21,21,21,21,21,21,23,19,,20.922826190757117,22,21.61418243120887,21,21,21,21.02475952564869,21.091489753060696,21.02283602608439,22.44159570201584,20.635592952980637,,-17.9,179
2026-01-20 10:30,2000,74.44732549456094,51.02927199661354,228.3247762596409,99.31166857048665,88.42132550817698,0,1250,0,1250,391.59977790291305,0,100,3.7223662747280475,2.5514635998306767,15.221651750642728,7.944933485638932,17.684265101635397,0,100,0,100,26.10665186,0,21,21.010000000000005,21,21,21,21,21,24.960000000000004,21,23.000000000000004,20.980000000000004,,20.92245059558151,22,21.612203153049546,21,21,21,21.039057706877774,21.10579867751252,21.03634840746494,22.457792685018426,20.646939027731555,,-17.6,328
2026-01-20 10:45,2000,297.81447381843645,210.15640988392624,156.70608817415996,0,41.23080850974475,0,1250,0,1186.2446654835694,313.78667197377945,0,100,14.890723690921822,10.507820494196313,10.447072544943998,0,8.246161702,0,100,0,94.89957323868555,20.91911146491863,0,21,21,21,21,21,21,21,25,21,23,21,,20.920928135976137,21.21761998824096,21.25251759672399,21,21,21,21.221950532159443,22.54114910200597,21.22145104546301,22.647975383358943,20.980000000000004,,-17.5,331
2026-01-20 11:00,2000,277.05260409866605,227.35270485215187,130.71414763324356,0,25.08086065221687,0,1250,0,1023.0280614481017,274.1963247347703,0,100,13.852630204933302,11.367635242607594,8.714276508882904,0,5.016172130443374,0,100,0,81.84224491584813,18.27975498231802,0,21,21,21,21,21,21,21,25,21,23,21,,20.91698639699826,21,21,21,21.001722044033897,21,21.615993871986795,23.02956558855584,21.617436015825923,22.98884909,21.000000000000004,,-16.9,226
2026-01-20 11:15,2000,275.2599256814556,233.60864714165652,104.9921099892781,0,7.860046804302328,0,1250,0,903.2949349368208,229.3345678,0,100,13.762996284072782,11.680432357082825,6.999473999285207,0,1.5720093608604657,0,100,0,72.26359479494566,15.288971186059399,0,21,21,21,21,21,21,21,25,21,23,21,,20.928709670401517,21,21,21,21.033895659539457,21,21.80863541,23.22454664875062,21.804893282277945,23,21.000000000000004,,-16.9,229
2026-01-20 11:30,2000,264.4385659359086,239.5609345664634,86.79091338500075,0,0,0,1250,0,821.1858907569804,180.65201981092468,0,100,13.221928296795431,11.97804672832317,5.786060892333383,0,0,0,100,0,65.69487126055843,12.04346798739498,0,21,21,21,21,21,21,21,25,21,23,21,,20.95577472,21,21,21,21.059819383288165,21,21.936102574535383,23.370736339266188,21.931267852084407,23,21,,-16.7,414
2026-01-20 11:45,1987.7451686515924,253.0757506868431,243.44918433379465,75.90121044,0,0,0,1250,0,763.3700253801744,143.6884939362426,0,99.38725843257961,12.653787534342154,12.172459216689733,5.060080696267687,0,0,0,100,0,61.06960203041395,9.579232929,0,21,21,21,21,21,21,21,25,21,23,21,,20.986741678224696,21,21,21,21.071412560788477,21.00627507280251,22.022422829220865,23.46840314778724,22.020025665881526,23,21,,-16.4,445
2026-01-20 12:00,1971.9197649994005,240.8691149649512,247.2068964729333,68.56550638998306,0,0,0,1250,0,720.6423661618046,109.58084325933667,0,98.59598824997003,12.04345574824756,12.360344823646665,4.571033759332204,0,0,0,100,0,57.651389292944366,7.305389550622444,0,21,21,21,21,21,21,21,25,21,23,21,,21,21,21,21,21.07015705227354,21.016846391645345,22.080258396154647,23.535754348234004,22.083564787297888,23,21,,-15.8,446
2026-01-20 12:15,1955.1128822243863,229.84905815229467,251.08336400567896,67.99211470260343,0,0,0,1250,0,688.9658502018119,81.93614643783076,0,97.75564411121931,11.492452907614734,12.554168200283948,4.5328076468402285,0,0,0,100,0,55.11726801614496,5.462409762522051,0,21,21,21,21,21,21,21,25,21,23,21,,21,21,21,21,21.060911562855694,21.02347931674791,22.11943456913653,23.58288228991277,22.131013416170127,23,21,,-15.8,445
2026-01-20 12:30,1938.9831174954693,224.52029316572583,255.26873619674248,78.65689225,0,0,0,1250,0,0,0,0,96.94915587477347,11.22601465828629,12.763436809837124,5.2437928167149135,0,0,0,100,0,0,0,0,21,21,21,21,21,21,21,25,17.04,21.02,18.03,,21,21,21,21,21.042832583525986,21.02643975264644,22.14405544731226,23.614449027059223,22.166622166794625,23,21,,-15.6,448
2026-01-20 12:45,1923.0180157153368,217.87770121112956,259.4498705663773,107.7318296,38.97887481242651,2.639850742,0,1250,0,0,0,0,96.15090078576684,10.893885060556478,12.972493528318864,7.182121970241134,3.118309984994121,0.5279701484891121,0,100,0,0,0,0,21,21,21,21,21,21,21,25,17,21,18,,21,21,21,21,21.01449275,21.021912760009165,22.12898292046528,23.60433369236343,22.163158561105824,22.282210430614004,20.95352934469618,,-15.3,441
2026-01-20 13:00,1898.0304974377116,0,0,129.03091191823842,84.00556128181415,10.17058213531709,0,1250,0,0,0,0,94.90152487188557,0,0,8.602060794549228,6.7204449025451325,2.034116427063418,0,100,0,0,0,0,21,17.04,17.04,21,21,21,21,25,17,21,18,,21,21,21,21,21,21.00599142708341,21.993454718781827,23.470185881769524,22.03634619128685,22.119448377134862,20.946662588264413,,-14.5,422
2026-01-20 13:15,1871.128397,0,0,140.5844083871234,110.31260443475183,17.27670396886242,0,1250,0,0,0,0,93.55641984,0,0,9.372293892474893,8.825008354780147,3.4553407937724843,0,100,0,0,0,0,21,17,17,21,21,21,21,25,17,21,18,,21,20.775941038354432,20.759627834053127,21,21,21,21.892446891806177,23.37208814715692,21.945114529813463,22.02724342077078,20.94444616874494,,-14.5,415
2026-01-20 13:30,1841.5942520596557,499.8581555591227,565.707528,145.83118652900885,125.57758734130402,20.467712677364037,0,1250,0,0,0,0,92.07971260298278,24.992907777956134,28.285376397907747,9.722079101933923,10.046206987304322,4.093542535472808,0,100,0,0,0,0,21,20.96,20.96,21,21,21,21,25,17,21,18,,21,20.53220388946771,20.495893717346707,21,21,21,21.81416183435636,23.29595748814777,21.872980430725807,21.946979370076622,20.948590043173468,,-14.5,398
2026-01-20 13:45,1810.6439224150745,238.83500306160025,308.5673719554288,146.20015148481616,133.91984777893413,20.394595196426963,0,1250,0,0,0,0,90.53219612075372,11.941750153080013,15.428368597771442,9.746676766,10.71358782231473,4.078919039285393,0,100,0,0,0,0,21,21,21,21,21,21,21,25,17,21,18,,21,20.96,20.96,21,21.000000000000004,21,21.751509611155416,23.23563117843481,21.817631446580503,21.88694636779698,20.960297852231765,,-14.3,377
2026-01-20 14:00,1793.7749956429234,194.5655110025382,275.2429295677175,141.92964600957566,136.43440831374755,16.666794269805905,0,1250,0,0,0,0,89.68874978214617,9.72827555,13.762146478385876,9.461976400638378,10.914752665099805,3.333358853961181,0,100,0,0,0,0,21,21,21,21,21,21,21,25,17,21,18,,21,21,21,21,21,21,21.702377237070355,23.189045257403603,21.777847136927168,21.843555909135027,20.98307646663981,,-13.7,338
2026-01-20 14:15,1777.2393901152027,189.0541313368485,269.52518988539487,133.83335519749744,130.5802281588076,10.341948738583596,0,1250,0,0,0,0,88.86196950576013,9.452706566842426,13.476259494269744,8.922223679833163,10.44641825270461,2.0683897477167195,0,100,0,0,0,0,21,21,21,21,21,21,21,25,17,21,18,,21,21,21,21,21,21,21.663978265221036,23.15339488414569,21.750890477438112,21.81389804577316,21.012100076710617,,-13.8,327
2026-01-20 14:30,1761.9284327689484,38.505144991193085,2000,119.4880906912222,117.7711067854136,1.5537714744546975,0,0,0,0,0,0,88.09642163844741,1.925257249559654,100,7.965872712748147,9.421688542833088,0.3107542948909395,0,0,0,0,0,0,21,21,24.960000000000004,21,21,21,21,17.09,17,21,18,,21,21,21,21,21,21,21.63528567488513,23.127677945294003,21.73557180985997,21.79650909519865,21.04723308792657,,-13.8,297
2026-01-20 14:45,1748.6119992906497,0,2000,136.27521451264084,137.29605578434712,11.915651732734355,10.954493334664829,0,0,0,0,0,87.43059996453248,0,100,9.085014300842724,10.98368446274777,2.3831303465468707,1.0954493334664828,0,0,0,0,0,21,21,25,21,21,21,21,17,17,21,18,,21,21.633164606148892,22.51203437203976,21,21,21.001763630402948,21.46040602044996,21.690306910322008,21.563794574193828,21.61974532,21.07718571313343,,-13.8,266
2026-01-20 15:00,1745.4654504306918,0,2000,143.7280780684523,148.28798190048292,17.603258885044852,121.73011905065414,0,0,30.34966524614174,0,0,87.27327252153458,0,100,9.581871871230154,11.863038552038633,3.5206517770089705,12.173011905065414,0,0,2.427973219691339,0,0,21,21,25,21,21,21,21,17,17,21,18,,21,22.54842212718926,23.427883686563742,21,21,21,21.06640427662835,21.19572457,21.154409392404595,21.20445893693012,21.08099944699586,,-13.4,210
2026-01-20 15:15,1742.4692342375492,0,2000,146.06347933720826,155.0493978985833,19.863003344049503,189.06994293697608,0,0,126.02116486161322,0,0,87.12346171187747,0,100,9.737565289147218,12.403951831886664,3.9726006688099007,18.906994293697608,0,0,10.081693188929057,0,0,21,21,25,21,21,21,21,17,17,21,18,,21,22.99381055,23.88229823603188,21,21,21,21,20.9467686,20.922455848666598,21.00364089205341,21.08275783134173,,-13.8,195
2026-01-20 15:30,1740.700123984625,0,2000,141.54337919697718,155.7377846889067,16.960552203821862,215.6782802716025,0,0,148.51215174000754,0,0,87.03500619923126,0,100,9.43622528,12.459022775112535,3.3921104407643723,21.56782802716025,0,0,11.880972139200603,0,0,21,21,25,21,21,21,21,17,17,21,18,,21,23.21753301720369,24.11835620302356,21,21,21.000000000000004,21,20.82250869534553,20.81765758,21,21.090238905766636,,-13.9,158
2026-01-20 15:45,1739.9637907214656,0,2000,139.45932983832245,159.38479372648362,15.56938930198885,245.56181176004063,0,0,185.2444472396055,0,0,86.99818953607327,0,100,9.297288655888163,12.75078349811869,3.11387786,24.556181176004063,0,0,14.819555779168441,0,0,21,21,25,21,21,21,21,17,17,21,18,,21,23.359319766518293,24.26238094924633,21,21,21,21,20.772299748988736,20.78664377417552,21,21.09775436544804,,-14.3,119
2026-01-20 16:00,1736.5272391030176,0,2000,133.65439586896537,161.5960410008665,11.118546693560347,263.64667717030534,0,0,190.10267790079524,0,0,86.82636195515087,0,100,8.910293057931025,12.92768328006932,2.2237093387120694,26.364667717030535,0,0,15.20821423206362,0,0,21,21,25,21,21,21,21,17,17,21,18,,21.000000000000004,23.483786847836967,24.404639146638555,21,21,21,21,20.722199484977157,20.751699383103823,21,21.10113163,,-13.9,35
2026-01-20 16:15,1757.582450550829,0,2000,132.89677301776464,166.64069570136417,8.119742095044785,285.9300538637517,0,0,261.4177918952919,0,0,87.87912252754144,0,100,8.859784867850976,13.331255656109134,1.623948419008957,28.59300538637517,0,0,20.91342335162335,0,0,21,21,25,21,21,21,21,17,17,21,18,,21,23.618987733510902,24.532379936383943,21,21,21,21,20.687341354830988,20.742789992002727,21,21.134467156216548,,-14.4,27
2026-01-20 16:30,1780.189305812407,0,2000,89.59325404333867,0,18.086170478325585,0,0,1250,217.81005867905787,1500,0,89.00946529062034,0,100,5.972883602889245,0,3.617234095665117,0,0,100,17.42480469432463,100,0,21,21,25,21,18.03,21,17.04,17,22.93,21,23.93,,21,23.712383660537903,24.686627422109773,21,21,21,21,20.64925168228318,20.669766515516685,21,21.011294166496214,,-15,11
2026-01-20 16:45,1791.6867100674729,0,2000,0,0,0,0,0,1250,13.582816669392438,1500,0,89.58433550337364,0,100,0,0,0,0,0,100,1.086625333551395,100,0,21,21,25,21,18,21,17,17,23,21,24,,21,23.84347952015585,24.84495425984851,21.00828243053309,20.914277036505045,21.056589716450244,20.606130285698555,20.69175625420756,21.99262614,21,21.97121087257608,,-15.5,0
2026-01-20 17:00,1803.8051425599435,0,1944.165796881596,0,0,0,0,0,1250,0,1500,0,90.19025712799717,0,97.20828984,0,0,0,0,0,100,0,100,0,21,21,25,21,18,21,17,17,23,21,24,,21,23.948408836692906,24.965014403100056,21.142365078183555,21.11231672542843,21.253340478821467,20.80667931632576,20.92189845752727,22.263749669042355,21.01270844864475,22.213247230798245,,-15,0
2026-01-20 17:15,1814.7774809465643,0,1907.999841427696,0,0,0,0,0,1250,0,1500,0,90.73887404732821,0,95.39999207,0,0,0,0,0,100,0,100,0,21,21,25,21,18,21,17,17,23,21,24,,21,24.000208665585586,25,21.26594756093473,21.23454081,21.38345869035047,20.90330501630264,21.02266528285368,22.370133319805262,21.08723632442217,22.33590589750912,,-15.3,0
2026-01-20 17:30,1825.5311910839737,0,1898.2358605547088,0,0,0,0,0,1250,0,1500,0,91.27655955419868,0,94.91179302773543,0,0,0,0,0,100,0,100,0,21,21,25,21,18,21,17,17,23,21,24,,21,24.00293550807344,25,21.35277506814684,21.31677014729405,21.47434174825104,20.95608402379652,21.078940230787133,22.43482548208529,21.14430072068084,22.41342549189407,,-15.7,0
2026-01-20 17:45,1836.433169,0,1889.266156083504,0,0,0,0,0,1250,0,1500,0,91.82165843,0,94.4633078,0,0,0,0,0,100,0,100,0,21,21,25,21,18,21,17,17,23,21,24,,21,24.00011222552473,25,21.42793908141126,21.38828016633893,21.55330731040418,21.001326455567003,21.127232456233852,22.490765358816997,21.191244623888736,22.481700287177866,,-16.1,0
2026-01-20 18:00,1846.4709433968928,0,1882.6653814858544,0,0,0,0,0,1250,0,1500,0,92.32354716984464,0,94.13326907429273,0,0,0,0,0,100,0,100,0,21,21,25,21,18,21,17,17,23,21,24,,21,23.99761245675167,25.000000000000004,21.49350645836052,21.45027945,21.62246202137401,21.03904074,21.16724972760018,22.53740647620681,21.231056961262915,22.540762627622783,,-15.7,0
2026-01-20 18:15,1856.5893117619908,0,1877.234151446246,0,0,0,0,0,1250,0,1500,0,92.82946558809954,0,93.86170757,0,0,0,0,0,100,0,100,0,21,21,25,21,18,21,17,17,23,21,24,,21,23.99529609521576,25,21.55103268,21.504743589621736,21.68293652809422,21.070786732507763,21.20064807224158,22.576481034466184,21.26439706,22.5926823,,-16.3,0
2026-01-20 18:30,1866.9977420915952,956.0951651,0,1500,0,0,0,565.2010265098266,1250,0,1500,0,93.34988710457975,47.80475825411995,0,100,0,0,0,45.21608212078613,100,0,100,0,21,23.97,18.08,24.960000000000004,18,21,17,21.940000000000005,23.000000000000004,21,24.000000000000004,,21,23.993121562211435,25,21.601769506901675,21.55258003851785,21.736283268929498,21.09710128,21.22812562833641,22.609192900096737,21.29207970719549,22.638403644247663,,-16.9,0
2026-01-20 18:45,1877.653683341152,1483.1891119480606,0,1500,0,0,0,402.4688050729837,1250,0,1500,0,93.88268416705759,74.15945559740302,0,100,0,0,0,32.19750440583869,100,0,100,0,21,24,18,25,18,21,17,22,23,21,24,,21,23.974359720263447,23.60157254657658,22.855693187327887,21.765601665206653,21.970126694767103,21.22484683452352,21.94,22.74827651007115,21.42914455356004,22.839137681814144,,-17.3,0
2026-01-20 19:00,1882.391287510656,1458.4433288111686,0,1500,0,0,0,355.1802011575055,1221.678003433437,0,1500,0,94.11956437553279,72.92216644055843,0,100,0,0,0,28.41441609260044,97.73424027467496,0,100,0,21,24,18,25,18,21,17,22,23,21,24,,21,24,23.38344177,23.30216904584393,22.16760649235897,22.39288986628984,21.419394500266016,22,22.953951332405225,21.63255844613684,23.231204769861307,,-16.5,0
2026-01-20 19:15,1887.367491347175,1481.607300613723,0,1500,0,0,0,302.8819768877584,1179.4656367607895,0,1500,0,94.36837456735876,74.08036503068615,0,100,0,0,0,24.230558151020674,94.35725094086315,0,100,0,21,24,18,25,18,21,17,22,23,21,24,,21,24,23.388646530677484,23.45778856798809,22.32621087,22.55126611766538,21.489432711515736,22,23,21.701544099209347,23.39503294121589,,-16.9,0
2026-01-20 19:30,1892.546492719752,0,0,0,0,0,0,255.42170760991849,1130.2218117753127,0,1500,0,94.62732464,0,0,0,0,0,0,20.433736608793478,90.41774494202502,0,100,0,21,18.07,18,19.07,18,21,17,22,23,21,24,,21,24,23.390033946021425,23.588754070833463,22.44414836392958,22.680012094875345,21.52862342623511,22,23,21.742531794822515,23.508444078143103,,-17.1,0
2026-01-20 19:45,1897.954380202813,0,0,0,0,0,0,233.97831449746565,1106.4496474109037,0,1500,0,94.89771901014065,0,0,0,0,0,0,18.71826515979725,88.51597179287229,0,100,0,21,18,18,19,18,21,17,22,23,21,24,,21,22.71383562591333,22.82783658478518,22.668602840033763,22.55329982323914,22.794366661879057,21.57465317837548,22,23,21.790346551638024,23.61686484672679,,-17.5,0
2026-01-20 20:00,1919.224802389388,0,0,0,0,0,0,234.3146272926806,1103.9943319468111,0,1500,0,95.96124011946941,0,0,0,0,0,0,18.745170183414448,88.31954655574489,0,100,0,21,18,18,19,18,21,17,22,23,21,24,,21,21.840978142741115,21.930601255213634,22.55548316379901,22.482067599948337,22.717489806286945,21.599624648917413,22,23,21.815191451137856,23.55066149268885,,-16.6,0
2026-01-20 20:15,1941.209371309731,0,0,0,0,0,0,238.7089871729968,1105.524417482602,0,1500,0,97.06046856548654,0,0,0,0,0,0,19.096718973839746,88.44195339860816,0,100,0,21,18,18,19,18,21,17,22,23,21,24,,21,21.303726761560014,21.378753477280927,22.508980994897783,22.436286701995865,22.673873876189557,21.60168656172302,22,23,21.816727670258512,23.50507306674417,,-17,0
2026-01-20 20:30,1963.557638802704,0,0,0,1250,0,1000,268.51110754282274,0,0,0,0,98.17788194013521,0,0,0,100,0,100,21.48088860342582,0,0,0,0,21,18,18,19,24.920000000000005,21,24.91,22,21.02,21,21.03,,21,20.923335139379848,20.99421321290545,22.472133675461805,22.400359975890908,22.640436140249918,21.59775984306108,22,23,21.81272030496177,23.468596277223128,,-17.5,0
2026-01-20 20:45,1986.137475069465,0,0,0,1250,0,1000,311.2459456,0,0,0,0,99.30687375347325,0,0,0,100,0,100,24.89967564446648,0,0,0,0,21,18,18,19,25,21,25,22,21,21,21,,21,20.53706665259196,20.62491220160732,22.404526687877613,23.223686517978315,22.570418677739497,23.084345983798563,22,21.856429251004528,21.784111962839752,22.37342613465933,,-17.9,0
2026-01-20 21:00,2000,0,0,0,1250,0,1000,332.2787291,0,0,0,0,100,0,0,0,100,0,100,26.58229832605488,0,0,0,0,21,18,18,19,25,21,25,22,21,21,21,,21,20.24929231964344,20.33557966853651,22.307001855677363,23.151632086905693,22.47226117,23.123553936954487,22,21.74953259914674,21.739097762183945,22.21694715688632,,-17.4,0
2026-01-20 21:15,2000,0,0,0,1250,0,1000,349.66920556013247,0,0,0,0,100,0,0,0,100,0,100,27.97353644,0,0,0,0,21,18,18,19,25,21,25,22,21,21,21,,20.99470195569377,20.09448918349497,20.179717201859148,22.247934778293057,23.09230298589653,22.41500570828957,23.10477136093074,22,21.72975264742055,21.71630598237737,22.160127967556456,,-17.7,0
2026-01-20 21:30,860.0958733025393,0,0,0,1250,0,1000,379.5285282704768,0,0,0,0,43.00479366512696,0,0,0,100,0,100,30.362282261638146,0,0,0,0,18.030000000000005,18.000000000000004,18.000000000000004,19,25,21.000000000000004,25,22,21.000000000000004,21.000000000000004,21.000000000000004,,20.96004271725635,19.96411084129818,20.049895728253134,22.191842960335254,23.040135969307155,22.35981947467616,23.110155846936244,22,21.7005622,21.697475969193817,22.094633229047584,,-18.2,0
2026-01-20 21:45,1280.4790097535597,0,0,0,1250,0,1000,398.6941488,0,0,0,0,64.02395048767798,0,0,0,100,0,100,31.89553191,0,0,0,0,18,18,18,19,25,21,25,22,21,21,21,,18.41961563693712,19.793329101190054,19.87231910946333,22.066961537207664,22.91406485073724,22.226142555483364,23.09502895105012,22,21.664918620093754,21.66693138,21.965306418478963,,-18.4,0
2026-01-20 22:00,1298.870382018073,1403.3711075150743,0,0,1250,0,1000,409.39503277836855,0,0,0,0,64.94351910090366,70.16855537575371,0,0,100,0,100,32.75160262226948,0,0,0,0,18,20.97,18,19,25,21,25,22,21,21,21,,18,19.66852503226842,19.749306947757795,21.955306984079584,22.80533516000837,22.11582647022152,23.08553284,22,21.63912227845583,21.64541017975616,21.84992838805228,,-17.3,0
2026-01-20 22:15,1341.3125702273082,812.2923915784704,0,0,1250,0,1000,419.3889243038011,0,0,0,0,67.06562851136542,40.614619578923524,0,0,100,0,100,33.55111394430409,0,0,0,0,18,21,18,19,25,21,25,22,21,21,21,,18,20.867785323098506,20.284920737959062,21.89151687,22.743115585953063,22.05206954447085,23.083426777771223,22,21.62412745857137,21.63360438166496,21.78342446356557,,-17.5,0
2026-01-20 22:30,1376.6199051364863,0,539.1023908611824,0,1250,0,1000,426.6545619342851,0,0,0,0,68.83099525682432,0,26.95511954305912,0,100,0,100,34.132364954742805,0,0,0,0,18,18.03,20.97,19,25,21,25,22,21,21,21,,18,21,20.68218745600769,21.83118986957518,22.68475444720489,21.992766104923497,23.08078443681441,22,21.610217067686744,21.62235415295184,21.720874630466163,,-17.5,0
2026-01-20 22:45,1403.5995749004796,0,788.4395698131375,0,1250,0,1000,433.22433495996665,0,0,0,0,70.17997874502399,0,39.421978490656876,0,100,0,100,34.65794679679733,0,0,0,0,18,18,21,19,25,21,25,22,21,21,21,,18,20.498790090663437,20.97,21.79523149,22.65043657912394,21.95832849266833,23.07974845,22,21.59999989514141,21.61424639420397,21.68301872997997,,-17.5,0
2026-01-20 23:00,1425.7833097722978,0,798.6016532945614,0,1250,0,1000,438.25207403255627,0,0,0,0,71.28916548861488,0,39.93008266472807,0,100,0,100,35.060165922604504,0,0,0,0,18,18,21,19,25,21,25,22,21,21,21,,18,20.484180249644155,21,21.76696432415561,22.623517154546224,21.931573879306136,23.07878758531401,22,21.59082181721106,21.60687356454342,21.653052355627107,,-16.4,0
2026-01-20 23:15,1443.1222533415075,0,712.2115590555986,0,1250,0,1000,444.4556693016093,0,0,0,0,72.15611266707538,0,35.610577952779934,0,100,0,100,35.55645354412874,0,0,0,0,18,18,21,19,25,21,25,22,21,21,21,,18,20.56553713643383,21,21.747003878634292,22.60469839176287,21.9134743,23.07867090310402,22,21.58355629374021,21.60113840537645,21.631315534197984,,-16.4,0
2026-01-20 23:30,1456.713427563959,2000,142.68660430857273,0,1250,0,1000,0,0,0,0,0,72.83567137819794,100,7.134330215428637,0,100,0,100,0,0,0,0,0,18,22.94,21,19,23.02,21,25,17.06,21,21,21,,18,20.56859983327932,21,21.72653529272312,22.58481627639841,21.89388051,23.077101251178195,22,21.57562262,21.594458451214685,21.609154735606666,,-17.2,0
2026-01-20 23:45,1467.3583841191223,1971.2206917052995,0,0,1250,0,1000,0,0,0,0,0,73.36791920595611,98.56103458526498,0,0,100,0,100,0,0,0,0,0,18,23,21,19,23,21,25,17,21,21,21,,18,22.23117333012241,21.375873090046515,21.67523236140436,22.53275327623496,21.839424879227103,23.010907555834255,21.482724102470225,21.49967208616269,21.51839106079812,21.55663985023692,,-18.1,0
2026-01-21 0:00,1470.1040535907432,1737.852907,0,0,1250,0,1000,0,0,0,0,0,73.50520267953716,86.89264534012999,0,0,100,0,100,0,0,0,0,0,18,23,21,19,23,21,25,17,21,21,21,,18,22.893423749613667,22.034629258714013,21.608254256098835,22.465937236610102,21.770645339097097,22.84934326202174,21.28718975812847,21.325652743957875,21.34394234271621,21.488653429840035,,-16.5,0
2026-01-21 0:15,1470.735931876503,1620.1727807081445,0,0,1250,0,1000,0,0,0,0,0,73.53679659382514,81.00863903540723,0,0,100,0,100,0,0,0,0,0,18,23,21,19,23,21,25,17,21,21,21,,18,23,22.294153021689016,21.567457170314203,22.426324629232163,21.730775118334503,22.75883629,21.19309910322142,21.228936006076715,21.24816118068445,21.44723982909546,,-17.4,0
2026-01-21 0:30,1469.6710335067298,1546.796401813654,0,0,1250,0,99.33602321270446,0,93.78270438536272,82.67133376798229,0,0,73.48355168,77.33982009,0,0,100,0,9.933602321270445,0,7.502616350829018,6.613706701438583,0,0,18,23.000000000000004,21,19,23.000000000000004,21,21.04,17,21,21,21,,18,23,22.31608459677368,21.553516351722237,22.41301434,21.71751715145592,22.73281350059065,21.15584904005297,21.19917465081073,21.21911585637694,21.43281737458945,,-17.3,0
2026-01-21 0:45,1467.196721774826,1520.5549576576122,0,0,1250,0,263.0527602022012,0,293.2419691396717,274.4427245646475,0,0,73.35983609,76.02774788288062,0,0,100,0,26.305276020220123,0,23.459357531173737,21.95541797,0,0,18,23,21,19,23,21,21,17,21,21,21,,18,23.000000000000004,22.34083384490337,21.502603503131112,22.36061794,21.66122896851552,21.15547660510395,20.92627690058918,21.05656457545964,21.064300934559107,21.382000293319983,,-17.5,0
2026-01-21 1:00,1469.300653924094,1500.828327072355,0,0,1250,0,234.6293660670326,0,321.4896373182055,302.5291876428673,0,0,73.4650327,75.04141635361775,0,0,100,0,23.46293660670326,0,25.71917098545644,24.202335011429387,0,0,18,23,21,19,23,21,21,17,21,21,21,,17.999999999999996,23,22.352192138186563,21.44743991173469,22.305990618908424,21.60474706727791,21,20.65778952029762,21,21,21.326991126068936,,-16.1,0
2026-01-21 1:15,1470.7955064879206,1484.844243,0,0,1250,0,267.66761243803194,0,342.67180749265754,323.1928615711004,0,0,73.53977532439603,74.24221217,0,0,100,0,26.766761243803195,0,27.413744599412603,25.855428925688035,0,0,18,23,21,19,23,21,21,17,21,21,21,,18,23,22.359165725565283,21.423494297133875,22.28252201839833,21.58235526341786,21,20.60419007621312,21,21,21.302145497025744,,-16.3,0
2026-01-21 1:30,2000,1466.7111344432146,0,0,1250,0,258.0588889402243,0,1250,295.7703549290951,0,0,100,73.33555672216073,0,0,100,0,25.805888894022427,0,100,23.66162839432761,0,0,23.93,23,21,19,23,21,21,17,24.96,21,21,,18,23,22.36654454895454,21.40327707284888,22.261448899948476,21.56121829,21,20.585459746137516,21,21,21.28085162496812,,-16.5,0
2026-01-21 1:45,2000,1454.8523690790655,0,0,1250,0,146.5240450275002,0,1250,113.586291,0,0,100,72.74261845395327,0,0,100,0,14.65240450275002,0,100,9.086903277,0,0,24,23,21,19,23,21,21,17,25,21,21,,18.92733224640995,23,22.373410981511256,21.36206298180448,22.21896184226476,21.51737998740646,21,20.59849481413672,21.94362919359449,21,21.23882253676943,,-16.8,0
2026-01-21 2:00,2000,1447.1382904465754,0,0,1250,0,114.96322559647432,0,1250,57.764171697232086,0,0,100,72.35691452232876,0,0,100,0,11.496322559647432,0,100,4.621133735778567,0,0,24,23,21,19,23,21,21,17,25,21,21,,19.67707555995967,23,22.378490479356586,21.31054961892675,22.16706983417395,21.464610079824936,21,20.79293359992293,22.16838804441376,21,21.18658102552214,,-15.6,0
2026-01-21 2:15,2000,1441.4025120253064,0,0,1250,0,109.4947057533318,0,1250,43.77938170410562,0,0,100,72.07012560126532,0,0,100,0,10.94947057533318,0,100,3.5023505363284495,0,0,24,23,21,19,23,21,21,17,25,21,21,,19.93766876352969,23,22.382033417320034,21.27830769626668,22.13454831,21.43207401549132,21,20.8507739,22.246262929450022,21,21.153615736182257,,-16.3,0
2026-01-21 2:30,2000,1436.3621179960537,0,0,1250,0,110.19074735976938,0,1250,40.27520372754225,0,0,100,71.81810589980269,0,0,100,0,11.019074735976938,0,100,3.2220162982033798,0,0,24,23,21,19,23,21,21,17,25,21,21,,20.053980901547284,23,22.38471869705385,21.25888868,22.11510654,21.413188472558414,21,20.86495894274636,22.271297299328836,21,21.13348053315951,,-16.9,0
2026-01-21 2:45,2000,1431.7834574927438,0,0,1250,0,111.5465595362166,0,1250,38.48324605254311,0,0,100,71.58917287463719,0,0,100,0,11.154655953621662,0,100,3.0786596842034486,0,0,24,23,21,19,23,21,21,17,25,21,21,,20.17388707355244,23,22.38697851370246,21.244333006028587,22.100372781910472,21.39890204461845,21,20.869210874592387,22.28381543497601,21,21.11823237225828,,-17,0
2026-01-21 3:00,2000,0,0,0,1250,0,112.58155554169844,0,1250,36.57839924832206,0,0,100,0,0,0,100,0,11.258155554169843,0,100,2.9262719398657646,0,0,24,17.07,17.04,19,23,21,21,17,25,21,21,,20.29776685178951,23,22.389005906689228,21.23175424680512,22.087616964188932,21.386609233572763,21,20.87119290545417,22.29282064845886,21,21.10502195884322,,-16,0
2026-01-21 3:15,2000,0,0,0,1250,0,115.89521907432209,0,1250,38.67028585237009,0,0,100,0,0,0,100,0,11.589521907432209,0,100,3.0936228681896076,0,0,24,17,17,19,23,21,21,17,25,21,21,,20.38158906295524,21.77397276459216,21.874708649268165,21.20195025179016,22.056713531353036,21.35488786757277,21,20.87282482390237,22.300524514386275,21,21.074645504309057,,-16.5,0
2026-01-21 3:30,1371.9094465680685,426.9266118266489,279.2202525293935,0,0,8.373890632094117,48.12141594,1250,1250,17.13230011590349,195.34346399273784,0,68.59547232840343,21.346330591332446,13.961012626469676,0,0,1.6747781264188233,4.812141594,100,100,1.3705840092722792,13.022897599515856,0,19.11,20.96,20.96,18.01,16.08,21,21,23.92,25,21,21,,20.45460787620993,20.95579608471844,21.039205507134398,21.164267237652965,22.01867108094199,21.316462741240457,21,20.870466243942545,22.30342264899398,21,21.036563436599582,,-16.9,0
2026-01-21 3:45,1587.785796330053,455.5998678135584,297.9568713249573,0,0,109.66821690557664,0,1250,1250,0,527.6528098973431,0,79.38928981650265,22.77999339067792,14.897843566247866,0,0,21.933643381115328,0,100,100,0,35.17685399315621,0,19,21,21,18,16,21,21,24,25,21,21,,19.10473619023037,20.96,20.96,21.004785991128703,20.967370958987477,21.147384713470927,21.043775888103795,22.270872645122463,22.460906026737533,21.134969934093007,21.004330033377048,,-17.1,0
2026-01-21 4:00,1529.891912321289,447.8251111643258,273.8823734166035,0,0,154.88214631280425,0,1250,1250,0,592.0026955387839,0,76.49459561606446,22.39125555821629,13.694118670830175,0,0,30.97642926256085,0,100,100,0,39.46684636925226,0,19,21,21,18,16,21,21,24,25,21,21,,19,21.000000000000004,21,20.75770760100364,20.687585898803768,21,21.26230977280086,22.64591125387572,22.77722888288616,21.43194480486449,21,,-16.2,0
2026-01-21 4:15,1600.008840101049,470.36237898559193,295.33276900272176,0,0,175.39720317384854,0,1250,1250,0,627.1359664181364,0,80.00044200505245,23.518118949279597,14.766638450136089,0,0,35.07944063476971,0,100,100,0,41.80906442787576,0,19,21,21,18,16,21,21,24,25,21,21,,19,21,21,20.695220074525466,20.638136769997757,21,21.358752008553964,22.742252624784843,22.88586370557057,21.534827958834374,21,,-16.4,0
2026-01-21 4:30,1623.3458950178174,481.7537764499612,304.7365065792037,0,0,187.95949973464667,0,1250,1250,0,647.6279097921652,0,81.16729475089087,24.087688822498063,15.236825328960185,0,0,37.59189994692933,0,100,100,0,43.17519398614434,0,19,21,21,18,16,21,21,24,25,21,21,,19,21,21,20.675648562084287,20.608973217058548,21.000000000000004,21.41879169529456,22.828128448793805,22.951879473014824,21.59863376061611,21,,-16.9,0
2026-01-21 4:45,1636.9687353880308,492.7937550231545,314.60754864857154,0,0,196.9304303,0,1250,1250,0,663.2636258847197,0,81.84843676940154,24.639687751157727,15.730377432428577,0,0,39.38608606,0,100,100,0,44.21757505898131,0,19,21,21,18,16,21,21,24,25,21,21,,19,21,21,20.65947667145188,20.590331526424084,21,21.459461443583887,22.886072367045188,22.999689623264832,21.64325047184174,21,,-17,0
2026-01-21 5:00,1645.1697815166208,502.2187815250618,322.56517351267394,0,0,204.71529013338292,0,1250,1250,0,677.0232444,0,82.25848907583104,25.11093907625309,16.128258675633695,0,0,40.94305802667658,0,100,100,0,45.13488295854646,0,19,21,21,18,16,21,21,24,25,21,21,,19,21,21,20.64694289,20.577345076684125,21,21.511680043401828,22.949288088099703,23.05867649556121,21.69965226310307,21,,-15.9,0
2026-01-21 5:15,1651.5660101665744,510.4326346914058,329.76255920441326,0,0,207.83668293405933,0,1250,1250,0,683.9985919133069,0,82.57830050832871,25.52163173457029,16.488127960220663,0,0,41.56733658681186,0,100,100,0,45.599906127553794,0,19,21,21,18,16,21,21,24,25,21,21,,19,21,21,20.63659250772984,20.565981897241677,21,21.548847013061003,22.995577114896445,23.10105066,21.73929817378563,21,,-16.2,0
2026-01-21 5:30,1656.6850172426698,517.7769827469077,337.0593003290589,1500,0,95.35753710490243,859.8819102114787,1250,0,0,497.0325304850194,0,82.83425086213349,25.88884913734539,16.852965016452945,100,0,19.07150742098049,85.98819102114787,100,0,0,33.13550203233463,0,19,21,21,23.930000000000003,16,21,22.98,24.000000000000004,18.08,21,21,,19,21,21,20.630968062236104,20.559485190982667,21,21.592859862931256,23.048195866359688,23.15065233423814,21.78669058660823,21.000000000000004,,-16.5,0
2026-01-21 5:45,1660.8031546133025,524.1381332536585,341.35021879601845,1500,0,0,834.2135224289304,1250,0,0,218.88221626737868,0,83.04015773066511,26.206906662682922,17.067510939800922,100,0,0,83.42135224289305,100,0,0,14.59214775115858,0,19,21,21,24,16,21,23,24,18,21,21,,19.000000000000004,21,21,21.79238546366189,20.68650321931272,21.02248409758417,22.923093257706284,23.09254313351112,21.93674573141836,21.826000613458568,21,,-16.9,0
2026-01-21 6:00,1660.5727428955634,529.1028761414236,345.5808665946606,1500,0,0,869.9155642192891,1250,0,0,166.83329923702695,0,83.02863714477817,26.45514380707118,17.27904332973303,100,0,0,86.99155642,100,0,0,11.12221994913513,0,19,21,21,24,16,21,23,24,18,21,21,,19,21.000000000000004,21,22.074812874659244,20.889721336062024,21.133619285227866,23,23.092824177160832,21.823420850123167,21.82106287021022,21,,-15.6,0
2026-01-21 6:15,1659.794439889536,533.2219865587394,348.2699897,1500,0,0,848.3821052629246,1250,0,0,117.87304238117576,0,82.98972199,26.661099327936974,17.413499482764202,100,0,0,84.83821052629246,100,0,0,7.858202825411718,0,19,21,21,24,16,21,23,24,18,21,21,,19,21,21,22.087326301119283,20.93717323486415,21.17703504456762,23,23.10074834253286,21.875103368319863,21.825174701423048,21,,-15.9,0
2026-01-21 6:30,1658.6689576328044,536.7520112948696,350.36282765325814,1500,0,0,828.0832371483375,1250,0,0,88.96387784664694,0,82.93344788164022,26.83760056474348,17.518141382662908,100,0,0,82.80832371483375,100,0,0,5.930925189776462,0,19,21,21,24,16,21,23,24,18,21,21,,19.000000000000004,21,21,22.12678868045202,20.96827030812875,21.214379845075506,23,23.10656505377391,21.862991921735706,21.827139520773528,21,,-16.3,0
2026-01-21 6:45,1657.2944024082972,539.7704829,352.0769528556484,1500,0,0,820.9817626857384,1250,0,0,58.40034717974049,0,82.86472012041486,26.98852414508965,17.60384764278242,100,0,0,82.09817626857385,100,0,0,3.893356478649366,0,19,21,21,24,16,21,23,24,18,21,21,,19,21,21,22.157842570128565,20.990714088209703,21.237804483152825,23,23.12768817801993,21.86895413725368,21.84542097455328,21,,-16.6,0
2026-01-21 7:00,1653.1560106910893,542.0636321090824,353.20686688136266,1500,0,0,807.3820714141748,1250,0,0,34.293740651595726,0,82.65780053455447,27.103181605454118,17.66034334406813,100,0,0,80.73820714141749,100,0,0,2.2862493767730485,0,19,21,21,24,16,21,23,24,18,21,21,,19,21,21,22.183203348322905,21.01286351443039,21.261832466443582,23,23.13464869615787,21.86790644384712,21.84914837176576,21,,-14.8,0
2026-01-21 7:15,1648.7821101516802,544.0206840109931,354.04805333766853,1500,0,0,800.7270360366601,1250,0,0,13.787571073477013,0,82.43910550758402,27.201034200549657,17.702402666883426,100,0,0,80.07270360366601,100,0,0,0.9191714048984675,0,19,21,21,24,16,21,23,24,18,21,21,,19,21,21,22.20358845564323,21.03060200766136,21.280896675823424,23,23.15022163341479,21.87688642969872,21.86246379254305,21,,-15.5,0
2026-01-21 7:30,1644.055363316388,545.280231,354.3807849485238,1500,0,0,859.0614547926134,0,0,0,0,0,82.20276816581939,27.26401155196845,17.71903924742619,100,0,0,85.90614547926134,0,0,0,0,0,19,21,21,24,20.94,21,23,19.06,18,21,21,,19.000000000000004,21,21,22.22077965740325,21.045423208550066,21.296935227478222,23,23.158472552751437,21.87894980099659,21.868210526927275,21,,-15.9,0
2026-01-21 7:45,1639.055707794897,545.6677731472373,354.1619481308444,1500,0,0,1000,0,0,0,0,0,81.95278538974485,27.283388657361865,17.70809740654222,100,0,0,100,0,0,0,0,0,19,21,21,24,21,21,23,19,18,21,21,,19,21,21,22.24980802543581,21.07411053,21.32628592532548,23,21.83081152381473,21.78596465869113,21.77659679427808,21.01648477318576,,-16.2,0
2026-01-21 8:00,1637.5389987170456,545.9103762738741,354.1314883,1500,0,0,1000,0,0,0,0,0,81.87694994,27.295518813693707,17.70657442,100,0,0,100,0,0,0,0,0,19,21,21,24,21,21,23,19,18,21,21,,19,21,21,22.26825150976306,21.092085383079848,21.342235825285613,22.96092407560652,21.47782991025621,21.499251907390327,21.490704524904046,21.03227416671176,,-15.1,43
2026-01-21 8:15,1636.0837336154673,545.5686181997335,354.1073588784602,1500,0,0,1000,0,0,0,0,0,81.80418668077336,27.278430909986675,17.70536794392301,100,0,0,100,0,0,0,0,0,19,21,21,24,21,21,23,19,18,21,21,,19,21,21,22.271998524608776,21.09535210404365,21.34301357543087,22.875796493605133,21.375263255097543,21.38060206099508,21.375360526064632,21.034170350804903,,-15.3,53
2026-01-21 8:30,1633.1586272110126,537.0079708113662,348.87861171048644,1500,0,0,1000,0,0,0,0,0,81.65793136055063,26.850398540568314,17.44393058552432,100,0,0,100,0,0,0,0,0,19,21,21,24,21,21,23,19,18,21,21,,19,21,21,22.276853624921152,21.10053643781292,21.34645444191835,22.806180765593588,21.28650949317787,21.307868503111727,21.303909324366256,21.03716962547202,,-15.2,107
2026-01-21 8:45,1629.1585790335666,520.8333055557414,342.18828777947056,1500,0,0,1000,0,0,0,0,0,81.45792895167833,26.041665277787068,17.109414388973526,100,0,0,100,0,0,0,0,0,19,21,21,24,21,21,23,19,18,21,21,,19,21,21,22.284113704828258,21.12061445313785,21.344454322979143,22.779148029080496,21.237322494214173,21.24997552871185,21.24755819,21.040200300290344,,-14.9,145
2026-01-21 9:00,1616.8294161015338,496.0718956243436,333.52018488265094,1500,0,0,1000,0,0,0,0,0,80.84147081,24.80359478121718,16.676009244132548,100,0,0,100,0,0,0,0,0,19,21,21,24,21,21,23,19,18,21,21,,19,21,21,22.296596169054705,21.15122485874708,21.346379334514207,22.751022770963583,21.19165598865725,21.18409795,21.18296608113432,21.049085699441864,,-14.7,201
2026-01-21 9:15,1603.1363873557402,464.7096341,323.20607505186126,1500,0,0,1000,0,0,0,0,0,80.15681936778701,23.235481703599003,16.160303752593062,100,0,0,100,0,0,0,0,0,19,21,21,24,21,21,23,19,18,21,21,,19,21,21,22.318685396666258,21.217471971412024,21.357453487911705,22.72457676272999,21.149687881556734,21.11965061,21.11952684171904,21.069814188565672,,-14,215
2026-01-21 9:30,1589.708281218279,436.7960717505834,314.8026042427475,0,0,0,0,0,125.9926997711329,143.03547856085862,34.54703696010256,0,79.48541406091394,21.83980358752917,15.740130212137375,0,0,0,0,0,10.079415981690632,11.44283828486869,2.3031357973401705,0,19,21,21,21.03,21,21,17.07,19,20.97,21,21,,19,21,21,22.36196857,21.31013932019373,21.38953874537568,22.696416045530118,21.10795031013771,21.05290886,21.053799155096407,21.113640437343367,,-13,251
2026-01-21 9:45,1576.0433752645245,410.5226223149608,306.9245071255136,69.50625575391314,0,7.336099068192803,0,0,366.3866631,362.7237160295032,276.9170247845492,0,78.80216876322622,20.52613111574804,15.346225356275681,4.633750383594209,0,1.4672198136385608,0,0,29.310933051262882,29.017897282360256,18.461134985636615,0,19,21,21,21,21,21,17,19,21,21,21,,19,21,21,21.278082436863144,21.287773476826004,21.31407710087729,21.04272227,20.94214635606889,20.98741664224552,21.005976458422783,21.08347947605081,,-12,281
2026-01-21 10:00,1560.4581900807484,392.0936964196371,299.8217214648927,187.44802963071805,20.40659909184857,65.88403440019586,0,0,394.09713931063135,390.0044093654639,382.9210800678653,0,78.02290950403743,19.604684820981856,14.991086073244634,12.496535308714536,1.6325279273478857,13.176806880039171,0,0,31.527771144850504,31.200352749237116,25.528072004524354,0,19,21,21,21,21,21,17,19,21,21,21,,19,21,21,21.006721594974504,21.05296725034858,21.03246329718756,20.745831618330037,20.73351379205544,21,21,21,,-12,257
2026-01-21 10:15,1544.5618513932177,370.26264089133474,293.5565100189002,194.18778752484403,0.3877651024061682,72.26918253780846,0,0,398.2555691476457,393.4861184770198,370.7319086806529,0,77.22809256966089,18.51313204456674,14.677825500945012,12.945852501656269,0.031021208192493453,14.453836507561693,0,0,31.86044553181166,31.47888947816158,24.715460578710196,0,19,21,21,21,21,21,17,19,21,21,21,,19,21,21,21,21,21,20.71470696,20.710960644220066,21,21,21,,-11.1,265
2026-01-21 10:30,1528.4051507685374,347.16313946549536,287.60338847814273,187.7213970546145,0,70.8802522,0,0,395.98857155706713,390.5358191255909,346.8730514199754,0,76.42025753842687,17.358156973274767,14.380169423907137,12.514759803640967,0,14.17605044021014,0,0,31.67908572456537,31.24286553004727,23.124870094665024,0,19,21,21,21,21,21,17,19,21,21,21,,19,21,21,21,20.99969303165306,21,20.707023189975104,20.714597921677665,21,21,21,,-10.4,329
2026-01-21 10:45,1512.6100241000372,324.63242858595913,282.52807699122786,175.07270190704972,0,64.75471972730641,0,0,391.5630031456713,385.4389960706769,317.47649068649235,0,75.63050120500185,16.231621429297956,14.126403849561393,11.67151346046998,0,12.950943945461281,0,0,31.325040251653707,30.835119685654156,21.16509937909949,0,19,21,21,21,21,21,17,19,21,21,21,,19,21,21,21,21.01894866770858,21,20.71043656916417,20.725797955332748,21,21,21,,-9.9,371
2026-01-21 11:00,1496.653578808047,302.37186757595674,278.1583148565963,161.40283509876463,0,56.845447926938505,0,0,387.2324971891831,380.4445778990788,285.64183562250884,0,74.83267894040236,15.118593378797838,13.907915742829815,10.760189006584309,0,11.369089585387702,0,0,30.97859977513465,30.435566231926302,19.04278904150059,0,19,21,21,21,21,21,17,19,21,21,21,,19,21,21,21,21.052135024612195,21,20.71458566768342,20.73585113401146,21,21,21,,-10.3,353
2026-01-21 11:15,1480.427194847016,280.86531045891263,274.6023661777047,153.0178065628109,0,51.50458609503888,0,0,384.1416720383944,376.6894931617813,247.8409710494016,0,74.02135974235078,14.043265522945632,13.730118308885237,10.201187104187394,0,10.300917219007777,0,0,30.73133376307155,30.135159452942503,16.522731403293438,0,19,21,21,21,21,21,17,19,21,21,21,,19,21,21,21,21.074929765125454,21,20.715591155394605,20.741649882197176,21,21,21,,-9.9,358
2026-01-21 11:30,2000,263.7136862957159,272.40377521580194,152.61674535173552,0,49.56001502042909,0,0,424.08076255531614,0,219.14609591327823,0,100,13.185684314785794,13.620188760790096,10.17444969,0,9.912003004085818,0,0,33.92646100442529,0,14.609739727551881,0,20.98,21,21,21,21,21,17,19,21,17.04,21,,19,21,21,21,21.085512043523057,21,20.71154178163704,20.741655054721093,21,21,21,,-9.6,377
2026-01-21 11:45,2000,247.6729975365088,271.4432662939822,159.60975877581222,0,53.13304944344539,0,0,525.2366265,0,200.8365938262577,0,100,12.38364987682544,13.572163314699111,10.640650585054148,0,10.626609888689078,0,0,42.01893011996192,0,13.389106255083847,0,21,21,21,21,21,21,17,19,21,17,21,,20.041281672591875,21,21,21,21.078267427827345,21,20.66258389471584,20.69511450484976,21,20.577958837531824,21,,-9.4,407
2026-01-21 12:00,1969.7564164558623,233.9142172990196,271.68395723671347,169.1039205364068,0,57.535276027318105,0,0,567.4089893845703,0,185.4642802774033,0,98.48782082279311,11.69571086495098,13.584197861835673,11.27359470242712,0,11.50705520546362,0,0,45.39271915076562,0,12.364285351826886,0,21,21,21,21,21,21,17,19,21,17,21,,20.61463846913868,21,21,21,21.056328686533444,21,20.54237313915065,20.575666893139328,21,20.454410459619687,21,,-9.8,358
2026-01-21 12:15,1892.7118282222652,222.12374877134607,272.5878143555419,182.30326747547588,9.363864389473749,63.94615824686662,0,0,592.1130343518398,0,174.5208234509373,0,94.63559141111325,11.106187438567304,13.629390717777095,12.153551165031725,0.7491091511578999,12.789231649373324,0,0,47.36904274814719,0,11.634721563395821,0,21,21,21,21,21,21,17,19,21,17,21,,20.946122694060588,21,21,21.000000000000004,21.027361058857437,21,20.47228589432356,20.50796908178277,21,20.402909336399293,21,,-9.2,358
2026-01-21 12:30,1841.3268550787436,222.3309220224255,274.29168848737027,196.7242168341945,62.07442612734667,70.55256165567334,0,0,612.7587941884904,0,176.62973919780416,0,92.06634275393718,11.116546101121276,13.714584424368514,13.11494779,4.965954090187734,14.110512331134668,0,0,49.02070353507923,0,11.775315946520276,0,21,21,21,21,21,21,17,19,21,17,21,,21,21,21,21,21,21,20.42350963217365,20.46146615919604,21,20.373680531049462,21,,-9.1,423
2026-01-21 12:45,1799.9560672702964,224.06536109329863,275.65188584069256,201.5729642235856,96.63043520189969,71.19275552,0,0,631.1673837495546,0,175.7012492631984,0,89.99780336351482,11.203268054664932,13.782594292034627,13.438197614905706,7.730434816151975,14.238551104427462,0,0,50.493390699964365,0,11.71341661754656,0,21,21,21,21,21,21,17,19,21,17,21,,21,21,21,21,21,21,20.376765175843158,20.41708350943112,21,20.34839711333055,21,,-9.1,402
2026-01-21 13:00,1762.862850957281,0,344.5872877852089,204.5638266598689,120.66948391838014,71.37304504,0,0,646.0102502112295,0,179.3845861609916,0,88.14314254786404,0,17.229364389260446,13.63758844399126,9.653558713,14.27460900784754,0,0,51.68082001689836,0,11.958972410732773,0,21,17.04,21,21,21,21,17,19,21,17,21,,21,21,21,21,21,21,20.33765564671236,20.379626372359063,21,20.326398749825152,21,,-9.5,199
2026-01-21 13:15,1730.0459968248406,0,481.7184362085136,206.02824947622867,135.80547787195246,71.45639294852117,0,0,655.7367955492828,0,185.8303608886636,0,86.50229984124202,0,24.08592181042568,13.735216631748578,10.864438229756196,14.291278589704234,0,0,52.45894364394262,0,12.388690725910907,0,21,17,21,21,21,21,17,19,21,17,21,,21,20.81481821562985,21,21,21,21,20.30908240792285,20.352983577528825,21,20.308516381394615,21,,-9.2,196
2026-01-21 13:30,1699.5520305489351,206.2585438,344.81505142620296,84.12370244,58.81709639574838,28.475702785050817,931.5056474042838,0,532.2847864699273,0,1500,0,84.97760152744675,10.31292719,17.24075257131015,5.608246829153893,4.7053677116598704,5.695140557010164,93.15056474042838,0,42.58278291759419,0,100,0,21,20.96,21,21,21,21,21.940000000000005,19,21,17,22.98,,21,20.779358031219648,21,21,21,21,20.28713044030273,20.333087175666115,21,20.296305949129444,21,,-8.9,346
2026-01-21 13:45,1670.5007842388914,217.1469347370876,293.4637493737282,0,0,0,859.6448166051468,0,310.05190819839663,0,1500,0,83.52503921194456,10.85734673685438,14.673187468686411,0,0,0,85.96448166051469,0,24.804152655871732,0,100,0,21,21,21,21,21,21,22,19,21,17,23,,21,20.96,21,21.029571818187883,21.052339561360817,21.082633610808045,21.82585465702822,20.440550942384235,21,20.41469648195244,22.013106642142645,,-8.8,344
2026-01-21 14:00,1645.7242372302971,213.07377622838248,274.13794880895875,0,0,0,820.8871384,0,243.57818895739183,0,1500,0,82.28621186151487,10.653688811419125,13.706897440447937,0,0,0,82.08871383539089,0,19.486255116591348,0,100,0,21,21,21,21,21,21,22,19,21,17,23,,21,21,21,21.185524891525432,21.21475741498877,21.28397523307437,22,20.667380549598725,21,20.652857542225647,22.295732726941218,,-8.9,320
2026-01-21 14:15,1621.0161114186394,199.1650792604341,273.3534041343264,0,0,0,797.5404937519761,0,204.66742528187388,0,1500,0,81.05080557093197,9.958253963021706,13.66767020671632,0,0,0,79.75404937519762,0,16.37339402254991,0,100,0,21,21,21,21,21,21,22,19,21,17,23,,21,21,21.000000000000004,21.29426210522696,21.322647952356284,21.39627961873825,22,20.73473754,21,20.730935844598044,22.42428047392534,,-8.7,310
2026-01-21 14:30,1594.4139374223778,195.9167292469356,269.9667195581533,0,0,0,779.5230419143409,0,174.8114043108908,0,1500,0,79.72069687111888,9.795836462,13.498335977907663,0,0,0,77.95230419143408,0,13.984912344871264,0,100,0,21,21,21,21,21,21,22,19,21,17,23,,21,21,21,21.371755031179628,21.396270796548475,21.477419909535747,22,20.762443688436733,21,20.77577145300593,22.546877492455057,,-8.6,287
2026-01-21 14:45,1571.1596791683423,195.13644205797755,265.8766938825647,0,0,0,768.0360540045767,0,152.22098750378427,0,1500,0,78.55798395841711,9.756822102898877,13.293834694128236,0,0,0,76.80360540045767,0,12.177679000302742,0,100,0,21,21,21,21,21,21,22,19,21,17,23,,21,21,21,21.429511678699352,21.45211288,21.53708447,22,20.781773374228777,21,20.811234109407906,22.643312494386866,,-8.5,254
2026-01-21 15:00,1557.4456469171037,197.07444994974503,261.93817419139305,0,0,0,754.906425,0,127.01827486661205,0,1500,0,77.87228234585518,9.853722497,13.096908709569652,0,0,0,75.49064250405499,0,10.161461989328963,0,100,0,21,21,21,21,21,21,22,19,21,17,23,,21,21,21,21.48602101128187,21.507307801837197,21.59613930069912,22,20.795213736927973,21,20.83800073600645,22.72368714696383,,-8.8,150
2026-01-21 15:15,1546.563072711584,200.64338308071456,257.98094525352644,0,0,0,744.6942638792971,0,107.46079032138368,0,1500,0,77.32815364,10.032169154035728,12.899047262676323,0,0,0,74.46942639,0,8.596863225710695,0,100,0,21,21,21,21,21,21,22,19,21,17,23,,21.000000000000004,21,21,21.550132002110946,21.570136115118142,21.66328280992688,22,20.8119351,21,20.866526924180988,22.802804276802664,,-8.7,140
2026-01-21 15:30,1536.1984302424698,341.68110946357336,0,0,0,0,598.7506170338122,54.81696314124565,30.689683091113693,1250,0,0,76.80992151,17.08405547317867,0,0,0,0,59.87506170338122,4.3853570512996525,2.4551746472890956,100,0,0,21,21,17.04,21,21,21,22,20.980000000000004,21,23.92,17.07,,21,21,21,21.60929894789573,21.627633850478237,21.72434084113876,22,20.82580107743122,21,20.889868649831925,22.868070887794104,,-8.7,131
2026-01-21 15:45,1526.9558267868324,410.8079675146528,0,0,0,0,383.7350381450351,0,0,1250,0,0,76.34779133934163,20.54039837573264,0,0,0,0,38.37350381450351,0,0,100,0,0,21,21,17,21,21,21,22,21,21,24,17,,21,21,20.80049645155571,21.633912338612102,21.647053514689304,21.74547035981484,22,21.09935119156157,21.15322828823084,22.41793367643717,21.89676149452663,,-8.8,108
2026-01-21 16:00,1517.6000196414334,403.11162009418695,0,0,0,0,333.5437463421804,0,0,1250,0,0,75.88000098207166,20.155581004709347,0,0,0,0,33.35437463421804,0,0,100,0,0,21,21,17,21,21,21,22,21,21,24,17,,21,21,20.77248965416255,21.49558136836341,21.50070472416393,21.59571765086684,22,21.402272003379387,21.48787140958658,22.84576061989912,21.72513561,,-8.9,49
2026-01-21 16:15,1506.2207190898662,395.2064045937732,0,0,0,0,299.3401186999108,0,0,1250,0,0,75.31103595,19.76032022968866,0,0,0,0,29.93401186999108,0,0,100,0,0,21,21,17,21,21,21,22,21,21,24,17,,21.000000000000004,21,20.77526678719937,21.439296218297013,21.442455178102428,21.545221718508888,22,21.50563838351425,21.61211597132869,22.96279390073626,21.704141983740325,,-9.5,38
2026-01-21 16:30,1522.1918960955754,447.6926856430255,0,0,0,0,272.86027452530834,0,0,1250,0,0,76.10959480477877,22.38463428215128,0,0,0,0,27.286027452530835,0,0,100,0,0,21,21,17,21,21,21,22,21,21,24,17,,21,21,20.77495698296712,21.409245089349948,21.405518057985432,21.51221324298344,22,21.56008244,21.68850403581521,23.06419816307397,21.694980646905176,,-9.9,13
2026-01-21 16:45,1541.9005862475187,486.1233712919784,0,0,0,0,233.3812867994493,0,0,1250,0,0,77.09502931237593,24.30616856459892,0,0,0,0,23.33812867994493,0,0,100,0,0,21,21,17,21,21,21,22,21,21,24,17,,21,21,20.773493489458517,21.38954794241945,21.38339823175456,21.49552035330843,22,21.608859436556493,21.704416743860666,23.09084666274744,21.552517532031025,,-10.3,0
2026-01-21 17:00,1549.253640946834,501.8036106542586,0,0,0,0,205.89497093634415,0,0,1250,0,0,77.46268204734169,25.090180532712928,0,0,0,0,20.589497093634414,0,0,100,0,0,21,21,17,21,21,21,22,21,21,24,17,,21,21,20.771956438670937,21.33512180700653,21.32522678143878,21.43812228418889,22,21.67679649,21.747856986448717,23.14293165677524,21.42042372139387,,-9.5,0
2026-01-21 17:15,1551.0252754699975,518.4538094140462,0,0,0,0,189.8709232,0,0,1250,0,0,77.55126377349987,25.92269047070231,0,0,0,0,18.987092323369602,0,0,100,0,0,21,21,17,21,21,21,22,21,21,24,17,,21,21,20.76795575243859,21.244338924878747,21.23113876314629,21.34463443601548,22,21.727020517357584,21.790363315329365,23.192193213441445,21.30288849115477,,-9.8,0
2026-01-21 17:30,1551.0798737841724,538.4886110719235,0,0,0,0,182.87750266896543,0,0,1250,0,0,77.55399368920861,26.924430553596174,0,0,0,0,18.28775026689654,0,0,100,0,0,21,21,17,21,16.06,21,22,21,18.03,24,17,,21,21,20.763256690525964,21.1571955,21.140794610182617,21.254613658432746,22,21.758084242001463,21.814940769002572,23.22296818879053,21.19382403457854,,-10.4,0
2026-01-21 17:45,1550.6282360535297,556.4935035481212,0,0,0,0,180.93571781228275,0,0,1250,0,0,77.53141180267647,27.82467517740606,0,0,0,0,18.093571781228274,0,0,100,0,0,21,21,17,21,16,21,22,21,18,24,17,,21,21,20.75893250492625,21.090417620265544,21.071863424919147,21.187403481304543,22,21.773952445765964,21.82577678403773,23.23918145783389,21.110080504222942,,-10.7,0
2026-01-21 18:00,1550.9713329382555,573.3835886934394,0,0,0,0,179.35970838525463,0,0,1250,0,0,77.54856664691278,28.669179434671967,0,0,0,0,17.935970838525463,0,0,100,0,0,21,21,17,21,16,21,22,21,18,24,17,,21,21.000000000000004,20.754822440893197,21.049232461330565,21.028985489424382,21.14710818286381,22,21.780728691155403,21.82853849505093,23.24668159359865,21.056808722921595,,-9.7,0
2026-01-21 18:15,1551.5136548268456,588.8681693577564,0,58.27769427501698,0,0,179.2906211422869,0,0,1250,0,0,77.57568274134229,29.44340846788782,0,3.885179618334465,0,0,17.929062114228692,0,0,100,0,0,21,21,17,21,16,21,22,21,18,24,17,,21.000000000000004,21,20.750685415741906,21.00282004791905,20.98001533370829,21.09941808308352,22,21.78605807176032,21.83067489741906,23.253117597946517,20.99980906846797,,-9.8,0
2026-01-21 18:30,1552.3134194248833,603.1546281,0,120.08143050969012,0,0,180.35081049236575,0,0,1250,0,0,77.61567097124417,30.157731403112848,0,8.005428700646009,0,0,18.035081049236574,0,0,100,0,0,21,21,17,21,16,21,22,21,18,24,17,,21,21,20.74665978,21,20.935924654190178,21.057662656065524,22,21.78890353279097,21.830928042162046,23.257152870298032,20.948147577504027,,-10.1,0
2026-01-21 18:45,1553.3882282287832,616.2189650987602,0,165.8303252230653,0,21.02405927821019,181.9182043562014,0,0,1250,0,0,77.66941141143916,30.810948254938012,0,11.05535501487102,0,4.2048118556420375,18.191820435620137,0,0,100,0,0,21,21,17,21,16,21,22,21,18,24,17,,21,21,20.742852750222905,21,20.887409375715613,21.01061229018022,22,21.789351180264596,21.82931070888679,23.258932545827008,20.894318364472856,,-10.4,0
2026-01-21 19:00,1557.2422771718975,628.7346411435865,0,213.8821916758243,0,53.05972663549255,185.22964309711097,0,0,1250,0,0,77.86211385859488,31.436732057179324,0,14.258812778388286,0,10.61194532709851,18.522964309711096,0,0,100,0,0,21,21,17,21,16,21,22,21,18,24,17,,21,21,20.73921906639025,21,20.85174258651324,21,22,21.788543389968527,21.82689486945282,23.259585757479613,20.856007327071545,,-9.5,0
2026-01-21 19:15,1561.4306988296885,640.683733,0,243.9835176895649,0,72.69530005849447,187.83911693119623,0,0,1250,0,0,78.07153494148443,32.03418665,0,16.265567845970995,0,14.539060011698894,18.783911693119624,0,0,100,0,0,21,21,17,21,16,21,22,21,18,24,17,,21,21,20.73553321918187,21,20.81498134,21,22,21.78474925327189,21.82187693537087,23.25743985252273,20.8168975,,-9.6,0
2026-01-21 19:30,1565.8871205091375,130.4109044202167,2000,129.38659808886442,0,39.38051396193623,302.7867887004788,0,0,0,1500,0,78.29435602545688,6.520545221010835,100,8.625773205924293,0,7.876102792387246,30.27867887004788,0,0,0,100,0,21,21,24.91,21,16,21,22,21,18,21.03,24.91,,21,21,20.731928454000126,21,20.790127510335445,21,22,21.78140856,21.81768940452986,23.25590601425669,20.789099963502878,,-9.8,0
2026-01-21 19:45,1570.555249788364,0,2000,0,0,0,509.0248646857411,0,0,0,1500,0,78.52776248941821,0,100,0,0,0,50.902486468574104,0,0,0,100,0,21,21,25,21,16,21,22,21,18,21,25,,21,21.391056924929423,22.34333234217266,21.01291494418014,20.88210842082538,21.069279379326574,22,21.612023571102245,21.645260425480075,21.79955066286467,21.918277526949453,,-9.9,0
2026-01-21 20:00,1572.7869176371114,0,2000,0,0,0,588.9671085,0,0,0,1500,0,78.63934588185556,0,100,0,0,0,58.896710846349194,0,0,0,100,0,21,21,25,21,16,21,22,21,18,21,25,,21,22.092622616822855,23.082986410778236,21.146294099892906,21.11334679,21.27230848066173,22,21.27067993300912,21.30161469738131,21.389059674720485,22.18114770579141,,-8.9,0
2026-01-21 20:15,1575.0637431450232,0,2000,0,0,0,628.3338072671777,0,0,0,1500,0,78.75318715725116,0,100,0,0,0,62.83338072671777,0,0,0,100,0,21,21,25,21,16,21,22,21,18,21,25,,21,22.436874701506625,23.43864268357624,21.244347238831462,21.212026387308427,21.374167262263896,22,21.120733492818573,21.15194470237723,21.233344372640097,22.28326544308112,,-9,0
2026-01-21 20:30,1577.4233935572447,260.0478289462699,2000,0,0,0,655.2318051594175,9.529719414251304,0,0,1500,0,78.87116967786223,13.002391447313494,100,0,0,0,65.52318051594175,0.7623775531401042,0,0,100,0,21,22.98,25,21,19.96,21,22,21,18,21,25,,21,22.61229451736968,23.624062803662653,21.29697773825133,21.25997257,21.426672484865215,22,21.050672989498462,21.082027805469693,21.157758407028297,22.33405082,,-9,0
2026-01-21 20:45,1579.8564905080675,0,2000,0,0,0,681.1174109,46.54461424934925,0,0,1500,0,78.99282452540338,0,100,0,0,0,68.11174109,3.7235691399479403,0,0,100,0,21,23,25,21,20,21,22,21,18,21,25,,21,22.98,23.849947135266422,21.338692911462253,21.30005057623956,21.47094595369293,22,21.01009095525775,21.033058277834552,21.102542069709592,22.376869979040706,,-9,0
2026-01-21 21:00,1581.4164312978046,0,2000,0,0,0,694.9302388784345,71.97057750081149,0,0,1500,0,79.07082156489022,0,100,0,0,0,69.49302388784345,5.757646200064919,0,0,100,0,21,23,25,21,20,21,22,21,18,21,25,,21,23.04345712935469,24.023804788368206,21.37950857553948,21.337987707044416,21.512585130987045,22,21.000000000000004,20.985475939654886,21.05053496529084,22.41677929075168,,-9.1,0
2026-01-21 21:15,1582.966015853317,0,2000,0,0,0,703.9583654223425,89.52366921975045,0,2.3924630447872914,1500,0,79.14830079266585,0,100,0,0,0,70.39583654223425,7.161893537580036,0,0.19139704358298332,100,0,21,23,25,21,20,21,22,21,18,21,25,,21.000000000000004,23.06642846365377,24.14929865009048,21.408969932660053,21.36411227981452,21.54174640006143,22,21,20.95700812860963,21.01871029,22.44491888685596,,-9,0
2026-01-21 21:30,1584.4812956460537,0,2000,0,0,0,43.51258966251335,48.119719869372055,1250,10.011830111734165,1500,0,79.22406478230268,0,100,0,0,0,4.351258966251335,3.8495775895497646,100,0.8009464089387333,100,0,21,23.000000000000004,25,21,20,21,21.010000000000005,21,22.94,21,25,,21.000000000000004,23.167109983318905,24.18433872029962,21.43192896690096,21.38416220958172,21.564905881034957,22,21,20.938893954493924,21,22.466539242460268,,-9,0
2026-01-21 21:45,1585.9441013900396,0,2000,0,0,0,0,0,1250,0,1500,0,79.29720506950197,0,100,0,0,0,0,0,100,0,100,0,21,23,25,21,20,21,21,21,23,21,25,,21,23.289528811147303,24.345760679504643,21.49049420631661,21.44154750635134,21.62848534457244,21.06220425936693,21.02052698517773,22.279378375901096,21.068532987499665,22.523223312728984,,-9,0
2026-01-21 22:00,1585.602370884917,0,2000,0,0,0,0,0,1250,0,1500,0,79.28011854424585,0,100,0,0,0,0,0,100,0,100,0,21,21.02,25,21,20,21,21,21,23,21,25,,21,23.407361049381112,24.468180725921684,21.549096389174284,21.49716138565785,21.68773364767976,21.018893997661355,21.09734645419495,22.51078173244525,21.18865918275111,22.579926293081343,,-9.4,0
2026-01-21 22:15,1585.1693927270117,0,2000,0,0,0,0,0,1250,0,1500,0,79.25846963635058,0,100,0,0,0,0,0,100,0,100,0,21,21,25,21,20,21,21,21,23,21,25,,21,23.464016545480785,24.520499573197824,21.57150504823356,21.516010462666777,21.70814202772562,21.091160516566976,21.129828734029232,22.500853412342995,21.22188826552061,22.601065425450088,,-9.2,0
2026-01-21 22:30,2000,0,2000,0,0,0,0,0,1250,0,1500,0,100,0,100,0,0,0,0,0,100,0,100,0,23.97,22.98,25,21,20,21,21,21,23,21,25,,21,23.50910304493547,24.57586723031232,21.59146067866607,21.53394699768551,21.72911822235845,21.103537622273432,21.15187221508311,22.53899788854178,21.24218691296587,22.61979275,,-9.1,0
2026-01-21 22:45,2000,0,2000,0,0,0,0,0,1250,0,1500,0,100,0,100,0,0,0,0,0,100,0,100,0,24,23,25,21,20,21,21,21,23,21,25,,21.791617134874947,23.58629135334172,24.65729510196489,21.62918824461089,21.570004386813743,21.768892873188413,21.13201066956561,21.191520234229664,22.593912333362063,21.28244850437465,22.656115064515333,,-9,0
2026-01-21 23:00,2000,0,2000,0,0,0,0,0,1250,0,1500,0,100,0,100,0,0,0,0,0,100,0,100,0,24,23,25,21,20,21,21,21,23,21,25,,22.234827013849067,23.66786162186718,24.74314327079316,21.67392804797633,21.612660350842056,21.81476275222833,21.171411926179875,21.236298403360387,22.64764651716105,21.32730448048099,22.69937516076717,,-9,0
2026-01-21 23:15,2000,0,2000,0,0,0,0,0,1250,0,1500,0,100,0,100,0,0,0,0,0,100,0,100,0,24,23,25,21,20,21,21,21,23,21,25,,22.479081952029464,23.722951651679008,24.80018407758081,21.70140970601512,21.637448864994717,21.84113617083688,21.191392455752634,21.25951348645833,22.67809218015561,21.34993773266288,22.72570518650644,,-8.8,0
2026-01-21 23:30,2000,351.4680936473058,0,0,0,0,0,0,1250,0,0,0,100,17.57340468236529,0,0,0,0,0,0,100,0,0,0,24.000000000000004,23.000000000000004,21.04,21,20,21,21,21,23.000000000000004,21,21.04,,22.623221110588812,23.761233620498025,24.839971192378208,21.72093829099075,21.654973304751543,21.860596401186484,21.204252957546927,21.275185409727367,22.700559036400687,21.36538021350289,22.74423403846432,,-8.7,0
2026-01-21 23:45,2000,1012.2820600364528,0,0,0,0,0,0,1250,0,0,0,100,50.614103001822635,0,0,0,0,0,0,100,0,0,0,24,23,21,21,20,21,21,21,23,21,21,,22.718574967085942,23.247891906210903,23.18796423239793,21.626414796946985,21.55257338835813,21.74855053496914,21.23374697371152,21.30756841131342,22.73927103920663,21.39817336690248,21.61769295384429,,-8.6,0
2026-01-22 0:00,2000,1113.5938562481388,0,0,0,0,0,0,1250,0,0,0,100,55.67969281240694,0,0,0,0,0,0,100,0,0,0,24,23,21,21,20,21,21,21,23,21,21,,22.80780939008733,23,22.630001211657078,21.30315375689061,21.223313846956696,21.40260861836021,21.25522838,21.33104361145331,22.768271504746373,21.42143023067853,21.24221710775936,,-8.6,0
2026-01-22 0:15,2000,1117.003442622321,0,0,0,0,0,0,1250,0,0,0,100,55.850172131116054,0,0,0,0,0,0,100,0,0,0,24,23,21,21,20,21,21,21,23,21,21,,22.901417901984114,23,22.57023852869585,21.12164151422193,21.045924114999703,21.22550985243013,21.25484492,21.331561858836626,22.773543623969235,21.421247768472877,21.06897699592201,,-8.5,0
2026-01-22 0:30,2000,217.61811807045524,0,1500,0,0,0,0,1250,0,84.09359783912441,0,100,10.880905903522763,0,100,0,0,0,0,100,0,5.606239855941627,0,24,22.01,21,22.98,20,21,21,18.03,23,21,21,,22.987420886740946,23,22.56157794321424,21.068290189118887,20.992948269685797,21.17182523817808,21.25180392,21.32938659,22.775851766211574,21.4187224,21.00173273906912,,-8.7,0
2026-01-22 0:45,2000,703.0703473123758,0,1500,0,0,0,0,1250,0,0,0,100,35.15351736561879,0,100,0,0,0,0,100,0,0,0,24,22,21,23,20,21,21,18,23,21,21,,23.051325635539424,22.12939217233364,22.13061622195116,22.07326586291831,20.94243210627686,21.12188228,21.23876658719935,21.31659819411997,22.7669741,21.405161916533054,21.006614716020025,,-8.6,0
2026-01-22 1:00,2000,765.0266488494126,0,1500,0,0,0,0,1250,0,0,0,100,38.25133244247063,0,100,0,0,0,0,100,0,0,0,24,22,21,23,20,21,21,18,23,21,21,,23.115498838133043,22,21.76497739968188,22.27511980445674,21.102476830667264,21.29380075417757,21.229582867292194,21.30780704,22.76192850207886,21.396007375008296,21.099572810581694,,-8.2,0
2026-01-22 1:15,2000,810.8839691699504,0,1500,0,0,0,0,1250,0,0,0,100,40.54419845849752,0,100,0,0,0,0,100,0,0,0,24,22,21,23,20,21,21,18,23,21,21,,23.17386380002403,22,21.696064435698627,22.338463953202503,21.176121547484428,21.368468712433884,21.22773143980572,21.30656296468404,22.764325853299177,21.394734682585693,21.16649380406181,,-8.1,0
2026-01-22 1:30,2000,846.2013870933864,0,1500,0,0,35.10718307770294,0,0,5.731209320874041,0,0,100,42.310069354669324,0,100,0,0,3.5107183077702944,0,0,0.45849674566992327,0,0,24.000000000000004,22,21,23.000000000000004,20,21,21,18,21.02,21,21,,23.220156067498817,22,21.68908455661588,22.38843952,21.21308180629913,21.410298375033808,21.225415712308138,21.30466461288265,22.765861536396987,21.392705519427437,21.20282231211101,,-8,0
2026-01-22 1:45,2000,865.9840543497703,0,1500,0,0,196.6001026173717,0,124.81972161114572,157.9608417041327,0,0,100,43.29920271748851,0,100,0,0,19.66001026173717,0,9.985577728891657,12.636867336330615,0,0,24,22,21,23,20,21,21,18,21,21,21,,23.251458034632986,22,21.67479974915943,22.48398738,21.30582560520734,21.511166494245604,21.108260918854963,21.137518264549616,21.326093681803112,21.22411407336465,21.28942134701901,,-7.9,0
2026-01-22 2:00,2000,880.575892,0,1500,0,0,243.0193245922983,0,193.14135965898092,235.63150434404088,0,0,100,44.028794598426245,0,100,0,0,24.30193245922983,0,15.451308772718473,18.850520347523272,0,0,24,22,21,23,20,21,21,18,21,21,21,,23.282278432303585,22,21.66339332002069,22.569480014515094,21.388132530403308,21.597518870821148,21,20.76447753081723,21,21,21.369168984694134,,-7.9,0
2026-01-22 2:15,2000,893.0046898373839,0,1500,0,0,257.49257891801244,0,229.6589786159784,254.53526700115617,0,0,100,44.65023449,0,100,0,0,25.749257891801243,0,18.37271828927827,20.362821360092493,0,0,24,22,21,23,20,21,21,18,21,21,21,,23.323894783744567,22,21.654856983383414,22.596315988422894,21.411176390000755,21.62044768734172,21,20.666165770680607,21,21,21.391968127294607,,-7.8,0
2026-01-22 2:30,0,912.1073681,0,1500,0,0,267.84841477433747,0,254.3246071757524,271.9122435470593,0,0,0,45.6053684,0,100,0,0,26.784841477433748,0,20.34596857406019,21.752979483764744,0,0,17.080000000000002,22,21,23,20,21,21,19.979999999999997,21,21,21,,23.37037925,22,21.64748741576035,22.612501796622364,21.425897777678014,21.636942211901005,21,20.643940872487203,21,21,21.40466479828857,,-7.7,0
2026-01-22 2:45,170.5572724027125,921.9047626257964,0,1499.999999999998,0,0,268.44259803825685,0,259.87955268235766,273.13775073131995,0,0,8.527863620135626,46.09523813128982,0,99.99999999999986,0,0,26.844259803825683,0,20.79036421458861,21.851020058505593,0,0,16.999999999999975,21.99999999999997,20.999999999999968,22.999999999999964,19.99999999999997,20.999999999999968,20.999999999999968,19.99999999999997,20.999999999999968,20.999999999999968,20.999999999999968,,19.599094688456827,22,21.63887919594621,22.660741399638127,21.473823811333045,21.688564235293452,21,20.62447240029746,21,21,21.449626745286864,,-7.5,0
2026-01-22 3:00,359.69799308562744,0,0,1500,0,0,269.2199945059583,0,264.83220594774923,274.6390121951141,0,0,17.984899654281374,0,0,100,0,0,26.92199945059583,0,21.18657647581994,21.97112097560913,0,0,17,17.059999999999995,21,23,20,21,21,20,21,21,21,,17.566442874543934,21.99999999999997,21.633128858110595,22.70960813167772,21.52170200367515,21.73871589027467,20.999999999999968,20.62039228429424,20.999999999999968,20.999999999999964,21.495739486037078,,-7.6,0
2026-01-22 3:15,489.4296931340096,0,237.99450616977265,1500,0,0,270.6390818483751,0,270.14062722777817,277.1313921953533,0,0,24.47148465670048,0,11.899725308488632,100,0,0,27.06390818483751,0,21.611250178222253,22.170511375628266,0,0,17,17,21,23,20,21,21,20,21,21,21,,17,21.236002689899248,21.35443606749603,22.73053404375925,21.540996506004905,21.75819280369518,21,20.61700855106364,21,21,21.514525789176773,,-7.4,0
2026-01-22 3:30,519.4773760572934,1336.2385444119118,139.0490322310634,1500,0,0,272.3406552850747,0,275.40359391883067,280.0575983923809,0,0,25.973868802864672,66.81192722059559,6.952451612,100,0,0,27.23406552850747,0,22.032287513506454,22.40460787139047,0,0,17,21.94,21,23,20,21,21,20,21,21,21,,17,20.75187056538524,21,22.738772715147093,21.54817644057279,21.76560332,21,20.61287912943213,21,21,21.520955247886707,,-7.3,0
2026-01-22 3:45,556.8329895263214,911.9683871725792,0,1500,0,0,273.4367197631709,0,279.34889734106764,282.0385356383522,0,0,27.84164947631607,45.59841935862896,0,100,0,0,27.34367197631709,0,22.347911787285412,22.563082851068174,0,0,17,22,21,23,20,21,21,20,21,21,21,,17,21.87300970629501,21.29883495996616,22.745794906655227,21.55458442747974,21.77269427092376,21,20.60854326643535,21,21,21.526203769517124,,-7.1,0
2026-01-22 4:00,581.4316247874794,1069.4855628369987,0,1500,0,0,274.3436817517031,0,282.6968794627792,283.7171195811352,0,0,29.071581239373973,53.474278141849936,0,100,0,0,27.434368175170313,0,22.615750357022335,22.697369566490817,0,0,17,22,21,23,20,21,21,20,21,21,21,,17,22,21.54638474704637,22.75102993313952,21.55902394648765,21.77757098211796,21,20.60523395201804,21,21,21.52960777653519,,-7.2,0
2026-01-22 4:15,606.5031919896719,991.8197494528722,0,1500,0,0,275.50578781759214,0,286.2060655,285.79548618078843,0,0,30.325159599483595,49.59098747264361,0,100,0,0,27.550578781759214,0,22.89648523765296,22.863638894463076,0,0,17,22,21,23,20,21,21,20,21,21,21,,17,22,21.60161549,22.75331053795688,21.560526666274196,21.779213370377303,21,20.60246674361108,21,21,21.53031905583392,,-7.2,0
2026-01-22 4:30,642.0747050094383,222.22772083182932,2000,0,1250,0,275.49693437447496,0,287.69755949149913,286.0526963521879,1500,0,32.103735250471914,11.111386041591466,100,0,100,0,27.549693437447495,0,23.01580475931993,22.884215708175034,100,0,17,22,24.960000000000004,18.06,23.960000000000004,21,21,20,21,21,24.960000000000004,,17,22,21.596083517484598,22.755420575767864,21.562039298561174,21.7808571,21,20.59941918735992,21,21,21.53112676135891,,-7.1,0
2026-01-22 4:45,671.8393403557129,0,2000,0,1250,0,262.1595695017446,0,268.24260089062955,265.5311281519789,1500,0,33.59196701778565,0,100,0,100,0,26.215956950174462,0,21.459408071250365,21.242490252158312,100,0,17,22,25,18,24,21,21,20,21,21,25,,17,22.179427090470103,23.12725584349758,21.827894750363136,22.589104959886956,21.918324055495454,21,20.59755723954961,21,21,22.691323092393983,,-7.1,0
2026-01-22 5:00,696.2253062,0,2000,0,1250,0,250.9529368321746,0,251.97410954620864,248.3493428181864,1500,0,34.81126531032605,0,100,0,100,0,25.09529368321746,0,20.15792876369669,19.86794742545491,100,0,17,22,25,18,24,21,21,20,21,21,25,,17,22.632749392268664,23.66762595371894,22.06979670228633,22.907127078313657,22.229372766925685,21,20.617937080135288,21,21,23.02536655620156,,-7.3,0
2026-01-22 5:15,716.2926832199428,0,2000,0,1250,0,249.9381832079489,0,251.44374351023723,247.04441771681377,1500,0,35.814634160997144,0,100,0,100,0,24.99381832079489,0,20.11549948081898,19.76355342,100,0,17,22,25,18,24,21,21,20,21,21,25,,17,22.859837232536144,23.876895639531423,22.23345072684513,23.05533278963292,22.38138204612309,21,20.636536845659183,21,21,23.17421052282065,,-7.3,0
2026-01-22 5:30,732.8046323975286,0,2000,0,1250,0,241.39088237965188,0,239.0418384671757,233.9888047535824,1500,0,36.64023161987643,0,100,0,100,0,24.13908823796519,0,19.123347077374056,18.71910438028659,100,0,17,22,25,18,24,21,21,20,21,21,25,,17,22.943417221508778,24.003404976577453,22.25617868092932,23.100815622191597,22.41611507771307,21,20.638624170501966,21,21,23.22686510247791,,-7.3,0
2026-01-22 5:45,746.3519678962439,0,2000,0,1250,0,242.01299077669137,0,240.84253817877837,235.23887764354004,1500,0,37.317598394812194,0,100,0,100,0,24.201299077669137,0,19.26740305430227,18.819110211483203,100,0,17,22,25,18,24,21,21,20,21,21,25,,17,23.042203547185213,24.09238057,22.333454641293702,23.189469670980067,22.50619198261429,21,20.65065914417647,21,21,23.31549930118069,,-7.3,0
2026-01-22 6:00,754.9396525454977,0,2000,0,1250,0,232.2385114632016,0,226.3844922184253,220.3280130954336,1500,0,37.74698262727488,0,100,0,100,0,23.22385114632016,0,18.110759377474025,17.62624104763469,100,0,17,22,25,18,24,21,21,20,21,21,25,,17,23.132048699169108,24.19842621796276,22.36898622,23.225726421530023,22.53718280309891,21,20.65091528308394,21,21,23.35570714,,-7.1,0
2026-01-22 6:15,761.0062120713683,0,2000,0,1250,0,233.26061984667285,0,228.70519813053036,222.2721893961825,1500,0,38.05031060356842,0,100,0,100,0,23.326061984667284,0,18.29641585044243,17.78177515,100,0,17,22,25,18,24,21,21,20,21,21,25,,17,23.22422480303121,24.28877098705876,22.44754010676029,23.309390202566203,22.62337217640084,21,20.664839567410556,21,21,23.437846840306776,,-7.2,0
2026-01-22 6:30,2000.0000000000032,0,2000.0000000000032,0,0,0,243.21357839939637,0,244.90401215145783,0,1500.0000000000025,0,100,0,100,0,0,0,24.321357839939637,0,19.592320972116624,0,100,0,20.96000000000004,22.00000000000004,25.00000000000004,18.000000000000025,16.090000000000025,21.00000000000003,21.00000000000003,20.00000000000003,21.00000000000003,16.060000000000024,25.00000000000004,,17,23.30819652508201,24.38117944,22.479310796632163,23.341736336491728,22.65084881838358,21,20.66478834385802,21,21,23.473422158296504,,-7.2,0
2026-01-22 6:45,2000,0,2000,0,0,0,279.3051675,0,301.82981604978033,0,1500,0,100,0,100,0,0,0,27.93051675,0,24.14638528398243,0,100,0,21,22,24.999999999999996,18,15.999999999999998,21,21,20,21,15.999999999999998,24.999999999999996,,19.25595109670456,23.47977603958128,24.5659503,22.47467578632004,22.43791991988625,22.640164718788167,21.00000000000003,20.649771217517728,21.00000000000003,20.75413368039789,23.47241958646378,,-7.2,0
2026-01-22 7:00,1893.055022558133,0,2000,0,0,0,294.7790618,0,326.10620557687554,0,1500,0,94.65275112790665,0,100,0,0,0,29.47790618,0,26.088496446150042,0,100,0,21,22,25,18,16,21,21,20,21,16,25,,20.396446179149397,23.645486090598716,24.73744415875708,22.282675210155247,22.21844239846376,22.429506234159216,21,20.590811386267752,21,20.684466233704867,23.28568955295322,,-7.2,0
2026-01-22 7:15,1770.823434190057,0,2000,0,0,0,302.21350543721564,0,337.7908286836355,0,1500,0,88.54117170950285,0,100,0,0,0,30.221350543721563,0,27.02326629469084,0,100,0,21,22,25,18,16,21,21,20,21,16,25,,20.935977281586307,23.74727493425299,24.840068451034405,22.180950184809404,22.11346403313172,22.32700677102712,21,20.56199177186341,21,20.653655880157327,23.18619106137041,,-7.1,0
2026-01-22 7:30,1760.0304066056033,0,2000,0,0,0,304.0659411848046,0,340.80727827559895,0,1500,0,88.00152033028017,0,100,0,0,0,30.406594118480463,0,27.264582262047917,0,100,0,21,22,25,18,16,21,21,20,21,16,25,,21,23.80265681775158,24.895248946628623,22.13750197169868,22.06783219738121,22.283499226183228,21,20.548145047860828,21,20.63851989117898,23.143588226888287,,-7.1,0
2026-01-22 7:45,1718.8925485098353,0,2000,0,0,0,309.4763147,0,349.3874869,0,1500,0,85.94462742549176,0,100,0,0,0,30.94763147,0,27.95099894971936,0,100,0,21,22,25,18,16,21,21,20,21,16,25,,21.000000000000004,23.83620725543383,24.931484320835988,22.12716524220198,22.05562852814831,22.27362629527804,21,20.543707642197017,21,20.633035240060764,23.13356056233217,,-7.1,0
2026-01-22 8:00,1679.6389435557376,0,1991.132828100352,0,0,0,310.22667298161286,0,351.04001725737544,0,1500,0,83.98194717778688,0,99.55664140501761,0,0,0,31.022667298161288,0,28.083201380590037,0,100,0,21,22,25,18,16,21,21,20,21,16,25,,21,23.870569971854447,24.96742818290049,22.10469322,22.03086230903355,22.24871648197504,21,20.53457219781191,21,20.622874588866143,23.11154900918297,,-7.2,3
2026-01-22 8:15,1650.6065500110053,0,1933.3333345867725,0,0,0,314.6451473470079,0,358.4442723138927,0,1500,0,82.53032750055027,0,96.66666672933863,0,0,0,31.46451473470079,0,28.675541785111417,0,100,0,21,22,25,18,16,21,21,20,21,16,25,,21,23.907460306872487,25,22.09644396335768,22.02231479176209,22.24089549981304,21,20.53143407803768,21,20.61897134146622,23.104350403128564,,-7.3,3
2026-01-22 8:30,1626.042648917482,0,0,0,0,0,245.6206321,0,1250,0,0,0,81.30213245,0,0,0,0,0,24.56206321,0,100,0,0,0,21,21.010000000000005,18.08,20.97,16,21,21,20,22.98,16,16.1,,21,23.94143882516869,25,22.076976817912534,22.00155859307157,22.218295138383013,21,20.523852382420703,21,20.61039493685058,23.08630079960804,,-7,41
2026-01-22 8:45,1604.756244,0,0,0,0,0,115.23180210222564,0,1250,0,0,0,80.23781221,0,0,0,0,0,11.523180210222565,0,100,0,0,0,21,21,18,21,16,21,21,20,23,16,16,,21.000000000000004,23.186399222300373,23.31881171037335,21.919786030143207,21.83717976980534,22.038491377826084,21,20.624930319409348,22.02072011358376,20.71431764223229,21.893819751099844,,-7,38
2026-01-22 9:00,1575.0295613658673,0,0,0,0,0,76.01255457919251,0,1250,0,0,0,78.75147806829337,0,0,0,0,0,7.601255457919251,0,100,0,0,0,21,21,18,21,16,21,21,20,23,16,16,,21,22.084431159325305,22.19439868270369,21.519859087890197,21.43226889616609,21.60906477611329,21,20.83903711129292,22.274232779528468,20.931082568801827,21.447316656221588,,-6.8,38
2026-01-22 9:15,1546.8985186944492,45.29733999588461,0,0,0,0,58.61269400787842,0,1250,0,0,0,77.34492593472245,2.2648669997942306,0,0,0,0,5.861269400787842,0,100,0,0,0,21,21,18,21,16,21,21,20,23,16,16,,21,21.428397239834293,21.52680505557056,21.258049024122137,21.17342039738529,21.34298855879323,21,20.915188368679843,22.35955789630109,21.005553403124477,21.18287525873636,,-6.3,41
2026-01-22 9:30,1518.1062727155331,288.1819750410996,0,67.52026278942503,0,0,46.83870715,0,1250,0,0,0,75.90531363577666,14.409098752054978,0,4.5013508526283355,0,0,4.683870715,0,100,0,0,0,21,21,18,21,16,21,21,20,23,16,16,,21,21.056721417666463,21.117979708655245,21.08154005291716,20.999997125164956,21.16283043728688,21,20.948374970603982,22.40071179444517,21.037204215348048,21.00502622176674,,-5.8,147
2026-01-22 9:45,1488.9834511984536,376.9055946481858,0,205.80874564126495,0,68.88331855357137,33.291763143687604,0,1250,0,0,0,74.44917255992267,18.84527973240929,0,13.720583042750997,0,13.776663710714274,3.3291763143687603,0,100,0,0,0,21,21,18,21,16,21,21,20,23,16,16,,21,21,20.92781966,21,20.87868081315725,21.03215270786988,21,20.969233722964937,22.425815568938237,21.054861468200382,20.88077251385901,,-5.3,107
2026-01-22 10:00,1462.0459256324357,405.6827930375075,0,278.8085081943209,0,120.3625965104584,19.737179593300425,0,1250,0,0,0,73.10229628162179,20.284139651875375,0,18.587233879621394,0,24.07251930209168,1.9737179593300425,0,100,0,0,0,21,21,18,21,16,21,21,20,23,16,16,,21,21,20.896870830809164,21,20.78430356232884,21,21,20.99243666665114,22.449036714619517,21.07176940473808,20.781225295678595,,-6.4,35
2026-01-22 10:15,1436.7856615020974,424.57732140062336,0,311.15627267750097,0,146.53010275459866,2.296267317093831,0,1250,0,0,0,71.83928307510487,21.228866070031167,0,20.74375151,0,29.306020550919733,0.2296267317093831,0,100,0,0,0,21,21,18,21,16,21,21,20,23,16,16,,21,21,20.879376721485333,21,20.738741226749283,21,21,21.015110383012654,22.469881045905296,21.087343203077285,20.730152782565376,,-6,36
2026-01-22 10:30,1412.4979757058202,432.08161748147256,0,274.08512505996043,242.3391643151321,124.19204745102834,0,0,1250,1250,0,0,70.62489878529101,21.604080874073627,0,18.27234167066403,19.38713314521057,24.838409490205667,0,0,100,100,0,0,21,21,18,21,20.940000000000005,21,21,20.99,23.000000000000004,23.91,16,,21,21,20.86539735,21,20.72453786240596,21,21.00117484482104,21.04458269784416,22.49223286173017,21.105228680961275,20.705446187399478,,-5.2,217
2026-01-22 10:45,1388.660142,428.6583291622179,0,191.4672570355372,209.977775,68.49343562975628,0,0,1113.9560108780847,1250,0,0,69.4330071,21.432916458110896,0,12.764483802369146,16.79822200316984,13.698687125951256,0,0,89.11648087024679,100,0,0,21,21,18,21,21,21,21,21,23,24,16,,21,21,20.85497534124051,21,20.940000000000005,21,21.19758490161937,21.252660367170392,22.693067887813097,22.60678419775911,20.732026540957666,,-4.4,292
2026-01-22 11:00,1370.9627901806052,422.1828183823988,0,136.81096902862674,128.8998101734966,32.527071730631484,0,0,899.5606143978827,1250,0,0,68.54813950903026,21.10914091911994,0,9.120731268575117,10.311984813879729,6.5054143461262965,0,0,71.96484915,100,0,0,21,21,18,21,21,21,21,21,23,24,16,,21,21,20.849307516665878,21,21,21,21.635091398359705,21.70209179122676,23,23.095182935274508,20.79671510683043,,-4.8,192
2026-01-22 11:15,1353.2703171551389,409.5722014261604,0,106.43341054496946,75.45292785854811,14.432475933898482,0,0,784.5858224445922,1250,0,0,67.66351585775693,20.47861007130802,0,7.095560702997965,6.036234228683849,2.886495186779696,0,0,62.76686579556738,100,0,0,21,21,18,21,21,21,21,21,23,24,16,,21,21,20.844098585994203,21,21,21,21.86776725716428,21.938354010780586,23,23.33074827740188,20.84510175796634,,-3.9,194
2026-01-22 11:30,1336.806117,391.8967621769406,0,83.19522681126303,29.268401609550587,2.454905052863372,0,0,706.6463443338749,1250,0,0,66.84030587,19.594838108847032,0,5.546348454084201,2.341472128764047,0.4909810105726744,0,0,56.53170754670999,100,0,0,21,21,18,21,21,21,21,21,23,24,16,,21,21,20.839896692349694,21,21,21,22.005388337759012,22.077366798087937,23,23.470095880807243,20.876623854161725,,-3.1,317
2026-01-22 11:45,1321.5289871496873,376.1638981063685,0,64.44256790466655,1.044999850828996,0,0,0,650.2117287,1250,0,0,66.07644935748436,18.808194905318427,0,4.296171193644437,0.083599988,0,0,0,52.01693829684984,100,0,0,21,21,18,21,21,21,21,21,23,24,16,,21,21,20.83555332070529,21,21,21.00100504625532,22.10227747859323,22.174744013410383,23,23.56554646719364,20.903658795097822,,-2.4,295
2026-01-22 12:00,1310.9417113177587,356.8779695008543,0,47.34310566451495,0,0,0,0,611.9081080489177,1250,0,0,65.54708556588794,17.843898475042714,0,3.156207044300997,0,0,0,0,48.95264864391342,100,0,0,21,21,18,21,21,21,21,21,23,24,16,,21,21,20.8316064,21,21.002661514999037,21.010522163372016,22.17248250641749,22.245437811865774,23,23.636544447614728,20.938337362540462,,-2.3,22
2026-01-22 12:15,1301.1461691654404,336.4001167769311,0,30.012641490051465,0,0,0,0,582.2919736141848,1250,0,0,65.05730845827202,16.820005838846555,0,2.000842766003431,0,0,0,0,46.58335788913479,100,0,0,21,21,18,21,21,21,21,21,23,24,16,,21,21,20.82765834184969,21,21.016510780636985,21.02277626416213,22.219402012671807,22.292809268123374,23,23.687003627416114,20.973919195184692,,-2.4,22
2026-01-22 12:30,1291.1482043650176,214.09974843896396,185.8385523308013,4.648788489531095,0,0,1000,0,0,1249.9999999999998,0,0,64.55741021825088,10.704987421948196,9.291927616540065,0.3099192326354063,0,0,100,0,0,99.99999999999997,0,0,21,21,20.97,21,21,21,24.96,21,17.069999999999997,24,20.940000000000005,,21,21,20.823425650990224,21,21.024910342426487,21.03695673831776,22.250819774482707,22.325086249173594,23,23.72626547882425,21.011605092623228,,-2.4,161
2026-01-22 12:45,1280.961750660235,172.46132225858128,208.9487958671325,0,0,0,1000,0,0,1233.896825580132,0,0,64.04808753301175,8.623066112929063,10.447439793356626,0,0,0,100,0,0,98.71174604641055,0,0,21,21,21,21,21,21,25,21,17,24,21,,21,21,20.97,21.00511633930753,21.036843379975068,21.065038429278047,23.88739952146448,22.42546294722506,22.506679913116244,23.840447570239704,21.054002919029664,,-2.3,176
2026-01-22 13:00,1276.557326957526,0,0,0,0,0,1000,0,0,1175.2002914109617,0,0,63.827866347876295,0,0,0,0,0,100,0,0,94.01602331287694,0,0,21,17.04,17.04,21,21,21,25,21,17,24,21,,21,21,21,21.02946879459254,21.05396603985067,21.09746131373877,24.114035626952784,22.57675082,22.632839366567023,23.990207206108167,21.097574595568283,,-3,151
2026-01-22 13:15,1270.8351567662085,0,0,0,0,0,1000,0,0,1133.403129503804,0,0,63.541757838310424,0,0,0,0,0,100,0,0,90.67225036030432,0,0,21,17,17,21,21,21,25,21,17,24,21,,21,20.83173756952521,20.807376134205786,21.047889395864065,21.064607171803253,21.118512487299174,24.178840229872858,22.639298785809277,22.701343126827084,24,21.127485005836867,,-2.7,149
2026-01-22 13:30,1262.9066042851043,336.3697599044099,395.9885884298783,0,0,0,1000,0,0,1090.9502032538294,0,0,63.14533021425521,16.818487995220494,19.799429421493915,0,0,0,100,0,0,87.27601626030635,0,0,21,20.96,20.96,21,21,21,25,21,17,24,21,,21,20.66314160183314,20.63613731764051,21.06223865087532,21.07528904772062,21.13397640233157,24.23809572363999,22.67765070884057,22.737360260749792,24,21.15416324919643,,-2.6,376
2026-01-22 13:45,1253.805619196586,140.23251936698944,229.19729217307395,0,0,0,1000,0,0,1049.602943,0,0,62.690280959829295,7.011625968349472,11.459864608653698,0,0,0,100,0,0,83.96823540315759,0,0,21,21,21,21,21,21,25,21,17,24,21,,21,20.96,20.96,21.080640970083813,21.09230852083124,21.153672838453137,24.29183459360013,22.714488285629315,22.773697498130662,24,21.187697996091657,,-2.6,325
2026-01-22 14:00,1240.163187659391,147.2663473892717,234.19833127999664,0,0,0,1000,0,0,1022.052743545304,0,0,62.008159382969545,7.3633173694635845,11.709916563999831,0,0,0,100,0,0,81.76421948362432,0,0,21,21,21,21,21,21,25,21,17,24,21,,21,21,21,21.10282865348132,21.11370654968024,21.176619146362004,24.338824720520076,22.75029866,22.812127367050607,24,21.22763304005212,,-2.2,79
2026-01-22 14:15,1226.457039,139.1716772244872,214.9783140193904,0,0,0,1000,0,0,984.9482239082754,0,0,61.32285192924499,6.958583861,10.74891570096952,0,0,0,100,0,0,78.79585791266203,0,0,21,21,21,21,21,21,25,21,17,24,21,,21.000000000000004,21,21,21.11604603850613,21.126585600603825,21.188940811874943,24.369905858280436,22.77151660343494,22.837750433272827,24,21.262429703220185,,-2.3,76
2026-01-22 14:30,1214.1100070689224,141.24435637752177,214.2320173590619,0,0,0,0,0,0,0,0,0,60.70550035344612,7.062217818876088,10.711600867953095,0,0,0,0,0,0,0,0,0,21,21,21,21,21,21,18.08,21,17,21.03,18.03,,21,21,21,21.13855150975025,21.149264376185958,21.212345675803263,24.405651674819005,22.79936506031628,22.871838433816013,24,21.309274271500552,,-2.3,246
2026-01-22 14:45,1203.698521545406,144.70927876919632,211.5612726822292,0,0,0,0,0,0,0,0,0,60.18492608,7.235463938459816,10.57806363411146,0,0,0,0,0,0,0,0,0,21,21,21,21,21,21,18,21,17,21,18,,21.000000000000004,21,21,21.19689755,21.208801147123484,21.27412644356293,22.716255652967885,22.62062085651172,22.694805314330864,22.797141136143114,21.381099261266133,,-2.2,176
2026-01-22 15:00,1203.2803334068522,151.34967416167638,209.74546112918324,0,0,0,0,0,0,0,0,0,60.164016670342605,7.567483708083818,10.487273056459163,0,0,0,0,0,0,0,0,0,21,21,21,21,21,21,18,21,17,21,18,,21,21,21,21.231868691528877,21.242097505100183,21.307655176485035,22.15273962222184,22.148974962768364,22.22436263,22.26775097998098,21.427031598714425,,-2.6,16
2026-01-22 15:15,1203.4520042842432,154.8023204361707,208.15164776105303,0,0,0,0,0,0,0,0,0,60.17260021421216,7.740116021808535,10.407582388052651,0,0,0,0,0,0,0,0,0,21,21,21,21,21,21,18,21,17,21,18,,21,21,21,21.235384082008583,21.24382815457125,21.309433404509768,21.992471449004807,21.970795239199557,22.05178540745824,22.10847289373459,21.43659565,,-3.1,15
2026-01-22 15:30,1204.4875976874646,158.4806427360345,207.15228812559872,0,0,0,0,0,0,0,0,0,60.22437988437323,7.924032136801725,10.357614406279936,0,0,0,0,0,0,0,0,0,21,21,21,21,21,21,18,21,17,21,18,,21,21,21,21.227146467232146,21.233944561060397,21.300259178835663,21.851246303860545,21.85251530421138,21.93781626164635,21.980109487211216,21.43506125,,-3.2,117
2026-01-22 15:45,1205.7642874958874,161.19840507729168,206.56910979859092,0,0,0,0,0,0,0,0,0,60.28821437479437,8.059920253864584,10.328455489929546,0,0,0,0,0,0,0,0,0,21,21,21,21,21,21,18,21,17,21,18,,21,21,21,21.231130691428184,21.236439793983376,21.305099473159668,21.763144100529374,21.778634894935223,21.869715073254326,21.90982683,21.44426325749345,,-3.4,60
2026-01-22 16:00,1209.1588831241188,158.2891987123803,207.02588917769023,0,0,0,0,0,0,0,0,0,60.45794415620593,7.914459935619016,10.351294458884512,0,0,0,0,0,0,0,0,0,21,21,21,21,21,21,18,21,17,21,18,,21,21,21,21.220385975322905,21.22271678756095,21.29253535696386,21.653887638440647,21.674674426801484,21.77187733360089,21.812368752340223,21.440661876203222,,-3,1
2026-01-22 16:15,1210.743652080928,151.986547,207.8231373607632,0,0,0,0,0,0,0,0,0,60.53718260404641,7.5993273500640495,10.391156868038161,0,0,0,0,0,0,0,0,0,21,21,21,21,21,21,18,21,17,21,18,,21,21,21,21.223081457627565,21.2224128,21.297632023140675,21.579270674795904,21.606303485025716,21.72089368647033,21.75796214,21.46412617439459,,-3.5,1
2026-01-22 16:30,0,334.32418196022263,0,0,0,0,0,0,0,0,0,0,0,16.71620909801113,0,0,0,0,0,0,0,0,0,0,17.039999999999996,21,16.06,21,21,21,18,21,20.960000000000004,21,18,,21,21,21,21.21146586583411,21.205456040703613,21.285297626031728,21.48556822324413,21.517260661841643,21.65445504167295,21.68760874600811,21.489085118079327,,-4.1,3
2026-01-22 16:45,165.53503405848156,409.7812208421698,0,9.664246930173247,15.504819661002935,0,0,34.11939231353972,4.763723094457115,0,0,0,8.276751702924077,20.48906104210849,0,0.6442831286782165,1.2403855728802347,0,0,2.7295513850831776,0.38109784755656917,0,0,0,16.999999999999996,21,15.999999999999998,21,21,21,18,21,21,21,18,,18.53576957635737,21,20.830343692178424,21.16419285273949,21.15404312073155,21.23585905289872,21.261246349655806,21.29234583813359,21.391971034613587,21.425238796428825,21.33132942176385,,-4.9,0
2026-01-22 17:00,314.7579713699512,428.1536215069378,0,88.39570888082622,107.771772,3.7468711729998176,0,142.00084456493033,78.1572924,42.58690234178357,0,0,15.73789856849756,21.40768107534689,0,5.893047258721748,8.621741764,0.7493742345999636,0,11.360067565194427,6.252583392314263,3.406952187342686,0,0,17,21,16,21,21,21,18,21,21,21,18,,17.265067514857773,21,20.80881411023532,21.041014831729868,21.031195303747747,21.10002666654329,20.973151493145348,21.03401324405822,21.08132788974305,21.112245332593236,21.13378774946053,,-4.5,0
2026-01-22 17:15,379.0088966722215,447.0395358,0,134.09098699927318,154.31091022972396,27.76398812671201,0,165.83556636053254,113.76279440764604,80.73144021783446,0,0,18.950444833611076,22.35197679,0,8.939399133,12.344872818377917,5.552797625342402,0,13.266845308842603,9.101023552611682,6.458515217426757,0,0,17,21,16,21,21,21,18,21,21,21,18,,17,21,20.802771700452126,21,21,21.005936232012004,20.81969852,21,21,21,21.009505695386025,,-4.8,0
2026-01-22 17:30,423.01532625804793,469.9669743938375,0,154.5104587,176.3467343418488,39.85273615713777,0,174.86448901874974,125.48726886820803,98.71251883,0,0,21.150766312902398,23.498348719691876,0,10.300697243923667,14.107738747347902,7.970547231427554,0,13.989159121499979,10.038981509456642,7.897001506576344,0,0,17,21,16,21,21,21,18,21,21,21,18,,17,21,20.79659175891154,21,21,21,20.78449789476663,21,21,21,20.95178276250553,,-5.1,0
2026-01-22 17:45,459.5288298521082,490.7820719536321,0,172.04207808808314,195.6983540770452,50.00025404927328,0,182.76005561070636,137.21111350309184,112.79360185151744,0,0,22.97644149260541,24.539103597681606,0,11.469471872538877,15.655868326163615,10.000050809854656,0,14.620804448856509,10.976889080247346,9.023488148121395,0,0,17,21,16,21,21,21,18,21,21,21,18,,17,21,20.790557083144314,21,21,21,20.768050641023603,21,21,21,20.91617604,,-5.5,0
2026-01-22 18:00,494.64705864119605,510.4361145284329,0,188.5025890738725,214.3035272,59.22726062284528,0,190.66576734363295,148.42811277079272,123.79393996329964,0,0,24.732352932059804,25.521805726421643,0,12.566839271591501,17.14428217885128,11.845452124569055,0,15.253261387490635,11.874249021663418,9.903515197063971,0,0,17,21,16,21,21,21,18,21,21,21,18,,17,21,20.78477997464693,21,21,21,20.75514393510573,21,21,21,20.888581723156182,,-5.2,0
2026-01-22 18:15,525.2424212827164,528.5782438500028,0,204.25730560768895,232.27557510761835,67.96594858351273,0,198.54868097863985,159.17924917716118,132.54496541152184,0,0,26.26212106413582,26.42891219250014,0,13.617153707179263,18.582046008609467,13.593189716702545,0,15.88389447829119,12.734339934172894,10.603597232921748,0,0,17,21,16,21,21,21,18,21,21,21,18,,17,21,20.778953375378254,21,21,21,20.742061683111856,21,21,21,20.862393625299568,,-6.2,0
2026-01-22 18:30,553.5091986443048,547.0849409122341,0,0,110.92294297026385,30.32324802956864,1000,104.35068068202963,0,61.56864378351311,1500,0,27.67545993221524,27.354247045611704,0,0,8.873835437621107,6.064649605913728,100,8.348054454562371,0,4.925491502681049,100,0,17,21,16,17.04,21,21,24.920000000000005,21,18.03,21,23.930000000000003,,17,21,20.773392995294845,21,21,21,20.729513450009293,21,21,21,20.84103572897613,,-7,0
2026-01-22 18:45,589.9102833742236,561.1355508324577,0,0,0,0,1000,0,0,0,1500,0,29.49551416871118,28.056777541622886,0,0,0,0,100,0,0,0,100,0,17,21,16,17,21,21,25,21,18,21,24,,17,21,20.767710856740564,20.95715594957581,21.018807476463778,21.07830260584851,22.37521904441825,21.002999201841757,20.92785854316916,21.02352309758905,21.961712699275445,,-7.7,0
2026-01-22 19:00,619.0361284906103,574.3935394,0,0,0,0,1000,0,0,0,1500,0,30.951806424530513,28.719676970639103,0,0,0,0,100,0,0,0,100,0,17,21,16,17,21,21,25,21,18,21,24,,17,21,20.76302680721776,21.17437576,21.15914623699962,21.284176066016848,22.62422943287354,21.06784744270996,21.100920433590492,21.13696484,22.25275700463814,,-7.7,0
2026-01-22 19:15,646.1345906711549,586.3363416399116,0,0,0,0,1000,0,0,0,1500,0,32.30672953355774,29.316817081995577,0,0,0,0,100,0,0,0,100,0,17,21,16,17,21,21,25,21,18,21,24,,17,21,20.75878701709636,21.28485140487146,21.26372475147489,21.396436219720087,22.68335009036941,21.12728110700137,21.16453455483345,21.197376646781706,22.35104964,,-8.3,0
2026-01-22 19:30,2000,598.9158069269379,0,0,0,0,1000,0,0,0,1500,0,100,29.945790346346893,0,0,0,0,100,0,0,0,100,0,24.91,21,16,17,21,21,25,16.06,18,21,24,,17,21,20.754886716149983,21.377579245056182,21.355042642062596,21.495156642743908,22.75354026283936,21.178421084438018,21.214909788525425,21.248558757419534,22.445652999692204,,-9,0
2026-01-22 19:45,2000,608.8931984994996,0,0,0,0,1000,0,0,0,1500,0,100,30.444659924974978,0,0,0,0,100,0,0,0,100,0,24.999999999999996,21,15.999999999999998,16.999999999999996,21,21,24.999999999999996,15.999999999999998,18,21,24,,19.449352250873925,21,20.75095556094796,21.54119492236031,21.52123962320996,21.675560623054245,22.850784420581835,21.26828074627789,21.30469343122552,21.33978694232467,22.60595730624204,,-9.5,0
2026-01-22 20:00,2000,619.3975523237289,0,0,0,0,1000,0,0,0,1500,0,100,30.969877616186444,0,0,0,0,100,0,0,0,100,0,25,21,16,17,21,21,25,16,18,21,24,,20.61185936078448,21,20.747771585027184,21.717213855387232,21.69642146483409,21.86106754,22.949701470595933,21.361604130815724,21.39779744293412,21.43370019700793,22.778029482522555,,-8.7,0
2026-01-22 20:15,2000,629.5551786497526,0,0,0,0,1000,0,0,0,1500,0,100,31.47775893248763,0,0,0,0,100,0,0,0,100,0,25,21,16,17,21,21,25,16,18,21,24,,21.345586221289995,21,20.74424276121115,21.810662469467943,21.78580412581345,21.95525141829144,23.002798056513004,21.407872783590943,21.443638652985435,21.47951912931289,22.868258356865017,,-9.3,0
2026-01-22 20:30,2000,127.72101318718632,2000,0,0,0,1000,0,0,0,1500,0,100,6.386050659359316,100,0,0,0,100,0,0,0,100,0,25,21,24.9,17,21,21,25,16,18,21,24.000000000000004,,21.76492992566928,21,20.740893179386248,21.856946867498184,21.82875116447585,22.00266052988207,23.029467855545484,21.428082072710104,21.46376641692496,21.49943567560332,22.911552196161477,,-9.8,0
2026-01-22 20:45,2000,0,2000,0,0,0,1000,0,0,0,1500,0,100,0,100,0,0,0,100,0,0,0,100,0,25,21,25,17,21,21,25,16,18,21,24,,21.982503090722787,21.40385544352761,22.371062492366956,21.903973771178517,21.874082674044477,22.054344316946715,23.05206749424798,21.44541090545392,21.48141188289811,21.516998817107275,22.95543403894692,,-10.1,0
2026-01-22 21:00,2000,0,2000,0,0,0,1000,0,0,0,1500,0,100,0,100,0,0,0,100,0,0,0,100,0,25,21,25,17,21,21,25,16,18,21,24,,22.13736290386563,22.120732084298883,23.123956161460256,21.948548877597776,21.91562849,22.10098804335969,23.07158255914802,21.46014935516724,21.49657992590251,21.531933815367317,22.996409402706373,,-8.4,0
2026-01-22 21:15,2000,0,2000,0,0,0,1000,0,0,0,1500,0,100,0,100,0,0,0,100,0,0,0,100,0,25,21,25,17,21,21,25,16,18,21,24,,22.262495996726912,22.47162827105391,23.48601929859429,21.97480142827277,21.938405736387796,22.12709509353371,23.08241538739537,21.466298964479083,21.503136136254355,21.53811658937086,23.01952253615504,,-8.7,0
2026-01-22 21:30,2000,0,2000,0,0,0,1000,0,1119.5123628422814,0,1500,0,100,0,100,0,0,0,100,0,89.56098902738252,0,100,0,25,21,25,17,18.03,21,25,16,22.94,21,24.000000000000004,,22.369213665357336,22.68874772782182,23.71355433045982,21.993771491367035,21.954182558104765,22.146244316617093,23.088204359387596,21.467896618113706,21.50527874591132,21.539879188488896,23.03555227453302,,-9.2,0
2026-01-22 21:45,2000,0,2000,0,0,0,1000,0,891.4707754067786,0,1500,0,100,0,100,0,0,0,100,0,71.31766203254229,0,100,0,25,21,25,17,18,21,25,16,23,21,24,,22.42430230310371,22.91162729214913,23.953790896654542,22.02113771499211,21.97876487149225,22.174986566851143,23.254582462052625,21.637935167694923,22.841013720882373,21.716111114795527,23.059871039924264,,-9.6,0
2026-01-22 22:00,2000,0,2000,0,0,0,1000,0,780.4330458225813,0,1500,0,100,0,100,0,0,0,100,0,62.434643665806504,0,100,0,25,21,25,17,18,21,25,16,23,21,24,,22.46727225,23.09249391564897,24.14124357,22.055721020104688,22.01023499030985,22.21028382501807,23.58964752512474,21.981828947544606,23,22.06561232,23.091377255061904,,-8.6,0
2026-01-22 22:15,2000,0,2000,0,0,0,1000,0,716.2157109,0,1500,0,100,0,100,0,0,0,100,0,57.29725687353552,0,100,0,25,21,25,17,18,21,25,16,23,21,24,,22.526218266691536,23.20518874824419,24.25948752259131,22.084290570816275,22.035813264045967,22.238580325837905,23.71689949748958,22.106807724621028,23,22.189780219289883,23.11775710238757,,-8.5,0
2026-01-22 22:30,2000,0,2000,1500,0,0,0,0,761.6696721449596,0,0,0,100,0,100,100,0,0,0,0,60.93357377159677,0,0,0,25,21,25,23.92,18,21,21.04,16,23.000000000000004,21,21.03,,22.58587770899052,23.287921788168436,24.345443916830227,22.10781492938701,22.05638013338057,22.26131409755345,23.78241138104257,22.16922179019046,23,22.25255327017148,23.139354813197645,,-8.5,0
2026-01-22 22:45,2000,0,2000,1500,0,0,0,0,931.6715393877512,0,0,0,100,0,100,100,0,0,0,0,74.53372315,0,0,0,25,21,25,24,18,21,21,16,23,21,21,,22.63125110493999,23.404685233586243,24.473435084065027,23.20706260590611,22.10192859,22.311288929045787,22.22717525299874,22.126389425351025,23.000000000000004,22.20678639733262,22.146818514656644,,-8.7,0
2026-01-22 23:00,2000,0,2000,1500,0,0,0,0,967.5818169,0,0,0,100,0,100,100,0,0,0,0,77.40654535355921,0,0,0,25,21,25,24,18,21,21,16,23,21,21,,22.67567469564032,23.51829016,24.59138004613708,23.303180544889265,22.14428491941605,22.35624994327012,21.94607864799963,21.942158403363173,23,22.01921927141296,22.13156132197302,,-8.1,0
2026-01-22 23:15,2000,0,2000,1500,0,0,0,0,992.5024443299662,0,0,0,100,0,100,100,0,0,0,0,79.40019555,0,0,0,25,21,25,24,18,21,21,16,23,21,21,,22.71067679545719,23.582910585318466,24.658859614747342,23.307906494401625,22.156796357393777,22.370194486422044,21.90448581951394,21.884369499423403,23,21.963208833716184,22.157183595817084,,-8.3,0
2026-01-22 23:30,36.79973413859382,0,2000,1440.4745713938555,0,0,0,1250,671.1221931,0,1469.0746685592392,0,1.8399867069296911,0,100,96.03163809,0,0,0,100,53.68977544543992,0,97.93831124,0,17.09,21,24.99999999999999,24,18,21,21,23.91,23,21,23.969999999999995,,22.73216879452716,23.627368683281524,24.70629526624804,23.333323627622644,22.16530303640029,22.381326877951214,21.852468711629797,21.85824292,23,21.936677073386903,22.152203396963905,,-8.8,0
2026-01-22 23:45,378.24265616904927,0,2000.0000000000032,1065.8033582867922,0,0,0,1250.000000000002,365.9135793264551,0,1242.2235723766798,0,18.912132808452466,0,100,71.05355721911948,0,0,0,100,29.273086346116404,0,82.81490482511198,0,17.00000000000003,21.00000000000003,25.00000000000004,24.00000000000004,18.000000000000025,21.00000000000003,21.00000000000003,24.00000000000004,23.00000000000004,21.00000000000003,24.00000000000004,,18.92923527825291,23.74156758854827,24.83224713704829,23.72461764380618,22.60108237492109,22.855367811000644,22.13528002,23.43695856601234,23.000000000000004,22.253847436281525,23.590580653629548,,-8.6,0
2026-01-23 0:00,633.7146658628117,0,2000,959.2309850180682,0,0,0,1250,323.26833402706325,0,1136.197978025004,0,31.685733293140583,0,100,63.94873233453788,0,0,0,100,25.86146672216506,0,75.74653187,0,17,21,25,24,18,21,21,24,23,21,24,,17.248591046342504,23.840065109702003,24.93514313,24.00000000000004,23.14063159,23.41796395153689,22.44716413967168,23.81438736572887,23.00000000000004,22.58659246567344,23.99821252446701,,-8.3,0
2026-01-23 0:15,614.8900837328092,0,1967.616454721734,950.8792955373136,0,0,0,1250,313.6359989548328,0,1116.1528623216363,0,30.744504186640462,0,98.38082274,63.391953035820904,0,0,0,100,25.090879916386626,0,74.41019082144243,0,17,21,25,24,18,21,21,24,23,21,24,,17,23.89636774428752,24.99055568055261,24,23.219702974387964,23.484096497125407,22.51436809985296,23.88841698,23,22.65591058107367,24.000000000000004,,-8.4,0
2026-01-23 0:30,685.0882745827275,0,1919.2310603792864,921.8428945318664,0,0,0,1250,296.87172254521647,0,1083.8142074963323,0,34.254413729136374,0,95.96155301896432,61.456192968791086,0,0,0,100,23.749737803617318,0,72.25428049975548,0,17,21,25,24,18,21,21,24,23,21,24,,17,23.925256917261816,25,24,23.22291767020697,23.49248525,22.513542321269632,23.920094491388365,23,22.661125660015838,24.000000000000004,,-9.1,0
2026-01-23 0:45,724.4327249727112,0,1885.8871746811928,908.4018682697424,0,0,0,1250,286.8031950047334,0,1070.5523775544643,0,36.221636248635555,0,94.29435873405964,60.56012455131616,0,0,0,100,22.944255600378675,0,71.37015850363096,0,17,21,25,24,18,21,21,24,23,21,24,,17.000000000000004,23.943030159643456,25,24,23.238875587203378,23.50801017109774,22.52727768316851,23.951481142536828,23,22.68024277184773,24,,-9.6,0
2026-01-23 1:00,755.8291567572978,0,1863.6881838395784,887.1136060453427,0,0,0,1250,270.8918909958775,0,1050.711485171145,0,37.79145783786489,0,93.18440919197892,59.14090706968952,0,0,0,100,21.671351279670198,0,70.04743234474299,0,17,21,25,24,18,21,21,24,23,21,24,,17,23.953260863447063,25,24,23.24757991497448,23.51543901,22.537432826335035,23.972459755774416,23,22.69384117606222,24,,-9.5,0
2026-01-23 1:15,805.2536222318668,0,1845.7599148317968,875.0635673711295,0,0,0,1236.251644426833,260.5888959,0,1040.435011814283,0,40.26268111159334,0,92.28799574158984,58.33757116,0,0,0,98.90013155414664,20.84711167503032,0,69.36233412,0,17,21,25,24,18,21,21,24,23,21,24,,16.999999999999996,23.96050613720997,25,24,23.260193793273068,23.52903572359879,22.55063081746256,23.99577604711782,23,22.711053590467152,24,,-9.4,0
2026-01-23 1:30,843.1390181446332,0,0,853.9486328388639,901.5337377598348,0,259.7352893837895,1207.5983374165708,0,0,0,0,42.15695090723166,0,0,56.92990885592425,72.12269902078678,0,25.973528938378948,96.60786699332566,0,0,0,0,17,21,20.06,24.000000000000004,23.930000000000003,21,22.98,24.000000000000004,16.08,21,19.06,,17,23.966617552505184,25,24,23.267158990930124,23.536297380814798,22.559621252029626,24,23,22.723339388891773,24,,-9.8,0
2026-01-23 1:45,875.4909209722118,0,0,860.9993965152626,986.4388049,0,255.74032465132768,1195.5821961276042,0,0,0,0,43.77454604861059,0,0,57.399959767684166,78.91510439231672,0,25.574032465132767,95.64657569020834,0,0,0,0,17,21,20,24,24,21,23,24,16,21,19,,17,23.225805931038995,23.361435332060964,24.000000000000004,23.930000000000003,23.550500462305223,22.98,24.000000000000004,22.757779638028445,22.749039361670665,23.294322612856064,,-9.9,0
2026-01-23 2:00,912.0197949688518,0,0,842.3231860097147,962.0089480887884,0,250.11537381113885,1187.3129875770974,0,0,0,0,45.600989748442586,0,0,56.15487906731431,76.96071584710307,0,25.011537381113886,94.98503901,0,0,0,0,17,21,20,24,24,21,23,24,16,21,19,,17,22.13935180884059,22.258826065369007,24,24,23.544023180257906,23,24,22.754821543249847,22.758956249190703,23.25394046,,-10,0
2026-01-23 2:15,945.1210966,8.590557871088095,0,839.4504492738051,955.5524272289512,0,247.07832439131928,1182.9149136594517,0,0,0,0,47.25605483,0.42952789355440474,0,55.96336328492034,76.44419418,0,24.70783243913193,94.63319309275613,0,0,0,0,17,21,20,24,24,21,23,24,16,21,19,,17,21.48813478433101,21.595574851997384,24,24,23.55844647348117,23,24,22.75819205240097,22.765352793677025,23.260626258233977,,-10.2,0
2026-01-23 2:30,975.1550328,263.8888118334562,0,0,954.3218897,0,245.42098483701196,1180.0594423385628,0,0,0,0,48.75775164,13.19444059167281,0,0,76.34575118,0,24.542098483701196,94.40475538708502,0,0,0,0,17,21,20,21.03,24,21,23,24,16,21,19,,17,21.082887341711626,21.182305237308576,24,24,23.561650704568144,23,24,22.75827722038137,22.76798726600344,23.25838803815697,,-10.6,0
2026-01-23 2:45,1002.251355130631,373.3916258773716,0,0,1110.6279472716924,0,244.63772457628693,1178.1959558882809,0,0,0,0,50.112567756531554,18.669581293868582,0,0,88.85023578173539,0,24.463772457628693,94.25567647106247,0,0,0,0,17,21,20,21,24,21,23,24,16,21,19,,17,21,20.94842260635111,23.410419144285186,24,23.56167645849374,23,24,22.75747131937776,22.769141825308857,23.25351888571837,,-10.9,0
2026-01-23 3:00,1022.8532070127512,419.3796206458173,0,0,1143.5197601289765,0,243.90042377125064,1176.230178496582,0,0,0,0,51.14266035063756,20.968981032290863,0,0,91.48158081031812,0,24.390042377125063,94.09841427972657,0,0,0,0,17,21,20,21,24,21,23,24,16,21,19,,16.999999999999996,21,20.90064303354917,23.254414588697617,24,23.44227623928741,23,24,22.75623966015909,22.769527204673597,23.14357508257787,,-11.6,0
2026-01-23 3:15,1042.1469931173742,452.5319914449137,0,0,1248.4631670642048,0,247.8975735915974,1181.5801300805797,0,0,0,0,52.10734965586871,22.626599572245684,0,0,99.87705336513638,0,24.78975735915974,94.52641040644637,0,0,0,0,17,21,20,21,24,21,23,24,16,21,19,,17,21,20.885331060662228,23.24107540606929,24,23.41343615337388,23,24,22.75536245958616,22.76997093116936,23.105311154762504,,-12,0
2026-01-23 3:30,2000,498.8304172056729,0,0,1249.9999999999998,0,251.81453281537688,1186.7837254745511,0,0,0,0,100,24.941520860283646,0,0,99.99999999999997,0,25.18145328153769,94.94269803796409,0,0,0,0,20.96,21,20,22.98,24,21,23,24,15.999999999999998,21,19,,17,21,20.865690049305165,23.164516653581668,24,23.334005698839015,23,24,22.747589584605848,22.763213313319632,23.03234038059005,,-12.5,0
2026-01-23 3:45,2000,524.8435789261639,0,97.62577590379078,1250,0,258.7749943553689,1196.7339093630676,0,0,0,0,100,26.242178946308194,0,6.508385060252719,100,0,25.87749943553689,95.73871274904542,0,0,0,0,21,21,20,23.000000000000004,24.000000000000004,21,23.000000000000004,24.000000000000004,16,21,19,,18.69073131844796,21,20.846132571648912,23.06431024021122,23.908473919752048,23.231791853731927,23,24,22.739733423243667,22.75626426315749,22.93493953836799,,-12.8,0
2026-01-23 4:00,2000,544.7073315236375,0,170.12079443631592,1250,0,263.1768614186949,1202.6745266081743,0,0,0,0,100,27.235366576181878,0,11.341386295754395,100,0,26.31768614186949,96.21396212865395,0,0,0,0,21,21,20,23,24,21,23,24,16,21,19,,19.542946878253115,21,20.832723891359677,23.000000000000004,23.780246303372103,23.096420623973827,23.000000000000004,24.000000000000004,22.727064608075807,22.744350091049093,22.80448397500248,,-12.4,0
2026-01-23 4:15,2000,562.5803995,0,192.62925099072163,1250,0,265.4360789,1205.2953633140132,0,0,0,0,100,28.129019975146548,0,12.841950066048108,100,0,26.543607893396803,96.42362906512106,0,0,0,0,21,21,20,23,24,21,23,24,16,21,19,,20.060011267437496,21,20.821317308753677,23,23.72958431492174,23.046054402344087,23,24,22.71819891512639,22.73626630896129,22.748599366560263,,-12.7,0
2026-01-23 4:30,2000,577.9618153496194,0,209.8520132548292,1250,0,267.07604325864486,1206.975259545361,0,0,0,0,100,28.898090767480973,0,13.990134216988611,100,0,26.707604325864487,96.55802076362889,0,0,0,0,21,21,20,23,24,21,23,24,16,21,19,,20.35824309833478,21.000000000000004,20.81333076264569,23,23.713184717474636,23.03004405,23,24,22.71327010801015,22.73204753495423,22.72866977,,-13,0
2026-01-23 4:45,2000,594.5503494725162,0,226.44585328639369,1250,0,269.29047241346416,1209.5745079144726,0,0,0,0,100,29.727517473625813,0,15.096390219092912,100,0,26.929047241346417,96.76596063315782,0,0,0,0,21,21,20,23,24,21,23,24,16,21,19,,20.53056410166726,21,20.805117897659287,23,23.70300105573896,23.020326942843305,23,24,22.709707775160684,22.72913115252234,22.71562317688556,,-13.1,0
2026-01-23 5:00,2000,610.8009714225955,0,241.9787006849001,1250,0,271.6967035,1212.433178038249,0,0,0,0,100,30.540048571129773,0,16.13191337899334,100,0,27.169670347657302,96.99465424305993,0,0,0,0,21,21,20,23,24,21,23,24,16,21,19,,20.643302686506956,21,20.79723162430265,23,23.69206198992199,23.009930107551707,23,24,22.70538223678214,22.725387547943743,22.70202015036614,,-12.9,0
2026-01-23 5:15,2000,626.2333154638254,0,257.99936740787234,1250,0,274.5235943786738,1215.9641815010582,0,0,0,0,100,31.311665773191272,0,17.19995782719149,100,0,27.45235943786738,97.27713452008466,0,0,0,0,21,21,20,23,24,21,23,24,16,21,19,,20.721376067115727,21,20.78953771549397,23,23.68165130221752,23.000372914079477,23,24,22.700828618532903,22.721391826310512,22.68904743,,-13.4,0
2026-01-23 5:30,1662.533164013542,0,0,362.4549701600384,0,0,0,1230.6655053581694,0,0,0,0,83.1266582,0,0,24.16366467733589,0,0,0,98.45324042865356,0,0,0,0,20.01,18.03,20,23,21.03,21,16.08,24,20.94,21,19,,20.77385980135579,21,20.782256337485684,23,23.670815510823545,22.99039197262835,23,24,22.695767596522053,22.71683990671283,22.67593799816934,,-13.9,0
2026-01-23 5:45,1800.2892247520776,0,0,670.4346844237116,0,0,0,1250,0,0,0,0,90.01446123760388,0,0,44.69564562824744,0,0,0,100,0,0,0,0,20,18,20,23,21,21,16,24,21,21,19,,19.95821634615308,20.46193134077945,20.570688458551324,23,22.70265569343032,22.91525631749906,22.56023021833288,23.994225864708515,22.67486278235393,22.69604374647675,22.610105412165456,,-14.3,0
2026-01-23 6:00,1786.6086329957309,0,114.1157441160376,844.8040427010528,0,0,0,1250,0,0,0,0,89.33043164978655,0,5.705787206,56.320269513403524,0,0,0,100,0,0,0,0,20,18,20,23,21,21,16,24,21,21,19,,20,20.07964430502764,20.17874784,23,22.44812286303877,22.67848457720163,22.461206653620813,23.94018492596089,22.59693601718392,22.617812464690616,22.387019036937232,,-14.1,0
2026-01-23 6:15,1800.3896712367914,0,276.67703344582696,942.7109456904946,0,0,0,1250,0,0,0,0,90.01948356183958,0,13.833851672291349,62.84739638,0,0,0,100,0,0,0,0,20,18,20,23,21,21,16,24,21,21,19,,20,19.83838310391611,20,23,22.315492278057786,22.54345533421818,22.39986146,23.879787747505446,22.53413772564369,22.555254607826075,22.25038521418731,,-14.6,0
2026-01-23 6:30,1809.639733459213,0,299.6062920735203,1005.0627138163908,0,0,0,1250,0,0,0,0,90.48198667296064,0,14.980314603676016,67.00418092109271,0,0,0,100,0,0,0,0,20,18,20,23,21,21,16,24,21,21,19,,20.000000000000004,19.77215544157893,20,23,22.237119290901813,22.46866165603052,22.35240365851632,23.83767681753622,22.49074825320989,22.512139356457023,22.17403166688298,,-14.9,0
2026-01-23 6:45,1819.7270727950345,0,322.1024566232445,1051.728550302549,0,0,0,1250,0,0,0,0,90.98635363975173,0,16.105122831162227,70.11523669,0,0,0,100,0,0,0,0,20,18,20,23,21,21,16,24,21,21,19,,20,19.76560735204865,20,23,22.187137536110995,22.42195838301185,22.30856120437396,23.79856545502537,22.45004421894345,22.471603945855087,22.125003300279182,,-15,0
2026-01-23 7:00,1819.681526645738,0,337.5473857879115,1100.6731462741009,0,0,0,1250,0,0,0,0,90.98407633,0,16.877369289395574,73.37820975160672,0,0,0,100,0,0,0,0,20,18,20,23,21,21,16,24,21,21,19,,20,19.75973870267951,20,23,22.150111532906003,22.387677492482787,22.28055289811594,23.77401603596308,22.424529451972056,22.446513166225333,22.087735893953763,,-14.8,0
2026-01-23 7:15,1818.6760030944297,0,354.5862865697709,1138.307064288034,0,0,0,1250,0,0,0,0,90.93380015472148,0,17.729314328488545,75.88713761920228,0,0,0,100,0,0,0,0,20,18,20,23,21,21,16,24,21,21,19,,20,19.751019495795656,20,23,22.112835026155103,22.35131134792942,22.24103946309004,23.73652261120896,22.385780008518942,22.40781523965024,22.050486161085274,,-15.3,0
2026-01-23 7:30,1816.9903947530263,0,373.71754619191057,0,0,0,0,0,0,0,0,0,90.84951974,0,18.68587730959553,0,0,0,0,0,0,0,0,0,20,18,20,18.06,21,21,16,16.09,18.03,21,19,,20,19.74306456758288,20,23,22.083609068888727,22.323363350891647,22.212930232521245,23.71063673698455,22.359034446629597,22.38146045346703,22.02089113700453,,-15.3,0
2026-01-23 7:45,1814.9852036321429,0,382.0349375199021,0,0,0,0,0,0,0,0,0,90.74926018160714,0,19.101746875995104,0,0,0,0,0,0,0,0,0,20,18,20,18,21,21,16,16,18,21,19,,20,19.737006384087813,20,22.034604285438437,21.90350281924272,22.12597074482485,21.982038059416983,22.212590649927225,22.11381681971132,22.132688375079884,21.84705139731217,,-15.3,10
2026-01-23 8:00,1814.1619167343545,0,389.62120191054055,0,0,0,0,0,0,0,0,0,90.70809583671772,0,19.481060095527027,0,0,0,0,0,0,0,0,0,20,18,20,18,21,21,16,16,18,21,19,,20,19.73216042951049,20,21.64219410628075,21.55577728392686,21.75781968854913,21.52214366296501,21.657453860543647,21.63357915944529,21.649182019997955,21.50234862070551,,-14.1,64
2026-01-23 8:15,1813.400863190518,0,398.6715806216144,0,0,0,0,0,0,0,0,0,90.67004316,0,19.933579031080722,0,0,0,0,0,0,0,0,0,20,18,20,18,21,21,16,16,18,21,19,,20,19.72820765055024,20,21.493506845891243,21.40616250195211,21.60628561549517,21.32046398626656,21.46802360099358,21.428390723344435,21.44583946616016,21.34358720176996,,-14.6,78
2026-01-23 8:30,1811.075291338715,0,400.0224210943306,0,0,0,0,0,0,0,0,0,90.55376456693574,0,20.001121054716528,0,0,0,0,0,0,0,0,0,20,18,20,18,21,21,16,16,18,21,19,,20,19.72490927167689,20,21.336726337904523,21.259579026724868,21.446550873353075,21.134371333458592,21.254578423012624,21.23221723968092,21.24807586,21.197876373754795,,-14.9,117
2026-01-23 8:45,1807.5746877384408,0,397.9511461811308,0,0,0,0,0,0,50.04104956202718,0,0,90.37873438692203,0,19.89755730905654,0,0,0,0,0,0,4.003283964962175,0,0,20,18,20,18,21,21,16,16,18,21,19,,20,19.72636869974346,20,21.182000379742867,21.11978723079406,21.28431131008764,20.959700141983443,21.065343188099074,21.036926916708488,21.052270687291877,21.04589342203576,,-14.6,155
2026-01-23 9:00,1791.7096708100944,0,387.1223900266177,0,25.88323835173469,0,0,0,0,201.49814469853845,0,0,89.58548354050473,0,19.356119501330888,0,2.070659068138775,0,0,0,0,16.119851575883075,0,0,20,18,20,18,21,21,16,16,18,21,19,,20,19.732699495158823,20,21.110111518077545,21.06784935617369,21.210523477119956,20.877170155706896,20.975552807806668,20.933287640543018,21,20.97421994440826,,-13.7,216
2026-01-23 9:15,1775.1188568734078,0,374.4410515623604,0,133.80456117971153,63.837041955155655,0,0,0,326.46302295652094,0,0,88.75594284367038,0,18.72205257811802,0,10.704364894376923,12.76740839103113,0,0,0,26.117041836521675,0,0,20,18,20,18,21,21,16,16,18,21,19,,20,19.741290103876693,20,20.98516805236809,21.009153698515917,21.06971529688324,20.74640459933683,20.84296589387403,20.77546502869476,21,20.85260666,,-12.7,230
2026-01-23 9:30,1758.3326133012868,2000,535.3676082,0,161.7625549515171,120.0670911215966,0,0,0,429.6697500005809,433.7220208587722,0,87.91663066506433,100,26.768380407914297,0,12.941004396121368,24.01341822431932,0,0,0,34.37358000004647,28.914801390584817,0,20,22.94,20.99,18,21,21,17.98,16,18,21,20.980000000000004,,20,19.753297872714096,20,20.857392740814117,21,21,20.645885039563133,20.73316875201793,20.63682201600705,21,20.72970727521762,,-12.1,265
2026-01-23 9:45,1741.2658836447629,1977.9617790221416,0,0,86.98581842212116,98.80858436,0,0,0,484.5743499193322,404.0918947392056,0,87.06329418223814,98.89808895110708,0,0,6.958865473769692,19.76171687,0,0,0,38.765947993546575,26.939459649280373,0,20,23,21,18,21,21,18,16,18,21,21,,20,21.868822190768004,21.188823410263414,20.80024172022585,21,21,20.56478687896987,20.64488552226745,20.52472801028634,21,20.980000000000004,,-12.1,298
2026-01-23 10:00,1730.9243491667585,1626.8049088868331,0,0,21.800350173456536,95.51396878032634,0,0,0,499.8956546,381.36799564827135,0,86.54621745833792,81.34024544434165,0,0,1.744028013876523,19.102793756065267,0,0,0,39.991652371482246,25.424533043218087,0,20,23,21,18,21,21,18,16,18,21,21,,20,22.819652294859164,21.91519558441268,20.825025728067097,21,21,20.523548314425653,20.600512610178527,20.45964818012208,21,21,,-12.7,346
2026-01-23 10:15,1720.3646275301337,1458.3606246291165,0,0,0,93.49803872,0,0,0,505.2334969,359.4925354802593,0,86.01823137650668,72.91803123145583,0,0,0,18.69960774401746,0,0,0,40.41867975264768,23.966169032017284,0,20,23,21,18,21,21,18,16,18,21,21,,20,23,22.259011623867316,20.83550885,21,21,20.519689727076152,20.59521006323284,20.43734577959764,21,21,,-12.5,357
2026-01-23 10:30,1710.0824610996858,1366.2448111707463,0,0,0,84.779651,0,0,0,505.8347887326054,326.2868385874317,0,85.50412305498429,68.31224055853733,0,0,0,16.95593019914692,0,0,0,40.46678309860843,21.75245590582878,0,20,23,21,18,21,21,18,16,18,21,21,,20,23,22.32181636137205,20.84432974404104,21.021761819806564,21,20.525688142629622,20.59983021379395,20.428399673371903,21,21,,-12.2,382
2026-01-23 10:45,1700.5768138717922,1291.9431646306691,0,0,0,73.16816963,0,0,0,503.94025742411577,282.1909139239142,0,85.02884069,64.59715823153346,0,0,0,14.63363393,0,0,0,40.31522059392926,18.812727594927612,0,20,23,21,18,21,21,18,16,18,21,21,,20,23,22.35145181669608,20.86093119362747,21.06970131159329,21,20.540390395458346,20.61279495287213,20.424788226698546,21,21,,-12,403
2026-01-23 11:00,1698.041280833159,1216.8771605538714,0,0,0,56.91534799315316,0,0,0,500.3288718455248,222.59466306199707,0,84.90206404165794,60.84385802769357,0,0,0,11.383069598630632,0,0,0,40.02630974764199,14.839644204133137,0,20,23,21,18,21,21,18,16,18,21,21,,20,23,22.373639153380257,20.87998275,21.114584214195894,21,20.55536197946964,20.62624063706244,20.42441301164153,21,21,,-12.4,431
2026-01-23 11:15,1693.9958942400092,1158.915958310276,0,0,0,42.90205652757746,0,0,0,496.8868109214684,169.3359335925294,0,84.69979471200045,57.94579792,0,0,0,8.580411305515492,0,0,0,39.75094487371747,11.28906223950196,0,20,23,21,18,21,21,18,16,18,21,21,,20,23,22.393076307669624,20.901019170430164,21.151912877566875,21,20.566166102956213,20.635992378394743,20.42617106003431,21,21,,-12.1,437
2026-01-23 11:30,1689.4016673537085,1111.0795319719575,0,56.010354007066056,0,28.850767666913452,0,148.54827330449842,1250,285.49150391091825,121.58044843287936,0,84.47008336768542,55.55397659859787,0,3.7340236004710703,0,5.7701535333826905,0,11.883861864359874,100,22.83932031287346,8.105363228858625,0,20,23.000000000000004,21,20.97,21,21,18,20.940000000000005,22.94,21,21,,20,23,22.40858906576557,20.91854353373696,21.17446015073272,21,20.569828473229016,20.63883412858611,20.42834160694425,21,21,,-12.2,448
2026-01-23 11:45,1684.6694837380674,1077.6381156183345,0,77.34077626625367,0,12.236243661891422,0,0,1250,6.087134060006065,74.10494755191394,0,84.23347418690336,53.881905780916725,0,5.156051751083578,0,2.4472487323782843,0,0,100,0.4869707248004852,4.9403298367942625,0,20,23,21,21,21,21,18,21,23,21,21,,20,23.000000000000004,22.420820631339176,20.97,21.17361882706085,21,20.74862611960452,20.967651949852613,21.91432883314819,21,21,,-12.2,457
2026-01-23 12:00,1681.2963303287895,1049.1529869955266,0,74.63790874408733,0,5.514082942554524,0,0,1250,0,43.15345228000661,0,84.06481651643948,52.45764934977633,0,4.975860582939155,0,1.102816588510905,0,0,100,0,2.8768968186671073,0,20,23,21,21,21,21,18,21,23,21,21,,20,23,22.428676167861923,21,21.16254846141411,21,21.030664287110472,21.11957180021495,22.28712676,21.01267102005493,21.000000000000007,,-12.3,462
2026-01-23 12:15,1677.8073445203863,1026.911022677337,0,87.53049151676169,0,9.832220061631231,0,0,1250,0,29.98885980384512,0,83.89036722601931,51.34555113386685,0,5.835366101117446,0,1.966444012326246,0,0,100,0,1.9992573202563413,0,20,23,21,21,21,21,18,21,23,21,21,,20,23,22.43475240592985,21,21.135303082483357,21,21.09209841123843,21.17284121338917,22.369077300770712,21.07625549474577,21.000000000000004,,-12.4,462
2026-01-23 12:30,1674.3366693532407,1011.516103331698,0,106.19826874179851,0,17.524795964942314,0,0,1250,0,25.33278968295781,0,83.71683346766204,50.57580517,0,7.079884582786567,0,3.504959192988463,0,0,100,0,1.6888526455305206,0,20,23,21,21,21,21,18,21,23,21,21,,20,23,22.439224492653537,21,21.09405628768548,21,21.129786412653736,21.211129269669225,22.444839448858303,21.133575038023157,21,,-12.5,459
2026-01-23 12:45,1670.915918197168,1001.3058677859262,0,113.33971836796628,0,17.716571695316816,0,0,1250,0,8.133979693335277,0,83.54579591,50.065293389296315,0,7.555981224531086,0,3.5433143390633632,0,0,100,0,0.5422653128890185,0,20,23,21,21,21,21,18,21,23,21,21,,20.000000000000004,23,22.441381907772133,21,21.048992942422487,21,21.15330389565598,21.229435015535568,22.492498578474844,21.17047936122949,21,,-12.5,452
2026-01-23 13:00,1663.403762,996.9773887234442,0,128.97088119285036,28.863801418239746,26.02056635254121,0,0,1250,0,7.670929392759717,0,83.17018811,49.84886943617221,0,8.598058746190024,2.3091041134591794,5.204113270508242,0,0,100,0,0.5113952928506478,0,20,23,21,21,21,21,18,21,23,21,21,,20.000000000000004,23,22.44347897961449,21,21.014715736470908,21,21.164708969672475,21.24521077249957,22.527731616326555,21.197640351230557,21,,-12.3,434
2026-01-23 13:15,1654.962384926277,989.3695267688928,0,139.71806802761785,61.80794629168304,32.34503172801851,0,0,1250,0,1.6723669888924633,0,82.74811924631386,49.46847633844464,0,9.314537868507857,4.944635703334643,6.469006345603702,0,0,100,0,0.11149113259283089,0,20,23,21,21,21,21,18,21,23,21,21,,20,23,22.44528020695931,21,21,21,21.168074782355657,21.25089510676122,22.551981106433423,21.215187891358383,21,,-12.6,428
2026-01-23 13:30,1980.5622431393044,0,0,134.6646922927408,73.21808809151699,27.98568113232468,1000,0,1141.3775819898729,1250,0,0,99.02811215696522,0,0,8.977646152849386,5.857447047,5.5971362264649365,100,0,91.31020655918982,100,0,0,20.99,21.02,21,21,21,21,24.920000000000005,21,23.000000000000004,24.960000000000004,21,,20,23,22.44784946602107,21,21,21.000000000000004,21.181090975879417,21.26521638552626,22.580782204651545,21.238748621299592,21,,-12.7,411
2026-01-23 13:45,1935.8734672002429,0,0,74.47587704660205,26.38213796139462,0,1000,0,660.2426394226507,1250,0,0,96.79367336001215,0,0,4.96505847,2.1105710369115696,0,100,0,52.819411153812055,100,0,0,21,21,21,21,21,21,25,21,23,25,21,,20.67910181727415,22.08752562842333,22.029032024478983,21,21.000000000000007,21,23.023476126185948,21.58416343772386,22.820266086613355,22.86882723493902,21.01420261825291,,-12.7,390
2026-01-23 14:00,1866.8986624317383,0,2.561614712491064,23.19961490647984,0,0,1000,0,434.4023906819475,1250,0,0,93.34493312158692,0,0.1280807356245532,1.5466409937653227,0,0,100,0,34.752191254555804,100,0,0,21,21,21,21,21,21,25,21,23,25,21,,20.97059230601912,21.452238627010324,21.417871618665245,21,21,21.01634796,23.73409892226598,22.25386392302763,23,23.59894553238152,21.07108682635561,,-12.9,351
2026-01-23 14:15,1854.3105583032484,96.24150026615824,163.42788787013342,0,0,0,1000,0,326.36866777107207,1250,0,0,92.71552791516241,4.812075013307912,8.171394394,0,0,0,100,0,26.109493421685766,100,0,0,21,21,21,21,21,21,25,21,23,25,21,,21,21.104588179518192,21.065837277871037,21,21.009508220997997,21.05692440603061,23.995231008212365,22.50190835634788,23,23.867951074009238,21.126725469573664,,-13,340
2026-01-23 14:30,1825.1821441490392,108.17383909618002,204.3769002306108,0,0,0,1000,0,292.8820948297798,1250,0,0,91.25910720745196,5.408691954809001,10.21884501153054,0,0,0,100,0,23.430567586382384,100,0,0,21,21,21,21,21,21,25,21,23,25,21,,21,21,21,21.01192370745168,21.031327714442654,21.08952222947342,24.11694404940994,22.609360012364935,23,24.000028680004394,21.17561562071726,,-13,310
2026-01-23 14:45,1806.7336187266535,117.67489537080836,209.40501020520605,0,0,0,1000,0,209.9192738,1250,0,0,90.33668093633267,5.883744768540418,10.470250510260303,0,0,0,100,0,16.79354190551472,100,0,0,21,21,21,21,21,21,25,21,23,25,21,,21,21,21,21.01434422141373,21.02826314310011,21.09224107284799,24.162316720536523,22.63930043591972,23,24.053483703827528,21.201796837569056,,-13.1,278
2026-01-23 15:00,1799.8013032399213,136.38372053938292,216.21885096175905,0,0,0,1000,0,180.6940121051557,1250,0,0,89.99006516199606,6.819186026969146,10.810942548087953,0,0,0,100,0,14.455520968412456,100,0,0,21,21,21,21,21,21,25,21,23,25,21,,21,21,21,21.048080239528915,21.05557069704245,21.13069265278797,24.24480178068948,22.712701184061537,23,24.150230650018155,21.254425453384084,,-13.3,223
2026-01-23 15:15,1795.178142464435,143.6791566626198,223.08227317559067,0,0,0,1000,0,99.18338192672672,1250,0,0,89.75890712322176,7.1839578331309895,11.154113658779533,0,0,0,100,0,7.934670554138138,100,0,0,21,21,21,21,21,21,25,21,23,25,21,,21,21.000000000000004,21,21.05367932646871,21.05512308793752,21.135089146007697,24.28245333042168,22.741836661224127,23,24.19849339,21.27764718611757,,-13.5,208
2026-01-23 15:30,1793.4382233883125,155.47735780099356,227.0606266409577,0,1250,0,1000,0,0,0,0,0,89.67191116941564,7.773867890049678,11.353031332047886,0,100,0,100,0,0,0,0,0,21,21,21,21,24.96,21,25,21,21.02,16.1,21,,21,21,21,21.09885980318095,21.095548804977955,21.186423611219624,24.35620899403832,22.811067599837724,23,24.29189404654563,21.345469760526065,,-13.6,170
2026-01-23 15:45,1794.9268482249845,171.2161955842348,230.43605084610863,0,1250,0,1000,0,0,0,0,0,89.74634241124922,8.560809779211741,11.521802542305432,0,100,0,100,0,0,0,0,0,21,21,21,21,25,21,25,21,21,16,21,,21,21,21,21.25753517757216,22.16907258888298,21.364836892844764,24.341155035899973,22.78831694407775,22.88077145071429,22.99753405800206,21.507906989199032,,-14.2,131
2026-01-23 16:00,1805.1677915467444,196.86257851811752,234.1788923459608,0,1250,0,1000,0,0,0,0,0,90.25838957733723,9.843128925905877,11.708944617298041,0,100,0,100,0,0,0,0,0,21,21,21,21,25,21,25,21,21,16,21,,21,21,21,21.55771199096521,22.49097412755628,21.682363367613007,24.124740313627875,22.55780246494922,22.649167650059017,22.70848378634895,21.794402034176468,,-14.9,68
2026-01-23 16:15,1819.1680599047288,221.72549843255547,238.85958885144828,0,1250,0,1000,0,0,0,0,0,90.95840299523644,11.086274921627773,11.942979442572414,0,100,0,100,0,0,0,0,0,21,21,21,21,25,21,25,21,21,16,21,,21,21,21,21.72205462419236,22.64999578029184,21.851050363278347,24.024024036980464,22.45123759353261,22.54267157,22.60915520824367,21.933118012507894,,-15.6,54
2026-01-23 16:30,1846.989737112228,265.48628921101044,243.4409488545261,0,1250,0,1000,0,0,0,0,0,92.34948686,13.274314460550523,12.172047442726305,0,100,0,100,0,0,0,0,0,21,21,21,21,25,21,25,21,21,16,21,,21,21,21,21.85400243649094,22.78073087731382,21.99014274075656,23.952004738486316,22.37496108761835,22.46594993811678,22.52782016,22.03682659367397,,-16.4,21
2026-01-23 16:45,1871.634625527852,289.54520490625146,248.4928970821396,0,1250,0,1000,0,0,0,0,0,93.58173128,14.477260245312573,12.42464485410698,0,100,0,100,0,0,0,0,0,21,21,21,21,25,21,25,21,21,16,21,,21,21,21,21.956128772626485,22.879954066689507,22.099083070635515,23.895596742416696,22.31583142098354,22.380432413212237,22.42920746275125,22.01892057,,-17.2,0
2026-01-23 17:00,1894.7359763928189,306.7856184,256.45508212998294,0,1250,0,1000,0,0,0,0,0,94.73679881964094,15.33928091953215,12.822754106499147,0,100,0,100,0,0,0,0,0,21,21,21,21,25,21,25,21,21,16,21,,21,21,21,22.02000110652101,22.941215247559704,22.16708867686909,23.828650534242147,22.24558350128489,22.296335647183557,22.35303013889137,22.034847407257168,,-16.8,0
2026-01-23 17:15,1914.986090152408,323.0505494814157,264.5576306,0,1250,0,1000,0,0,0,0,0,95.74930451,16.152527474070787,13.227881531513049,0,100,0,100,0,0,0,0,0,21,21,21,21,25,21,25,21,21,16,21,,21,21,21,22.06934683588258,22.98769131,22.21974412621141,23.755713145298916,22.16956748956717,22.213389111828437,22.26931649074291,22.06830790679999,,-17.5,0
2026-01-23 17:30,1934.7031349205429,2000,45.20696214185106,0,1249.9999999999998,0,0,0,0,0,0,0,96.73515674602714,100,2.2603481070925526,0,99.99999999999997,0,0,0,0,0,0,0,21,24.96,21,21,24.999999999999996,21,21.04,21,21,15.999999999999998,21,,21,21,21,22.09668621733702,23.01197691705065,22.249116476221594,23.692494619401696,22.10396734532639,22.142127068749996,22.197499164395047,22.08228823,,-18.1,0
2026-01-23 17:45,1954.6269441537463,2000,0,0,1250,0,0,0,0,0,0,0,97.73134720768732,100,0,0,100,0,0,0,0,0,0,0,21,25,21,21,25,21,21,21,21,16,21,,21,22.608247710889792,21.62499437,22.108043796050183,23.02048256138438,22.26233976276879,21.947475806269946,21.862605567214658,21.89348263318521,21.944628610894423,22.082504284905816,,-18.7,0
2026-01-23 18:00,1967.6292314381567,2000,0,0,1250,0,0,0,0,0,0,0,98.38146157190783,100,0,0,100,0,0,0,0,0,0,0,21,25,21,21,25,21,21,21,21,16,21,,21,23.384294606393205,22.453675411200525,22.09438768011345,23.003248956500087,22.248290137571168,21.43441928,21.44005487729584,21.46548879078358,21.51219320082968,22.05903001,,-18.3,0
2026-01-23 18:15,1980.9348096640497,2000,0,0,1250,0,0,0,0,0,0,0,99.04674048320247,100,0,0,100,0,0,0,0,0,0,0,21,25,21,21,25,21,21,21,21,16,21,,21,23.715375277014573,22.775535717406743,22.07001213800022,22.975753477048976,22.223274297150347,21.202458534925277,21.21943896826599,21.24254662473032,21.28876115968632,22.02652843398901,,-18.5,0
2026-01-23 18:30,1994.7158058916275,2000,0,0,1250,0,66.75476501134835,66.53219209202689,47.52510258721304,0,0,0,99.73579029458136,100,0,0,100,0,6.675476501134836,5.322575367362151,3.8020082069770433,0,0,0,21,25,21,21,25,21,21,21,21,16,21,,21,23.902984173252687,22.96789492042336,22.04108115167829,22.943842388319418,22.19347651995302,21.045203790491243,21.071704619606592,21.092472523240914,21.137967810399005,21.990758584547205,,-19.1,0
2026-01-23 18:45,2000,2000,0,0,1250,0,126.19989174004333,149.89980346298398,131.79561096335783,0,0,0,100,100,0,0,100,0,12.619989174004333,11.991984277038718,10.543648877068627,0,0,0,21,25,21,21,25,21,21,21,21,16,21,,21,24.056227488308053,23.12157088175365,22.006105768985925,22.90564152766316,22.15713584829866,21,21,21,20.998915981383785,21.94949988424232,,-19.5,0
2026-01-23 19:00,2000,2000,0,0,1250,0,153.02134764904804,184.4878415864096,167.20296915060862,0,0,0,100,100,0,0,100,0,15.302134764904803,14.759027326912767,13.37623753204869,0,0,0,21,25,21,21,25,21,21,21,21,16,21,,20.98349957972485,24.18130601233168,23.250259860786667,21.96623079,22.862526214468676,22.11576985125365,21,21,21,20.905827071007263,21.90389168435288,,-18.2,0
2026-01-23 19:15,2000,2000,0,0,1250,0,169.58449621362888,203.9628181,186.89505441290748,0,0,0,100,100,0,0,100,0,16.958449621362888,16.31702544699976,14.951604353032598,0,0,0,21,25,21,21,25,21,21,21,21,16,21,,20.95285204447938,24.286551164795064,23.35844773726292,21.92504621875637,22.81832781789901,22.073079002324235,21,21,21,20.868384150023537,21.85781520463189,,-19.1,0
2026-01-23 19:30,2000,2000,0,0,0,0,85.47463785531654,93.07273782326376,82.76977489,1250,0,0,100,100,0,0,0,0,8.547463785531654,7.445819025861101,6.621581991453247,100,0,0,21,25,21,21,18.08,21,21,21,21,24.9,21,,20.91804428544229,24.36080278080973,23.43341428727568,21.890961933784894,22.781586180901407,22.038442393081056,21,21,21,20.84677196772278,21.81919202111724,,-18.7,0
2026-01-23 19:45,2000,2000,0,0,0,0,0,0,0,1250,0,0,100,100,0,0,0,0,0,0,0,100,0,0,21,25,21,21,18,21,21,21,21,25,21,,20.88508865587142,24.453249864487447,23.53316089,21.72401114182297,21.713510935130405,21.850851329951148,21.002345224913427,21.026045121943586,21.032998365962293,22.285783949868826,21.649038453702403,,-18.8,0
2026-01-23 20:00,2000,2000,0,0,0,0,0,0,0,1250,0,0,100,100,0,0,0,0,0,0,0,100,0,0,21,25,21,21,18,21,21,21,21,25,21,,20.84644402,24.539758410311165,23.62162053578348,21.40078431443069,21.351341854353883,21.51093877299698,21.051714938553964,21.12587498117635,21.145192532445275,22.53890178485348,21.32390445770232,,-18.8,0
2026-01-23 20:15,2000,2000,0,0,0,0,0,0,0,1250,0,0,100,100,0,0,0,0,0,0,0,100,0,0,21,25,21,21,18,21,21,21,21,25,21,,20.798737072665336,24.585794125886597,23.668715293879146,21.26052055656725,21.222318284428308,21.379607226312636,21.076345041095596,21.159137659340026,21.179583976561368,22.56589204476351,21.180260397202613,,-19.2,0
2026-01-23 20:30,2000,2000,0,1500,0,0,1000,0,0,1250,26.54496596020472,0,100,100,0,100,0,0,100,0,0,100,1.7696643973469814,0,21,25,21,22.98,18,21,24.960000000000004,21,21,25,21,,20.74749261,24.61473924183272,23.69876218349552,21.16601734256233,21.115288461764333,21.27789310217075,21.084362564011453,21.16926435267748,21.19024306906937,22.59442903080528,21.08252747641063,,-19.6,0
2026-01-23 20:45,2000,2000,0,1500,0,0,1000,0,0,1250,0,0,100,100,0,100,0,0,100,0,0,100,0,0,21,25,21,23,18,21,25,21,21,25,21,,20.70233549805949,24.666320404048545,23.755347131884808,22.154273047944454,21.05178634649303,21.221611313988404,22.73200135795257,21.30281061547472,21.32679544224204,22.743119025979023,21.03704074578162,,-20.1,0
2026-01-23 21:00,2000,2000,0,1500,0,0,1000,0,0,1250,0,0,100,100,0,100,0,0,100,0,0,100,0,0,21,25,21,23,18,21,25,21,21,25,21,,20.65154230773456,24.714442731581705,23.805491469116376,22.337462862927968,21.18991882547657,21.37513499939124,23.10200951695929,21.607361152482305,21.634347218308584,23.05887096030548,21.151033480578548,,-20,0
2026-01-23 21:15,2000,2000,0,1500,0,0,1000,0,0,1250,0,0,100,100,0,100,0,0,100,0,0,100,0,0,21,25,21,23,18,21,25,21,21,25,21,,20.58090830352094,24.73874515,23.83213019906033,22.385195874812418,21.245400818016964,21.43472168291805,23.19968997048288,21.721666844954186,21.748950148169925,23.176893500357654,21.20630615858524,,-20.5,0
2026-01-23 21:30,2000,0,0,1500,0,0,1000,0,0,1250,0,0,100,0,0,100,0,0,100,0,0,100,0,0,21,18.08,21,23.000000000000004,18,21,25,21,21,25,21,,20.499142988276727,24.753747826968212,23.84849811171389,22.43597622221252,21.281309532694618,21.479643634605587,23.30573421553294,21.800117009536148,21.82970983087349,23.26249182692809,21.240622819325367,,-21,0
2026-01-23 21:45,2000,0,0,1500,0,0,1000,0,0,1250,0,0,100,0,0,100,0,0,100,0,0,100,0,0,21,18,21,23,18,21,25,21,21,25,21,,20.425530563197498,22.985635821929822,23.05674531531784,22.521651929544564,21.36153978734418,21.570703240915016,23.460450545458585,21.94447999,21.977052417026936,23.41456338049413,21.31682644876496,,-21.5,0
2026-01-23 22:00,2000,0,10.704476710183371,1500,0,0,1000,0,0,1250,0,0,100,0,0.5352238355091685,100,0,0,100,0,0,100,0,0,21,18,21,23,18,21,25,21,21,25,21,,20.34442563,21.82038902901425,21.87939268630577,22.637322689300387,21.47378988101144,21.693654797932997,23.64310184540647,22.123669197661187,22.158928435953648,23.59975362877405,21.42594050732433,,-21.3,0
2026-01-23 22:15,2000,0,334.6027140432143,1500,0,0,1000,0,0,1250,0,0,100,0,16.730135702160716,100,0,0,100,0,0,100,0,0,21,18,21,23,18,21,25,21,21,25,21,,20.254001488308283,21.118165068573028,21.18509133130081,22.714445751966245,21.54604412,21.77310265626956,23.757324900701683,22.231997783285568,22.26915754218122,23.71233012585571,21.496948294008234,,-21.9,0
2026-01-23 22:30,2000,0,2000,0,0,0,0,0,0,1250,0,0,100,0,100,0,0,0,0,0,0,100,0,0,21,18,24.960000000000004,18.06,18,21,16.1,21,21,25,21,,20.15719805925845,20.728658143251305,21,22.764955944548973,21.59235931333797,21.826244513237956,23.83345246719847,22.302135055786728,22.34125194970879,23.78652485744772,21.54170494530845,,-22.4,0
2026-01-23 22:45,2000,0,2000,0,0,0,0,0,0,1250,0,0,100,0,100,0,0,0,0,0,0,100,0,0,21,18,25,18,18,21,16,21,21,25,21,,20.06155050372692,21.337104743974404,22.399155722714124,21.64441800542652,21.494913916458493,21.72337942260245,22.300884618255505,22.25534506,22.294959519952503,23.740344673819497,21.45001042050396,,-22.9,0
2026-01-23 23:00,2000,0,2000,0,0,0,0,0,0,1250,131.98982258472824,0,100,0,100,0,0,0,0,0,0,100,8.799321506,0,21,18,25,18,18,21,16,21,21,25,21,,19.960919629284582,22.219569921249743,23.24712807536914,21.264977933287163,21.161298833061466,21.37718556106514,21.96712364058767,21.998715939000896,22.038083938281304,23.482931083157556,21.12343527934607,,-22.3,0
2026-01-23 23:15,2000,0,2000,0,0,0,0,0,0,1250,320.91573180425985,0,100,0,100,0,0,0,0,0,0,100,21.39438212028399,0,21,18,25,18,18,21,16,21,21,25,21,,19.854746562547653,22.601865804697045,23.6384429,21.052188278786385,20.95078583872669,21.166187872147347,21.79320393579029,21.83454702319542,21.875331537900436,23.32098781251677,21,,-22.9,0
2026-01-23 23:30,2000,0,2000,0,373.48605478743417,74.23053041682215,0,0,0,0,472.4907029469367,0,100,0,100,0,29.878884382994734,14.846106083364429,0,0,0,0,31.499380196462447,0,21,18,25,18,20.97,21,16,21,21,21.04,21,,19.731871909873878,22.80574614197481,23.85505158397476,20.91422074821114,20.81318594292073,21.028082040590863,21.665434198947587,21.715485142939475,21.757427096340408,23.20321372316693,21,,-23.3,0
2026-01-23 23:45,2000,0,2000,0,458.61794617600026,104.16644220825948,0,148.7276586816497,109.2619315551674,45.768985359094586,522.8276571831884,0,100,0,100,0,36.68943569408002,20.83328844,0,11.898212694531976,8.740954524413391,3.661518828727567,34.855177145545895,0,21,18,25,18,21,21,16,21,21,21,21,,19.635384659301444,22.988358425993084,24.052719124662964,20.806033215730512,20.97,21,21.333702427036904,21.383176691146872,21.422858658297955,21.59021148133119,21,,-23.7,0
2026-01-24 0:00,2000,0,2000,0,481.11363073473694,115.16552942532326,0,346.51572711746303,305.1245285086734,215.79034523907467,545.9483531,0,100,0,100,0,38.48909045877895,23.03310588506465,0,27.721258169397043,24.409962280693872,17.263227619125974,36.396556875228995,0,21,18,25,18,21,21,16,21,21,21,21,,19.52866436336336,23.124242993489965,24.19424618765006,20.76636010806856,21,21,20.81671503778024,21,21,21.033235247536275,21,,-23.2,0
2026-01-24 0:15,2000,0,2000,0,499.53853938663815,124.15883855953508,0,398.3668770207551,355.5143511124297,272.8080013869185,565.8005833718307,0,100,0,100,0,39.963083150931055,24.831767711907016,0,31.86935016166041,28.441148088994378,21.824640110953478,37.72003889145538,0,21,18,25,18,21,21,16,21,21,21,21,,19.40659126,23.19398874,24.268918825893337,20.75119877495319,21,21,20.58882398722364,21,21,21,21,,-23.8,0
2026-01-24 0:30,2000,0,2000,0,461.2017753205327,92.99592364971612,0,430.2122775952533,386.035161,308.7680349,1500,0,100,0,100,0,36.89614202564262,18.59918472994322,0,34.41698220762026,30.882812876585522,24.70144279189456,100,0,21,18,25,18,21,21,16,21,21,21,23.97,,19.29746948573052,23.23762865430133,24.316555881529084,20.73838149507194,21,21,20.521466071214014,21,21,21,21,,-24.3,0
2026-01-24 0:45,2000,0,2000,0,317.6308934620356,0,0,447.2987931701573,401.7335902042541,329.1463287070983,1500,0,100,0,100,0,25.410471476962847,0,0,35.78390345361258,32.13868721634032,26.331706296567862,100,0,21,18,25,18,21,21,16,21,21,21,24,,19.20665257070906,23.282332088107147,24.366190343926892,20.759007446327463,21,21,20.48581052503936,21,21,21,21.661173373192057,,-24.7,0
2026-01-24 1:00,2000,0,2000,0,265.9363406747216,0,0,452.1650610104007,405.3186671590775,336.71042473067064,1500,0,100,0,100,0,21.274907253977727,0,0,36.17320488083205,32.42549337,26.936833978453652,100,0,21,18,25,18,21,21,16,21,21,21,24,,19.105053632796448,23.321768678698103,24.409555915985568,20.863074747660196,21,21.01384521728601,20.46074195657363,21,21,21,21.81127542731908,,-24.2,0
2026-01-24 1:15,2000,0,2000,0,236.46174168293877,0,0,462.6424724694043,414.51883002107934,349.3524060214695,1500,0,100,0,100,0,18.916939334635103,0,0,37.01139779755235,33.161506401686346,27.94819248171756,100,0,21,18,25,18,21,21,16,21,21,21,24,,19.014103774183805,23.344486727841645,24.432708551892745,20.909516755872136,21,21.05596590567848,20.44813203126072,21,21,21,21.83074171725707,,-24.6,0
2026-01-24 1:30,2000,0,2000,0,206.843131,0,0,471.36628220804414,421.9486550780857,359.81061055931787,1500,0,100,0,100,0,16.54745048099896,0,0,37.70930257664353,33.75589240624686,28.78484884474543,100,0,21,20.97,25,18,21,21,16,21,21,21,24,,18.941231775395188,23.36376056726641,24.45526892243645,20.930024730733123,21,21.08181635,20.432600953692383,21,21,21,21.85592560496736,,-25,0
2026-01-24 1:45,2000,0,2000,0,190.73207286469187,0,0,480.73678718109295,430.0279028581899,370.5882625180348,1500,0,100,0,100,0,15.25856582917535,0,0,38.458942974487435,34.402232228655194,29.647061001442786,100,0,21,21,25,18,21,21,16,21,21,21,24,,18.87817912147585,23.38361891255276,24.47635276271565,20.952197380433358,21,21.106850717611614,20.41826391488793,21,21,21,21.88161423674563,,-25.4,0
2026-01-24 2:00,2000,0,2000,0,173.15998539554857,0,0,489.7329734410632,437.6513991833017,380.61432886906914,1500,0,100,0,100,0,13.852798831643886,0,0,39.178637875285055,35.012111934664134,30.44914630952553,100,0,21,21,25,18,21,21,16,21,21,21,24,,18.81799199571036,23.40234957662736,24.49694532312158,20.966134488506217,21,21.122029591555314,20.40434245079748,21,21,21,21.895898806587063,,-25.3,0
2026-01-24 2:15,2000,0,2000,0,165.8174350106783,0,0,498.7130103,445.2747301444433,390.413258,1500,0,100,0,100,0,13.265394800854265,0,0,39.89704082060896,35.62197841155547,31.233060641543997,100,0,21,21,25,18,21,21,16,21,21,21,24,,18.746782969688176,23.419314044598387,24.515610528650505,20.97987370995484,21,21.138445362225493,20.39099394035049,21,21,21,21.909371074576114,,-25.8,0
2026-01-24 2:30,997.7085277434736,0,0,1499.9999999999986,34.218897501414204,0,999.9999999999992,0,350.96817246419766,298.0897516689403,1499.9999999999986,0,49.88542638717368,0,0,100,2.737511800113136,0,99.99999999999993,0,28.07745379713581,23.847180133515227,100,0,16.059999999999988,20.99999999999998,19.069999999999983,23.92999999999998,20.99999999999998,20.99999999999998,22.91999999999998,17.039999999999985,20.99999999999998,20.99999999999998,23.99999999999998,,18.66687622740801,23.434477563720066,24.532514822224755,20.987211892906284,21,21.14740158056649,20.378030756110658,21,21,21,21.91633827000259,,-26.2,0
2026-01-24 2:45,1218.015242792722,104.45608685692424,0,1500,0,0,1000,0,256.5614175724426,205.5128463666952,1500,0,60.90076213963609,5.222804342846213,0,100,0,0,100,0,20.52491340579541,16.441027709335614,100,0,16,21,19,24.000000000000004,21,21,23.000000000000004,17,21,21,24.000000000000004,,16.353886310595556,22.348722064816297,22.49214565882582,22.31158017264447,21.206129542660832,21.47448045235503,21.96327127059609,20.59373379315084,20.999999999999982,20.99999999999997,22.199597682245635,,-26.7,0
2026-01-24 3:00,1319.608252121474,546.3625843004556,0,1500,0,0,1000,0,239.1122956752697,189.78028328189248,1500,0,65.98041260607368,27.318129215022783,0,100,0,0,100,0,19.128983654021578,15.182422662551398,100,0,16,21,19,24,21,21,23,17,21,21,24,,16,21.206755776196967,21.262767365309152,22.821408777623777,21.655622276431693,21.977900243557425,22.120918445892308,20.669349233963985,21,21,22.666686396092587,,-26.4,0
2026-01-24 3:15,1366.9237978513102,605.9799088156979,0,1500,0,0,1000,0,231.16403494120092,183.47027562907533,1500,0,68.34618989,30.298995440784893,0,100,0,0,100,0,18.493122795296074,14.677622050326027,100,0,16,21,19,24,21,21,23,17,21,21,24,,16,21,20.850622740015623,23.026817585833737,21.84474773618881,22.17143526853713,22.165267257949477,20.68751646664378,21,21,22.863099766503066,,-26.9,0
2026-01-24 3:30,1447.039395619926,659.0414535291748,0,1500,0,0,1000,0,232.76162277154435,186.63556617110223,1500,0,72.35196978,32.95207267645874,0,100,0,0,100,0,18.62092982172355,14.930845293688177,100,0,16,21,19,24,21,21,23,17,21,21,24,,15.999999999999996,21,20.79980307226901,23.10910742277376,21.920880497007563,22.25249586051976,22.185977609593248,20.691001563433367,21,21,22.94034579217691,,-27.5,0
2026-01-24 3:45,1498.7665832048224,693.2528887269436,0,1500,0,0,1000,0,226.88194788691544,182.2540732525922,1500,0,74.93832916024112,34.66264443634718,0,100,0,0,100,0,18.150555830953234,14.580325860207376,100,0,16,21,19,24,21,21,23,17,21,21,24,,16,21,20.794146179543084,23.147078714525104,21.953622857572565,22.288217825232064,22.19642648,20.68655334899486,21,21,22.974322161635428,,-27.8,0
2026-01-24 4:00,1537.9173324562253,731.5052832831643,0,1500,0,0,1000,0,228.91948496493933,185.73592881410516,1500,0,76.89586662281127,36.57526416415821,0,100,0,0,100,0,18.313558797195146,14.858874305128413,100,0,16,21,19,24,21,21,23,17,21,21,24,,16,21,20.77076775239067,23.201761719820176,22.006070274946826,22.34587164277545,22.209659999370075,20.688782694928445,21,21,23.025947259882965,,-27.2,0
2026-01-24 4:15,1572.602501526659,763.8810991760656,0,1500,0,0,1000,0,223.2470749823333,181.43945052770505,1500,0,78.63012507633294,38.19405495880328,0,100,0,0,100,0,17.859765998586663,14.515156042216404,100,0,16,21,19,24,21,21,23,17,21,21,24,,16,21,20.75093670763298,23.23322988219135,22.034333626156133,22.375800595567156,22.21486543,20.68483328736815,21,21,23.055406079487863,,-27.6,0
2026-01-24 4:30,1604.067667902954,796.1330018450899,0,1500,0,0,1000,0,122.2000824337474,1250,0,0,80.2033834,39.80665009225449,0,100,0,0,100,0,9.776006594699792,100,0,0,16,21,19,24,21,21,23,17,21,23.97,16.09,,16,21,20.73858141433611,23.281285588088718,22.081841516127295,22.428147392008334,22.22458795511814,20.68722194521387,21,21,23.10158659844991,,-27.9,0
2026-01-24 4:45,1632.8040561958987,812.9056024298225,0,1500,0,0,1000,0,0,1250,0,0,81.64020280979494,40.645280121491126,0,100,0,0,100,0,0,100,0,0,16,21,19,24,21,21,23,17,21,24,16,,16,21,20.725512764707577,23.26332672365042,22.05870933735809,22.401614577545768,22.32300851543328,20.783764563355216,21.005692996004967,22.186214569382287,22.06850793465845,,-28.2,0
2026-01-24 5:00,1658.2809818686965,830.3502921665568,0,1500,0,0,1000,0,0,1250,0,0,82.91404909343483,41.517514608327836,0,100,0,0,100,0,0,100,0,0,16,21,19,24,21,21,23,17,21,24,16,,16,21.000000000000004,20.71507167434048,23.10265965497989,21.893610823057287,22.226917240771915,22.525371096423875,20.98786545579315,21.081221969204165,22.47071137,21.821155517311933,,-27,0
2026-01-24 5:15,1681.816875014927,847.9681823062529,0,1500,0,0,1000,0,0,1250,0,0,84.09084375074636,42.398409115312646,0,100,0,0,100,0,0,100,0,0,16,21,19,24,21,21,23,17,21,24,16,,15.999999999999996,21,20.70614967915441,23.04925627929124,21.84384834,22.18197917775773,22.60447124874414,21.062379746839905,21.144161110829337,22.50747449694145,21.80593543237718,,-27.4,0
2026-01-24 5:30,1703.674284493798,864.9395299320968,0,1500,0,0,1000,0,0,1250,0,0,85.18371422468991,43.24697649660484,0,100,0,0,100,0,0,100,0,0,16,21,19,24,21,21,23,17,21,24,16,,16,21,20.697187223810403,22.98041279942768,21.77152244271041,22.10442721813229,22.648674042551804,21.10325571992413,21.190721596651898,22.56419532188429,21.72768595324423,,-27.8,0
2026-01-24 5:45,1724.1036108876688,880.7164476631406,0,1500,0,0,1000,0,0,1250,0,0,86.20518054438345,44.035822383157026,0,100,0,0,100,0,0,100,0,0,16,21,19,24,21,21,23,17,21,24,16,,16,21,20.68875532646281,22.94435233,21.736292762653218,22.07123101,22.699039714871883,21.15082594239071,21.23831374405911,22.62367774606525,21.683448457599223,,-28.2,0
2026-01-24 6:00,1749.9006343584206,899.5842479040948,0,1500,0,0,1000,0,0,1250,0,0,87.49503171792102,44.97921239520474,0,100,0,0,100,0,0,100,0,0,16,21,19,24,21,21,23,17,21,24,16,,16,21,20.68100879239752,22.88011429455186,21.67015941781169,22.002092298520388,22.738207717601323,21.186989830806212,21.274374121603252,22.66542231732145,21.616729641962884,,-28.1,0
2026-01-24 6:15,1775.9833132767708,915.2891183341962,0,1500,0,0,1000,0,0,1250,0,0,88.79916566383854,45.764455916709814,0,100,0,0,100,0,0,100,0,0,16,21,19,24,21,21,23,17,21,24,16,,15.999999999999996,21,20.67328377610201,22.84452199349034,21.635404120621715,21.969516589410823,22.78069757802748,21.22735688732465,21.31557922930266,22.71131957724375,21.57756049874208,,-28.6,0
2026-01-24 6:30,2000,0,0,0,0,0,0,1250,0,1250,0,0,100,0,0,0,0,0,0,100,0,100,0,0,23.91,16.06,19,21.03,17.04,21,21.02,23.92,21,24.000000000000004,16,,16,21,20.665918011394915,22.784415480757215,21.57347283069389,21.90541540994815,22.81238259,21.25680491,21.345695413263726,22.745382126981312,21.51504507766093,,-29.1,0
2026-01-24 6:45,2000,0,0,103.6384177,0,0,0,1250,0,1250,0,0,100,0,0,6.909227846417666,0,0,0,100,0,100,0,0,24,16,19,21,17,21,21,24,21,24,16,,16.337985135387758,20.141464344650714,20.24434882261204,21.51349477550725,21.31461167,21.62710306158253,21.433921001686457,22.59280045384849,21.45021760086001,22.85452308,21.266619560714997,,-29.3,0
2026-01-24 7:00,2000,0,0,427.6190719868355,0,141.58715048371596,0,1250,0,1250,0,0,100,0,0,28.50793813,0,28.31743009674319,0,100,0,100,0,0,24,16,19,21,17,21,21,24,21,24,16,,16.441298392749317,19.563870212157816,19.66150191240775,21.03237593459346,20.81708838761798,21.10542215305841,21.470579882230304,22.773203297014756,21.57505975462511,22.98237701557577,20.77660763492552,,-28.8,0
2026-01-24 7:15,2000,0,0,548.0324901308995,0,225.3654313822226,0,1250,0,1250,0,0,100,0,0,36.53549934205997,0,45.07308627644452,0,100,0,100,0,0,24,16,19,21,17,21,21,24,21,24,16,,16.48080439453718,19.28045223220229,19.37366747420773,21,20.564164512754328,21,21.490419389559055,22.823179846372792,21.611354068654578,23.02065211687425,20.519498378857232,,-29.1,0
2026-01-24 7:30,2000,0,0,606.5276434593943,0,258.0732888692619,0,1250,0,1250,0,0,100,0,0,40.43517623062629,0,51.61465777385238,0,100,0,100,0,0,24,16,19,21,17,21,21,24,21,24,16,,16.488061882601624,19.14772083621772,19.23812478733295,21,20.470952148194144,21.000000000000004,21.48310491312473,22.840726533477515,21.617138484482563,23.028498543225552,20.42223244554735,,-29.3,0
2026-01-24 7:45,2000,0,0,658.1175971036937,0,292.5980666601536,0,1250,0,1250,0,0,100,0,0,43.87450647357958,0,58.51961333203073,0,100,0,100,0,0,24,16,19,21,17,21,21,24,21,24,16,,16.485930291726984,19.06489309570256,19.15845212317731,21,20.44049887148876,21,21.476787873176097,22.857074335576986,21.616362747052182,23.02955611274588,20.382585795374386,,-29.4,12
2026-01-24 8:00,2000,0,0,685.9830991603958,0,311.2916656874404,0,1250,0,1250,0,0,100,0,0,45.732206610693055,0,62.25833313748808,0,100,0,100,0,0,24,16,19,21,17,21,21,24,21,24,16,,16.48149540211638,18.99078673,19.083056505971044,21,20.41316138907316,21,21.47850102279532,22.875337419031982,21.616260388062894,23.031101077580296,20.343458360266272,,-28.5,67
2026-01-24 8:15,2000,0,76.58483280303699,714.3828797092501,0,331.0817157852689,0,1250,0,1250,0,0,100,0,3.8292416401518494,47.62552531395001,0,66.21634315705379,0,100,0,100,0,0,24,16,19,21,17,21,21,24,21,24,16,,16.472037368474076,18.921087410581578,19.01257213166497,21,20.40124152317564,21,21.48334602451923,22.89351948329542,21.616960916629303,23.03337825673335,20.31878093664588,,-28.8,82
2026-01-24 8:30,2000,0,160.0950646752346,603.8995601067945,0,259.9446190348317,0,1250,1247.632319496417,0,849.2712007705398,0,100,0,8.004753233761729,40.25997067,0,51.98892380696634,0,100,99.81058555971336,0,56.618080051369326,0,24.000000000000004,16,19,21,17,21,21,24.000000000000004,22.98,16.09,20.940000000000005,,16.458051984399482,18.857844071505586,19,21,20.39058832515002,21,21.48902175118356,22.910586313115584,21.61731087011077,23.035189429554077,20.296559469346256,,-29,122
2026-01-24 8:45,2000,0,166.85698256333126,468.2095848400168,0,173.6175994117075,0,1250,1246.823856309431,0,731.1915106718043,0,100,0,8.342849128166563,31.21397232266779,0,34.72351988,0,100,99.74590850475448,0,48.74610071145362,0,24,16,19,21,17,21,21,24,23,16,21,,16.445479476487296,18.84167333396663,19,21,20.48796438,21,21.528195053597894,22.958079687900508,22.874146932762123,21.795254493212436,20.940000000000005,,-28.7,161
2026-01-24 9:00,2000,0,161.78838768697824,419.5406573970759,0,151.40859669023848,0,1250,1247.884075205011,0,710.9541371070954,0,100,0,8.089419384348911,27.96937715980506,0,30.281719338047697,0,100,99.83072601640087,0,47.39694247380636,0,24,16,19,21,17,21,21,24,23,16,21,,16.432909460049995,18.843775374141885,19,21,20.661693098119425,21,21.589406455926294,23.02586194050962,23,21.72558229512288,21,,-27.9,223
2026-01-24 9:15,2000,0,141.2025215333439,328.88753506331216,0,100.21724177019374,0,1250,1177.467152294459,0,611.5307340633929,0,100,0,7.060126076667196,21.925835670887476,0,20.04344835403875,0,100,94.19737218355672,0,40.768715604226195,0,24,16,19,21,17,21,21,24,23,16,21,,16.455918428578954,18.85554671842808,19,21,20.76777207,21,21.65392906046524,23.095985312025743,22.997505589119463,21.786282683706418,21,,-26.4,238
2026-01-24 9:30,2000,0,122.01160311299948,264.7531322638169,0,64.42942533488895,0,1250,1106.5769665676344,0,535.3077063417246,0,100,0,6.100580155649974,17.650208817587792,0,12.885885066977789,0,100,88.52615732541075,0,35.687180422781644,0,24,16,19,21,17,21,21,24,23,16,21,,16.49950683035604,18.87488509379579,19,21,20.89994353082927,21,21.75092449131745,23.198957582122134,23,21.840568451054327,21,,-25.1,273
2026-01-24 9:45,2000,0,99.31452693,216.48618015993088,0,38.72230598550141,0,1250,1045.196664997242,0,473.0024892187066,0,100,0,4.965726347,14.432412010662059,0,7.744461197100281,0,100,83.61573319977936,0,31.533499281247106,0,24,16,19,21,17,21,21,24,23,16,21,,16.55806196764702,18.89342617383056,19,21,20.993208994409795,21,21.842077441609824,23.29643435478308,23,21.89922844262756,21,,-24.5,306
2026-01-24 10:00,2000,0,78.98378105704614,182.73100285432884,0,22.09963532482652,0,1250,998.6686234962458,0,425.5699336387818,0,100,0,3.949189052852307,12.182066856955256,0,4.419927064965304,0,100,79.89348987969967,0,28.37132890925212,0,24,16,19,21,17,21,21,24,23,16,21,,16.61279435558789,18.914605019130367,19,21,21.061319465504845,21,21.919826124881585,23.380046498397864,23,21.95038871353699,21,,-25.2,353
2026-01-24 10:15,2000,0,55.89186264376622,155.2242812624657,0,8.951115126377164,0,1250,960.3225146,0,382.44347087155614,0,100,0,2.794593132188311,10.348285417497713,0,1.790223025275433,0,100,76.82580116506016,0,25.496231391437075,0,24,16,19,21,17,21,21,24,23,16,21,,16.674313651939116,18.936299221153785,19,21,21.109923168633497,21,21.988793711199413,23.44761762780532,23,21.990325935673603,21,,-24.3,365
2026-01-24 10:30,2000,2000,1057.3547785108835,54.55947734443762,1250,0.2712362100566679,0,0,253.3585835671365,0,183.3333049777881,0,100,100,52.867738925544174,3.6372984896291745,100,0.054247242,0,0,20.26868668537092,0,12.22222033185254,0,17.08,22.92,20.980000000000004,21,22.93,21,21,21.03,22.01,16,21,,16.749782170583742,18.95864269196624,19,21,21.145533369729343,21,22.041576049144908,23.50280035732581,23,22.023327185748443,21,,-23.9,390
2026-01-24 10:45,2000,2000,0,0,1250,0,0,0,716.3666689,0,0,0,100,100,0,0,100,0,0,0,57.30933351070336,0,0,0,17,23,21,21,23,21,21,21,22,16,21,,16.816399843441094,21.219446818574824,20.72526947537393,21.052240214472235,22.10897076957157,21.121260242669045,21.848894963760188,22.06318817075432,22.06837982493413,21.797505386346074,21,,-23.4,412
2026-01-24 11:00,2000,2000,0,0,1250,0,0,0,851.2987306941541,0,0,0,100,100,0,0,100,0,0,0,68.10389845553233,0,0,0,17,23,21,21,23,21,21,21,22,16,21,,16.887401455565822,22.36190712857704,21.406510819702667,21.20059860621975,22.344002338653592,21.31667552465845,21.37336132098179,21.544667480348696,22,21.283793446596103,21.06746754898805,,-23.3,425
2026-01-24 11:15,1970.8844098372488,1700.267365468227,0,0,1250,0,0,0,917.3501114422652,0,0,0,98.54422049186243,85.01336827341134,0,0,100,0,0,0,73.38800891538122,0,0,0,17,23,21,21,23,21,21,21,22,16,21,,16.962698310619977,22.87765047,21.85330628986689,21.27867325686545,22.419049533856928,21.391761533229523,21.20911307269774,21.365243400692464,22,21.121008271580948,21.15443703680748,,-22.8,431
2026-01-24 11:30,1939.9980258055823,1490.768101174532,0,0,1250,0,0,0,965.7078597810928,0,0,0,96.99990129027911,74.53840506,0,0,100,0,0,0,77.25662878248743,0,0,0,17,23,21,21,23,21,21,21,22,16,21,,17,23,22.147836697802457,21.334547441861957,22.462123036132677,21.44857377700723,21.129485439525084,21.27391766901889,22,21.049827164852147,21.224430434998705,,-22.6,456
2026-01-24 11:45,1914.5766775294808,1410.436466629901,0,0,1250,0,3.112919976883859,0,998.0282469,0,0,0,95.72883387647403,70.52182333149504,0,0,100,0,0.3112919976883859,0,79.84225975046816,0,0,0,17,23,21,21,23,21,21,21,22,16,21,,17,23,22.23786134918244,21.39327686598354,22.49978776508105,21.50908439167708,21.05972666648129,21.19565630754006,22,20.99535042250038,21.30562741101265,,-22.3,462
2026-01-24 12:00,1887.8436431599596,1349.1946235099383,0,0,1250,0,34.07243066650092,0,1021.952541555917,0,0,0,94.39218215799798,67.45973117549691,0,0,100,0,3.4072430666500924,0,81.75620332447336,0,0,0,17,23,21,21,23,21,21,21,22,16,21,,17,23,22.26855626594154,21.44488745408889,22.52549176,21.56349552463001,21.005391166466197,21.131246348203007,22,20.95772986865792,21.379093931720558,,-22,446
2026-01-24 12:15,1862.1864538042412,1301.345077198981,0,0,1250,0,58.91968614903817,0,1034.5414927546044,0,0,0,93.10932269021207,65.06725385994905,0,0,100,0,5.891968614903817,0,82.76331942036835,0,0,0,17,23,21,21,23,21,21,21,22,16,21,,17,23,22.29155626585287,21.48939158605332,22.54163013270864,21.611584332598078,21,21.07415803300941,22,20.92896446403933,21.444354067073057,,-21.7,446
2026-01-24 12:30,2000,1265.9357723271569,0,0,1250,0,73.90119935769508,7.363667060169973,1040.304199426604,35.60747192141207,0,0,100,63.296788616357844,0,0,100,0,7.3901199357695075,0.5890933648135979,83.22433595412832,2.8485977537129656,0,0,20.96,23,21,21,23,21,21,21,22,20.94,21,,16.999999999999996,23,22.30950207323866,21.52517842,22.549240793958383,21.651338913008004,21,21.02922648490576,22,20.912571900314976,21.50022845506431,,-21.5,464
2026-01-24 12:45,2000,1235.7521698686105,0,0,1250,0,84.05459935157614,19.963682705232717,1035.410491251907,90.99626660804095,0,0,100,61.787608493430525,0,0,100,0,8.405459935157614,1.5970946164186175,82.83283930015256,7.279701328643276,0,0,21,23,21,21,23,21,21,21,22,21,21,,17.290010762738945,23,22.32306355,21.548872963187947,22.54690931026248,21.678946033408216,21,21,22,20.94,21.54280147,,-21.4,450
2026-01-24 13:00,2000,1209.735406702399,0,0,1250,0,84.38438805,20.876109710787205,1018.527706962226,74.58503814703545,0,0,100,60.48677033511994,0,0,100,0,8.438438805,1.6700887768629764,81.48221655697809,5.966803051762835,0,0,21,23,21,21,23,21,21,21,22,21,21,,17.589140720666038,23,22.33463863454941,21.563846065611852,22.54146251350209,21.69735322400936,21,21,22,21,21.57426731660713,,-21,413
2026-01-24 13:15,2000,1186.3549767660843,0,0,1250,0,89.14169207126906,28.634742655665832,1013.5424484068008,69.41032270007963,0,0,100,59.31774883830421,0,0,100,0,8.914169207126907,2.2907794124532668,81.08339587254406,5.552825816,0,0,21,23,21,21,23,21,21,21,22,21,21,,17.72628428122589,23,22.345054710489517,21.577196132745406,22.541075494405597,21.713292685354205,21,21,22,21,21.60217908572347,,-20.7,407
2026-01-24 13:30,2000,1165.3167650632677,0,0,1250,0,92.19651041731775,33.68794678739505,1005.7835911237344,62.27368571691841,0,0,100,58.26583825316338,0,0,100,0,9.219651041731774,2.695035742991604,80.46268728989875,4.981894857353472,0,0,21,23,21,21,23,21,21,21,22,21,21,,17.85770881,23,22.354912862333904,21.591866929349912,22.552631010146783,21.729014015064003,21,21,22,21,21.62974489906697,,-20.6,416
2026-01-24 13:45,2000,1144.4420968240663,0,0,1250,0,94.90213564172608,37.81140926415719,995.4304613,52.52335969,0,0,100,57.22210484120331,0,0,100,0,9.490213564172608,3.0249127411325754,79.63443690014712,4.201868774833856,0,0,21,23,21,21,23,21,21,21,22,21,21,,18.00458091623564,23,22.364228501443627,21.609534775790284,22.56667669471964,21.747240674061928,21,21,22,21,21.66298630152837,,-20.4,395
2026-01-24 14:00,2000,1126.1583752284132,0,0,1250,0,96.82445981783712,40.49651928086132,982.8792527,40.45438038716202,0,0,100,56.30791876142066,0,0,100,0,9.682445981783712,3.2397215424689056,78.63034021428567,3.2363504309729616,0,0,21,23,21,21,23,21,21,21,22,21,21,,18.15497373381401,23,22.372783694564024,21.630685202326987,22.58428822577599,21.769195920189013,21,21,22,21,21.70439793951336,,-20.1,333
2026-01-24 14:15,2000,1108.682742604251,0,0,1250,0,98.03681879746728,41.88060365143974,968.1153446613444,26.170253578053234,0,0,100,55.43413713021255,0,0,100,0,9.803681879746728,3.3504482921151792,77.44922757290756,2.0936202862442586,0,0,21,23,21,21,23,21,21,21,22,21,21,,18.296515463630627,23,22.38074243828761,21.656444687698837,22.607123499561972,21.795853065100665,21,21,22,21,21.754451255094335,,-20,322
2026-01-24 14:30,2000,0,0,0,0,0,98.81308636616208,42.35903208935876,951.7898972,0,0,0,100,0,0,0,0,0,9.881308636616208,3.388722567148701,76.14319177449312,0,0,0,21,21.02,21,21,21.02,21,21,21,22,16.06,21,,18.431056302051964,23,22.388640070921728,21.687791382158736,22.635937121508505,21.828217327236864,21,21,22,21,21.813649854356097,,-19.8,315
2026-01-24 14:45,2000,0,0,0,0,0,103.74540810882718,49.13817095147897,941.3526895873164,0,0,0,100,0,0,0,0,0,10.374540810882717,3.9310536761183177,75.30821516698532,0,0,0,21,21,21,21,21,21,21,21,22,16,21,,18.551444352692165,22.11042982267854,22.087047639998417,21.68814308961624,21.74456249505308,21.821166614541788,21,21,22,20.98950874668943,21.84426128098788,,-19.9,283
2026-01-24 15:00,2000,0,0,0,0,0,108.83152956138838,55.90665094495489,930.7218163766464,0,0,0,100,0,0,0,0,0,10.883152956138838,4.4725320755963915,74.45774531013171,0,0,0,21,21,21,21,21,21,21,21,22,16,21,,18.67819739955639,21.524829967601104,21.50705635144516,21.532403163448667,21.55117750543769,21.65256486641893,21,21,22,20.999662980840757,21.72350537936576,,-19.8,220
2026-01-24 15:15,2000,145.197151,222.45284564169745,0,0,0,112.37962194424108,60.145147751383774,918.0434418861824,0,0,0,100,7.259857548091349,11.122642282084874,0,0,0,11.237962194424108,4.811611820110702,73.44347535089459,0,0,0,21,21,21,21,21,21,21,21,22,16,21,,18.81863942732322,21.130528995317185,21.10425722038161,21.413833640506333,21.43311542164887,21.53349251747628,21,21,22,21.00985695970412,21.645623180337573,,-19.8,206
2026-01-24 15:30,2000,168.39391086610703,250.9288204445329,0,0,0,114.01888305277134,61.262838075817854,904.5715098400578,0,0,0,100,8.419695543305352,12.546441022226645,0,0,0,11.401888305277135,4.901027046065428,72.36572078720462,0,0,0,21,21,21,21,21,21,21,21,22,16,21,,18.93411712403247,21,21,21.321393267346046,21.33340018363735,21.43793755095093,21,21,22,21.022677973715265,21.587985796054014,,-19.7,175
2026-01-24 15:45,2000,181.87720245694072,253.29447099977915,0,0,0,117.20036766771044,64.68986388037592,897.5630645420897,0,0,0,100,9.093860122847037,12.664723549988958,0,0,0,11.720036766771043,5.175189110430074,71.80504516336718,0,0,0,21,21,21,21,21,21,21,21,22,16,21,,19.040890443927243,21,21,21.268858634747797,21.276191589557577,21.385782943927246,21,21,22,21.046073521856894,21.557528330731472,,-19.8,136
2026-01-24 16:00,2000,206.9647769790281,261.2710762144634,0,0,0,117.63243123754728,63.46811932170385,884.8602649944551,0,0,0,100,10.348238848951405,13.06355381072317,0,0,0,11.763243123754728,5.077449545736308,70.78882119955641,0,0,0,21,21,21,21,21,21,21,21,22,16,21,,19.140300440543736,21,21,21.219711664060124,21.22220195454825,21.335198993038148,21,21,22,21.059656027031863,21.51564556503757,,-20.7,72
2026-01-24 16:15,2000,225.9710800870525,269.7295208107389,0,0,0,122.50594485577858,68.81305449732463,875.8817629,0,0,0,100,11.298554004352626,13.486476040536946,0,0,0,12.250594485577858,5.505044359785971,70.07054103200761,0,0,0,21,21,21,21,21,21,21,21,22,16,21,,19.20618062993589,21,21,21.199571197203674,21.19876286852336,21.318874739555444,21,21,22,21.07631861984879,21.499200962607063,,-21.5,58
2026-01-24 16:30,2000,293.8280322,276.8181742881861,0,1250,0,129.6513103768557,0,938.5166896782564,0,0,0,100,14.69140160932875,13.840908714409306,0,100,0,12.96513103768557,0,75.08133517426052,0,0,0,21,21,21,21,23.97,21,21,20.01,22,16,21,,19.243009530402688,21,21,21.155072954691544,21.14738496094477,21.273399087212205,21,21,22,21.08633549321826,21.455116405037256,,-22.4,24
2026-01-24 16:45,2000,321.6872568,283.99246678563696,0,1250,0,152.43088025065418,0,970.2005238196132,0,0,0,100,16.08436284029655,14.199623339281848,0,100,0,15.243088025065418,0,77.61604190556905,0,0,0,21,21,21,21,24,21,21,20,22,16,21,,19.222475260884835,21,21,21.13394719446496,22.01639035224434,21.261795067125853,21,20.92369764526273,22,21.019872391867857,21.26839057501102,,-23.4,0
2026-01-24 17:00,2000,346.6503081424622,296.5874717085486,0,1250,0,165.0400049480013,0,993.4761353663793,0,0,0,100,17.33251540712311,14.829373585427431,0,100,0,16.50400049480013,0,79.47809082931035,0,0,0,21,21,21,21,24,21,21,20,22,16,21,,19.170714690578603,21,21,21.232918029816584,22.12586649784289,21.366549021854237,21,20.88530435450121,22,20.971471065144843,21.282790260267888,,-23.3,0
2026-01-24 17:15,2000,370.5902199,311.31073894544045,0,1250,0,175.31040176200136,0,1011.8194321175516,0,0,0,100,18.529510996674798,15.565536947272022,0,100,0,17.531040176200136,0,80.94555456940412,0,0,0,21,21,21,21,24,21,21,20,22,16,21,,19.07368047694136,21,21,21.29428231731979,22.191982741889912,21.43864118167664,21,20.86537670140406,22,20.94742305422226,21.30026271048827,,-23.9,0
2026-01-24 17:30,2000,392.7143742363551,324.56924269968533,0,1250,0,184.6992446086345,0,1027.667852286247,0,0,0,100,19.635718711817756,16.228462134984266,0,100,0,18.46992446086345,0,82.21342818289975,0,0,0,21,21,21,21,24,21,21,20,22,16,21,,18.94485271018385,21,21,21.32041171833886,22.215574646876643,21.468814610461116,21,20.849759846958303,22,20.92859637351407,21.29685486893651,,-24.4,0
2026-01-24 17:45,2000,423.2177087,336.9847185768667,0,1250,0,194.3949890103164,0,1043.2112810709075,0,0,0,100,21.16088543633535,16.849235928843335,0,100,0,19.43949890103164,0,83.45690249,0,0,0,21,21,21,21,24,21,21,20,22,16,21,,18.805938344075933,21,21,21.32491975,22.217204807308192,21.477587013872814,21,20.835496284047075,22,20.912118873335093,21.291041969678723,,-24.9,0
2026-01-24 18:00,2000,444.7390778790674,346.29534660450247,0,1250,0,203.0545161099714,0,1056.9713247415468,0,0,0,100,22.23695389395337,17.314767330225123,0,100,0,20.30545161099714,0,84.55770597932374,0,0,0,21,21,21,21,24,21,21,20,22,16,21,,18.65365675706853,21,21,21.314384197851314,22.203252598451897,21.47023633,21,20.820803436115668,22,20.89588895124009,21.26841073656322,,-24.2,0
2026-01-24 18:15,2000,463.74141420006345,354.8038540726023,0,1250,0,211.6072960642389,0,1070.1445694945903,0,0,0,100,23.187070710003173,17.740192703630115,0,100,0,21.160729606423892,0,85.61156555956723,0,0,0,21,21,21,21,24,21,21,20,22,16,21,,18.531070012006914,21,21,21.293292818737665,22.179381530419768,21.451131652979583,21,20.80724265751732,22,20.881115654525324,21.237726100805062,,-24.6,0
2026-01-24 18:30,2000,2000,72.29592898006813,0,1250,0,193.44171791209448,0,85.20615160547605,1250,0,0,100,100,3.6147964490034066,0,100,0,19.344171791209448,0,6.8164921284380835,100,0,0,21,24.960000000000004,21,21,24.000000000000004,21,21,20,21.010000000000005,24.9,18.03,,18.431779957830464,21,21,21.26428100963654,22.147602217696253,21.423644678481296,21,20.793775900404324,22,20.866899192835977,21.20033275665674,,-24.9,0
2026-01-24 18:45,2000,2000,0,0,1250,0,157.73109509022106,0,30.363219415794447,1250,0,0,100,100,0,0,100,0,15.773109509022106,0,2.4290575532635557,100,0,0,21,25,21,21,24,21,21,20,21,25,18,,18.343390332003583,22.306191146221156,21.40136422,21.220631288214992,22.10058118676995,21.37983478741052,21,20.81889449694029,21.04609772253626,22.161260147132765,21.14915823912953,,-25.2,0
2026-01-24 19:00,2000,2000,0,0,1250,0,158.85971440332742,0,38.14975411753585,1250,0,0,100,100,0,0,100,0,15.885971440332742,0,3.051980329402868,100,0,0,21,25,21,21,24,21,21,20,21,25,18,,18.245576679823422,22.92337109090428,22.02235453,21.17551193089165,22.05263714,21.335956716233408,21,20.877796664792164,21,22.269108797666096,21.097010888194227,,-24.9,0
2026-01-24 19:15,2000,2000,0,0,1250,0,162.04972020270725,0,49.00171754910298,1250,0,0,100,100,0,0,100,0,16.204972020270723,0,3.9201374039282384,100,0,0,21,25,21,21,24,21,21,20,21,25,18,,18.15249523760155,23.21714806946193,22.312797284109884,21.143403574317677,22.01797476185629,21.305546833528147,21,20.88023490289785,21,22.280624854929197,21.058770699518497,,-25.2,0
2026-01-24 19:30,2000,1970.6232932009937,1941.642281915211,0,1250,0,168.18231212457977,0,62.96536740169613,1250,0,0,100,98.53116466004968,97.08211409576056,0,100,0,16.818231212457977,0,5.037229392,100,0,0,21,25,24.960000000000004,21,24.000000000000004,21,21,20,21,25,19.980000000000004,,18.051092564659456,23.389048879995595,22.488350765954024,21.115201788043308,21.98688087146703,21.27809453524745,21,20.87499144498516,21,22.28512168,21.02516284958784,,-25.5,0
2026-01-24 19:45,2000,1562.386173435205,1465.2554789909263,3.0119227088598564,1250,0,176.07560629344698,0,78.45363159813496,1250,0,0,100,78.11930867176024,73.26277394954631,0.20079484725732374,100,0,17.607560629344697,0,6.276290527850797,100,0,0,21,25,25,21,24,21,21,20,21,25,20,,17.975075304957052,24.296791402641148,24.287401903338115,21.068042880215216,21.935799592996894,21.229015148484496,21,20.86587752595197,21,22.28433856946277,20.97297835676764,,-25.8,0
2026-01-24 20:00,2000,1413.3018936143344,1298.9689742811606,33.960544898280205,1250,0,181.9776089,0,90.41475828884722,1250,0,0,100,70.66509468071672,64.94844871405803,2.264036326552014,100,0,18.19776089,0,7.2331806631077775,100,0,0,21,25,25,21,24,21,21,20,21,25,20,,17.89360453461373,24.99034628711831,25,21.01417195,21.876300873448663,21.17184953362744,21,20.853379575446443,21,22.278783550253934,20.91234801842044,,-26.5,0
2026-01-24 20:15,2000,1426.7385717890793,1296.8452162184258,53.12166434332176,1250,0,186.4327052697336,0,99.51128297822288,1250,0,0,100,71.33692858945396,64.84226081092129,3.5414442895547844,100,0,18.64327052697336,0,7.9609026382578305,100,0,0,21,25,25,21,24,21,21,20,21,25,20,,17.838649814084935,25,25,21,21.837800695818032,21.13613645201667,21,20.84312787859157,21,22.27454016,20.872549449260912,,-26.7,0
2026-01-24 20:30,2000,1371.8623288878662,1218.354656549915,154.7448500785152,0,24.564486666610414,191.9777608211237,0,109.7949142200608,1250,0,0,100,68.59311644,60.917732827495755,10.316323338567681,0,4.912897333322083,19.19777608211237,0,8.783593137604864,100,0,0,21,25,25,21,16.09,21,21,20,21,25,20,,17.80130440416145,25,25,21,21.81981229902838,21.121220736810667,21,20.83522514614645,21,22.271872582655973,20.853622332232742,,-27.1,0
2026-01-24 20:45,2000,1351.578915396378,1191.1283468341353,397.7347717578996,0,130.20530095908907,197.2853819718548,0,119.28969765130024,1250,0,0,100,67.57894577,59.55641734170676,26.51565145052664,0,26.041060191817813,19.72853819718548,0,9.543175812,100,0,0,21,25,25,21,16,21,21,20,21,25,20,,17.780410677192975,25,25,21,20.87241063018832,21.072519360772795,21,20.82577229109805,21,22.26722057822664,20.78899152927898,,-27.5,0
2026-01-24 21:00,2000,1338.3241823031494,1161.8641557100564,510.8960323162573,0,211.5701392566407,207.47469789331265,0,135.67076630685187,1250,0,0,100,66.91620911515747,58.09320778550282,34.05973548775049,0,42.314027851328134,20.747469789331266,0,10.85366130454815,100,0,0,21,25,25,21,16,21,21,20,21,25,20,,17.764768155076098,25,25.000000000000007,21,20.644918159204583,21,21,20.816355634360875,21,22.262214334959648,20.612485278382657,,-27.2,0
2026-01-24 21:15,2000,1328.9328224441197,1142.7934176287308,569.3530042625971,0,251.17689835434064,213.63715234826668,0,145.51800733142954,1250,0,0,100,66.44664112220599,57.139670881436544,37.95686695,0,50.23537967086813,21.363715234826667,0,11.641440586514364,100,0,0,21,25,25,21,16,21,21,20,21,25,20,,17.720469541488676,25,25.000000000000004,21,20.576776580267413,21,21,20.799861056170997,21,22.25001398981332,20.51598937943921,,-27.5,0
2026-01-24 21:30,2000,1321.8821840691016,1126.365414174645,626.7345377216188,0,290.90976229430817,223.91418167002848,0,161.55666280403602,1250,0,0,100,66.09410920345508,56.31827070873225,41.78230251477459,0,58.18195245886163,22.391418167002847,0,12.924533024322882,100,0,0,21,25,25,21,16,21,21,20,21,23.02,20,,17.65283887959524,25,25,21,20.52545012911987,21,21,20.788442414819716,21,22.242935145693902,20.47088472662624,,-27.8,0
2026-01-24 21:45,2000,1316.9298493451788,1113.2703956728292,660.9590797,0,313.8353990625292,230.88602240469845,0,172.2895806687302,1250,0,0,100,65.84649246725894,55.66351978364146,44.06393865,0,62.767079812505834,23.088602240469847,0,13.783166453498415,100,0,0,21,25,25,21,16,21,21,20,21,23,20,,17.57737668417953,25,25,21,20.47716426718741,21,21,20.771850113201413,21,22.230145153775474,20.426224448430645,,-28.2,0
2026-01-24 22:00,2000,1314.3297736521345,1103.2572510086177,696.5238093483422,0,337.402879,240.8383376122056,0,187.4024502097309,1250,0,0,100,65.71648868260672,55.16286255043089,46.434920623222816,0,67.48057579,24.08383376122056,0,14.992196016778472,100,0,0,21,25,25,21,16,21,21,20,21,23,20,,17.500944589399815,25,25,21,20.446388995430503,21,21,20.759062743748903,21,22.221198485763765,20.39526716645261,,-28.2,0
2026-01-24 22:15,2000,1313.090370114609,1095.392597227103,720.5821239,0,352.7361672907173,248.54569615875332,0,198.89689052544784,1250,0,0,100,65.65451850573045,54.76962986135515,48.03880826,0,70.54723345814345,24.85456961587533,0,15.911751242035828,100,0,0,21,25,25,21,16,21,21,20,21,23,20,,17.414179689916192,25.000000000000004,25,21,20.41621999523161,21,21,20.742722586951174,21,22.20824838469662,20.36551293696092,,-28.3,0
2026-01-24 22:30,2000,0,1686.5720907952527,765.5477945708444,0,382.89749503222447,263.39670398196813,0,221.42213608805469,1250,0,0,100,0,84.32860453976262,51.03651964,0,76.57949900644489,26.339670398196812,0,17.713770887044376,100,0,0,21,16.1,25,21,16,21,21,20,21,23,20,,17.317161109299626,25,25,21,20.39370162128634,21,21,20.728949453198467,21.000000000000004,22.197838614234247,20.34286330424468,,-28.6,0
2026-01-24 22:45,2000,0,2000,793.2571971550678,0,400.64780941181016,274.42532856572325,0,237.8920886146043,1250,0,0,100,0,100,52.88381314367119,0,80.12956188236203,27.442532856572324,0,19.03136708916834,100,0,0,21,16,25,21,16,21,21,20,21,23,20,,17.23850059804306,24.01445465278062,24.971061838717084,21,20.357773342922076,21,21,20.705125557338764,21,22.176847126282663,20.307646663775923,,-29.1,0
2026-01-24 23:00,2000,0,2000,806.2443642015096,0,408.1439003,281.1673736798384,0,247.75137511349203,1250,0,0,100,0,100,53.74962428010064,0,81.62878007,28.11673736798384,0,19.82011000907936,100,0,0,21,16,25,21,16,21,21,20,21,23,20,,17.15124394550819,23.76262043738603,24.920075406348204,21,20.332750704682557,21,21,20.685522853133023,21,22.16030605740888,20.28211232291012,,-29.1,0
2026-01-24 23:15,2000,0,2000,820.7063487572668,0,416.6241567914949,288.4769269755743,0,258.3982913261643,1250,0,0,100,0,100,54.71375658381779,0,83.32483135829898,28.84769269755743,0,20.671863306093147,100,0,0,21,16,25,21,16,21,21,20,21,23,20,,17.07545194423517,23.780488146789416,24.83928414509444,21,20.31946905669488,21,21,20.673288230980614,21,22.150905538952323,20.26846078334668,,-29.3,0
2026-01-24 23:30,2000,0,0,1500,0,361.3064144,0,0,309.51131718315594,1250,0,0,100,0,0,100,0,72.26128288284761,0,0,24.760905374652477,100,0,0,21,17.98,18.08,23.97,16,21,20.010000000000005,20,21,23.000000000000004,20,,17.003364741430495,23.75422049725852,24.82038945268527,21,20.305600064039307,21,21,20.660553806628343,21,22.14073801466537,20.254306221166942,,-29.6,0
2026-01-24 23:45,2000,0,0,1500,0,221.2797082217134,0,0,397.2919921,1250,0,0,100,0,0,100,0,44.255941644342684,0,0,31.78335936851008,100,0,0,21,18,18,24.000000000000004,16,21,20,20,21,23.000000000000004,20,,16.94021617232719,22.90402037195297,23.039253895629905,21.511382184164145,20.35217955078884,21,20.52683706034147,20.610130275656235,21,22.091531437322303,20.29705540637313,,-29.6,0
2026-01-25 0:00,2000,0,0,1500,0,174.7414262,0,0,424.7247172,1250,0,0,100,0,0,100,0,34.94828525,0,0,33.977977372198566,100,0,0,21,18,18,24,16,21,20,20,21,23,20,,16.867980388180076,21.422238154921345,21.531046740885596,21.66920850607824,20.48998770480112,21,20.414220921438694,20.515541655071203,21,21.99862003051275,20.432034217851974,,-29.6,0
2026-01-25 0:15,2000,0,0,1500,0,160.24190083108988,0,0,438.13904918114713,1250,0,0,100,0,0,100,0,32.048380166217974,0,0,35.05112393449177,100,0,0,21,18,18,24,16,21,20,20,21,23,20,,16.81181519732745,20.68585273702997,20.80051431606139,21.720490858731736,20.534832210945677,21,20.375761545087045,20.48264956769485,21,21.96822701901163,20.47602406366545,,-29.8,0
2026-01-25 0:30,2000,0,0,1500,0,155.99400912282545,0,541.2401862732859,450.35850814661535,1250,0,0,100,0,0,100,0,31.198801824565088,0,43.29921490186287,36.028680651729225,100,0,0,21,18,18,24,16,21,20,20.99,21,23,20,,16.755978090162216,20.28018058057256,20.403323953439298,21.73625066661968,20.54644311796693,21,20.35416560471405,20.46480694354196,21,21.95277178221181,20.486856037083665,,-30,0
2026-01-25 0:45,2000,0,0,1500,0,157.14396789708553,0,409.74728426149886,346.8154979788342,1250,0,0,100,0,0,100,0,31.428793579417107,0,32.779782740919906,27.745239838306734,100,0,0,21,18,18,24,16,21,20,21,21,23,20,,16.69496605640927,20.02835604360708,20.14395650094973,21.739284351748758,20.54686882681852,21,20.33614430113185,20.99,21,21.93947524,20.485980817961934,,-30.1,0
2026-01-25 1:00,2000,0,0,1500,0,158.10121387713662,0,447.8105818632903,355.7163921060601,1250,0,0,100,0,0,100,0,31.62024277542732,0,35.824846549063224,28.457311368484806,100,0,0,21,18,18,24,16,21,20,21,21,23,20,,16.639909622823787,19.860479786630684,19.97834219807162,21.73666535775433,20.54209812920921,21,20.424564337978964,21,21,22.038952596719763,20.47996068812502,,-30.8,0
2026-01-25 1:15,2000,0,0,1500,0,157.8571317843889,0,399.2831418007554,317.0002022,1250,0,0,100,0,0,100,0,31.571426356877783,0,31.942651344060433,25.360016176484642,100,0,0,21,18,18,24,16,21,20,21,21,23,20,,16.58804471831707,19.741655392564287,19.85543336235065,21.73328388,20.53718961700946,21,20.42487761597229,21,21,22.040470248357312,20.47348370349756,,-31.1,0
2026-01-25 1:30,2000,0,0,1500,1250,69.06768019858646,0,559.7326298087276,479.1800763260712,0,0,0,100,0,0,100,100,13.813536039717292,0,44.778610384698204,38.334406106085694,0,0,0,21,18,18,24.000000000000004,22.92,21,20,21,21,16.08,20,,16.537110733612533,19.62553008,19.73568019917391,21.73083676394453,20.533570977827527,21,20.45153540967059,21,21,22.073475757775974,20.468251521177287,,-31.2,0
2026-01-25 1:45,2000,0,0,1500,1250,0,0,774.7034756641733,695.1084666602801,0,0,0,100,0,0,100,100,0,0,61.97627805313387,55.60867733282241,0,0,0,21,18,18,24,23,21,20,21,21,16,20,,16.491183577087156,19.42314444857998,19.522457325677497,21.83193329832082,21.51269366128253,21.02645345143663,20.308031369506907,21,21,20.669152960117117,20.56578302828257,,-31.2,0
2026-01-25 2:00,2000,0,0,1500,1250,0,0,801.3268676,722.2594080716772,0,0,0,100,0,0,100,100,0,0,64.10614940856176,57.780752645734175,0,0,0,21,18,18,24,23,21,20,21,21,16,20,,16.442250085318868,19.248047627940224,19.346979950439028,22.048460149296737,21.75461939849929,21.185167229482808,20.08445374709544,21,21,20.37204568538848,20.77770002945112,,-31.8,0
2026-01-25 2:15,2000,0,0,1500,1250,0,0,812.2894857675565,733.4428714,0,0,0,100,0,0,100,100,0,0,64.98315886140452,58.67542971552728,0,0,0,21,18,18,24,23,21,20,21,21,16,20,,16.39395982522627,19.15242870277296,19.249217049454472,22.125892635885787,21.820524289481817,21.256663728437687,20.03375068908313,21,21,20.33792511323713,20.85275995876729,,-32,0
2026-01-25 2:30,2000,0,0,1500,1250,0,0,821.7242109161452,742.8895171036602,0,0,0,100,0,0,100,100,0,0,65.73793687329162,59.43116136829281,0,0,0,21,18,18,24,23,21,20,21,21,16,20,,16.350658126194638,19.081812290828505,19.178769525779582,22.174952899882115,21.879724376898032,21.314307538593308,20.023968642913022,21,21,20.310828520564723,20.899755217130267,,-32.2,0
2026-01-25 2:45,2000,0,0,1500,1250,0,2.269543766,828.2008230704014,749.2242658855757,0,0,0,100,0,0,100,100,0,0.226954377,66.25606584563211,59.93794127084606,0,0,0,21,18,18,24,23,21,20,21,21,16,20,,16.31194244509068,19.00987029,19.10580755970489,22.206104455694994,21.913109744140986,21.346769339645864,20.009031604889294,21,21,20.288000604641987,20.929235419694717,,-32.2,0
2026-01-25 3:00,2000,0,0,1500,1250,0,10.974574246294653,837.1829149752193,757.9369444578515,0,0,0,100,0,0,100,100,0,1.0974574246294653,66.97463319801754,60.63495555662812,0,0,0,21,18,18,24,23,21,20,21,21,16,20,,16.275108579404264,18.93690392178992,19.032849519784172,22.24996937175589,21.958584711910948,21.395309617848486,20,21,21,20.273042674238525,20.971476300271004,,-32.2,0
2026-01-25 3:15,2000,0,0,1500,1250,0,15.285697565279406,840.6121572228221,761.0037238901532,0,0,0,100,0,0,100,100,0,1.5285697565279406,67.24897257782577,60.88029791121225,0,0,0,21,18,18,24,23,21,20,21,21,16,20,,16.23901770327151,18.867946961460948,18.960319620733877,22.275279019833857,21.984283508772783,21.42138012,20,21,21,20.25741685711005,20.996466226820427,,-32.5,0
2026-01-25 3:30,2000,2000,0,0,1250,0,8.265028340637947,1250,715.3132440971029,0,88.69912863389473,0,100,100,0,0,100,0,0.8265028340637947,100,57.22505952776823,0,5.913275242259648,0,17.04,23.930000000000003,18,17.08,23.000000000000004,21,20,22.98,21,16,20.99,,16.205318046185084,18.799774604271978,18.89140919709412,22.31187010358244,22.02264885,21.462542412546338,20,21,21,20.24770403832485,21.03199786574484,,-32.6,0
2026-01-25 3:45,2000,2000,0,0,1250,0,0,1250,643.5871117841725,0,413.41366494581234,0,100,100,0,0,100,0,0,100,51.48696894,0,27.560910996387488,0,17,24,18,17,23,21,20,23,21,16,21,,16.17724777943674,20.31108378,19.485014589746104,21.22995675433526,21.95093369396571,21.38206208842863,20.02715508394392,21.442511537025013,21,20.28620960859605,21.01824915844861,,-32.7,0
2026-01-25 4:00,2000,2000,0,0,1250,0,0,1250,637.9713866277452,0,536.2843909964249,0,100,100,0,0,100,0,0,100,51.03771093021962,0,35.75229273,0,17,24,18,17,23,21,20,23,21,16,21,,16.148614101595655,21.252572384283603,20.407314116745525,20.93594713142869,21.70511560972803,21.121600171737484,20.08279521110704,21.535630167029943,21,20.356939961369623,21,,-32.3,0
2026-01-25 4:15,2000,2000,0,0,1250,4.958048142198095,0,1250,638.3349565182216,0,577.8201523530479,0,100,100,0,0,100,0.991609628,0,100,51.066796521457725,0,38.52134349020319,0,17,24,18,17,23,21,20,23,21,16,21,,16.11776902963448,21.784331511891185,20.92385936101779,20.830670738911227,21.61112100050497,21.02740125968665,20.09035417024628,21.551727143161585,21,20.363322096527043,21,,-32.6,0
2026-01-25 4:30,2000,2000,0,0,1250,27.86625009704585,0,1250,641.1705950123069,0,608.6936512937027,0,100,100,0,0,100,5.573250019,0,100,51.29364760098455,0,40.57957675291352,0,17,24,18,17,23,21,20,23,21,16,21,,16.085669629130873,22.03190911376804,21.165065041511244,20.79305491,21.57926616837497,21,20.08796590233538,21.555136446047555,21,20.35934946150671,21,,-32.7,0
2026-01-25 4:45,2000,2000,0,0,1250,40.425657904852415,0,1250,643.9305752576547,0,625.1839022391105,0,100,100,0,0,100,8.085131580970483,0,100,51.514446020612375,0,41.67892682,0,17,24,18,17,23,21,20,23,21,16,21,,16.055826385752535,22.172569657562804,21.30171345091577,20.765522013536657,21.55636989429204,21,20.084112238346453,21.556765928767955,21,20.35424479,21,,-32.6,0
2026-01-25 5:00,2000,2000,0,0,1250,55.24369798985936,0,1250,648.1287894184024,0,644.7117286273642,0,100,100,0,0,100,11.048739597971872,0,100,51.85030315,0,42.98078190849095,0,17,24,18,17,23,21,20,23,21,16,21,,16.029013366085483,22.298306838335705,21.42525945697824,20.748254912229772,21.542908445288614,21,20.080054781384295,21.55716265603041,21,20.349010368186608,21,,-31.5,0
2026-01-25 5:15,2000,2000,0,0,1250,63.25652522285964,0,1250,651.9204816,0,654.9221374560402,0,100,100,0,0,100,12.651305044571929,0,100,52.15363852589944,0,43.66147583040268,0,17,24,18,17,23,21,20,23,21,16,21,,16.009658033878402,22.41565187897909,21.54069890045556,20.731228505683752,21.528191781426926,21,20.074539719834064,21.55537053,21,20.342406833052998,21,,-31.5,0
2026-01-25 5:30,2000,2000,0,0,640.2474227172763,139.26754663519023,0,1250,1250,531.2503516556122,0,0,100,100,0,0,51.21979381738211,27.853509327038047,0,100,100,42.50002813244898,0,0,17,24,18,17,21.02,21,20,23,23.97,20.94,16.06,,15.995107630605643,22.522542959051613,21.646836978131308,20.720514215725046,21.519554489401607,21,20.069185733113063,21.553317560032173,21,20.336171233419098,21,,-31.2,0
2026-01-25 5:45,2000,2000,0,0,878.9899657314636,302.5759914030423,0,1250,1250,366.3079021366903,0,0,100,100,0,0,70.31919726,60.51519828060846,0,100,100,29.304632170935225,0,0,17,24,18,17,21,21,20,23,24,21,16,,15.983216294712198,22.667432245440075,21.79854297264317,20.654983728951464,21.02,21,20.12236192666552,21.612468183943555,21.654484908118636,20.94,20.497259521522256,,-31.1,0
2026-01-25 6:00,2000,2000,0,0,951.3337710457054,367.91582625147566,0,1250,1250,297.70387309118814,0,0,100,100,0,0,76.10670168365642,73.58316525029514,0,100,100,23.816309847295052,0,0,17,24,18,17,21,21,20,23,24,21,16,,15.971605765341348,22.801896037391455,21.92998369507096,20.488087154576924,21,21,20.304635007254543,21.80321998512444,21.890692093816515,21,20.29834089297158,,-30.9,0
2026-01-25 6:15,2000,2000,0,0,1012.3333503417308,405.0289777113976,0,1250,1250,244.13098822384563,0,0,100,100,0,0,80.98666802733847,81.00579554227951,0,100,100,19.53047905790765,0,0,17,24,18,17,21,21,20,23,24,21,16,,15.963713111629495,22.87442362648013,21.99945585,20.40949834742526,21,21,20.409836945979546,21.912376588951396,21.97730088046856,21,20.238974735117715,,-30.7,0
2026-01-25 6:30,2000,2000,0,0,1057.171352171761,434.7717425577066,0,1250,1250,184.35710558183564,0,0,100,100,0,0,84.57370817374088,86.95434851154133,0,100,100,14.748568446546852,0,0,17,24,18,17,21,21,20,23,24,21,16,,15.959636235404195,22.93495933397057,22.06251739969523,20.372636895544268,21,21,20.45519935,21.96125796311437,22.033656438965284,21,20.19947022,,-30.4,0
2026-01-25 6:45,2000,2000,0,0,1082.5214870051495,451.2301332480674,0,1250,1250,156.09013788442098,0,0,100,100,0,0,86.60171896041196,90.24602664961347,0,100,100,12.487211030753679,0,0,17,24,18,17,21,21,20,23,24,21,16,,15.957629583716749,22.99510018192822,22.12175569818655,20.34100206497431,21,21,20.51099912337945,22.02077954411581,22.099370284142463,21,20.16558389944372,,-30.6,0
2026-01-25 7:00,2000,2000,0,0,1101.0202956502944,464.3401058524069,0,1250,1250,119.94223616988164,0,0,100,100,0,0,88.08162365202355,92.86802117048138,0,100,100,9.595378893590532,0,0,17,24,18,17,21,21,20,23,24,21,16,,15.956789821663577,23.051411091062803,22.17859642908152,20.32139444645948,21,21,20.543581749620643,22.05553574048428,22.13635498285219,21,20.145739484239325,,-30,0
2026-01-25 7:15,2000,2000,0,0,1112.4598178227352,472.79690801498873,0,1250,1250,100.2451424611063,0,0,100,100,0,0,88.99678542581881,94.55938160299775,0,100,100,8.019611396888504,0,0,17,24,18,17,21,21,20,23,24,21,16,,15.976493337573457,23.10578713367741,22.23248536,20.307379392181883,21,21,20.579414559294477,22.093616897615217,22.17668901719625,21,20.13267636223967,,-30.4,0
2026-01-25 7:30,2000,0,2000,1500,1250,316.19809236199654,310.1924455,0,1250,177.09762456717436,0,0,100,0,100,100,100,63.23961847239931,31.019244550087397,0,100,14.167809965373948,0,0,24.91,21.03,23.930000000000003,23.92,22.98,21,20.99,16.08,24.000000000000004,21,16,,16.01205143854003,23.15779024,22.284471889046795,20.29801827029836,21,21,20.60253814,22.118207849743573,22.20312239,21,20.124558203514056,,-30.6,0
2026-01-25 7:45,2000,0,2000,1500,1250,25.927902638381056,401.24399690094106,0,1250,332.82401532095355,0,0,100,0,100,100,100,5.185580527676211,40.12439969009411,0,100,26.625921225676283,0,0,25,21,24,24,23,21,21,16,24,21,16,,16.050112283534034,22.247320544924666,23.28300000900872,21.458868206675827,21.24416481842677,21,20.99,20.833546344758645,22.137515856788745,21,20.264473349877942,,-30.7,14
2026-01-25 8:00,2000,0,2000,1500,1250,0,413.2192014431639,0,1250,350.0896389991176,0,0,100,0,100,100,100,0,41.321920144316394,0,100,28.007171119929406,0,0,25,21,24,24,23,21,21,16,24,21,16,,16.094510540327455,22.33807137203041,23.36806348112876,21.80090274669611,21.543262920992028,21.00228330389559,21.000000000000004,20.600085819065438,21.97935702782072,21,20.556325054451307,,-30.2,54
2026-01-25 8:15,2000,0,2000,1500,1250,0,409.7317394124639,0,1250,357.0013383638834,0,0,100,0,100,100,100,0,40.973173941246394,0,100,28.56010706911067,0,0,25,21,24,24,23,21,21,16,24,21,16,,16.132718474984927,22.405520685846337,23.435801453649557,21.88531423559012,21.631696667314483,21.053399947186435,21,20.579031525186423,21.95111017,21,20.651188558942568,,-30.5,66
2026-01-25 8:30,2000,0,2000,1500,1250,0,395.8925847571618,0,1250,358.97082815684735,0,0,100,0,100,100,100,0,39.589258475716186,0,100,28.717666252547787,0,0,25,21,24,24,23,21,21,16,24,21,16,,16.16286058011192,22.43458841308524,23.467055902404432,21.951148620964076,21.686404506931662,21.113672379195812,21,20.55464166776943,21.95002880276961,21,20.70215506469966,,-30.7,122
2026-01-25 8:45,2000,0,2000,1500,1250,0,376.19380477270624,0,1250,355.3791630803207,0,0,100,0,100,100,100,0,37.61938047727062,0,100,28.43033304642566,0,0,25,21,24,24,23,21,21,16,24,21,16,,16.19110081684581,22.478381752009867,23.532431795052965,22.032008960308424,21.77441381833846,21.183798469771222,21,20.553998896769738,21.948062839770564,21,20.774406324740276,,-30.3,162
2026-01-25 9:00,2000,0,2000,1500,1250,0,344.35924482465026,0,1250,339.70829724956275,0,0,100,0,100,100,100,0,34.435924482465026,0,100,27.17666377996502,0,0,25,21,24,24,23,21,21,16,24,21,16,,16.225883521902162,22.553599412543203,23.607422084278262,22.139634321935645,21.89612728857112,21.283015811087903,21,20.568650107513008,21.95219795368741,21,20.87702875762541,,-28.3,220
2026-01-25 9:15,2000,0,2000,1500,1250,0,307.70925426411304,0,1250,313.7358392047863,0,0,100,0,100,100,100,0,30.770925426411303,0,100,25.098867136382907,0,0,25,21,24,24,23,21,21,16,24,21,16,,16.28757970585714,22.647198891524003,23.70021095893059,22.27313443,22.05210759581733,21.409587250732773,21,20.60332780469609,21.968826865370765,21,21.00706017760572,,-27.1,235
2026-01-25 9:30,2000,0,1993.1458279320127,0,1250,0,1000,0,0,353.6977024513152,1500,0,100,0,99.65729139660063,0,100,0,100,0,0,28.295816196105218,100,0,25,21,24.000000000000004,21.03,23.000000000000004,21,22.98,16,17.08,21,23.91,,16.365840193757474,22.77120163022775,23.820617173126827,22.454030028984487,22.25635023475676,21.58692942383371,21,20.648684909527745,21.99634323402303,21,21.18669970230183,,-25.9,270
2026-01-25 9:45,2000,0,1878.4774886173616,0,1250,0,1000,0,0,451.7632721288464,1500,0,100,0,93.92387443086808,0,100,0,100,0,0,36.14106177030771,100,0,25,21,24.000000000000004,21,23.000000000000004,21,23.000000000000004,16,17,21,24.000000000000004,,16.453761743118516,22.912005228139854,23.953585230317216,21.649589822957587,22.49893135085993,21.79721662019888,22.009255331070975,20.628082217792723,20.728663472631386,21,22.406576514753706,,-25.1,295
2026-01-25 10:00,2000,0,1815.623810862462,0,1250,0,1000,0,0,444.54741117573366,1500,0,100,0,90.78119054,0,100,0,100,0,0,35.56379289405869,100,0,25,21,24.000000000000004,21,23.000000000000004,21,23.000000000000004,16,17,21,24.000000000000004,,16.56081119,23.016541300448417,24.000000000000004,21.80656229550482,22.715482845309303,21.99713512177567,21.96903277136617,20.53066602466091,20.56832794393642,21,22.65581043549777,,-25,337
2026-01-25 10:15,2000,0,1763.0043344955611,0,1176.8577686666922,0,1000,0,0,410.87249841222456,1500,0,100,0,88.15021672477806,0,94.14862149333537,0,100,0,0,32.869799872977964,100,0,25,21,24,21,23,21,23,16,17,21,24,,16.665922853045224,23.05077871452182,24,21.966208382660067,22.89758388151181,22.16312858101921,22.00395884623249,20.54106329431393,20.557177633523157,21,22.842277561181547,,-24.2,348
2026-01-25 10:30,2000,0,1712.1451178677542,0,1010.7451041162174,0,1000,0,0,369.46847543954937,1500,0,100,0,85.60725589,0,80.85960832929739,0,100,0,0,29.55747803516395,100,0,25,21,24.000000000000004,21,23.000000000000004,21,23.000000000000004,16,17,21,24.000000000000004,,16.768601157240717,23.082673852476415,24,22.100006791802063,22.99958467924087,22.298948122391536,22.05993389659417,20.57933309,20.57934103529937,21,22.996519199260163,,-23.5,387
2026-01-25 10:45,2000,0,1667.1237364816684,0,892.9793505,0,1000,0,0,327.7293732866856,1500,0,100,0,83.35618682408341,0,71.43834804270311,0,100,0,0,26.218349862934847,100,0,25,21,24.000000000000004,21,23.000000000000004,21,23.000000000000004,16,17,21,24.000000000000004,,16.881644292763674,23.111766568535625,24.000000000000004,22.20441733664425,23.000000000000004,22.40095048226596,22.119721646326337,20.625481195514325,20.61375057579388,21,23.118160503643782,,-22.9,401
2026-01-25 11:00,2000,0,1626.9151112009174,0,809.2509773406739,0,1000,0,0,293.04679864295616,1500,0,100,0,81.34575556004587,0,64.74007818725391,0,100,0,0,23.443743891436494,100,0,25,21,24.000000000000004,21,23.000000000000004,21,23.000000000000004,16,17,21,24.000000000000004,,17.02321196,23.139198014673735,24.000000000000004,22.283103081665804,23,22.47480977,22.17774253270205,20.672076904475738,20.65173318099301,21.000000000000004,23.21298885451112,,-23.1,198
2026-01-25 11:15,2000,0,1592.687352586603,0,753.5486155414255,0,1000,0,0,263.45833337870954,1500,0,100,0,79.63436762933016,0,60.28388924331404,0,100,0,0,21.076666670296763,100,0,25,21,24,21,23,21,23,16,17,21,24,,17.155200324671394,23.164002965283878,24.000000000000004,22.34001506329411,23.000000000000004,22.528143116040468,22.22540574923005,20.709581072379017,20.683451729361664,21,23.285406352529822,,-22.5,200
2026-01-25 11:30,2000,0,0,0,0,0,1000,96.50214593,0,1071.4183399539916,1500,0,100,0,0,0,0,0,100,7.7201716746777675,0,85.71346719631933,100,0,21.04,21,21.03,21,18.06,21,23,20.94,17,21.99,24,,17.27291477446581,23.187227078332786,24,22.382283692820945,23,22.568351684956117,22.259761231867014,20.73530439812737,20.71052162070037,21,23.34728221693763,,-22.1,439
2026-01-25 11:45,2000,0,0,0,0,0,1000,0,0,845.6920040366958,1500,0,100,0,0,0,0,0,100,0,0,67.65536032293566,100,0,21,21,21,21,18,21,23,21,17,22,24,,17.41962718,22.65802613900387,22.70551044744344,22.37589175820642,22.461549544136425,22.553405511033976,22.38369045784541,20.95659905538778,20.83586209645058,21.946987186141367,23.356403107066917,,-21.6,456
2026-01-25 12:00,2000,83.23281394764975,52.03748818041155,0,0,0,1000,0,0,751.6168603073177,1500,0,100,4.161640697382487,2.6018744090205774,0,0,0,100,0,0,60.12934882458541,100,0,21,21,21,21,18,21,23,21,17,22,24,,17.556328492307674,21.60660185261903,21.656878662438157,22.26727288582014,22.32843169,22.43657924,22.637357311222825,21.110580405790923,21.09524990799293,22,23.26292454469253,,-21.6,438
2026-01-25 12:15,2000,258.6044306,191.7316165845841,0,0,0,1000,0,0,705.6845515588659,1500,0,100,12.93022152867925,9.586580829229204,0,0,0,100,0,0,56.45476412470927,100,0,21,21,21,21,18,21,23,21,17,22,24,,17.668883850207337,21.08005085440784,21.103864059614843,22.21365816499408,22.260619535505825,22.38053859025321,22.72387177,21.19202850841267,21.183224908086785,22,23.22279773269525,,-20.8,438
2026-01-25 12:30,2000,275.36029087595426,205.3628366920869,0,0,0,1000,0,0,674.5576882585556,1500,0,100,13.768014543797714,10.268141834604345,0,0,0,100,0,0,53.964615060684444,100,0,21,21,21,21,18,21,23,21,17,22,24,,17.79873958833177,21,21,22.18220072,22.217973887781312,22.349096318351105,22.76440632418525,21.228112591947266,21.225397897394824,22,23.201816171940838,,-20.4,440
2026-01-25 12:45,2000,281.26909933890965,217.45395498937611,0,0,0,1000,0,0,652.1706060907909,1500,0,100,14.063454966945482,10.872697749468806,0,0,0,100,0,0,52.17364848726327,100,0,21,21,21,21,18,21,23,21,17,22,24,,17.915714892964036,21,21,22.16025430125813,22.188149562038607,22.32771992930435,22.791264845004125,21.249881324784923,21.25369746347104,22,23.18949263397817,,-20.1,434
2026-01-25 13:00,2000,285.3456518505136,227.8331493987498,0,0,0,1000,0,0,632.4537774789114,1500,0,100,14.26728259252568,11.39165746993749,0,0,0,100,0,0,50.59630219831291,100,0,21,21,21,21,18,21,23,21,17,22,24,,18.022011168314435,21,21,22.146388283453987,22.17276268930988,22.31450096873856,22.810018935743603,21.263741842674538,21.27368263151017,22,23.18442249694161,,-20.1,407
2026-01-25 13:15,2000,290.4547930363715,235.97876447249476,0,0,0,1000,0,0,612.1957626117146,1500,0,100,14.522739651818574,11.798938223624738,0,0,0,100,0,0,48.975661008937166,100,0,21,21,21,21,18,21,23,21,17,22,24,,18.16018209289824,21,21,22.139580061224105,22.163488624618047,22.30819213519598,22.826582492617483,21.27568391817229,21.29085425545768,22,23.18574947913991,,-19.5,401
2026-01-25 13:30,2000,292.17803710259034,245.6763805226656,0,0,0,0,0,0,712.6748978346783,0,0,100,14.608901855129517,12.28381902613328,0,0,0,0,0,0,57.01399182677426,0,0,21,21,21,21,18,21,16.08,21,20.96,22,21.03,,18.30334215036637,21,21,22.13640386205717,22.15869287816368,22.30508086604368,22.84473134481273,21.28943859516466,21.309207488240283,22,23.19050971908208,,-19.3,413
2026-01-25 13:45,2000,292.3240961744159,252.827677,0,0,0,0,43.66295474950312,27.622807980747893,925.9950776247806,0,0,100,14.616204808720795,12.64138385,0,0,0,0,3.49303638,2.2098246384598315,74.07960620998244,0,0,21,21,21,21,18,21,16,21,21,22,21,,18.433925885237617,21,21,22.0047127,22.018265122419532,22.153264171520718,21.273218557952195,21.19215553554093,21.21492362183977,22,22.05273656163031,,-19.1,389
2026-01-25 14:00,2000,293.7729924,260.7247951476511,0,0,0,0,108.28138357559874,76.67660897,978.4716094,0,0,100,14.68864962,13.036239757382555,0,0,0,0,8.662510686047899,6.134128717578424,78.27772875232752,0,0,21,21,21,21,18,21,16,21,21,22,21,,18.58173273725124,21,21,21.67823390130447,21.68445425934828,21.80672142397213,20.94916685029323,21.001018107454307,21.013679252491745,22,21.67753867393901,,-19.7,310
2026-01-25 14:15,2000,294.64621522213565,268.1977869221846,0,0,0,0,131.6782019022412,92.40018029,987.8066134,0,0,100,14.732310761106783,13.40988934610923,0,0,0,0,10.534256152179296,7.392014423066575,79.02452906958264,0,0,21,21,21,21,18,21,16,21,21,22,21,,18.737883094403507,21,21,21.496690720449383,21.50295914151474,21.62303983614548,20.87662284822085,21,21,22,21.51488363,,-19.1,300
2026-01-25 14:30,2000,298.39584454950455,275.1953268337711,0,0,0,0,141.94904294919797,96.06847651311546,987.5643927219407,0,0,100,14.919792227475227,13.759766341688556,0,0,0,0,11.355923435935837,7.685478121049236,79.00515141775527,0,0,21,21,21,21,18,21,16,21,21,22,21,,18.85781710644163,21,21,21.336316027830424,21.339754409728457,21.45707735441303,20.83365777802048,21,21,22,21.366522425364703,,-19.1,285
2026-01-25 14:45,2000,303.0986229056616,281.30151073646266,0,0,0,0,146.8383594390143,93.05974425482054,981.2800546583348,0,0,100,15.154931145283081,14.065075536823134,0,0,0,0,11.747068755121145,7.444779540385643,78.50240437266679,0,0,21,21,21,21,18,21,16,21,21,22,21,,18.97271298,21,21,21.19168862173496,21.192248904386283,21.307021258474187,20.81060467217824,21,21,22,21.23470168639853,,-19,277
2026-01-25 15:00,2000,304.00977174298896,287.6543632025823,0,0,0,0,150.0958254,86.58660776909528,971.7335065832084,0,0,100,15.200488587149447,14.382718160129116,0,0,0,0,12.00766603332624,6.9269286215276225,77.73868052665667,0,0,21,21,21,21,18,21,16,21,21,22,21,,19.08624579542489,21,21,21.090109092964138,21.089054014282752,21.204369455840567,20.795296994165597,21,21,22,21.154309086528382,,-19.4,184
2026-01-25 15:15,2000,300.6154528442676,293.55933356934474,50.85663758954615,0,0,0,154.21002348822003,77.52040869542543,959.8514167174072,0,0,100,15.030772642213382,14.677966678467238,3.3904425059697436,0,0,0,12.336801879057603,6.201632695634035,76.78811333739259,0,0,21,21,21,21,18,21,16,21,21,22,21,,19.19189395112487,21,21,21.02160057550581,21.01865661890615,21.135443094722863,20.78316303135502,21,21,22,21.10725864969878,,-19.1,172
2026-01-25 15:30,2000,292.2156485767846,298.95057767027174,130.77830431800976,100.8219844981104,0,0,159.61944560991833,0,945.7841098515456,0,0,100,14.61078242883923,14.947528883513588,8.718553621,8.065758759848832,0,0,12.769555648793466,0,75.66272878812366,0,0,21,21,21,21,20.97,21,16,21,17.04,22,21,,19.290776055913128,21.000000000000004,21,21,20.960372944925336,21.079136793038685,20.771571225044774,21,21,22,21.08001178,,-19.1,167
2026-01-25 15:45,2000,275.3054387,303.4690998496917,179.06599347306835,194.0519240730464,14.29196121077257,0,164.45133093535333,0,921.1121853857658,0,0,100,13.76527193,15.173454992484585,11.937732898204557,15.524153925843711,2.858392242154514,0,13.156106474828267,0,73.68897483086126,0,0,21,21,21,21,21,21,16,21,17,22,21,,19.387268515186925,21,21,21,20.97,21.02071541051637,20.759480862788998,21,20.935660749193868,22,21.057593936631804,,-19.1,113
2026-01-25 16:00,2000,266.3915173876994,307.2343219867362,195.5881813175984,213.7953399783728,23.804707240757125,0,184.64143238798715,0,910.6853009266196,0,0,100,13.319575869384972,15.361716099336808,13.039212087839894,17.103627198269823,4.760941448151425,0,14.771314591038973,0,72.85482407412957,0,0,21,21,21,21,21,21,16,21,17,22,21,,19.49242146,21,21.000000000000004,21,21,21,20.748419732037856,21,20.94958576,22,21.07898430487224,,-19.5,54
2026-01-25 16:15,2000,250.6681078298097,310.1561188,179.57054427605544,206.5450898,10.490411637700165,0,187.18642413969792,0,874.2076586255789,0,0,100,12.533405391490485,15.50780593921445,11.971369618403696,16.52360718,2.098082327540033,0,14.974913931175834,0,69.93661269004632,0,0,21,21,21,21,21,21,16,21,17,22,21,,19.59848615964608,21.000000000000004,21,21,21,21,20.723686371398568,21,20.962391597467867,22,21.124929216646333,,-19.9,44
2026-01-25 16:30,2000,334.8914025897975,312.39686776145027,160.32245044151205,189.6060687450863,0,0,187.8921018643177,0,917.5301183278824,0,0,100,16.744570129489876,15.619843388072514,10.68816336276747,15.168485499606904,0,0,15.031368149145417,0,73.40240947,0,0,21,21,21,21,21,21,16,21,17,22,21,,19.70554517651944,21,21,21,21,21,20.71357974412288,21,20.995389209955903,22,21.21277506470328,,-20.7,24
2026-01-25 16:45,2000,381.9724812923632,318.5714951832106,228.70634835834423,260.3332939956799,36.87924819381806,0,201.46245936919516,0,972.4701529098955,137.67273373331955,0,100,19.09862406461816,15.92857475916053,15.247089890556282,20.826663519654392,7.375849638763611,0,16.116996749535613,0,77.79761223279165,9.178182249,0,21,21,21,21,21,21,16,21,17,22,21,,19.72492008722751,21,21,21,21,21.00840377076865,20.70771570732417,21,20.951920583695625,22,21.047114713654963,,-21,2
2026-01-25 17:00,2000,400.82613490766016,327.3665305590148,250.9050912793864,286.3758531488802,49.74930081,0,218.9566450418697,0,997.6157866259118,214.51463641605187,0,100,20.041306745383007,16.36832652795074,16.727006085292427,22.910068251910417,9.949860162,0,17.516531603349577,0,79.80926293007295,14.300975761070125,0,21,21,21,21,21,21,16,21,17,22,21,,19.67144604012009,21.000000000000004,21,21,21,21,20.691160262854325,21,20.895036705671917,22,21,,-20.7,0
2026-01-25 17:15,2000,428.5423233723559,337.1837291696229,261.8217410823964,301.27348593061106,54.77050128373503,0,228.0684900173128,0,1012.9942751122226,266.9334252296685,0,100,21.427116168617793,16.859186458481144,17.454782738826427,24.101878874448886,10.954100256747006,0,18.245479201385024,0,81.03954201,17.79556168,0,21,21,21,21,21,21,16,21,17,22,21,,19.614413223159904,21,21,21,21,21,20.66864443712354,21,20.864880505030836,22,21,,-20.7,0
2026-01-25 17:30,2000,450.3234047855997,346.9635666808754,271.53644168637885,314.7393464634927,59.08846451084658,196.99260022168409,0,0,1024.3709336253814,299.0551338952306,0,100,22.516170239279987,17.34817833404377,18.10242944575859,25.179147717079417,11.817692902169316,19.699260022168406,0,0,81.94967469003052,19.937008926348707,0,23.97,21,21,21,21,21,20.94,19.02,17,22,21,,19.589657014158373,21,21,21,21,21,20.654955873253776,21,20.84591401276877,22,21,,-20.9,0
2026-01-25 17:45,2000,469.67220728650864,356.46246698893566,280.9854229119713,327.6945889875569,63.32441551830076,242.49370953107427,0,0,1045.5547226326971,321.85013742709754,0,100,23.483610364325433,17.82312334944678,18.732361527464754,26.215567119004554,12.664883103660152,24.249370953107427,0,0,83.64437781061577,21.45667582847317,0,24,21,21,21,21,21,21,19,17,22,21,,19.57640295036808,21,21,21,21,21,20.94,20.765642260628688,20.831377587240745,22,21,,-20.8,0
2026-01-25 18:00,2000,486.6541532223528,364.9389493035269,289.0105549695181,339.0721391770385,66.71705504438432,240.7987067108452,0,0,1050.1964895082383,341.8643324286677,0,100,24.33270766111764,18.246947465176344,19.26737033130121,27.125771134163077,13.343411008876865,24.07987067108452,0,0,84.01571916065906,22.790955495244514,0,24,21,21,21,21,21,21,19,17,22,21,,19.563520726050577,21,21,21,21,21,21,20.738804741731137,20.806699098426694,22,21,,-20.5,0
2026-01-25 18:15,2000,502.2326724830164,373.3108736518225,296.5696502056344,349.7841062879925,69.84488193264588,244.0319350473592,0,0,1057.1877486132123,359.79954026389896,0,100,25.111633624150823,18.665543682591125,19.77131001370896,27.982728503039397,13.968976386529175,24.40319350473592,0,0,84.57501988905699,23.986636017593263,0,24,21,21,21,21,21,21,19,17,22,21,,19.55824123882449,21,21,21,21,21,21,20.731707924897307,20.798914084087286,22,21.000000000000007,,-20.4,0
2026-01-25 18:30,2000,516.6539690028912,380.47125461641554,303.01154197249343,359.2501271482761,72.25415767255981,247.6431190148633,0,0,1064.216547228436,375.3968706983105,0,100,25.832698450144562,19.023562730820778,20.200769464832895,28.740010171862085,14.450831534511963,24.76431190148633,0,0,85.13732377827488,25.026458046554033,0,24,21,21,21,21,21,21,19,17,22,21,,19.55527654734521,21,21,21,21,21,21,20.72482850946414,20.78989066746364,22,21,,-20.9,0
2026-01-25 18:45,2000,529.8102038099278,388.1881750094944,309.0729981205295,368.2128790828429,74.44189988505241,249.9989331308334,0,0,1068.5184904714731,389.6625225717071,0,100,26.490510190496387,19.409408750474718,20.604866541368633,29.457030326627432,14.888379977010482,24.99989331308334,0,0,85.48147923771785,25.977501504780474,0,24,21,21,21,21,21,21,19,17,22,21,,19.552028293202675,21,21,21,21,21,21,20.71726306022079,20.78038015362852,22,21,,-21.3,0
2026-01-25 19:00,2000,541.7398325975882,395.0584265707839,315.3514715059209,377.14142018547136,76.90678895892052,254.4157234453396,0,0,1075.6740750931567,403.2399110202714,0,100,27.086991629879414,19.752921328539195,21.02343143372806,30.171313614837707,15.381357791784103,25.44157234453396,0,0,86.05392600745253,26.88266073468476,0,24,21,21,21,21,21,21,19,17,22,21,,19.54721778558798,21,21,21,21,21,21,20.71217131978073,20.77371070983526,22,21,,-20.4,0
2026-01-25 19:15,2000,553.0605341,401.6490453632068,320.8188960480802,385.19548020422735,78.86365462457252,258.2318182245999,0,0,1081.5963596179645,415.3756121906008,0,100,27.65302671,20.082452268160342,21.38792640320535,30.81563841633819,15.772730924914503,25.823181822459993,0,0,86.52770876943715,27.691707479373388,0,24,21,21,21,21,21,21,19,17,22,21,,19.54239465269773,21,21,21,21,21,21,20.704604280878577,20.764740809609727,22,21,,-20.3,0
2026-01-25 19:30,2000,563.8294344499809,408.89526024605584,327.3582997895035,394.28250381436953,81.61159324906548,242.98602449231404,0,1250,112.1273933112243,428.0861667636884,0,100,28.191471722499045,20.444763012302793,21.82388665263357,31.542600305149566,16.322318649813095,24.298602449231403,0,100,8.970191464897944,28.539077784245897,0,24.000000000000004,21,21,21,21,21,21,19,24.91,21.010000000000005,21,,19.53742587141268,21,21,21,21,21,21,20.697595217232717,20.75664924192005,22,21,,-20.5,0
2026-01-25 19:45,2000,573.8371679983866,413.6580735645512,328.0165701174483,397.4474689539456,80.20786200967632,211.06719264940148,0,1250,101.93507330372812,434.4984794594093,0,100,28.69185839991933,20.68290367822756,21.86777134116322,31.795797516315645,16.041572401935262,21.106719264940146,0,100,8.154805864298249,28.96656529729395,0,24,21,21,21,21,21,21,19,25,21,21,,19.532074182227927,21,21,21,21.000000000000004,21,21,20.718071998074567,22.03658991577287,21.03810928888614,21,,-20.7,0
2026-01-25 20:00,2000,582.7356749108258,419.4180556,331.63790453377806,403.24845720857047,81.12358509274782,206.61098936822785,0,1250,55.90544040179884,443.2023947,0,100,29.136783745541287,20.97090278,22.109193635585203,32.259876576685635,16.224717018549562,20.661098936822786,0,100,4.472435232143908,29.546826311500865,0,24,21,21,21,21,21,21,19,25,21,21,,19.524878966400045,21.000000000000004,21,21,21,21,21,20.769525128861652,22.189385290622084,21,21,,-19.9,0
2026-01-25 20:15,2000,591.130254,424.38928281562767,335.7140978926618,409.4078635675578,82.4379838,202.51012094483667,0,1250,65.73729099753837,451.9732303984565,0,100,29.556512698309053,21.219464140781383,22.380939859510786,32.75262908540462,16.48759675934416,20.251012094483666,0,100,5.258983279803069,30.131548693230435,0,24,21,21,21,21,21,21,19,25,21,21,,19.52009388566712,21,21,21,21,21,21,20.781666181977315,22.155104478271237,21,21,,-19.5,0
2026-01-25 20:30,2000,149.7666139392295,2000,1500,297.50868509239444,41.49547002757572,204.30789898406056,0,1250,73.91440557,342.4211135509813,0,100,7.488330696961475,100,100,23.800694807391555,8.299094005515144,20.430789898406054,0,100,5.913152445568776,22.82807423673209,0,24,21,24.96,24.96,21,21,21,19,25,21,21,,19.51804689427072,21,21.000000000000004,21,21,21.000000000000004,21,20.78628252076383,22.17640912665762,21,21,,-19.4,0
2026-01-25 20:45,2000,0,2000,1500,87.72265466281715,0,197.99547902645008,0,1250,68.01477197540407,134.7244675802758,0,100,0,100,100,7.017812373025372,0,19.79954790264501,0,100,5.441181758032326,8.981631172018387,0,24,21,25,25,21,21,21,19,25,21,21,,19.517164866607565,21.19385204,22.16729909107655,21.87618326068812,21,21.04305757247605,21,20.783754751141675,22.18700020477853,21,21,,-19.2,0
2026-01-25 21:00,2000,0,2000,1500,54.74938848142119,0,196.4156407488117,0,1250,68.65928329,103.39602875761555,0,100,0,100,100,4.379951078513695,0,19.64156407488117,0,100,5.492742663424288,6.893068583841036,0,24,21,25,25,21,21,21,19,25,21,21,,19.51658468938871,21.618279452892267,22.64284151617369,22.068751423454884,21,21.161733660977987,21,20.79305600397401,22.20410850909495,21,21,,-18.6,0
2026-01-25 21:15,2000,0,2000,1500,41.68371426894009,0,195.25430476379915,0,1250,69.44756345944916,91.55916274554328,0,100,0,100,100,3.3346971415152074,0,19.525430476379917,0,100,5.555805076755933,6.103944183036218,0,24,21,25,25,21,21,21,19,25,21,21,,19.51294800104767,21.81782977,22.86441555403432,22.097570974896485,21,21.192536756871093,21,20.79609363425851,22.213660990356853,21,21,,-18.5,0
2026-01-25 21:30,1017.0226265538392,0,1999.9999999999984,1499.9999999999986,18.045115229594447,0,193.30744179458657,0,1249.9999999999989,68.65825735843093,68.85196889,0,50.85113132769196,0,99.99999999999993,100,1.443609218367556,0,19.330744179458655,0,100,5.492660588674474,4.590131259387833,0,17.07999999999998,20.99999999999998,24.99999999999998,24.99999999999998,20.99999999999998,20.99999999999998,20.99999999999998,18.99999999999998,24.99999999999998,20.99999999999998,20.99999999999998,,19.50684683852674,21.936690048690995,22.95218896191076,22.117831763809136,21,21.20529203622729,21,20.797180138290468,22.22089900819835,21,21,,-18.4,0
2026-01-25 21:45,1339.8441267134867,0,2000,1500,12.407037702845628,0,193.30946035428224,0,1250,70.63586055682572,63.90091398629011,0,66.99220633567433,0,100,100,0.9925630162276502,0,19.330946035428223,0,100,5.650868844546057,4.260060932,0,17,21,25,25,21,21,21,19,25,21,21,,17.34542913895892,22.14827372242583,23.206992819401822,22.143213399678928,20.99999999999998,21.226981963887503,20.99999999999998,20.79959288175725,22.22894474295826,20.99999999999998,20.99999999999998,,-18.5,0
2026-01-25 22:00,1311.0845547049848,0,2000,1500,14.277598661330558,0,194.8918571041122,0,1250,74.93240738393433,66.22354929602079,0,65.55422773524924,0,100,100,1.1422078929064445,0,19.48918571041122,0,100,5.994592590714746,4.414903286401386,0,17,21,25,25,21,21,21,19,25,21,21,,17,22.324027757667032,23.388678143714465,22.15443006562129,21,21.235039498870727,21,20.79917769914493,22.23373174811354,21,21,,-18.4,0
2026-01-25 22:15,1390.2573697655534,0,2000,1500,16.335843304732407,0,196.21522213779824,0,1250,78.66507633413858,68.56335352775932,0,69.51286848827768,0,100,100,1.3068674643785925,0,19.621522213779823,0,100,6.293206106731086,4.570890235183954,0,17,21,25,25,21,21,21,19,25,21,21,,16.999999999999996,22.392358484401974,23.46210881,22.158518397655047,21,21.23684497727362,21,20.79606061811504,22.235192787817613,21,21,,-18.4,0
2026-01-25 22:30,971.8581167260364,0,2000,1500,15.331648378554746,0,198.1522179889953,0,1250,83.21473787954164,67.75278307414374,0,48.59290583630182,0,100,100,1.2265318702843797,0,19.81522179889953,0,100,6.657179030363332,4.516852204942916,0,16.01,21,25,25,21,21,21,18.01,25,21,21,,17,22.432983119749423,23.50406957743832,22.16174522729688,21,21.238257482469724,21,20.792974467392348,22.236451220034738,21,21,,-18.4,0
2026-01-25 22:45,1304.8504768860294,0,2000,1500,15.788768946062191,0,199.7851219605436,0,1250,87.17454574,68.35151578864316,0,65.24252384430147,0,100,100,1.2631015156849754,0,19.978512196054357,0,100,6.973963659473521,4.556767719242877,0,16,21,25,25,21,21,21,18,25,21,21,,16.00997771058768,22.503140428313703,23.584112619133705,22.16677397355924,21,21.24186004363341,21.000000000000004,20.789008183360178,22.23657674445445,21,21,,-18.4,0
2026-01-25 23:00,1120.8608017692331,0,2000,1500,17.197754256914777,0,200.7313393207405,0,1250,90.13396075158016,69.67385658037892,0,56.04304008846165,0,100,100,1.3758203405531821,0,20.073133932074047,0,100,7.210716860126413,4.644923772025262,0,16,21,25,25,21,21,21,18,25,21,21,,16,22.56805585015177,23.653630233464305,22.170617216552625,21,21.24425444940335,21,20.78532870574595,22.236734489522654,21,21,,-18.2,0
2026-01-25 23:15,1200.4517409582568,0,2000,1500,17.66733919797116,0,201.7875975649913,0,1250,93.21183992920488,70.02449222,0,60.022587047912836,0,100,100,1.4133871358376928,0,20.17875975649913,0,100,7.456947194336391,4.668299481250627,0,16,21,25,25,21,21,21,18,25,21,21,,16,22.60151040212893,23.68783052520006,22.173282341900464,21,21.24531855731391,21,20.78260555965578,22.23769625607445,21,21,,-18,0
2026-01-25 23:30,1222.4301665209289,0,2000,1500,15.878555369390597,0,278.6523309445174,0,225.53017199285117,214.4112892592584,68.09771321153494,0,61.121508326046445,0,100,100,1.2702844295512477,0,27.865233094451742,0,18.042413759428094,17.152903140740673,4.539847547435662,0,16,21,25,25,21,21,21,18,21.04,21,21,,16,22.629755243032523,23.72184902299007,22.17622123937237,21,21.24684374261194,21,20.77977816612557,22.238344104002223,21,21,,-18,0
2026-01-25 23:45,1238.5881314870255,0,2000,1500,22.71177856325085,0,393.6783896926354,0,416.49235324816254,395.0413347616486,74.78276160443056,0,61.929406574351276,0,100,100,1.816942285060068,0,39.36783896926354,0,33.31938825985301,31.603306780931888,4.985517440295371,0,16,21,25,25,21,21,21,18,21,21,21,,16,22.681981649718143,23.77874064309884,22.18052840189798,21,21.24995173259217,21,20.66770624317834,21.08930280626351,21,21,,-17.8,0
2026-01-26 0:00,1248.400028864744,0,2000,1500,25.162077149230758,0,409.8384052900437,0,395.6735963298197,421.61304203621694,77.03302352537867,0,62.42000144,0,100,100,2.012966171938461,0,40.98384052900437,0,31.653887706385575,33.72904336289736,5.135534901691911,0,16,21,25,25,21,21,21,18,21,21,21,,16,22.72955377070869,23.829204782521707,22.179022670637035,21,21.24648908881487,21,20.47545290320906,21,21,21,,-17.5,0
2026-01-26 0:15,1254.988679070706,0,2000,1500,28.151273143430444,0,419.7543134,0,430.01250272739344,438.4106636525103,79.84126384619594,0,62.74943395,0,100,100,2.2521018514744355,0,41.975431338687294,0,34.40100021819148,35.07285309220083,5.322750923079729,0,16,21,25,25,21,21,21,18,21,21,21,,16,22.75401242036676,23.854205010971636,22.179182274060803,21,21.245561281334258,21,20.42921997858205,21,21,21,,-17.3,0
2026-01-26 0:30,2000,0,0,0,231.42589046177164,20.54238386718862,470.7282818677122,0,517.1136876550605,0,282.9516963270638,0,100,0,0,0,18.51407123694173,4.108476773437724,47.07282818677122,0,41.36909501240484,0,18.86344642180425,0,21.93,16.06,17.09,16.1,21,21,21,18,21,16.06,21,,16,22.775087929063183,23.878727741877075,22.17925052120186,21,21.24422615081738,21,20.41552247209969,21,21,21,,-17.2,0
2026-01-26 0:45,2000,0,0,0,533.1205740640635,129.82624235402272,549.6202271778184,0,645.1523955325911,0,584.6579600775312,0,100,0,0,0,42.64964592512508,25.965248470804546,54.962022717781835,0,51.612191642607286,0,38.97719733850208,0,22,16,17,16,21,21,21,18,21,16,21,,17.296421000183607,22.013246410349904,22.160699191701934,21.01590702158547,21,21.11366856146295,21,20.335154629729857,21,20.47391294687182,21,,-17.1,0
2026-01-26 1:00,2000,0,0,0,568.6999086292101,155.86033885588645,570.4928721509519,0,681.6807599455848,0,620.8749833468682,0,100,0,0,0,45.495992690336806,31.172067771177293,57.04928722,0,54.53446079564678,0,41.39166555645788,0,22,16,17,16,21,21,21,18,21,16,21,,17.922905673215933,20.872966430774355,20.997907792849315,20.74342990198636,21.000000000000004,21,21,20.20259472319428,21,20.32167872,21,,-17,0
2026-01-26 1:15,2000,0,0,0,580.3938922,163.11173677021725,578.8489212,0,698.0465744,0,633.8041630874577,0,100,0,0,0,46.43151137942696,32.62234735404345,57.88489212,0,55.84372595106368,0,42.253610872497184,0,22,16,17,16,21,21,21,18,21,16,21,,18.298351733031787,20.176893448441348,20.28846963625604,20.700339952875645,21,21,21,20.157763233742088,21,20.275254673972945,21,,-16.8,0
2026-01-26 1:30,2000,0,0,0,588.7074661783845,168.02502789872233,583.4516137363189,0,708.0886365077749,0,643.7568154,0,100,0,0,0,47.09659729427076,33.605005579744464,58.34516137363189,0,56.64709092062199,0,42.917121024392934,0,22,16,17,16,21,21,21,18,21,16,21,,18.54923708638595,19.740143572276818,19.86015205335605,20.68508215887417,21,21,21,20.138213560893064,21,20.254007758494563,21,,-16.8,0
2026-01-26 1:45,2000,0,0,0,593.3129241463248,170.2884732780949,585.3040915083147,0,713.4628151724028,0,650.1845756269176,0,100,0,0,0,47.46503393170598,34.05769465561898,58.530409150831474,0,57.07702521379222,0,43.34563837512784,0,22,16,17,16,21,21,21,18,21,16,21,,18.739915885510644,19.49140153390193,19.615102429789136,20.67452535929552,21,21,21,20.12655839251594,21,20.240971382429432,21,,-16.7,0
2026-01-26 2:00,2000,0,0,0,600.8132503143825,174.9441875981247,588.8184605283805,0,721.2213341625793,0,659.5088313645792,0,100,0,0,0,48.06506002515059,34.98883751962494,58.88184605283804,0,57.69770673300634,0,43.967255424305286,0,22,16,17,16,21,21,21,18,21,16,21,,18.89299916186308,19.334866967026265,19.462106479253872,20.666772174803715,21,21,21,20.11931497212293,21,20.232750640094487,21,,-16.5,0
2026-01-26 2:15,2000,0,0,0,606.6250429,178.50087422825527,591.3840648215391,0,727.2809871306345,0,667.0767500531765,0,100,0,0,0,48.53000342993968,35.700174845651055,59.13840648215391,0,58.18247897045076,0,44.47178333687843,0,22,16,17,16,21,21,21,18,21,16,21,,19.02496895918365,19.192391256051376,19.313821695208645,20.65792991032043,21,21,21,20.110428981818185,21,20.222834372596136,21,,-16.3,0
2026-01-26 2:30,2000,0,0,0,617.7249547937918,185.9098493083084,516.3528676066671,1250,612.1458621562506,0,679.8481584430738,0,100,0,0,0,49.41799638350334,37.18196986166168,51.635286760666716,100,48.97166897250005,0,45.32321056287159,0,22,16,17,16,21,21,21,24.92,21,16,21,,19.14627560782132,19.05136490666531,19.172595126257377,20.650326948035065,21,21,21,20.102890514160677,21,20.21443606998752,21,,-16.3,0
2026-01-26 2:45,2000,0,0,0,615.3017395012102,183.7179901592353,354.85495559007813,1250,362.0567941931149,0,678.9611399,0,100,0,0,0,49.22413916009682,36.743598031847064,35.485495559007816,100,28.96454353544919,0,45.26407599582987,0,22,16,17,16,21,21,21,25,21,16,21,,19.248211646926848,18.823979879261536,18.93892544634542,20.63961852480348,21,21,21,21.45922797125444,21,20.32162112858056,21,,-16.1,0
2026-01-26 3:00,2000,0,0,0,613.9969374242319,182.0115865310436,322.95222206337894,1250,313.74596387590645,0,679.136697,0,100,0,0,0,49.11975499393855,36.40231730620872,32.29522221,100,25.099677110072516,0,45.27577980181813,0,22,16,17,16,21,21,21,25,21,16,21,,19.353405683021727,18.61708274418053,18.725560287309342,20.63791649,21,21,21,21.78576599497967,21,20.58828624912387,21,,-16,0
2026-01-26 3:15,2000,0,0,0,612.3503991642756,180.08590884575096,304.04940998785423,1250,285.57861744454567,0,678.8859158111518,0,100,0,0,0,48.98803193314205,36.01718176915019,30.404940998785424,100,22.846289395563655,0,45.25906105407679,0,22,16,17,16,21,21,21,25,21,16,21,,19.45950933081413,18.50671849855001,18.610232545066733,20.636812863356667,21,21,21,21.84886230517566,21,20.65799928573601,21,,-15.9,0
2026-01-26 3:30,2000,0,0,0,615.6377577000203,181.7370608053643,296.04803180662384,1250,274.31784508658893,0,683.4593006185387,0,100,0,0,0,49.251020616001625,36.34741216107286,29.604803180662383,100,21.945427606927115,0,45.563953374569245,0,22,16,17,16,21,21,21,25,21,16,21,,19.554276287935608,18.431726604254948,18.53816429169323,20.635795840774488,21,21,21,21.897994859897143,21,20.682633602475157,21,,-16,0
2026-01-26 3:45,2000,0,0,0,616.8390521134897,181.9664398429268,285.2980829350854,1250,258.6978961240238,0,685.8327431888392,0,100,0,0,0,49.34712416907918,36.39328796858536,28.52980829350854,100,20.695831689921906,0,45.722182879255946,0,22,16,17,16,21,21,21,25,21,16,21,,19.63652249399737,18.360305822394192,18.460542391545108,20.631682880918877,21,21,21,21.92750956668292,21,20.69762826109312,21,,-15.9,0
2026-01-26 4:00,2000,0,0,0,620.8306878008516,184.0237849,279.6348750627294,1250,250.8753652841624,0,690.9778327819804,0,100,0,0,0,49.66645502406813,36.80475697,27.96348750627294,100,20.07002922273299,0,46.065188852132025,0,22,16,17,16,21,21,21,25,21,16,21,,19.712364749689392,18.28566667088853,18.38472236522747,20.628762290460443,21,21,21,21.95402804845241,21,20.715718302717924,21,,-15.8,0
2026-01-26 4:15,2000,0,0,0,623.4992038113778,185.1562491971854,273.32281238661017,1250,241.9767003712732,0,694.7020898964947,0,100,0,0,0,49.879936304910224,37.03124983943708,27.332281238661018,100,19.358136029701857,0,46.31347265976631,0,22,16,17,16,21,21,21,25,21,16,21,,19.78078323714452,18.212687859234908,18.30926150647233,20.624450692180226,21,21,21,21.97215704861791,21,20.72611704025767,21,,-15.7,0
2026-01-26 4:30,2000,400,2000,0,721.7610254163242,254.3163996954681,158.7703655592013,1250,99.93985954,1250,0,0,100,20,100,0,57.74088203330593,50.86327993909362,15.877036555920132,100,7.995188763272192,100,0,0,22,18.97,20.96,17.98,21,21,21,25,21,23.91,19.020000000000003,,19.843081998940924,18.14151628918489,18.23580705213347,20.62088749426461,21,21,21,21.98908724325226,21,20.736383578642982,21,,-15.6,0
2026-01-26 4:45,2000,0,1818.428408576421,0,854.1716653308085,347.7304727022547,1.3322381975403914,1250,0,1250,0,0,100,0,90.92142042882105,0,68.33373322646469,69.54609454045094,0.13322381975403913,100,0,100,0,0,22,19,21,18,21,21,21,25,21,24,19,,19.89448028364966,19.23898073940861,20.04776922227649,20.554210361132213,21.000000000000004,21,21,22.16446071472214,21.03108082978723,22.19288535357134,20.46010955845613,,-15.5,0
2026-01-26 5:00,2000,0,1359.5771106288305,0,868.5388162562413,357.2544755924573,0,1250,0,1250,0,0,100,0,67.97885553144152,0,69.4831053,71.45089511849146,0,100,0,100,0,0,22,19,21,18,21,21,21,25,21,24,19,,19.94706479635669,19.982973070675897,20.91585457354379,20.456014530292094,21,21,21.041763181130086,22.474821334374003,21.22822474731345,22.54658106361135,20.34074332854376,,-15.2,0
2026-01-26 5:15,2000,0,1325.854776219065,0,867.6277493650123,356.0686267758865,0,1250,0,1250,0,0,100,0,66.29273881095325,0,69.41021994920098,71.21372536,0,100,0,100,0,0,22,19,21,18,21,21,21,25,21,24,19,,20.003620000316797,20.24482227418584,21,20.43752688173885,21,21,21.117490437688943,22.58545049729251,21.32220578296752,22.64989739079764,20.32445122,,-15.1,0
2026-01-26 5:30,2000,0,1290.8605901184455,0,872.6626807661451,359.21343592551784,0,1250,0,1250,0,0,100,0,64.54302950592228,0,69.81301446,71.84268718510357,0,100,0,100,0,0,22,19,21,18,21,21,21,25,21,24,19,,20.05631305291837,20.262343760734915,21,20.43987068036163,21,21,21.15956396959332,22.626278140105708,21.359197342116577,22.710903996919285,20.31982763151451,,-15.3,0
2026-01-26 5:45,2000,0,1272.5661895377489,0,870.0331873830291,356.94690542995886,0,1250,0,1250,0,0,100,0,63.628309476887445,0,69.60265499064234,71.38938108599177,0,100,0,100,0,0,22,19,21,18,21,21,21,25,21,24,19,,20.10200888112545,20.263256519217453,21,20.43599820779201,21,21,21.18570881448624,22.66162759803802,21.387456351576432,22.753914377973924,20.313281174211525,,-15.3,0
2026-01-26 6:00,2000,0,1250.0063753298382,0,872.7744346012623,358.4484641490417,0,1250,0,1250,0,0,100,0,62.50031876649191,0,69.82195476810098,71.68969282980834,0,100,0,100,0,0,22,19,21,18,21,21,21,25,21,24,19,,20.143535477017632,20.275277094137245,21,20.436695672882056,21,21,21.222621000221498,22.706974097026865,21.426812112690417,22.802669942931704,20.312919548471967,,-14.9,0
2026-01-26 6:15,2000,0,1235.8362896886392,0,868.7834059707639,355.17516122786765,0,1250,0,1250,0,0,100,0,61.79181448443196,0,69.50267247766111,71.03503224557353,0,100,0,100,0,0,22,19,21,18,21,21,21,25,21,24,19,,20.181734519724085,20.28334637245979,21,20.435040047537296,21,21,21.250885709274986,22.741225712452383,21.455899166531285,22.83975221808162,20.310253005976826,,-14.9,0
2026-01-26 6:30,2000,0,1223.4340696660202,1500,0,309.9971236625197,0,0,0,1250,0,0,100,0,61.17170348330101,100,0,61.99942473250394,0,0,0,100,0,0,22,19,21,22.94,16.06,21,21,20.06,21,24,19,,20.217298700468945,20.28716132,21,20.43742838491864,21,21,21.286195089458683,22.78234517850085,21.49256261881103,22.88367963958384,20.31166679,,-15.1,0
2026-01-26 6:45,2000,0,1216.8422486296186,1500,0,210.13434123018487,11.431285827427018,0,0,1250,0,0,100,0,60.84211243148093,100,0,42.026868246036976,1.1431285827427018,0,0,100,0,0,22,19,21,23,16,21,21,20,21,24,19,,20.24710092773732,20.290017668356025,21,21.52096610740843,20.424548337036008,21,21.24750410880231,21.496344158604103,21.44999930797355,22.84601424,20.350857015024943,,-15.2,0
2026-01-26 7:00,2000,0,1210.9720351876458,1500,0,183.7289966381468,61.264723773541846,0,0,1250,0,0,100,0,60.548601759382294,100,0,36.74579932762936,6.126472377354185,0,0,100,0,0,22,19,21,23,16,21,21,20,21,24,19,,20.27802229111437,20.292286283844167,21.000000000000007,21.67164953288852,20.507187100898086,21,21.03206925021784,21.186080562196107,21.20829562736721,22.608574782884496,20.45072035786299,,-14.7,0
2026-01-26 7:15,2000,0,1204.8697973162343,1500,0,164.3896434708331,92.75813918777204,0,0,1250,0,0,100,0,60.24348986581172,100,0,32.87792869416662,9.275813918777205,0,0,100,0,0,22,19,21,23,16,21,21,20,21,24,19,,20.312745064681323,20.294162760985653,21,21.694447553949885,20.543459207731296,21,21,21.089161762953868,21.098796845932792,22.504936766584176,20.483887781337646,,-14.7,0
2026-01-26 7:30,2000,0,1199.634974488392,1500,0,156.4969128143748,119.1411076759432,0,2.3406949577183696,1250,0,0,100,0,59.981748724419596,100,0,31.29938256287496,11.91411076759432,0,0.18725559661746957,100,0,0,22,19,21,23,16,21,21,20,21,24,19,,20.346827329141224,20.29558486009601,21,21.72667377924747,20.555448947646877,21,21,21.011746811997835,21.04116857322244,22.45094810808477,20.50080396980601,,-14.9,0
2026-01-26 7:45,2000,0,1195.0519655620085,1500,0,143.70198552347574,145.3513934141647,0,46.88265258563479,1250,0,0,100,0,59.75259827810043,100,0,28.74039710469515,14.535139341416471,0,3.750612206850783,100,0,0,22,19,21,23,16,21,21,20,21,24,19,,20.378294230013232,20.29676180630714,21,21.742770852673917,20.562357781337827,21.000000000000007,21,20.95797293662463,21,22.41100013581707,20.50981944,,-15,10
2026-01-26 8:00,2000,0,1191.062103870412,1500,0,136.8707919453409,163.7866766,0,75.49129800453011,1250,0,0,100,0,59.55310519352061,100,0,27.374158389068178,16.37866766,0,6.039303840362408,100,0,0,22,19,21,23,16,21,21,20,21,24,19,,20.40826476106268,20.29776890525436,21,21.758649503273933,20.574588237945264,21,21,20.909314924933444,21,22.37015053905217,20.52267560504684,,-14.7,4
2026-01-26 8:15,2000,0,1187.5402395684469,1500,0,127.4629301205532,176.4802705864986,0,97.10278999697766,1250,0,0,100,0,59.377011978422345,100,0,25.49258602411064,17.64802705864986,0,7.768223199758213,100,0,0,22,19,21,23,16,21,21,20,21,24,19,,20.43903538003521,20.298804348665143,21,21.76916478522029,20.58169811337584,21,21,20.87209783418672,21,22.33984161564116,20.53075905602993,,-14.6,5
2026-01-26 8:30,2000,0,1183.1342864220628,1500,1250,47.47339284336777,302.4050377,0,294.9031144020876,0,0,0,100,0,59.156714321103145,100,100,9.494678568673553,30.24050377,0,23.59224915216701,0,0,0,21.010000000000005,19,21,23.000000000000004,22.92,21,21,20,21,17.08,19,,20.470435341826025,20.299634636024365,21,21.780930916790933,20.590904515418156,21.000000000000004,21,20.84555032699539,21,22.31928741,20.54046795,,-14.6,62
2026-01-26 8:45,2000,0,1179.7235226926969,1500,1250,0,464.7491515945994,0,549.5854102335252,0,0,0,100,0,58.986176134634846,100,100,0,46.47491515945994,0,43.966832818682015,0,0,0,21,19,21,23,23,21,21,20,21,17,19,,20.499710171877076,20.300944128651945,21,21.91862376641604,21.62537392875985,21.06848382703087,21,20.65239805626256,21,20.846047737973976,20.67628566892997,,-14.3,67
2026-01-26 9:00,2000,0,1175.739987516863,1500,1250,0,485.5092635698784,0,583.5772927421203,0,0,0,100,0,58.78699937584315,100,100,0,48.55092635698784,0,46.68618341936963,0,0,0,21,19,21,23,23,21,21,20,21,17,19,,20.533327838292827,20.302746392881488,21,22.180712845481143,21.91226357916041,21.291152957295367,21,20.37366296744516,21,20.499280179507718,20.936030390225135,,-14.5,11
2026-01-26 9:15,2000,0,1170.2229314753422,1500,1250,0,494.5278969095798,0,599.2771532915904,0,0,0,100,0,58.51114657376711,100,100,0,49.45278969095798,0,47.94217226332723,0,0,0,21,19,21,23,23,21,21,20,21,17,19,,20.57568215622196,20.305404265205613,21,22.284462861410827,22.00473011931714,21.38372222728034,21,20.31202147878776,21,20.45448496532976,21.03976140777327,,-14.3,12
2026-01-26 9:30,2000,0,1163.478001862448,1500,1250,0,496.7564746506832,0,605.2189002813975,0,0,0,100,0,58.173900093122406,100,100,0,49.675647465068316,0,48.41751202,0,0,0,21,19,21,23,23,21,21,20,21,17,19,,20.62140205008385,20.308701807881917,21,22.353418369070678,22.085427599402408,21.456540162182435,21,20.297714246154897,21,20.422689372434096,21.109221948053587,,-13.8,163
2026-01-26 9:45,2000,0,1155.5942259501826,1500,1250,0,496.2516353630763,0,607.5041995,0,0,0,100,0,57.77971129750913,100,100,0,49.625163536307625,0,48.60033596,0,0,0,21,19,21,23,23,21,21,20,21,17,19,,20.66755422490161,20.312876442522526,21,22.40770493136094,22.144351820292933,21.50757893113559,21,20.28570913098397,21,20.402192692378115,21.164911097253505,,-13.8,167
2026-01-26 10:00,2000,0,1146.692371231893,1500,1250,0,495.1202454963404,0,609.1143284571117,0,0,0,100,0,57.33461856159465,100,100,0,49.512024549634035,0,48.72914627656893,0,0,0,21,19,21,23,23,21,21,20,21,17,19,,20.714880299630163,20.31790324,21,22.47658172967456,22.21788770290553,21.57611471980421,21,20.278928419520835,21,20.391141676752586,21.235557850228684,,-13.7,9
2026-01-26 10:15,2000,0,1137.1494497587228,1500,1250,0,489.7014663559439,0,604.2142595482292,0,0,0,100,0,56.857472487936136,100,100,0,48.97014663559439,0,48.337140763858336,0,0,0,21,19,21,23,23,21,21,20,21,17,19,,20.762748414011515,20.32348820607753,21,22.53015634698448,22.275470169656423,21.625938609802606,21,20.27477820819845,21,20.382435583489467,21.29128123605912,,-13.9,9
2026-01-26 10:30,2000,0,1122.739616229157,0,1250,0,0,0,637.3701301498522,0,0,0,100,0,56.136980811457846,0,100,0,0,0,50.989610411988174,0,0,0,21,19,21,21.02,23,21,17.04,20,21,17,19,,20.811316720485504,20.32964240580645,21,22.59670857132303,22.34778956402493,21.692489557076108,21,20.27766096312819,21,20.381042923470407,21.360195077643677,,-13.7,212
2026-01-26 10:45,2000,0,1117.344017733576,0,1250,0,0,0,729.0244877535406,0,0,0,100,0,55.86720089,0,100,0,0,0,58.321959020283245,0,0,0,21,19,21,21,23,21,17,20,21,17,19,,20.855056074629456,20.335691253892648,21,21.587111888535127,22.379872327543392,21.7142198,20.23148355,20.24608449174746,21,20.344480927828588,21.39285819246693,,-13.5,187
2026-01-26 11:00,2000,0,1108.5586805396488,0,1250,0,0,0,742.0702177157109,0,0,0,100,0,55.42793402698244,0,100,0,0,0,59.36561741725687,0,0,0,21,19,21,21,23,21,17,20,21,17,19,,20.904828672955222,20.341664009592257,21,21.364544645985426,22.24673268932657,21.561797418928183,20.06593022770229,20.149596301265653,21,20.24295572391542,21.26410401734037,,-13.4,10
2026-01-26 11:15,1987.507781854838,0,1099.6795484872457,0,1250,0,0,0,776.8726493489921,0,0,0,99.37538909,0,54.98397742436229,0,100,0,0,0,62.14981194791937,0,0,0,21,19,21,21,23,21,17,20,21,17,19,,20.96225845565925,20.34795893110819,21,21.366895364668693,22.21839856263933,21.529194324934263,20.074605923613834,20.12447292312221,21,20.215995329354723,21.230357181753103,,-13.5,10
2026-01-26 11:30,1963.6513448737317,0,1091.1701309056152,0,1250,0,0,0,782.1040962813022,0,0,0,98.18256724368659,0,54.558506545280764,0,100,0,0,0,62.56832770250418,0,0,0,21,19,21,21,23,21,17,20,21,17,19,,21,20.35432867155843,21,21.294303012475837,22.15654070980008,21.452371742305992,20.035407113959067,20.09095962111848,21,20.178736480909315,21.17139025238457,,-13.2,232
2026-01-26 11:45,1952.4864832507192,0,1083.3407487412624,0,1250,0,0,0,808.8823135137063,0,0,0,97.62432416253596,0,54.167037437063115,0,100,0,0,0,64.71058508109651,0,0,0,21,19,21,21,23,21,17,20,21,17,19,,21,20.360208349642186,21,21.269244450514982,22.14509857329025,21.435580125349038,20.01685130162617,20.07966430576998,21,20.165545256218405,21.157466383992297,,-13.1,243
2026-01-26 12:00,1937.878661451992,0,1076.1633928963674,0,1250,0,0,0,810.5981738834016,0,0,0,96.89393307,0,53.80816964481837,0,100,0,0,0,64.84785391067213,0,0,0,21,19,21,21,23,21,17,20,21,17,19,,21,20.365829189092707,21,21.210784444550885,22.09086698,21.36986930359925,19.987541031045108,20.05157562704718,21,20.13494911217415,21.105185180197385,,-13.3,16
2026-01-26 12:15,1926.2033861041652,0,1069.640434941677,0,1250,0,0,0,833.0244348751403,0,0,0,96.31016930520826,0,53.482021747083856,0,100,0,0,0,66.64195479001123,0,0,0,21,19,21,21,23,21,17,20,21,17,19,,21,20.371094103757056,21,21.19664416437731,22.08420017388088,21.359207302468427,19.97870598,20.04434631243107,21,20.12653162,21.09611440717081,,-13.5,16
2026-01-26 12:30,1916.0011655457915,767.7662370641967,697.2007544348235,27.947135070525597,0,0,13.578250801570904,0.4335596495984646,787.5579212421544,788.4706431967327,67.57754671,0,95.80005827728957,38.388311853209835,34.86003772174117,1.8631423380350398,0,0,1.3578250801570906,0.034684772,63.004633699372356,63.07765145573862,4.50516978,0,21,20.98,21,21,18.06,21,19.97,20,21,20.96,20.98,,21,20.37618227,21,21.146185189590074,22.036950031081734,21.302009365746702,19.954478995397093,20.020774786095256,21,20.10105113383261,21.051116923480123,,-13.2,268
2026-01-26 12:45,1906.8619025818732,634.8545266365763,513.5238136349471,207.4167666367321,0,9.022966923228523,0,0,682.3039723402107,662.8938409867114,333.5105404100723,0,95.34309512909367,31.742726331828816,25.676190681747357,13.827784442448806,0,1.8045933846457047,0,0,54.58431778721686,53.031507278936914,22.234036027338153,0,21,21,21,21,18,21,20,20,21,21,21,,21,20.98,21,21.079460466330644,21.05552183348908,21.207635391115087,20.00586975059765,20.05301675423398,21,20.96,21.011945783554093,,-13,200
2026-01-26 13:00,1896.5175467973293,723.9538046642774,494.3919881,329.8803076,0,93.66530640019846,0,0,643.8528217371422,660.2049672252906,442.2090994394712,0,94.82587733986647,36.19769023321387,24.719599406430103,21.992020508360536,0,18.733061280039692,0,0,51.508225738971376,52.81639737802325,29.480606629298077,0,21,21,21,21,18,21,20,20,21,21,21,,21,21,21,21,20.80093754678021,21,20.094160320855504,20.16461985111803,21,21,21,,-12.8,17
2026-01-26 13:15,1886.353338587924,692.0540781618438,493.5482519854922,376.8228724385481,0,127.68333129199527,0,0,630.3479934569186,634.1815182589962,489.8674427106416,0,94.31766692939621,34.60270390809219,24.677412599274607,25.121524829236538,0,25.536666258399055,0,0,50.42783947655349,50.73452146,32.657829514042774,0,21,21,21,21,18,21,20,20,21,21,21,,21,21,21,21,20.735403288325983,21,20.13720875315097,20.212849914362494,21,21,21,,-12.9,16
2026-01-26 13:30,1875.7488773418863,681.8870222709811,492.5905104241174,404.5187003351239,0,146.97151656851565,0,0,614.9150530791849,615.4204372611894,510.9301761038769,0,93.78744386709432,34.09435111354905,24.62952552120587,26.96791335567493,0,29.39430331370313,0,0,49.19320424633479,49.23363498089515,34.062011740258455,0,21,21,21,21,18,21,20,20,21,21,21,,21,21,21,21,20.693491446217173,21,20.148872561353965,20.224312181046056,21,21,21,,-12.6,296
2026-01-26 13:45,1864.8367176990432,673.5212632136572,491.6004132,419.1184414661111,0,157.50322271291952,0,0,608.4742568480469,606.9491471,519.5109657,0,93.24183588495217,33.67606316068286,24.58002066,27.941229431074074,0,31.500644542583906,0,0,48.677940547843754,48.55593177136936,34.63406437738474,0,21,21,21,21,18,21,20,20,21,21,21,,21,21,21,21,20.671626915619587,21,20.16244080536481,20.238668269047604,21,21,21,,-12.4,266
2026-01-26 14:00,1852.892493,665.1892340299491,490.4822249334102,427.006508,0,163.42129777933587,0,0,600.6902809650855,597.6451914408681,520.4930135307113,0,92.64462467,33.25946170149746,24.524111246670508,28.467100535970534,0,32.68425955586717,0,0,48.05522247720685,47.81161531526945,34.69953423538075,0,21,21,21,21,18,21,20,20,21,21,21,,21,21,21,21,20.660494657731704,21,20.1691315,20.245788619559544,21,21,21,,-12.4,21
2026-01-26 14:15,1840.7836189048105,656.6122639731366,489.2884002393621,430.76863052844783,0,166.50004270791032,0,0,594.6556063001844,590.4324502408526,515.9881433197952,0,92.03918094524053,32.83061319865683,24.464420011968105,28.717908701896523,0,33.300008541582066,0,0,47.57244850401476,47.23459601926821,34.39920955465301,0,21,21,21,21,18,21,20,20,21,21,21,,21,21,21,21,20.654508021425745,21,20.175322725249117,20.25234361977117,21,21,21,,-12.7,20
2026-01-26 14:30,1829.855385,651.5244206504964,488.08721435657935,433.35310669013165,0,168.3878600897927,0,665.4209903292236,535.2415212,530.0730605290324,513.5539065583313,0,91.49276924,32.57622103252482,24.40436071782897,28.890207112675444,0,33.67757201795854,0,53.233679226337884,42.81932169891408,42.405844842322594,34.23692710388875,0,21,21,21,21,18,21,20,20.99,21,21,21,,21,21.000000000000004,21,21,20.651635797240047,21,20.17977497877352,20.25705368497576,21,21.000000000000004,21,,-12.5,138
2026-01-26 14:45,1819.898811,648.0390759269212,487.5015314,434.5054759492596,0,169.11426206800388,0,503.6379433662587,427.1576246337208,421.2077356085247,511.1013669101994,0,90.99494052840701,32.40195379634606,24.37507657,28.96703172995064,0,33.82285241360078,0,40.291035469300695,34.172609970697664,33.69661884868197,34.07342446067996,0,21,21,21,21,18,21,20,21,21,21,21,,21,21,21,21,20.649153940949223,21,20.226795070857985,20.989999999999995,21,21,21,,-12.5,133
2026-01-26 15:00,1814.1753723945349,645.3625906758316,486.9940823328907,428.4441029066584,0,164.45788863211055,0,522.1893908521415,406.9105988190131,400.2878515,501.53228778431367,0,90.70876861972674,32.26812953379158,24.349704116644535,28.562940193777226,0,32.89157772642211,0,41.77515126817132,32.55284790552105,32.023028121228556,33.43548585228758,0,21,21,21,21,18,21,20,21,21,21,21,,21,21,21.000000000000004,21,20.64737321726702,21,20.33982566677744,21,21.000000000000004,21,21,,-12.1,15
2026-01-26 15:15,1808.676850347083,642.7636594726864,486.9163173550005,430.94352818353946,0,165.80675846500162,0,501.4097630710567,399.6678535762076,392.4633227143022,499.6007437929802,0,90.43384251735415,32.13818297363432,24.345815867750026,28.729568545569297,0,33.16135169300033,0,40.112781045684535,31.97342828609661,31.397065817144174,33.30671625286535,0,21,21,21,21,18,21,20,21,21,21,21,,21.000000000000004,21,21,21,20.650410816255505,21,20.37089370178377,21,21,21,21,,-12.3,14
2026-01-26 15:30,1802.8244139658016,638.9423633647348,486.96974903042064,427.7602793874503,0,163.0679639202972,0,491.8370244517646,390.8657223330374,383.1517921898994,488.9082097799037,0,90.14122069829008,31.947118168236738,24.34848745152103,28.517351959163353,0,32.613592784059435,0,39.346961956141165,31.269257786642992,30.652143375191955,32.59388065199358,0,21,21,21,21,18,21,20,21,21,21,21,,21,21,21,21,20.64746675369999,21,20.373242441926035,21,21,21,21,,-12.3,104
2026-01-26 15:45,1795.6614892235905,631.7031978501909,487.01091670498135,429.3695283573216,0,163.75848767738717,0,488.9709052262806,384.9445923,376.7923514361792,475.9045614334573,0,89.78307446117952,31.585159892509544,24.35054583524907,28.62463522382144,0,32.75169753547743,0,39.117672418102444,30.79556738421408,30.14338811489434,31.726970762230486,0,21,21,21,21,18,21,20,21,21,21,21,,21,21,21,21,20.647672419612512,21,20.378678761984407,21,21,21,21,,-12.3,73
2026-01-26 16:00,1787.9225160324022,624.8529636369494,486.9029208838947,427.5749023120661,0,161.95599243326433,0,485.8514922,377.0146814016189,368.4804716440194,458.1958886273278,0,89.3961258,31.24264818184747,24.345146044194735,28.504993487471076,0,32.39119848665287,0,38.868119374348325,30.16117451212951,29.478437731521552,30.54639257515519,0,21,21,21,21,18,21,20,21,21,21,21,,21,21,21,21,20.64463222750652,21,20.37960840006974,21,21,21,21,,-12.1,4
2026-01-26 16:15,1779.9264685418475,617.5800898675661,486.6137133315533,427.5929742410044,0,161.34640749260507,0,484.7791488945732,369.0955227,360.2267593004035,439.9226697800732,0,88.99632342709238,30.879004493378307,24.330685666577665,28.506198282733628,0,32.26928149852101,0,38.782331911565855,29.527641819852004,28.81814074403228,29.32817798533821,0,21,21,21,21,18,21,20,21,21,21,21,,21,21,21,21,20.643334824881144,21,20.37991432692957,21,21,21,21,,-12.2,3
2026-01-26 16:30,1787.2376460695823,647.1466541487728,486.8303890792861,400.28036813717085,433.3691450682199,139.3469541081443,0,434.15826320452464,1250,325.2114951604126,466.6446399857498,0,89.3618823,32.35733270743864,24.341519453964306,26.68535787581139,34.66953160545759,27.869390821628862,0,34.73266105636197,100,26.016919612833007,31.109642665716656,0,21,21,21,21,20.97,21,20,21,22.98,21,21,,21.000000000000004,21,21,21,20.64068744,21,20.37878940513561,21,21,21,21,,-12.2,17
2026-01-26 16:45,1794.2507662481949,659.7497791112692,488.0823413620965,333.1616122096312,397.3007614012258,90.46771883724978,0,263.17649864720806,1250,161.51997384585593,423.0615611987487,0,89.71253831240975,32.98748895556346,24.404117068104824,22.210774147308747,31.784060912098067,18.093543767449955,0,21.054119891776644,100,12.921597907668474,28.20410407991658,0,21,21,21,21,21,21,20,21,23,21,21,,21,21,21,21,20.97,21,20.41686925140448,21,21.93573579726732,21,21,,-12.5,3
2026-01-26 17:00,1799.153715762823,666.9100128560713,490.2408473889809,317.9170907914085,384.97606963144426,78.87510843989912,0,211.47186787549617,1250,113.2283481850318,417.4298194,0,89.95768578814115,33.345500642803565,24.512042369449045,21.19447271942723,30.79808557051554,15.775021687979825,0,16.917749430039695,100,9.058267854802544,27.82865462602107,0,21,21,21,21,21,21,20,21,23,21,21,,21,21,21,21,21,21,20.591268861304485,21,22.149753689135707,21,21,,-12.1,0
2026-01-26 17:15,1801.473445513224,673.2337758935064,492.3548895182139,317.63255792211567,385.7462089,78.02461800199308,0,192.5192012546322,1250,97.00761059,424.26200156226696,0,90.07367228,33.66168879467532,24.617744475910694,21.17550386147438,30.85969671376224,15.604923600398616,0,15.401536100370576,100,7.760608847230032,28.284133437484464,0,21,21,21,21,21,21,20,21,23,21,21,,21,21,21,21,21,21,20.65356878412236,21,22.20971473772137,21,21,,-12.1,0
2026-01-26 17:30,1802.9389400202651,678.6194005218022,494.6687985,318.88529952953104,388.03043936164977,78.34577185868693,0,183.42725672141023,1250,90.13472402434854,430.9196354121523,0,90.14694700101325,33.93097002609011,24.73343992695245,21.259019968635403,31.042435148931983,15.669154371737386,0,14.674180537712818,100,7.210777921947884,28.727975694143485,0,21,21,21,21,21,21,20,21,23,21,21,,21,21.000000000000004,21,21,21,21,20.67513990214076,21,22.23870056767286,21,21,,-12.4,0
2026-01-26 17:45,1804.1534382333195,683.2546287940531,496.72812912237714,320.4479661957048,391.0415336313381,78.93033052618557,0,177.26512975138758,1250,85.83828392103896,436.8294587329183,0,90.20767191166598,34.162731439702654,24.83640645611886,21.36319774638032,31.28332269050705,15.786066105237115,0,14.181210380111006,100,6.867062713683117,29.121963915527886,0,21,21,21,21,21,21,20,21,23,21,21,,21.000000000000004,21,21,21,21,21,20.68642195,21,22.25566268454606,21,21,,-12.4,0
2026-01-26 18:00,1803.6329659459332,687.1408074387036,498.4887627093158,321.5505921841432,393.6216758877599,79.25825024439837,0,171.1171200392928,1250,81.26022426520285,441.5058131154474,0,90.18164829729666,34.357040371935184,24.92443813546579,21.43670614560955,31.489734071020795,15.851650048879673,0,13.689369603143422,100,6.500817941216228,29.433720874363157,0,21,21,21,21,21,21,20,21,23,21,21,,21,21,21,21,21,21,20.694217659743583,21.000000000000004,22.26691881593094,21,21,,-11.9,0
2026-01-26 18:15,1803.2001605154985,690.7179656811022,500.17750011534736,322.7751524498417,396.2727233428923,79.68146507106576,0,167.04425796133728,1250,78.51208421293632,445.77310688548096,0,90.16000802577493,34.53589828405511,25.00887500576737,21.51834349665611,31.701817867431384,15.936293014213152,0,13.363540636906983,100,6.280966737034905,29.71820712569873,0,21,21,21,21,21,21,20,21,23,21,21,,21,21,21,21,21,21,20.701401676424517,21,22.277145086191013,21,21,,-11.9,0
2026-01-26 18:30,1802.9275067947408,694.0541269802634,502.0241693171047,385.4188081,460.2828233,123.79020918763854,0,324.18963841666266,0,236.77767489888572,0,0,90.14637533973705,34.70270634901317,25.101208465855233,25.694587204874065,36.82262586,24.758041837527706,0,25.935171073333013,0,18.942213991910858,0,0,21,21,21,21,21,21,20,21,18.06,21,16.06,,21,21,21,21,21,21,20.706473394674514,21,22.28486711360696,21,21,,-12.2,0
2026-01-26 18:45,1802.837821208619,697.1612970812421,503.45777801832446,469.2175111534707,545.3118734637683,182.85718690078647,0,548.1355926,0,461.6729416861799,0,0,90.14189106043095,34.85806485406211,25.172888900916224,31.28116741023138,43.624949877101464,36.57143738015729,0,43.85084741,0,36.93383533489439,0,0,21,21,21,21,21,21,20,21,18,21,16,,21,21,21,21.000000000000004,21,21,20.563386946032413,21,20.861992003725955,21,20.64838324566672,,-12.2,0
2026-01-26 19:00,1804.730094416771,700.4688497595234,504.9472125052234,480.54011282783176,557.8603830365064,190.31260513044617,0,578.0007285941792,0,492.3511350860681,0,0,90.23650472083855,35.02344248797617,25.24736062526117,32.03600752185545,44.62883064292051,38.062521026089236,0,46.24005828753434,0,39.38809080688545,0,0,21,21,21,21,21,21,20,21,18,21,16,,21,21,21,21,21,21,20.327213399075266,21,20.542981402871213,21,20.56755256437336,,-12,0
2026-01-26 19:15,1807.2411615786225,703.7346754856335,506.0655834771351,485.81557161322417,561.4594816259887,194.2466580741093,0,591.8815572467829,0,510.6065282601121,0,0,90.36205807893113,35.18673377428168,25.303279173856755,32.387704774214946,44.91675853007909,38.84933161482186,0,47.35052457974263,0,40.84852226080897,0,0,21,21,21,21,21,21,20,21,18,21,16,,21,21,21,21,21,21,20.27372596322582,21,20.50519888630292,21,20.556883602905877,,-11.8,0
2026-01-26 19:30,333.17561409852624,706.8862918167009,507.9810254784926,499.1486435732377,575.4733114434524,203.19599536186732,0,618.4498814681684,0,538.4552255,0,0,16.658780704926315,35.34431459083505,25.39905127392463,33.276576238215846,46.03786491547619,40.639199072373465,0,49.475990517453475,0,43.076418043852236,0,0,17.04000000000003,21.00000000000004,21.00000000000004,21.00000000000004,21.00000000000004,21.00000000000004,20.00000000000004,21.00000000000004,19.98000000000004,21.00000000000004,16.000000000000032,,21,21,21,21,21,21,20.263814019641604,21,20.472002476203023,21,20.54564474944283,,-12.2,0
2026-01-26 19:45,698.5041129806395,709.8624073748888,509.5885321922815,504.6891363834966,581.8041841750819,206.3288462612209,0,627.5496806523588,0,548.1831738010405,0,0,34.92520564903198,35.493120368744435,25.479426609614073,33.64594242556644,46.544334734006554,41.265769252244176,0,50.20397445,0,43.85465390408324,0,0,17,21,21,21,21,21,20,21,20,21,16,,17.90210501186477,21.00000000000004,21.000000000000043,21.00000000000004,21.00000000000004,21.00000000000004,20.23326768357731,21.00000000000004,20.43039291182216,21.00000000000004,20.53165273940424,,-12.5,0
2026-01-26 20:00,813.9980426263237,712.4607748845483,510.6737412328876,507.3692687531875,585.1191702062606,207.4693147,0,630.0849534426743,0,551.3362421392812,0,0,40.699902131316186,35.623038744227415,25.533687061644383,33.82461791687917,46.80953361650085,41.493862930891204,0,50.406796275413946,0,44.10689937,0,0,17,21,21,21,21,21,20,21,20,21,16,,17,21,21,21,21,21,20.21982875685552,21,20.41161549855697,21,20.52478020048316,,-12.1,0
2026-01-26 20:15,803.2970508266399,715.0467266,512.3002850209232,509.2358358866186,587.6406624313895,208.07301875841583,0,631.2619569697672,0,553.0261510181044,0,0,40.164852541331996,35.75233632930085,25.61501425104616,33.94905572577457,47.01125299451116,41.61460375168316,0,50.500956557581375,0,44.242092081448355,0,0,17,21,21,21,21,21,20,21,20,21,16,,17,21,21,21,21,21,20.214002295805145,21,20.40169858828201,21,20.52054245750453,,-12.1,0
2026-01-26 20:30,902.4976231471884,717.5931101902024,513.9765229493156,513.5681360577437,592.6401568709673,210.46673103198555,491.5073549573329,601.2044039287623,0,523.3935368431036,0,0,45.12488115735942,35.87965550951012,25.69882614746578,34.23787573718291,47.41121254967739,42.09334620639711,49.15073549573329,48.09635231430099,0,41.871482947448285,0,0,17,21,21,21,21,21,20.99,21,20,21,16,,17,21.000000000000004,21,21,21,21,20.21039108519963,21,20.394537145502543,21,20.51717873276388,,-12.4,0
2026-01-26 20:45,948.0731603,720.0193479650334,515.1075209774026,516.9718638103259,596.7017153,212.2219969883481,406.2556849132379,533.5912254734103,0,456.1292127165907,0,0,47.40365801406815,36.00096739825167,25.75537604887013,34.464790920688394,47.736137222473914,42.44439939766962,40.62556849132379,42.68729803787282,0,36.490337017327256,0,0,17,21,21,21,21,21,21,21,20,21,16,,16.999999999999996,21,21,21,21,21,20.99,21,20.41475829718886,21,20.51233669159889,,-12.5,0
2026-01-26 21:00,983.8558345372658,722.2898321099201,516.6037114988758,513.3904711191608,593.7822694818824,209.04816691244923,422.8758246535017,514.4435740968111,0,437.2670597045508,0,0,49.19279172686329,36.114491605496006,25.83018557494379,34.226031407944056,47.50258155855059,41.80963338248985,42.28758246535017,41.155485927744884,0,34.98136477636406,0,0,17,21,21,21,21,21,21,21,20,21,16,,17,21,21,21,21.000000000000004,21,21,21,20.48485154871572,21,20.508129916722776,,-12.2,0
2026-01-26 21:15,1012.5818835733972,724.3805208356971,517.8437732872808,517.1941404169447,598.2370333,211.1549817541345,409.2070628368274,512.5434442808255,0,435.6009876469434,0,0,50.62909417866986,36.21902604178486,25.89218866436404,34.47960936112965,47.858962664238646,42.23099635,40.92070628368274,41.00347554246604,0,34.84807901175547,0,0,17,21,21,21,21,21,21,21,20,21,16,,17,21,21,21,21,21,21,21,20.508233312807302,21,20.50879519984138,,-12,0
2026-01-26 21:30,1035.248474068063,192.08930327845337,2000,372.3460914735479,454.0274627240542,114.53651943903516,402.6651452750075,507.6887613865847,0,430.9362752431352,1500,0,51.762423703403144,9.604465163922669,100,24.823072764903195,36.32219701792434,22.907303887807032,40.26651452750075,40.61510091092677,0,34.474902019450816,100,0,17,21,22.98,21,21,21,21,21,20,21,23.91,,17,21,21.000000000000004,21,21,21,21,21,20.50655178515616,21,20.50512023458149,,-12.4,0
2026-01-26 21:45,1054.7932881060633,0,2000,119.40099430919145,202.3011832353768,0,394.8015681562047,499.4038103750936,0,422.7932144511669,1500,0,52.73966440530317,0,100,7.960066287,16.184094658830144,0,39.480156815620475,39.952304830007485,0,33.82345715609335,100,0,17,21,23,21,21,21,21,21,20,21,24,,17,21.09400575051658,22.079604138324186,21,21,21.00702586,21,21,20.509245563694208,21,21.63731153497721,,-12.8,0
2026-01-26 22:00,1069.9729887976064,0,2000,78.98873415009075,163.40115905225684,0,391.6263077,497.6610764464531,0,421.1638819,1500,0,53.49864943988032,0,100,5.26591561,13.072092724180548,0,39.16263077,39.812886115716246,0,33.69311055105616,100,0,17,21,23,21,21,21,21,21,20,21,24,,17,21.38643598050187,22.44467971264098,21,21,21.077864800918096,21,21,20.51593410612983,21,21.87070198574941,,-12.8,0
2026-01-26 22:15,1082.785577449744,0,2000,57.30993569717975,143.36336798859338,0,389.0114212813605,496.2428739592797,0,419.8113174936843,1500,0,54.13927887248721,0,100,3.8206623798119836,11.46906943908747,0,38.90114212813605,39.699429916742375,0,33.584905399494744,100,0,17,21,23,21,21,21,21,21,20,21,24,,17,21.53053007057185,22.607386443056903,21,21,21.10979287135892,21,21,20.51664685306653,21,21.90145810101425,,-12.8,0
2026-01-26 22:30,1093.6213750857496,0,2000,47.02141884415323,134.78404733798743,0,388.03960910584647,496.9723147934346,0,420.5746425547659,1500,0,54.68106875428748,0,100,3.134761256276882,10.782723787038995,0,38.80396091058465,39.757785183474766,0,33.64597140438127,100,0,17,21,23,21,21,21,21,21,20,21,24,,17,21.62463580176129,22.674314647471878,21,21,21.125661264506697,21,21,20.51645350938093,21,21.92683540403188,,-13.2,0
2026-01-26 22:45,1102.826616,0,2000,31.295108008856914,120.77147081153088,0,386.67161804855823,496.7708193035469,0,420.3869206,1500,0,55.141330822914995,0,100,2.0863405339237944,9.661717665,0,38.66716180485582,39.74166554428375,0,33.63095365072048,100,0,17,21,23,21,21,21,21,21,20,21,24,,17,21.688774829523567,22.774023344386475,21,21,21.133076020094776,21,21,20.514548015228577,21,21.94183326327958,,-13.4,0
2026-01-26 23:00,1112.4681420886843,0,2000,22.83068939525037,114.02308215499215,0,386.0619142306423,497.49049900319727,0,421.0693162637144,1500,0,55.623407104434214,0,100,1.522045959683358,9.121846572399372,0,38.60619142306423,39.79923992025578,0,33.68554530109716,100,0,17,21,23,21,21,21,21,21,20,21,24,,17,21.768602742489925,22.841751982916037,21,21,21.144452240346013,21,21,20.51346362248452,21,21.95587575,,-13.3,0
2026-01-26 23:15,1121.082797470015,0,2000,12.599772490553732,105.4778073697962,0,385.24196718237545,497.6879957376405,0,421.2178695323128,1500,0,56.05413987350075,0,100,0.8399848327035822,8.438224589583696,0,38.52419671823755,39.81503965901124,0,33.69742956258503,100,0,17,21,23,21,21,21,21,21,20,21,24,,17,21.833750722548825,22.92085166671588,21,21,21.15055691,21,21,20.51179286772784,21,21.96468304238844,,-13.1,0
2026-01-26 23:30,2000,0,1866.754958252264,12.636974597614609,0,0,319.1739747361047,1250,0,319.48109304039394,1500,0,100,0,93.33774791,0.8424649731743071,0,0,31.917397473610468,100,0,25.558487443231513,100,0,23.92,21,23.000000000000004,21,18.03,21,21,22.98,20,21,24.000000000000004,,17,21.89920777052429,22.98538692235514,21,21,21.157772330808783,21,21,20.510596538790978,21,21.97354222935171,,-13.8,0
2026-01-26 23:45,2000,0,1824.639084825083,19.82644391870417,0,0,212.94978019730388,1250,0,155.01085426815462,1500,0,100,0,91.23195424125414,1.3217629279136114,0,0,21.294978019730387,100,0,12.40086834145237,100,0,24,21,23,21,18,21,21,23,20,21,24,,18.561779604306068,21.964735902539907,23,21,20.92326463762427,21.15732378738554,21,21.856860982677983,20.608311258753872,21,21.975576966716893,,-14.3,0
2026-01-27 0:00,2000,0,1810.3826346059104,15.225811452135533,0,0,194.2733598560553,1250,0,126.8801356000222,1500,0,100,0,90.51913173029551,1.0150540968090356,0,0,19.427335985605527,100,0,10.150410848001776,100,0,24,21,23,21,18,21,21,23,20,21,24,,19.396778969180588,21.979580876989044,23,21,20.91445726823389,21.15104477,21,22.067070345122872,20.78386498203163,21,21.97136814459192,,-14.1,0
2026-01-27 0:15,2000,0,1796.721330223736,10.831211786931815,0,0,186.2365958920509,1250,0,115.24041943506928,1500,0,100,0,89.83606651,0.7220807857954543,0,0,18.62365958920509,100,0,9.219233554805543,100,0,24,21,23,21,18,21,21,23,20,21,24,,19.907619060825887,21.986146558201803,23,21,20.915932656601647,21.153849329556905,21,22.11848611562444,20.824603555838685,21,21.974938221531588,,-14.4,0
2026-01-27 0:30,2000,0,1787.6499819001838,7.0300613452309335,0,0,181.74744983949856,1250,0,109.05356010841206,1500,0,100,0,89.3824991,0.4686707563487289,0,0,18.174744983949854,100,0,8.724284808672964,100,0,24,21,23,21,18,21,21,23,20,21,24,,20.244046407963715,21.990434416436504,23,21,20.91782645,21.156714542919172,21,22.139894361474628,20.83792600756469,21,21.978767857227677,,-14.9,0
2026-01-27 0:45,2000,0,1778.2735033661447,4.141873668973858,0,0,179.62802677654508,1250,0,106.49504576194522,1500,0,100,0,88.91367516830724,0.2761249112649239,0,0,17.96280267765451,100,0,8.519603660955617,100,0,24,21,23,21,18,21,21,23,20,21,24,,20.44406751,21.994303410186262,23,21,20.91936068685232,21.15914069278006,21,22.15536201496235,20.84643299800717,21,21.982002589993453,,-15,0
2026-01-27 1:00,2000,0,1771.8554060315291,2.1542452786270587,0,0,177.5051465,1250,0,103.4420509645788,1500,0,100,0,88.59277030157645,0.14361635190847058,0,0,17.75051465,100,0,8.275364077166303,100,0,24,21,23,21,18,21,21,23,20,21,24,,20.588525719031157,21.99749423857392,23,21,20.92035350588057,21.16090572170557,21,22.165505480085667,20.850915673773848,21,21.984502584549265,,-14.7,0
2026-01-27 1:15,2000,0,1768.4847027963042,0,0,0,176.12528503208523,1250,0,101.45857566147242,1500,0,100,0,88.42423513981521,0,0,0,17.612528503208523,100,0,8.116686052917794,100,0,24,21,23,21,18,21,21,23,20,21,24,,20.68896713464987,21.99850124366473,23,21,20.920260540264817,21.162690725351496,21,22.17393304050707,20.855063003021737,21,21.985304774489187,,-14.8,0
2026-01-27 1:30,2000,1838.8610996671664,0,207.86092542115225,0,56.08147927643222,1000,1250,0,39.51415054856408,0,0,100,91.94305498335832,0,13.857395028076816,0,11.216295855286443,100,100,0,3.1611320438851265,0,0,24.99,22.98,17.07,21,18,21,24.960000000000004,23.000000000000004,20,21,18.07,,20.754657846859477,21.998470659541173,23,20.999525968694133,20.919694543020643,21.164178718520446,21,22.180527559123554,20.858113669912623,21,21.98535481013849,,-15.3,0
2026-01-27 1:45,2000,1879.5572307544824,0,537.6497855210582,0,229.45267785281249,1000,1250,0,0,0,0,100,93.97786153772412,0,35.84331903473721,0,45.89053557,100,100,0,0,0,0,25,23,17,21,18,21,25,23,20,21,18,,20.790294059008005,22.94591403435293,22.16233345391896,20.999942766339448,20.774879153748103,21.06688029884492,22.354584646006664,22.28779242405979,20.964201186256894,21.044424014601667,20.816928293898087,,-15.5,0
2026-01-27 2:00,2000,1857.9489520068528,0,594.0608663984312,0,269.72033912956977,1000,1250,0,0,0,0,100,92.89744760034264,0,39.60405775989542,0,53.944067825913955,100,100,0,0,0,0,25,23,17,21,18,21,25,23,20,21,18,,20.815536683053104,23,22.22725157840807,21,20.52710568285993,21,22.616437023668347,22.493036834331136,21.168708771658796,21.20492372640014,20.51393720726344,,-15.3,0
2026-01-27 2:15,2000,1817.675366965872,0,631.5793204,0,295.1620976219365,1000,1250,0,0,0,0,100,90.88376835,0,42.10528802463353,0,59.032419524387294,100,100,0,0,0,0,25,23,17,21,18,21,25,23,20,21,18,,20.833744224735504,23,22.260591977558008,21,20.47307028566504,21,22.677298191677902,22.56500000637348,21.237658071128365,21.269305237845572,20.46631465,,-15.4,0
2026-01-27 2:30,2000,1824.2421538424496,0,657.6920011776383,0,312.8328537788348,1000,1250,0,0,0,0,100,91.21210769212249,0,43.84613341184255,0,62.56657075576697,100,100,0,0,0,0,25,23,17,21,18,21,25,23,20,21,18,,20.839940772139386,23,22.248624379999384,21,20.44720004011793,21,22.75946063818765,22.62062413927371,21.29141956,21.323353095169345,20.42719643522146,,-15.7,0
2026-01-27 2:45,2000,1826.5397961396263,0,670.8142699754644,0,321.2391206641696,1000,1250,0,0,0,0,100,91.32698980698132,0,44.72095133169763,0,64.24782413283393,100,100,0,0,0,0,25,23,17,21,18,21,25,23,20,21,18,,20.83523756347442,23,22.23775260261233,21,20.42586334178433,21,22.831888627006315,22.68384344056694,21.353038459163884,21.384325938234447,20.401952336008584,,-15.9,0
2026-01-27 3:00,2000,1829.293519585452,0,678.0172222,0,325.43309769080406,1000,1250,0,0,0,0,100,91.46467597927261,0,45.20114814420074,0,65.08661953816082,100,100,0,0,0,0,25,23,17,21,18,21,25,23,20,21,18,,20.820240080940508,23,22.232013189681304,21,20.414093620751096,21,22.89211599924974,22.73704885723393,21.404640163268155,21.435243828553965,20.38723142372146,,-16.4,0
2026-01-27 3:15,2000,1832.790894856411,0,682.4699930732313,0,327.67659785666547,1000,1250,0,0,0,0,100,91.63954474282055,0,45.49799953821542,0,65.53531957133309,100,100,0,0,0,0,25,23,17,21,18,21,25,23,20,21,18,,20.79702514623117,23,22.22689977063913,21,20.40690397198448,21,22.943106699322744,22.782329916877902,21.448457563804133,21.47844677753768,20.37772108904748,,-16.5,0
2026-01-27 3:30,2000,1837.6693244606067,0,559.1940934,1250,239.0846996190257,1000,0,0,0,0,0,100,91.88346622303034,0,37.27960622,100,47.816939923805144,100,0,0,0,0,0,25,23,17,21,24.92,21,25,18.06,20.99,21,18,,20.766007151576343,23,22.22243141556642,21,20.40188318813744,21,22.98675499513016,22.821185967004347,21.485974098646384,21.51539572435698,20.37077800464148,,-16.7,0
2026-01-27 3:45,2000,1840.9850038026848,0,322.9163706962754,1250,70.36146468803963,1000,0,0,0,0,0,100,92.04925019013423,0,21.52775804641836,100,14.072292937607926,100,0,0,0,0,0,25,23,17,21,25,21,25,18,21,21,18,,20.731675028465737,23,22.218121455114147,21,21.382176913502526,21,22.93326787930151,21.50170607994826,21.420839061541123,21.44776032132096,20.44663942391577,,-16.9,0
2026-01-27 4:00,2000,1843.1926909009671,0,274.5338704076857,1250,35.69682499112969,1000,0,22.79853760622791,10.346841531676546,0,0,100,92.15963454504835,0,18.302258027179047,100,7.139364998225938,100,0,1.8238830084982327,0.8277473225341236,0,0,25,23,17,21,25,21,25,18,21,21,18,,20.68923140903401,23,22.21464907064619,21,21.58035141120679,21,22.67892005821817,21.15603212377095,21.14820754446992,21.17201123049888,20.615610778417334,,-17,0
2026-01-27 4:15,2000,1845.063235826503,0,255.32949900110907,1250,21.823883180542907,1000,0,125.71209923090464,104.47189133518988,0,0,100,92.25316179132514,0,17.021966600073938,100,4.364776636108582,100,0,10.056967938472372,8.357751307,0,0,25,23,17,21,25,21,25,18,21,21,18,,20.645825429863955,23,22.211969092944063,21,21.618294930410197,21,22.534463317035534,21.00437520774897,21.016266957417287,21.028164896939916,20.65570643588206,,-17.2,0
2026-01-27 4:30,2000,1846.223749537854,0,250.0889772268747,1250,17.829037539810088,1000,0,175.25491120357037,154.17669531126012,0,0,100,92.31118748,0,16.672598481791645,100,3.5658075079620177,100,0,14.02039289628563,12.33413562490081,0,0,25,23,17,21,25,21,25,18,21,21,18,,20.612765269126687,23,22.209637481318214,21,21.63790529433001,21,22.41763105659168,20.865325857417808,21,21,20.670276733321305,,-17.4,0
2026-01-27 4:45,2000,1847.778445398355,0,251.1252266569718,1250,18.20724531396627,1000,0,198.21160597621565,176.8848169,0,0,100,92.38892226991774,0,16.741681777131454,100,3.641449062793254,100,0,15.856928478097252,14.15078535321576,0,0,25,23,17,21,25,21,25,18,21,21,18,,20.57863991499428,23,22.207662769137094,21,21.644010939143907,21,22.36360660213947,20.798672288138704,21,21,20.673363257705585,,-17.7,0
2026-01-27 5:00,2000,1849.336824380247,0,251.0765712,1250,17.826004382684914,1000,0,213.6533731469572,192.7490768,0,0,100,92.46684121901235,0,16.738438083105333,100,3.565200876536983,100,0,17.092269851756576,15.419926141317118,0,0,25,23,17,21,25,21,25,18,21,21,18,,20.540914950427343,23,22.20595160368966,21,21.644774258119288,21,22.34099921,20.76737067198916,21,21,20.671889471345665,,-17.5,0
2026-01-27 5:15,2000,1851.1951085326475,0,253.4277673839606,1250,19.078873144404497,1000,0,226.31765377381453,205.6869522443485,0,0,100,92.55975542663238,0,16.89518449226404,100,3.8157746288808996,100,0,18.10541230190516,16.45495617954788,0,0,25,23,17,21,25,21,25,18,21,21,18,,20.503081575857983,23,22.20426203333236,21,21.646026079651296,21,22.32549658143509,20.74417581281169,21,21,20.671026204505683,,-18,0
2026-01-27 5:30,1049.1151484737484,0,893.3539280061923,0,1250,69.46108865380393,0,0,433.8060944517001,413.425679,0,0,52.45575742368742,0,44.667696400309616,0,100,13.892217730760786,0,0,34.70448755613601,33.07405432,0,0,18.08,16.08,21.94,19.02,25,21,17.09,18,21,21,16.02,,20.46549681952193,23,22.20263299079563,21,21.64549833939502,21,22.31210858029732,20.724135660332777,21,21,20.668702440861832,,-18.4,0
2026-01-27 5:45,1408.753237931783,0,1406.0958389063344,0,1250,137.14713713780657,0,0,590.2149897088111,570.0582683165303,0,0,70.43766189658913,0,70.30479194531671,0,100,27.429427427561315,0,0,47.21719917670489,45.60466146532242,0,0,18,16,22,19,25,21,17,18,21,21,16,,18.32832622681282,21.47052211316172,21.979125527804733,20.77575568888919,21.596687802679547,21,20.60525866054005,20.515520784511104,21,21,20.620683712248013,,-18.7,0
2026-01-27 6:00,1387.385043075812,0,1371.064956598257,0,1250,149.7909826104369,0,0,604.9018256449017,584.9290149556582,0,0,69.36925215,0,68.55324782991285,0,100,29.958196522087384,0,0,48.392146051592135,46.79432119645266,0,0,18,16,22,19,25,21,17,18,21,21,16,,18,21.207806846955656,22,20.694577729624164,21.525956960715668,21,20.325969911964798,20.334188885525265,21,21,20.548944406315883,,-18.9,0
2026-01-27 6:15,1477.938738632358,0,1379.056641819243,0,1250,163.3318819674023,0,0,614.4322381,594.6024274374395,0,0,73.89693693,0,68.95283209096216,0,100,32.66637639348046,0,0,49.154579045751596,47.56819419499516,0,0,18,16,22,19,25,21,17,18,21,21,16,,18,21.24003221981128,22,20.67769190052773,21.509404646471623,21,20.30801843,20.300474581423305,21,21,20.529007003748365,,-19.3,0
2026-01-27 6:30,1539.1344817642184,0,1400.9954840737191,0,1250,169.79851267301274,0,0,623.4071925792232,603.6804400140645,0,0,76.95672408821092,0,70.04977420368596,0,100,33.95970253460255,0,0,49.87257540633786,48.29443520112516,0,0,18,16,22,19,25,21,17,18,21,21,16,,18,21.220358305666117,22,20.662052211588936,21.495999062786694,21,20.270932036265396,20.288810496264688,21,21,20.51440140393392,,-19.9,0
2026-01-27 6:45,1575.0015212814817,0,1436.1434667542817,0,1250,181.4596563847481,0,0,634.4272564302337,614.7670597,0,0,78.75007606,0,71.80717333771408,0,100,36.29193127694962,0,0,50.75418051441869,49.18136477954744,0,0,18,16,22,19,25,21,17,18,21,21,16,,18,21.189096910344738,22,20.651828535464805,21.487588229121037,21,20.240069732814742,20.27252124560041,21,21,20.503875961766823,,-20.5,0
2026-01-27 7:00,1599.5476443322111,0,1455.337071905029,0,1250,188.79144886047288,0,0,644.9358927435969,625.3265425844766,0,0,79.97738221661055,0,72.76685359525145,0,100,37.75828977209458,0,0,51.59487141948775,50.026123406758124,0,0,18,16,22,19,25,21,17,18,21,21,16,,17.999999999999996,21.17325933731333,22,20.638159804210936,21.47471887559777,21.000000000000004,20.21598474925069,20.25510308838617,21,21,20.489375190590685,,-20.7,0
2026-01-27 7:15,1620.632970617633,0,1468.9214958198063,0,1250,199.60513543770503,0,0,654.9345805696539,635.3490380094845,0,0,81.03164853088165,0,73.44607479099031,0,100,39.921027087541006,0,0,52.394766445572316,50.82792304075876,0,0,18,16,22,19,25,21,17,18,21,21,16,,17.999999999999996,21.163278110495728,22,20.628178252114783,21.46561656,21,20.19424632927284,20.239102245966155,21,21,20.47860877932026,,-20.9,0
2026-01-27 7:30,1638.472594389994,0,1485.3214080994003,0,603.8163428662538,157.4478879,0,739.5976487943053,657.8943856657352,0,1500,0,81.92362972,0,74.26607040497001,0,48.30530743,31.48957759,0,59.167811903544425,52.631550853258815,0,100,0,18,16,22,19,21.04,21,17,20.97,21,18.03,24.9,,18,21.15386663557784,22,20.615620863028564,21.453516734312718,21,20.174210734442884,20.22413334,21,21,20.465364690012745,,-21.3,0
2026-01-27 7:45,1653.8458134106531,0,1487.8343048861898,0,407.0025481324883,46.29888563389977,0,694.5898989172165,655.1687038945238,0,1500,0,82.69229067053266,0,74.39171524430948,0,32.560203850599066,9.259777126779955,0,55.56719191337732,52.41349631,0,100,0,18,16,22,19,21,21,17,21,21,18,25,,18,21.146408860076512,22,20.652338905889657,21.04,21,20.170526592477675,20.97,21,20.344019204864267,21.53500440683852,,-21.7,17
2026-01-27 8:00,1683.0917364396682,0,1492.9674780889836,0,339.38748549771844,17.73141489347472,0,724.3353734290176,655.8531319891372,0,1500,0,84.15458682198341,0,74.64837390444919,0,27.150998839817476,3.5462829786949444,0,57.94682987432141,52.46825055913097,0,100,0,18,16,22,19,21,21,17,21,21,18,25,,18,21.142463130955186,22,20.767880550406584,21,21.000000000000004,20.175022935930446,21,21,20.29401012256115,21.72816950811026,,-21.1,49
2026-01-27 8:15,1710.1333682884915,0,1495.926429893072,0,309.8537721519533,3.1749552514120296,0,704.3110877588733,657.994604,0,1500,0,85.50666841442458,0,74.79632149,0,24.788301772156263,0.6349910502824059,0,56.34488702070987,52.63956831854448,0,100,0,18,16,22,19,21,21,17,21,21,18,25,,18,21.14047667648657,22,20.80848345289283,21,21,20.17825077,21,21,20.31667879496806,21.726243805435683,,-21.2,58
2026-01-27 8:30,1735.519148420759,0,1492.9164513094656,0,256.2265447017271,0,0,671.6235136098549,651.8444988930751,0,1500,0,86.77595742103794,0,74.64582256547328,0,20.49812357613817,0,0,53.72988108878839,52.14755991,0,100,0,18,16,22,19,21,21,17,21,21,18,25,,18,21.13927707165028,22,20.82340972857177,21,21,20.180481162538683,21,21,20.30674587378666,21.748264022528826,,-21.3,126
2026-01-27 8:45,1758.9463562529618,0,1480.013147987891,0,151.68454854454103,0,0,644.2865138393718,653.9184759277632,0,1500,0,87.94731781,0,74.00065739939456,0,12.134763883563283,0,0,51.54292110714974,52.31347807422106,0,100,0,18,16,22,19,21,21,17,21,21,18,25,,18,21.146594607931405,22,20.844016514901792,21,21.009019061008967,20.20666345654909,21,21,20.306558478482906,21.77333544501039,,-21.1,162
2026-01-27 9:00,1742.8469803537937,0,1453.876691281297,0,35.13695470362654,0,0,606.3278220681532,646.5223719463247,0,1500,0,87.14234901768968,0,72.69383456406486,0,2.8109563762901235,0,0,48.50622576545226,51.72178975570598,0,100,0,18,16,22,19,21,21,17,21,21,18,25,,18,21.16279148252663,22,20.863770938297748,21,21.017580983838734,20.23320911129319,21,21,20.302384080884902,21.79381606417396,,-19.4,225
2026-01-27 9:15,1724.2836658886297,0,1397.9862940762637,0,0,0,0,562.4264037358795,632.8316656810081,0,1500,0,86.21418329443148,0,69.89931470381319,0,0,0,0,44.99411229887036,50.62653325448065,0,100,0,18,16,22,19,21,21,17,21,21,18,25,,18,21.189143093472573,22.000000000000004,20.89054757835105,21,21.032258473266083,20.269643422228324,21,21,20.306667192399807,21.824644732146453,,-18.1,240
2026-01-27 9:30,2000,0,1355.534670300077,0,0,0,1000,389.22799868430593,482.6291829872891,0,1500,0,100,0,67.77673351500385,0,0,0,100,31.138239894744473,38.610334638983126,0,100,0,20.97,16,22,19,19.020000000000003,21,23.92,21,21,18,25,,18,21.221681036914188,22,20.934103064246543,21.07292461276635,21.065045992044023,20.321640953803872,21,21,20.318543533665007,21.87476951772825,,-16.9,274
2026-01-27 9:45,2000,0,1324.9306054221645,0,0,0,1000,164.20926956309484,268.33475675453377,0,1500,0,100,0,66.24653027110821,0,0,0,100,13.136741565047586,21.466780540362702,0,100,0,21,16,22,19,19,21,24.000000000000004,21,21,18,25,,18.58266019786065,21.25012166526659,22,21.02620281044744,21.18788962368078,21.155860966786456,21.96537254187247,21,21,20.465742913299422,21.97663581437445,,-16.3,296
2026-01-27 10:00,2000,0,1297.7554759983614,0,0,0,1000,113.85161210267252,222.8770559122102,0,1500,0,100,0,64.88777379991807,0,0,0,100,9.108128968213801,17.830164472976815,0,100,0,21,16,22,19,19,21,24.000000000000004,21,21,18,25,,19.039954632621694,21.27399249630957,22,21.156622317881435,21.322526181831133,21.286480540257717,22.303433243282115,21,21,20.701634216672357,22.117663653698145,,-16.3,303
2026-01-27 10:15,2000,0,1274.6116387730635,0,0,0,1000,89.47508267710691,199.11177712692825,0,1500,0,100,0,63.73058193865318,0,0,0,100,7.158006614168553,15.92894217015426,0,100,0,21,16,22,19,19,21,24,21,21,18,25,,19.21939160224653,21.29439842893465,22,21.283804010953297,21.44800589876866,21.414430790975143,22.38961461901206,21,21,20.754439804692613,22.256233851012148,,-16,312
2026-01-27 10:30,2000,0,1257.3521647711998,0,0,0,1000,77.49247217020022,176.5651739944355,0,1500,0,100,0,62.86760823855999,0,0,0,100,6.199397773616018,14.12521391955484,0,100,0,21,16,22,19,19,21,24.000000000000004,21,21,18,25,,19.37597781673439,21.31232588978879,22,21.390041103261083,21.549210368497143,21.52143681138081,22.439886386337605,21,21,20.782107988011408,22.37499917508585,,-15.7,391
2026-01-27 10:45,2000,0,1244.2701278478526,0,0,0,1000,68.19266281,155.40631319156728,0,1500,0,100,0,62.21350639239263,0,0,0,100,5.4554130249532315,12.432505055325382,0,100,0,21,16,22,19,19,21,24,21,21,18,25,,19.536030914787307,21.323667860082136,22,21.48605463207334,21.62770564410081,21.620261020321152,22.47345775612519,21,21,20.807943698712577,22.483659485730225,,-15.3,406
2026-01-27 11:00,2000,241.9355683510803,197.00544385007925,0,0,0,1000,60.16854711375163,139.0751993511249,0,1500,0,100,12.096778417554015,9.850272192503962,0,0,0,100,4.813483769,11.126015948089993,0,100,0,21,20.94,21.01,19,19,21,24,21,21,18,25,,19.702187328728204,21.33348835,22,21.571012641204323,21.693518110903906,21.706920750808507,22.500619177841365,21,21,20.832121090686908,22.58250699688144,,-15.8,160
2026-01-27 11:15,2000,515.6226812829311,414.1401585716279,0,0,0,1000,55.25573209232243,125.08480029805284,0,1500,0,100,25.781134064146556,20.707007928581394,0,0,0,100,4.420458567385794,10.006784023844226,0,100,0,21,21,21,19,19,21,24,21,21,18,25,,19.88637653,21.068510801228665,21.10143493368557,21.637213144803887,21.73746914176083,21.77501015852495,22.51781787097471,21,21,20.851461967772565,22.656497686496223,,-15.6,162
2026-01-27 11:30,2000,0,1627.249436804386,0,0,0,1000,21.472364068087337,44.91238848697613,1250,0,0,100,0,81.36247184,0,0,0,100,1.7177891254469868,3.592991079,100,0,0,21,16.06,21.99,19,19,21,24.000000000000004,21,21,22.94,21.04,,20.02483806449312,21,21,21.684483205413457,21.76671974361872,21.82420568490086,22.531283253109585,21,21,20.867759459684915,22.71215435580965,,-15.2,390
2026-01-27 11:45,2000,0,1283.9398086092551,0,0,0,1000,0,0,1250,0,0,100,0,64.19699043046276,0,0,0,100,0,0,100,0,0,21,16,22,19,19,21,24,21,21,23,21,,20.16194960522058,21.09275866107896,21.94292283193447,21.59483543379405,21.65833606735513,21.718300659052456,22.70296749135524,21.138593606654798,21.10494922235912,22.347703370178188,21.59919771387244,,-14.8,373
2026-01-27 12:00,2000,0,1253.6478134587924,0,0,0,1000,0,0,1250,0,0,100,0,62.68239067293962,0,0,0,100,0,0,100,0,0,21,16,22,19,19,21,24,21,21,23,21,,20.30625015937104,21.29943132673665,22,21.283825914187627,21.3356329,21.38662466426853,23.06423369136635,21.48175830308165,21.430451987495616,22.773952105729176,21.243172345146935,,-15.4,212
2026-01-27 12:15,2000,0,1254.9481681735451,0,0,0,1000,0,0,1150.7065844201095,53.40168772,0,100,0,62.74740840867726,0,0,0,100,0,0,92.05652675360875,3.560112515,0,21,16,22,19,19,21,24,21,21,23,21,,20.44469908683585,21.331986793073057,22,21.10570402889736,21.16568458524661,21.20751559431372,23.24467275060924,21.657918611913296,21.611531797788903,22.97152789285297,21.06830218526786,,-15,212
2026-01-27 12:30,2000,0,1249.1687451191135,0,0,0,1000,0,0,1068.0652007209428,157.60068898538884,0,100,0,62.45843725595567,0,0,0,100,0,0,85.44521605767542,10.506712599025922,0,21,16,22,19,19,21,24,21,21,23,21,,20.59311819942684,21.32917477903234,22,20.999279406912784,21.058417471943493,21.09705463919948,23.35697403985195,21.766750642615506,21.72712887687784,23,21,,-14.9,401
2026-01-27 12:45,2000,0,1245.9636548886847,0,0,25.14400349315838,1000,0,0,1021.2887053459236,209.9613149106226,0,100,0,62.298182744434236,0,0,5.028800698631676,100,0,0,81.70309643,13.997420994041507,0,21,16,22,19,19,21,24,21,21,23,21,,20.717100075493956,21.33200596,22,20.918920200583525,20.97499073,21.015892843129578,23.433913828736134,21.83912663159858,21.805834552394828,23,21,,-14.6,332
2026-01-27 13:00,2000,0,0,0,0,52.16582123758659,1000,0,0,980.6743704739188,247.0320298991525,0,100,0,0,0,0,10.433164247517318,100,0,0,78.45394963791351,16.46880199327683,0,21,16.989999999999995,17.059999999999995,19,19,21,24,21,21,23,21,,20.83601326280081,21.333268149340125,22,20.87548442604119,20.925360861267457,21,23.47634720125385,21.87677012,21.849696299033603,23,21,,-14.7,95
2026-01-27 13:15,1967.180768,0,0,0,0,72.33674035583559,1000,0,0,942.3605960765186,270.8053823311493,0,98.35903838,0,0,0,0,14.467348071167118,100,0,0,75.38884768612148,18.053692155409955,0,21,17,17,19,19,21,24,21,21,23,21,,20.94070093489763,20.984959848970632,21.022417989363525,20.84635981813295,20.88820372025921,21,23.510850670151928,21.906990325933258,21.886071742503116,23,21,,-14.9,93
2026-01-27 13:30,1932.4546,2000,430.8977291710457,1500,0,31.303944420957123,0,0,0,1027.672906883752,119.1312214570935,0,96.62272999783649,100,21.544886458552284,100,0,6.260788884191425,0,0,0,82.21383255070015,7.942081430472901,0,21,22.93,20.96,24.930000000000003,19,21,21.03,18.03,21,23.000000000000004,21,,21,20.19925879806196,20.25463943470765,20.823446707402745,20.85914956848427,21,23.545588407482747,21.938058836414392,21.922705942395723,23,21,,-14.7,359
2026-01-27 13:45,1904.439187,2000,0,1500,0,0,0,0,0,1196.2197578909145,0,0,95.22195936,100,0,100,0,0,0,0,0,95.69758063127315,0,0,21,23,21,25,19,21,21,18,21,23,21,,21,22.10180157649757,21.293029,22.005631692421943,20.97444074291574,21.09757875,21.947815781860736,21.850537461818863,21.839528432551003,23.000000000000004,21.02489070640538,,-14.4,312
2026-01-27 14:00,1889.4779725144165,1865.5437188711549,0,1500,0,0,0,0,0,1224.9738313093512,0,0,94.47389862572084,93.27718594355774,0,100,0,0,0,0,0,97.9979065,0,0,21,23,21,25,19,21,21,18,21,23,21,,21,22.869968572027467,21.950140517146203,22.315424049917908,21.247782043227303,21.35023834112921,21.669218214043312,21.66030522,21.65460937318529,23,21.209840749986423,,-14,55
2026-01-27 14:15,1876.95671,1771.808859882498,0,1500,0,0,0,0,0,1215.3864848294506,0,0,93.8478355,88.59044299,0,100,0,0,0,0,0,97.23091878635606,0,0,21,23,21,25,19,21,21,18,21,23,21,,21,23,22.148597352381028,22.432530514371745,21.36749284339733,21.46989027596546,21.620054128990997,21.604481093341388,21.60605963356881,23,21.33507438665854,,-14.4,53
2026-01-27 14:30,1866.654761884527,1696.535451579501,0,1500,0,0,0,0,0,1218.3594998205954,0,0,93.33273809422636,84.82677257897504,0,100,0,0,0,0,0,97.46875998564764,0,0,21,23,21,25,19,21,21,18,21,23,21,,21.000000000000004,23,22.193744835254545,22.487260185269776,21.404188172420007,21.511831975229875,21.59203342953436,21.605650041622678,21.614554958228965,23.000000000000004,21.38508270929173,,-14.5,222
2026-01-27 14:45,1857.9235993223856,1650.6111095582455,0,1500,0,0,0,0,0,1210.733207696332,0,0,92.89617996611928,82.53055547791227,0,100,0,0,0,0,0,96.85865661570656,0,0,21,23,21,25,19,21,21,18,21,23,21,,21.000000000000004,23,22.20740959215326,22.553085649160995,21.462451552231443,21.57678428900727,21.56298224408802,21.591803920366573,21.608509210704128,23,21.451926521370662,,-14.3,194
2026-01-27 15:00,1850.6908635690525,1614.6924326010922,0,1500,0,0,0,0,0,1201.1467174634035,0,0,92.53454317845261,80.73462163,0,100,0,0,0,0,0,96.09173739707228,0,0,21,23,21,25,19,21,21,18,21,23,21,,21,23,22.22723381262898,22.624687202333448,21.528848934740047,21.64934134675956,21.548468307826237,21.585591343001823,21.611300307641425,23,21.529193419850813,,-14.3,71
2026-01-27 15:15,1843.271157,1586.025539412214,0,1500,0,0,0,0,0,1184.1894209979018,0,0,92.16355783,79.30127697061069,0,100,0,0,0,0,0,94.73515367983214,0,0,21,23,21,25,19,21,21,18,21,23,21,,21,23,22.23855971623748,22.720023856637702,21.61929185636901,21.74624228139565,21.53737348341298,21.581609201546776,21.617424051214925,23,21.63328026658035,,-14.6,66
2026-01-27 15:30,1834.989078281036,1553.7288470632177,0,0,0,0,0,0,0,0,0,0,91.74945391,77.68644235316088,0,0,0,0,0,0,0,0,0,0,21,23,21,21.04,19,21,21,18,21,16.08,21,,21,23.000000000000004,22.247167112443314,22.80907037,21.70350212968639,21.83746224740222,21.53320303739143,21.58393571021831,21.63251103529891,23,21.735408045877143,,-14.6,127
2026-01-27 15:45,1823.0477993902432,1514.852607080651,0,0,0,0,0,0,0,0,0,0,91.15238996951217,75.74263035403256,0,0,0,0,0,0,0,0,0,0,21,23,21,21,19,21,21,18,21,16,21,,21,23,22.25556730544993,21.782417618784443,21.714952704366183,21.84990070916365,21.429559235478912,21.48169060171655,21.54490858472557,21.68477985,21.77541716,,-14.6,87
2026-01-27 16:00,1807.008479,1472.1024648291968,0,0,0,0,46.53550638242996,0,0,0,0,0,90.35042394,73.60512324145984,0,0,0,0,4.653550638242995,0,0,0,0,0,21,23,21,21,19,21,21,18,21,16,21,,21,23,22.26210689518981,21.5259594,21.50515852868871,21.633470852494725,21.09679800406814,21.14459939037633,21.229942973832937,21.29882842904092,21.621984433271837,,-14.8,18
2026-01-27 16:15,1788.7289944680851,1424.8823780583516,0,0,0,0,116.29597298408044,0,0,0,0,0,89.43644972340425,71.24411890291758,0,0,0,0,11.629597298408044,0,0,0,0,0,21,23,21,21,19,21,21,18,21,16,21,,21.000000000000004,23,22.26752096599497,21.438301537626803,21.401183991070173,21.53596725,21,20.981641203553323,21.09923907527301,21.180190815391445,21.594684236083104,,-15,15
2026-01-27 16:30,1813.6738912215176,1487.7479914326468,0,0,0,0,176.80568271684115,0,112.95449343010296,0,0,0,90.68369456107588,74.38739957163234,0,0,0,0,17.680568271684116,0,9.036359474408236,0,0,0,21,23,21,21,19,21,21,18,21,16,21,,21,23,22.273751342562647,21.376541501148644,21.34384431853632,21.481965363433343,21,20.870269862929145,21.02727817211133,21.09256995840034,21.636752767244783,,-15.4,23
2026-01-27 16:45,1849.9848421827885,1550.4663548320168,0,0,0,0,250.5392205180457,0,249.29815437178087,0,0,0,92.49924210913942,77.52331774160083,0,0,0,0,25.05392205180457,0,19.94385234974247,0,0,0,21,23,21,21,19,21,21,18,21,16,21,,21,23.000000000000004,22.28042776866858,21.314294530653928,21.281231534934165,21.42398488054068,21,20.774142476006297,21,20.93923488347249,21.427491880626764,,-16,5
2026-01-27 17:00,1878.900164686604,1571.3200624861256,0,77.30290310013515,0,8.477259999383023,305.5587074577279,0,338.9938745670315,0,55.46965491,0,93.94500823,78.56600312430628,0,5.153526873342344,0,1.6954519998766044,30.55587074577279,0,27.11950996536252,0,3.6979769939264466,0,21,23,21,21,19,21,21,18,21,16,21,,21,23,22.28309900610105,21.171331020100126,21.1339161,21.273775571490063,21,20.654417064669524,21,20.789240872851657,21.21468692,,-15.6,0
2026-01-27 17:15,1899.738042160685,1594.4696187912105,0,256.7084364091879,0,83.52844085,339.17532782363924,0,394.1971438618693,0,265.1619254,0,94.98690210803424,79.72348093956053,0,17.11389576061253,0,16.70568817024614,33.91753278236392,0,31.53577150894954,0,17.677461690966933,0,21,23,21,21,19,21,21,18,21,16,21,,21,23,22.280635100462803,21.015868736125537,20.92227269640386,21.065854770440232,21,20.56236844449945,21,20.688119246316813,21.02319005394165,,-15.9,0
2026-01-27 17:30,1918.0912011680996,36.31786827755423,13.420740400870272,253.34906967216085,288.6151057984578,76.85502470631474,181.12812843580616,1250,1250,0,288.5679208927773,0,95.90456005840498,1.8158934138777116,0.6710370200435136,16.889937978144054,23.089208463876624,15.371004941262948,18.112812843580617,100,100,0,19.23786139285182,0,21,21.02,21,21,20.980000000000004,21,21,23.930000000000003,23.97,16,21,,21,23,22.27605923451588,21,20.77028878449869,21,21,20.503349785678783,21,20.622083786864675,21,,-16.5,0
2026-01-27 17:45,1935.6653844162292,423.2259736547954,304.4179216612198,208.6280767188364,266.5070189844579,41.26221953195636,0,1250,1250,0,259.30830376510613,0,96.78326922081146,21.16129868273977,15.22089608306099,13.908538447922428,21.320561518756634,8.252443906391273,0,100,100,0,17.287220251007074,0,21,21,21,21,21,21,21,24,24,16,21,,21,21.540959608564577,21.593742393985973,21,20.980000000000004,21,21.01111481304184,22.02656752005216,22.13387717617671,20.874857963197456,21,,-17.1,0
2026-01-27 18:00,1946.0743625945563,515.5554815018306,386.4554759471696,188.68790065028344,247.9442495735396,23.393639814948983,0,1250,1250,0,246.26310460366705,0,97.30371812972781,25.777774075091532,19.32277379735848,12.579193376685563,19.835539965883168,4.678727962989797,0,100,100,0,16.417540306911135,0,21,21,21,21,21,21,21,24,24,16,21,,21,21,21,21,21,21,21.28872968761601,22.677405207179376,22.769922152029324,21.481152799906045,21,,-16.4,0
2026-01-27 18:15,1956.5709996463856,550.1595043946545,405.9634702470066,181.91108147994964,242.35851559698312,14.98704936473041,0,1250,1250,0,248.62872584057183,0,97.82854998231927,27.507975219732725,20.29817351235033,12.127405431996642,19.38868124775865,2.997409872946082,0,100,100,0,16.575248389371456,0,21,21,21,21,21,21,21,24,24,16,21,,21,21,21,21,21,21,21.58284751935546,23.00638386502533,23.095115435728893,21.79795826,21,,-16.6,0
2026-01-27 18:30,1967.649921927582,579.0890343087849,424.22016435253136,177.33580011898448,237.59313326779196,8.781791835926924,0,1250,1250,0,254.9584305258868,0,98.3824961,28.954451715439244,21.211008217626567,11.822386674598965,19.007450661423356,1.7563583671853849,0,100,100,0,16.997228701725785,0,21,21,21,21,21,21,21,24,24,16,21,,21,21,21,21,21,21,21.76372420536677,23.211234182227777,23.294767858289777,21.98675353,21,,-16.9,0
